consultation_date,age_group,gender,diagnosis,department,physician,consultation_type
2023-01-01,Child,Male,ANA Titer,Laboratory,"Carlo Navarro, RMT",Laboratory
2023-01-01,Senior,Male,CBC,Annual Physical Examination,Dr. Ana Lopez,Annual Physical Examination
2023-01-01,Child,Male,Plain Abdomen AP/LAT (Pedia),Radiology,Dr. Sofia Mercado,Imaging
2023-01-01,Adult,Male,Preventive Health Check-up,Clinic,Dr. Ana Lopez,Check-up
2023-01-01,Child,Female,Upper Respiratory Infection,Clinic,Dr. Miguel Fernandez,Check-up
2023-01-01,Adult,Female,Urinary Tract Infection,Clinic,Dr. Camille Tan,Check-up
2023-01-02,Adult,Female,AFB Stain,Laboratory,"Angela Reyes, RMT",Laboratory
2023-01-02,Adult,Male,Estradiol/Estrogen,Laboratory,"Carlo Navarro, RMT",Laboratory
2023-01-02,Child,Male,HBA1C (edta),Laboratory,"Rafael Torres, RMT",Laboratory
2023-01-02,Adult,Female,RBS,Laboratory,"Angela Reyes, RMT",Laboratory
2023-01-03,Adult,Male,Abdominal Pain,Clinic,Dr. Victor Manuel,Check-up
2023-01-03,Senior,Female,Diabetes Mellitus Monitoring,Clinic,Dr. Victor Manuel,Check-up
2023-01-03,Senior,Male,General chest X-Ray,Radiology,Dr. Henry Ong,Imaging
2023-01-03,Adult,Male,Hepa C profile,Laboratory,"Mark Villanueva, RMT",Laboratory
2023-01-03,Senior,Female,Hypertension Monitoring,Clinic,Dr. Victor Manuel,Check-up
2023-01-03,Adult,Female,Intact-PTH,Laboratory,"Rafael Torres, RMT",Laboratory
2023-01-03,Adult,Female,Upper Respiratory Infection,Clinic,Dr. Miguel Fernandez,Check-up
2023-01-03,Adult,Female,X-Ray,Clinic,Dr. Ana Lopez,Pre-Employment Checkup
2023-01-04,Adult,Female,Asthma Monitoring,Clinic,Dr. Elena Bautista,Check-up
2023-01-04,Child,Male,Bleeding Time,Laboratory,"Rafael Torres, RMT",Laboratory
2023-01-04,Adult,Female,Bloodtype and RH Typing,Laboratory,"Mark Villanueva, RMT",Laboratory
2023-01-04,Senior,Male,Carotid Duplex Scan (by appointment),Radiology,Dr. Andrea Sy,Imaging
2023-01-04,Adult,Male,FT4,Laboratory,"Rafael Torres, RMT",Laboratory
2023-01-04,Adult,Male,Hypertension Monitoring,Clinic,Dr. Elena Bautista,Check-up
2023-01-04,Senior,Female,KUB,Radiology,Dr. Henry Ong,Imaging
2023-01-04,Adult,Male,Pregnancy Test (Serum),Laboratory,"Carlo Navarro, RMT",Laboratory
2023-01-04,Adult,Female,Preventive Health Check-up,Clinic,Dr. Miguel Fernandez,Check-up
2023-01-05,Adult,Female,Actual Platelet Count,Laboratory,"Carlo Navarro, RMT",Laboratory
2023-01-05,Adult,Male,Blood Cs (2 site),Laboratory,"Joanna Lim, RMT",Laboratory
2023-01-05,Adult,Female,EBV Igm,Laboratory,"Joanna Lim, RMT",Laboratory
2023-01-05,Adult,Male,Fever,Clinic,Dr. Camille Tan,Check-up
2023-01-05,Child,Female,Gastritis,Clinic,Dr. Elena Bautista,Check-up
2023-01-05,Adult,Male,Urinalysis 10P,Laboratory,"Patricia Mendoza, RMT",Laboratory
2023-01-06,Senior,Male,Asthma Monitoring,Clinic,Dr. Victor Manuel,Check-up
2023-01-06,Adult,Male,Asthma Monitoring,Clinic,Dr. Victor Manuel,Check-up
2023-01-06,Child,Male,Blood Cs with ARD (2 site),Laboratory,"Mark Villanueva, RMT",Laboratory
2023-01-06,Adult,Male,Calcium (C),Laboratory,"Mark Villanueva, RMT",Laboratory
2023-01-06,Adult,Female,Estrogen,Laboratory,"Angela Reyes, RMT",Laboratory
2023-01-06,Child,Female,Headache,Clinic,Dr. Paolo Rivera,Check-up
2023-01-06,Adult,Male,Hypertension Monitoring,Clinic,Dr. Elena Bautista,Check-up
2023-01-06,Child,Male,Routine Medical Consultation,Clinic,Dr. Paolo Rivera,Check-up
2023-01-06,Adult,Female,Total Protein,Laboratory,"Mark Villanueva, RMT",Laboratory
2023-01-06,Child,Female,Upper Respiratory Infection,Clinic,Dr. Ana Lopez,Check-up
2023-01-07,Child,Male,Anti-HAV Screening,Laboratory,"Mark Villanueva, RMT",Laboratory
2023-01-07,Senior,Male,Asthma Monitoring,Clinic,Dr. Victor Manuel,Check-up
2023-01-07,Adult,Female,Hypertension Monitoring,Clinic,Dr. Victor Manuel,Check-up
2023-01-07,Adult,Male,Urinary Tract Infection,Clinic,Dr. Camille Tan,Check-up
2023-01-08,Adult,Male,Actual Platelet Count,Laboratory,"Angela Reyes, RMT",Laboratory
2023-01-08,Adult,Female,Blood Cs (1 site),Laboratory,"Carlo Navarro, RMT",Laboratory
2023-01-08,Adult,Female,Fever,Clinic,Dr. Paolo Rivera,Check-up
2023-01-08,Child,Female,Gastritis,Clinic,Dr. Elena Bautista,Check-up
2023-01-08,Child,Male,HBC-DNA,Laboratory,"Angela Reyes, RMT",Laboratory
2023-01-08,Senior,Male,Hypertension Monitoring,Clinic,Dr. Victor Manuel,Check-up
2023-01-08,Adult,Male,Lipase,Laboratory,"Angela Reyes, RMT",Laboratory
2023-01-08,Adult,Female,RA/RF Latex (Rheumatoid Factor),Laboratory,"Joanna Lim, RMT",Laboratory
2023-01-08,Senior,Male,Urinary Tract Infection,Clinic,Dr. Camille Tan,Check-up
2023-01-08,Adult,Female,Urinary Tract Infection,Clinic,Dr. Ana Lopez,Check-up
2023-01-08,Child,Female,Urinary Tract Infection,Clinic,Dr. Ana Lopez,Check-up
2023-01-09,Adult,Male,ANA Screening,Laboratory,"Patricia Mendoza, RMT",Laboratory
2023-01-09,Child,Male,Asthma Monitoring,Clinic,Dr. Victor Manuel,Check-up
2023-01-09,Child,Female,Gastritis,Clinic,Dr. Elena Bautista,Check-up
2023-01-09,Senior,Female,Hypertension Monitoring,Clinic,Dr. Victor Manuel,Check-up
2023-01-09,Child,Female,Upper Respiratory Infection,Clinic,Dr. Paolo Rivera,Check-up
2023-01-09,Adult,Female,Upper Respiratory Infection,Clinic,Dr. Ana Lopez,Check-up
2023-01-10,Adult,Female,ASO Titer,Laboratory,"Mark Villanueva, RMT",Laboratory
2023-01-10,Adult,Male,Albumin,Laboratory,"Carlo Navarro, RMT",Laboratory
2023-01-10,Adult,Male,Anti-HBe,Laboratory,"Patricia Mendoza, RMT",Laboratory
2023-01-10,Senior,Female,Carotid Duplex Scan,Radiology,Dr. Andrea Sy,Imaging
2023-01-10,Adult,Male,Fever,Clinic,Dr. Camille Tan,Check-up
2023-01-11,Adult,Male,Fever,Clinic,Dr. Ana Lopez,Check-up
2023-01-11,Adult,Male,Upper Respiratory Infection,Clinic,Dr. Paolo Rivera,Check-up
2023-01-12,Adult,Female,Albumin (Protein) Creatinine Ratio,Laboratory,"Angela Reyes, RMT",Laboratory
2023-01-12,Child,Male,Cholesterol,Laboratory,"Carlo Navarro, RMT",Laboratory
2023-01-12,Adult,Female,FT4,Laboratory,"Rafael Torres, RMT",Laboratory
2023-01-12,Adult,Female,Fecalysis,Laboratory,"Patricia Mendoza, RMT",Laboratory
2023-01-12,Adult,Female,HDL,Laboratory,"Patricia Mendoza, RMT",Laboratory
2023-01-12,Adult,Male,Hypertension Monitoring,Clinic,Dr. Victor Manuel,Check-up
2023-01-12,Senior,Female,Hypertension Monitoring,Clinic,Dr. Victor Manuel,Check-up
2023-01-13,Child,Male,Abdominal Pain,Clinic,Dr. Victor Manuel,Check-up
2023-01-13,Senior,Male,Diabetes Mellitus Monitoring,Clinic,Dr. Victor Manuel,Check-up
2023-01-13,Adult,Male,Hypertension Monitoring,Clinic,Dr. Elena Bautista,Check-up
2023-01-13,Senior,Male,Preventive Health Check-up,Clinic,Dr. Miguel Fernandez,Check-up
2023-01-13,Child,Female,Rubella IgG,Laboratory,"Joanna Lim, RMT",Laboratory
2023-01-14,Adult,Female,Anti-HAV IgM,Laboratory,"Joanna Lim, RMT",Laboratory
2023-01-14,Adult,Male,Asthma Monitoring,Clinic,Dr. Elena Bautista,Check-up
2023-01-14,Child,Male,HBsAg Titer,Laboratory,"Mark Villanueva, RMT",Laboratory
2023-01-14,Adult,Female,Hypertension Monitoring,Clinic,Dr. Victor Manuel,Check-up
2023-01-14,Adult,Female,Lipid Profile,Laboratory,"Carlo Navarro, RMT",Laboratory
2023-01-14,Adult,Male,Pregnancy Test (Urine),Laboratory,"Patricia Mendoza, RMT",Laboratory
2023-01-14,Adult,Female,Troponin I Quantitative,Laboratory,"Joanna Lim, RMT",Laboratory
2023-01-14,Adult,Male,Upper Respiratory Infection,Clinic,Dr. Ana Lopez,Check-up
2023-01-15,Adult,Female,Amylase,Laboratory,"Angela Reyes, RMT",Laboratory
2023-01-15,Adult,Female,Bicarbonate,Laboratory,"Joanna Lim, RMT",Laboratory
2023-01-15,Senior,Female,Hypertension Monitoring,Clinic,Dr. Victor Manuel,Check-up
2023-01-15,Senior,Male,Inguino-Scrotal,Radiology,Dr. Henry Ong,Imaging
2023-01-15,Adult,Female,"OGCT Post-Pregnant (100g, 75g)​",Laboratory,"Rafael Torres, RMT",Laboratory
2023-01-15,Senior,Male,Routine Medical Consultation,Clinic,Dr. Ana Lopez,Check-up
2023-01-15,Adult,Female,Shoulder AP/LAT,Radiology,Dr. Andrea Sy,Imaging
2023-01-15,Child,Male,TPPA Qualitative,Laboratory,"Rafael Torres, RMT",Laboratory
2023-01-15,Adult,Male,Troponin I Qualitive,Laboratory,"Mark Villanueva, RMT",Laboratory
2023-01-16,Adult,Male,Bloodtype and RH Typing,Laboratory,"Patricia Mendoza, RMT",Laboratory
2023-01-16,Adult,Male,Diabetes Mellitus Monitoring,Clinic,Dr. Elena Bautista,Check-up
2023-01-16,Child,Female,Estrogen (RIA),Laboratory,"Patricia Mendoza, RMT",Laboratory
2023-01-16,Adult,Male,FT3,Laboratory,"Rafael Torres, RMT",Laboratory
2023-01-16,Adult,Male,FT4,Laboratory,"Mark Villanueva, RMT",Laboratory
2023-01-16,Adult,Male,Fever,Clinic,Dr. Paolo Rivera,Check-up
2023-01-16,Child,Female,Gastritis,Clinic,Dr. Victor Manuel,Check-up
2023-01-16,Adult,Female,Hypertension Monitoring,Clinic,Dr. Victor Manuel,Check-up
2023-01-16,Child,Female,Ionized Calcium (Ica),Laboratory,"Mark Villanueva, RMT",Laboratory
2023-01-17,Adult,Female,Ferritin,Laboratory,"Joanna Lim, RMT",Laboratory
2023-01-17,Child,Female,HBA1C (edta),Laboratory,"Patricia Mendoza, RMT",Laboratory
2023-01-17,Adult,Female,Ionized Calcium (Ica),Laboratory,"Angela Reyes, RMT",Laboratory
2023-01-17,Adult,Male,Pelvic,Radiology,Dr. Sofia Mercado,Imaging
2023-01-17,Child,Female,Urinary Tract Infection,Clinic,Dr. Miguel Fernandez,Check-up
2023-01-18,Adult,Female,APTT,Laboratory,"Joanna Lim, RMT",Laboratory
2023-01-18,Adult,Female,Dengue NS1,Laboratory,"Patricia Mendoza, RMT",Laboratory
2023-01-18,Senior,Male,Hypertension Monitoring,Clinic,Dr. Victor Manuel,Check-up
2023-01-18,Adult,Male,Testosterone,Laboratory,"Mark Villanueva, RMT",Laboratory
2023-01-18,Child,Male,Upper Respiratory Infection,Clinic,Dr. Miguel Fernandez,Check-up
2023-01-19,Adult,Male,EBV Igg,Laboratory,"Carlo Navarro, RMT",Laboratory
2023-01-19,Child,Female,EGFR,Laboratory,"Patricia Mendoza, RMT",Laboratory
2023-01-19,Adult,Male,SGPT (ALT),Laboratory,"Mark Villanueva, RMT",Laboratory
2023-01-19,Adult,Female,Sodium (Na),Laboratory,"Joanna Lim, RMT",Laboratory
2023-01-19,Child,Female,Total Protein,Laboratory,"Angela Reyes, RMT",Laboratory
2023-01-20,Adult,Male,ECG (15 Lead) Pedia (0-17 years old),Cardiology,Dr. Miguel Fernandez,Cardiology
2023-01-20,Child,Female,FT3,Laboratory,"Joanna Lim, RMT",Laboratory
2023-01-20,Senior,Male,RBS,Laboratory,"Angela Reyes, RMT",Laboratory
2023-01-21,Adult,Male,Asthma Monitoring,Clinic,Dr. Victor Manuel,Check-up
2023-01-21,Adult,Male,Asthma Monitoring,Clinic,Dr. Elena Bautista,Check-up
2023-01-21,Adult,Male,Dermatitis and Allergy,Clinic,Dr. Miguel Fernandez,Check-up
2023-01-21,Adult,Male,Routine Medical Consultation,Clinic,Dr. Paolo Rivera,Check-up
2023-01-21,Adult,Female,Urinalysis & Fecalysis,Annual Physical Examination,Dr. Camille Tan,Annual Physical Examination
2023-01-22,Senior,Female,Abdominal Pain,Clinic,Dr. Victor Manuel,Check-up
2023-01-22,Adult,Female,H. Pylori (Quali)-serum,Laboratory,"Rafael Torres, RMT",Laboratory
2023-01-22,Adult,Male,Tranvaginal,Radiology,Dr. Henry Ong,Imaging
2023-01-22,Child,Female,Upper Respiratory Infection,Clinic,Dr. Miguel Fernandez,Check-up
2023-01-23,Child,Female,Abdominal Pain,Clinic,Dr. Elena Bautista,Check-up
2023-01-23,Senior,Female,Cortisol,Laboratory,"Mark Villanueva, RMT",Laboratory
2023-01-23,Adult,Female,Fit Stool Test,Laboratory,"Patricia Mendoza, RMT",Laboratory
2023-01-23,Adult,Female,Headache,Clinic,Dr. Camille Tan,Check-up
2023-01-23,Adult,Male,Pancreas,Radiology,Dr. Henry Ong,Imaging
2023-01-23,Adult,Female,Pleural/CSF Fluid Analysis,Laboratory,"Mark Villanueva, RMT",Laboratory
2023-01-23,Adult,Male,Routine Medical Consultation,Clinic,Dr. Miguel Fernandez,Check-up
2023-01-23,Adult,Male,Upper Respiratory Infection,Clinic,Dr. Camille Tan,Check-up
2023-01-24,Adult,Female,Chloride (CI),Laboratory,"Patricia Mendoza, RMT",Laboratory
2023-01-24,Child,Male,Dengue Combo,Laboratory,"Mark Villanueva, RMT",Laboratory
2023-01-24,Child,Female,HBsAg Titer,Laboratory,"Rafael Torres, RMT",Laboratory
2023-01-24,Child,Female,Inorganic Phosphorus (IPO4),Laboratory,"Patricia Mendoza, RMT",Laboratory
2023-01-24,Adult,Female,Magnesium,Laboratory,"Patricia Mendoza, RMT",Laboratory
2023-01-24,Adult,Female,Upper Respiratory Infection,Clinic,Dr. Miguel Fernandez,Check-up
2023-01-25,Adult,Female,Duplex Scan,Radiology,Dr. Sofia Mercado,Imaging
2023-01-25,Adult,Female,HSCRP,Laboratory,"Carlo Navarro, RMT",Laboratory
2023-01-25,Adult,Female,Hepa A profile,Laboratory,"Joanna Lim, RMT",Laboratory
2023-01-26,Adult,Female,HBC-DNA,Laboratory,"Mark Villanueva, RMT",Laboratory
2023-01-26,Senior,Female,Hypertension Monitoring,Clinic,Dr. Elena Bautista,Check-up
2023-01-26,Adult,Female,Pelvic Ultrasound,Radiology,Dr. Henry Ong,Imaging
2023-01-26,Child,Female,TBIC (Total Iron Binding Capacity),Laboratory,"Mark Villanueva, RMT",Laboratory
2023-01-27,Senior,Male,Chest PA for Pregnant,Radiology,Dr. Henry Ong,Imaging
2023-01-27,Adult,Female,Dermatitis and Allergy,Clinic,Dr. Paolo Rivera,Check-up
2023-01-27,Senior,Female,Diabetes Mellitus Monitoring,Clinic,Dr. Elena Bautista,Check-up
2023-01-27,Adult,Female,Gastritis,Clinic,Dr. Elena Bautista,Check-up
2023-01-27,Adult,Male,"OGCT Non-Pregnant (100g, 75g)",Laboratory,"Carlo Navarro, RMT",Laboratory
2023-01-27,Adult,Female,Upper Respiratory Infection,Clinic,Dr. Ana Lopez,Check-up
2023-01-28,Adult,Male,Asthma Monitoring,Clinic,Dr. Victor Manuel,Check-up
2023-01-28,Senior,Male,Asthma Monitoring,Clinic,Dr. Victor Manuel,Check-up
2023-01-28,Adult,Male,HBsAg Screening,Laboratory,"Angela Reyes, RMT",Laboratory
2023-01-28,Senior,Female,Hypertension Monitoring,Clinic,Dr. Elena Bautista,Check-up
2023-01-28,Child,Male,Online Doctor Consultation,Clinic,Dr. Miguel Fernandez,Check-up
2023-01-28,Child,Male,Preventive Health Check-up,Clinic,Dr. Ana Lopez,Check-up
2023-01-28,Adult,Female,Upper Respiratory Infection,Clinic,Dr. Camille Tan,Check-up
2023-01-29,Adult,Female,2 Hours Post Prandial,Laboratory,"Rafael Torres, RMT",Laboratory
2023-01-29,Child,Female,Abdominal Pain,Clinic,Dr. Elena Bautista,Check-up
2023-01-29,Adult,Male,Clinical Microscopy,Laboratory,"Angela Reyes, RMT",Laboratory
2023-01-29,Adult,Male,Hypertension Monitoring,Clinic,Dr. Elena Bautista,Check-up
2023-01-29,Adult,Female,Routine Medical Consultation,Clinic,Dr. Paolo Rivera,Check-up
2023-01-29,Adult,Female,SGOT (AST),Laboratory,"Mark Villanueva, RMT",Laboratory
2023-01-29,Adult,Female,SGPT (ALT),Laboratory,"Rafael Torres, RMT",Laboratory
2023-01-29,Senior,Female,Troponin I Qualitive,Laboratory,"Angela Reyes, RMT",Laboratory
2023-01-29,Adult,Female,VFRL RPR Titer,Laboratory,"Carlo Navarro, RMT",Laboratory
2023-01-30,Adult,Female,Calcium (C),Laboratory,"Carlo Navarro, RMT",Laboratory
2023-01-30,Adult,Male,FSH,Laboratory,"Rafael Torres, RMT",Laboratory
2023-01-30,Adult,Male,FT3 RIA,Laboratory,"Mark Villanueva, RMT",Laboratory
2023-01-30,Adult,Male,FT3 RIA,Laboratory,"Carlo Navarro, RMT",Laboratory
2023-01-30,Adult,Male,Gastritis,Clinic,Dr. Elena Bautista,Check-up
2023-01-30,Adult,Female,HBC-DNA,Laboratory,"Joanna Lim, RMT",Laboratory
2023-01-30,Senior,Female,Hypertension Monitoring,Clinic,Dr. Elena Bautista,Check-up
2023-01-30,Adult,Male,Preventive Health Check-up,Clinic,Dr. Ana Lopez,Check-up
2023-01-31,Adult,Male,Anti-HBs,Laboratory,"Carlo Navarro, RMT",Laboratory
2023-01-31,Adult,Male,Clotting Time,Laboratory,"Joanna Lim, RMT",Laboratory
2023-01-31,Adult,Male,Estrogen,Laboratory,"Joanna Lim, RMT",Laboratory
2023-01-31,Adult,Male,Gastritis,Clinic,Dr. Victor Manuel,Check-up
2023-01-31,Senior,Male,Hypertension Monitoring,Clinic,Dr. Victor Manuel,Check-up
2023-01-31,Senior,Female,Hypertension Monitoring,Clinic,Dr. Victor Manuel,Check-up
2023-01-31,Child,Male,Immunology/Serology,Laboratory,"Joanna Lim, RMT",Laboratory
2023-01-31,Adult,Female,OGCT,Laboratory,"Joanna Lim, RMT",Laboratory
2023-01-31,Adult,Male,Preventive Health Check-up,Clinic,Dr. Miguel Fernandez,Check-up
2023-02-01,Child,Male,Asthma Monitoring,Clinic,Dr. Victor Manuel,Check-up
2023-02-01,Adult,Female,Elbow AP/LAT,Radiology,Dr. Andrea Sy,Imaging
2023-02-01,Child,Female,FT4,Laboratory,"Carlo Navarro, RMT",Laboratory
2023-02-01,Adult,Female,Gastritis,Clinic,Dr. Elena Bautista,Check-up
2023-02-01,Child,Male,Hematology,Laboratory,"Angela Reyes, RMT",Laboratory
2023-02-01,Adult,Male,Intact-PTH,Laboratory,"Rafael Torres, RMT",Laboratory
2023-02-01,Adult,Female,Upper Respiratory Infection,Clinic,Dr. Ana Lopez,Check-up
2023-02-01,Adult,Male,Urinalysis 10P,Laboratory,"Mark Villanueva, RMT",Laboratory
2023-02-02,Child,Female,Asthma Monitoring,Clinic,Dr. Victor Manuel,Check-up
2023-02-02,Adult,Female,CBC w/ Actual Platelet Count,Laboratory,"Mark Villanueva, RMT",Laboratory
2023-02-02,Adult,Male,ESR,Laboratory,"Rafael Torres, RMT",Laboratory
2023-02-02,Adult,Female,Magnesium,Laboratory,"Joanna Lim, RMT",Laboratory
2023-02-02,Adult,Male,Physical Exam,Annual Physical Examination,Dr. Miguel Fernandez,Annual Physical Examination
2023-02-02,Adult,Male,Skull AP/LAT,Radiology,Dr. Andrea Sy,Imaging
2023-02-03,Adult,Male,Asthma Monitoring,Clinic,Dr. Victor Manuel,Check-up
2023-02-03,Child,Male,EGFR,Laboratory,"Joanna Lim, RMT",Laboratory
2023-02-03,Child,Male,Fever,Clinic,Dr. Ana Lopez,Check-up
2023-02-03,Adult,Male,Troponin I Quantitative,Laboratory,"Carlo Navarro, RMT",Laboratory
2023-02-03,Adult,Male,Urinary Tract Infection,Clinic,Dr. Paolo Rivera,Check-up
2023-02-04,Child,Female,Blood Cs with ARD (2 site),Laboratory,"Patricia Mendoza, RMT",Laboratory
2023-02-04,Adult,Female,Dermatitis and Allergy,Clinic,Dr. Miguel Fernandez,Check-up
2023-02-04,Adult,Male,Glucose,Laboratory,"Carlo Navarro, RMT",Laboratory
2023-02-04,Adult,Female,KOH,Laboratory,"Joanna Lim, RMT",Laboratory
2023-02-04,Adult,Female,Pregnancy Test (Urine),Laboratory,"Angela Reyes, RMT",Laboratory
2023-02-05,Senior,Female,HBC-DNA,Laboratory,"Carlo Navarro, RMT",Laboratory
2023-02-05,Senior,Male,Hepa C profile,Laboratory,"Rafael Torres, RMT",Laboratory
2023-02-05,Adult,Female,Hypertension Monitoring,Clinic,Dr. Elena Bautista,Check-up
2023-02-05,Adult,Female,Knee Joint AP/LAT,Radiology,Dr. Sofia Mercado,Imaging
2023-02-05,Adult,Male,X-Ray,Home Service,Dr. Andrea Sy,Home Service
2023-02-06,Adult,Female,Anti-HBc IgG,Laboratory,"Joanna Lim, RMT",Laboratory
2023-02-06,Child,Female,Dermatitis and Allergy,Clinic,Dr. Ana Lopez,Check-up
2023-02-06,Adult,Male,EGFR,Laboratory,"Rafael Torres, RMT",Laboratory
2023-02-06,Adult,Female,Gastritis,Clinic,Dr. Victor Manuel,Check-up
2023-02-06,Adult,Female,Lumbosacral Spine AP/LAT,Radiology,Dr. Henry Ong,Imaging
2023-02-06,Adult,Male,Preventive Health Check-up,Clinic,Dr. Camille Tan,Check-up
2023-02-06,Adult,Male,Sperm Analysis WHO,Laboratory,"Rafael Torres, RMT",Laboratory
2023-02-06,Adult,Male,Upper Respiratory Infection,Clinic,Dr. Camille Tan,Check-up
2023-02-06,Adult,Female,Upper Respiratory Infection,Clinic,Dr. Miguel Fernandez,Check-up
2023-02-07,Child,Female,Blood Cs with ARD (2 site),Laboratory,"Rafael Torres, RMT",Laboratory
2023-02-07,Adult,Male,Blood Uric Acid,Laboratory,"Carlo Navarro, RMT",Laboratory
2023-02-07,Adult,Male,Diabetes Mellitus Monitoring,Clinic,Dr. Victor Manuel,Check-up
2023-02-07,Adult,Female,Fecalysis,Laboratory,"Patricia Mendoza, RMT",Laboratory
2023-02-07,Senior,Male,Hypertension Monitoring,Clinic,Dr. Elena Bautista,Check-up
2023-02-07,Adult,Male,Upper Respiratory Infection,Clinic,Dr. Ana Lopez,Check-up
2023-02-08,Senior,Female,Blood Cs with ARD (2 site),Laboratory,"Angela Reyes, RMT",Laboratory
2023-02-08,Adult,Male,General Ultrasound (Abdomen),Radiology,Dr. Andrea Sy,Imaging
2023-02-08,Adult,Male,KOH,Laboratory,"Patricia Mendoza, RMT",Laboratory
2023-02-08,Adult,Male,KUB & Prostatae,Radiology,Dr. Sofia Mercado,Imaging
2023-02-08,Adult,Male,TPHA Titer,Laboratory,"Patricia Mendoza, RMT",Laboratory
2023-02-08,Child,Female,Upper Respiratory Infection,Clinic,Dr. Miguel Fernandez,Check-up
2023-02-08,Adult,Male,Upper Respiratory Infection,Clinic,Dr. Camille Tan,Check-up
2023-02-09,Child,Female,Anti-Tetanus,Clinic,Dr. Paolo Rivera,Vaccination
2023-02-09,Adult,Female,Asthma Monitoring,Clinic,Dr. Elena Bautista,Check-up
2023-02-09,Adult,Female,Fit Stool Test,Laboratory,"Joanna Lim, RMT",Laboratory
2023-02-09,Child,Male,Plain Abdomen AP/LAT (Pedia),Radiology,Dr. Henry Ong,Imaging
2023-02-09,Child,Male,Preventive Health Check-up,Clinic,Dr. Miguel Fernandez,Check-up
2023-02-10,Senior,Female,Ankle Brachial Index (ABI),Radiology,Dr. Andrea Sy,Imaging
2023-02-10,Adult,Male,Chloride (C),Laboratory,"Joanna Lim, RMT",Laboratory
2023-02-10,Child,Female,Gastritis,Clinic,Dr. Victor Manuel,Check-up
2023-02-10,Adult,Female,Glucose,Laboratory,"Angela Reyes, RMT",Laboratory
2023-02-10,Adult,Male,Paps Smear (7 days),Laboratory,"Patricia Mendoza, RMT",Laboratory
2023-02-10,Adult,Female,Typhil Dot,Laboratory,"Mark Villanueva, RMT",Laboratory
2023-02-10,Senior,Female,Urinary Tract Infection,Clinic,Dr. Ana Lopez,Check-up
2023-02-11,Adult,Female,Ankle – Brachial Index (by appointment),Radiology,Dr. Andrea Sy,Imaging
2023-02-11,Adult,Male,Anti-HBs,Laboratory,"Carlo Navarro, RMT",Laboratory
2023-02-11,Adult,Female,C4,Laboratory,"Carlo Navarro, RMT",Laboratory
2023-02-11,Senior,Female,FT3,Laboratory,"Angela Reyes, RMT",Laboratory
2023-02-11,Adult,Female,Fever,Clinic,Dr. Miguel Fernandez,Check-up
2023-02-11,Adult,Female,Gastritis,Clinic,Dr. Victor Manuel,Check-up
2023-02-11,Adult,Male,Routine Medical Consultation,Clinic,Dr. Paolo Rivera,Check-up
2023-02-11,Child,Male,Routine Medical Consultation,Clinic,Dr. Ana Lopez,Check-up
2023-02-11,Adult,Female,Upper Respiratory Infection,Clinic,Dr. Miguel Fernandez,Check-up
2023-02-11,Child,Male,Upper Respiratory Infection,Clinic,Dr. Ana Lopez,Check-up
2023-02-12,Adult,Male,Asthma Monitoring,Clinic,Dr. Elena Bautista,Check-up
2023-02-12,Adult,Male,Gastritis,Clinic,Dr. Elena Bautista,Check-up
2023-02-12,Adult,Male,Hepa B profile,Laboratory,"Mark Villanueva, RMT",Laboratory
2023-02-13,Adult,Male,Anti-HAV IgM,Laboratory,"Carlo Navarro, RMT",Laboratory
2023-02-13,Adult,Male,Asthma Monitoring,Clinic,Dr. Elena Bautista,Check-up
2023-02-13,Child,Male,Blood Urea Nitrogen,Laboratory,"Carlo Navarro, RMT",Laboratory
2023-02-13,Adult,Male,Blood Uric Acid,Laboratory,"Rafael Torres, RMT",Laboratory
2023-02-13,Adult,Male,Chloride (CI),Laboratory,"Carlo Navarro, RMT",Laboratory
2023-02-13,Adult,Female,Chloride (CI),Laboratory,"Patricia Mendoza, RMT",Laboratory
2023-02-13,Adult,Female,HBC-DNA,Laboratory,"Carlo Navarro, RMT",Laboratory
2023-02-13,Adult,Male,Hypertension Monitoring,Clinic,Dr. Elena Bautista,Check-up
2023-02-13,Adult,Female,Preventive Health Check-up,Clinic,Dr. Miguel Fernandez,Check-up
2023-02-13,Adult,Male,RA/RF Latex (Rheumatoid Factor),Laboratory,"Patricia Mendoza, RMT",Laboratory
2023-02-13,Senior,Female,Shoulder AP/LAT,Radiology,Dr. Andrea Sy,Imaging
2023-02-14,Child,Female,D-DIMER Test,Laboratory,"Rafael Torres, RMT",Laboratory
2023-02-14,Adult,Female,Diabetes Mellitus Monitoring,Clinic,Dr. Victor Manuel,Check-up
2023-02-14,Adult,Male,Fever,Clinic,Dr. Camille Tan,Check-up
2023-02-14,Adult,Male,Foot AP/L,Radiology,Dr. Sofia Mercado,Imaging
2023-02-14,Adult,Female,Gastritis,Clinic,Dr. Elena Bautista,Check-up
2023-02-14,Adult,Female,Headache,Clinic,Dr. Camille Tan,Check-up
2023-02-14,Adult,Male,SGOT (AST),Laboratory,"Mark Villanueva, RMT",Laboratory
2023-02-15,Child,Male,Gastritis,Clinic,Dr. Elena Bautista,Check-up
2023-02-15,Adult,Male,Hepa B profile,Laboratory,"Joanna Lim, RMT",Laboratory
2023-02-15,Senior,Male,Hypertension Monitoring,Clinic,Dr. Victor Manuel,Check-up
2023-02-16,Child,Female,2D Echo Pedia,Cardiology,Dr. Camille Tan,Cardiology
2023-02-16,Senior,Female,Anti-HBc IgM,Laboratory,"Patricia Mendoza, RMT",Laboratory
2023-02-16,Adult,Male,Dermatitis and Allergy,Clinic,Dr. Camille Tan,Check-up
2023-02-16,Child,Female,Dermatitis and Allergy,Clinic,Dr. Camille Tan,Check-up
2023-02-16,Adult,Female,Dermatitis and Allergy,Clinic,Dr. Camille Tan,Check-up
2023-02-16,Senior,Female,ECG,Cardiology,Dr. Paolo Rivera,Cardiology
2023-02-16,Adult,Female,HBT,Radiology,Dr. Henry Ong,Imaging
2023-02-16,Adult,Female,Hypertension Monitoring,Clinic,Dr. Victor Manuel,Check-up
2023-02-16,Adult,Female,Skull AP/LAT,Radiology,Dr. Henry Ong,Imaging
2023-02-16,Senior,Male,Urinary Tract Infection,Clinic,Dr. Miguel Fernandez,Check-up
2023-02-17,Adult,Female,C3,Laboratory,"Joanna Lim, RMT",Laboratory
2023-02-17,Adult,Male,C4,Laboratory,"Joanna Lim, RMT",Laboratory
2023-02-17,Adult,Male,CRP Qualitative,Laboratory,"Rafael Torres, RMT",Laboratory
2023-02-17,Adult,Male,Cortisol,Laboratory,"Joanna Lim, RMT",Laboratory
2023-02-17,Senior,Male,Diabetes Mellitus Monitoring,Clinic,Dr. Elena Bautista,Check-up
2023-02-17,Adult,Female,Fever,Clinic,Dr. Ana Lopez,Check-up
2023-02-17,Adult,Female,Forearm AP/LAT,Radiology,Dr. Sofia Mercado,Imaging
2023-02-17,Adult,Male,Hypertension Monitoring,Clinic,Dr. Elena Bautista,Check-up
2023-02-17,Adult,Male,Prothrombin Time,Laboratory,"Joanna Lim, RMT",Laboratory
2023-02-17,Adult,Male,TPHA Titer,Laboratory,"Angela Reyes, RMT",Laboratory
2023-02-18,Adult,Female,Dermatitis and Allergy,Clinic,Dr. Ana Lopez,Check-up
2023-02-18,Adult,Male,Dermatitis and Allergy,Clinic,Dr. Camille Tan,Check-up
2023-02-18,Adult,Male,HCV-RNA,Laboratory,"Angela Reyes, RMT",Laboratory
2023-02-18,Adult,Male,Hypertension Monitoring,Clinic,Dr. Elena Bautista,Check-up
2023-02-18,Adult,Female,Upper Respiratory Infection,Clinic,Dr. Camille Tan,Check-up
2023-02-19,Senior,Female,Ankle – Brachial Index (by appointment),Radiology,Dr. Henry Ong,Imaging
2023-02-19,Adult,Female,FT4,Laboratory,"Carlo Navarro, RMT",Laboratory
2023-02-19,Adult,Female,Ferritin,Laboratory,"Rafael Torres, RMT",Laboratory
2023-02-19,Adult,Female,Preventive Health Check-up,Clinic,Dr. Camille Tan,Check-up
2023-02-19,Adult,Female,Scapular Y View,Radiology,Dr. Sofia Mercado,Imaging
2023-02-20,Adult,Female,Amylase,Laboratory,"Angela Reyes, RMT",Laboratory
2023-02-20,Child,Female,Anti-HBs,Laboratory,"Joanna Lim, RMT",Laboratory
2023-02-20,Child,Male,Dermatitis and Allergy,Clinic,Dr. Ana Lopez,Check-up
2023-02-20,Senior,Male,Diabetes Mellitus Monitoring,Clinic,Dr. Victor Manuel,Check-up
2023-02-20,Adult,Male,Diabetes Mellitus Monitoring,Clinic,Dr. Victor Manuel,Check-up
2023-02-20,Senior,Female,Hypertension Monitoring,Clinic,Dr. Victor Manuel,Check-up
2023-02-20,Adult,Female,Sodium (Na),Laboratory,"Angela Reyes, RMT",Laboratory
2023-02-21,Senior,Female,Diabetes Mellitus Monitoring,Clinic,Dr. Victor Manuel,Check-up
2023-02-21,Adult,Female,Diabetes Mellitus Monitoring,Clinic,Dr. Victor Manuel,Check-up
2023-02-21,Adult,Female,Elbow AP/LAT,Radiology,Dr. Sofia Mercado,Imaging
2023-02-21,Adult,Female,Estradiol/Estrogen,Laboratory,"Carlo Navarro, RMT",Laboratory
2023-02-22,Senior,Male,CBC,Annual Physical Examination,Dr. Paolo Rivera,Annual Physical Examination
2023-02-22,Adult,Male,Gastritis,Clinic,Dr. Elena Bautista,Check-up
2023-02-22,Child,Male,H. Pylori Stool,Laboratory,"Joanna Lim, RMT",Laboratory
2023-02-22,Adult,Male,Preventive Health Check-up,Clinic,Dr. Paolo Rivera,Check-up
2023-02-22,Adult,Male,Upper Respiratory Infection,Clinic,Dr. Miguel Fernandez,Check-up
2023-02-22,Child,Female,VFRL RPR Titer,Laboratory,"Mark Villanueva, RMT",Laboratory
2023-02-23,Adult,Female,15L-ECG,Cardiology,Dr. Camille Tan,Cardiology
2023-02-23,Child,Male,Fever,Clinic,Dr. Ana Lopez,Check-up
2023-02-23,Senior,Female,Hypertension Monitoring,Clinic,Dr. Elena Bautista,Check-up
2023-02-23,Adult,Male,Hypertension Monitoring,Clinic,Dr. Victor Manuel,Check-up
2023-02-23,Adult,Male,Transrectal Ultrasound (Male),Radiology,Dr. Henry Ong,Imaging
2023-02-23,Adult,Male,Upper Respiratory Infection,Clinic,Dr. Camille Tan,Check-up
2023-02-24,Adult,Male,Alkaline Phosphates,Laboratory,"Rafael Torres, RMT",Laboratory
2023-02-24,Adult,Female,Asthma Monitoring,Clinic,Dr. Victor Manuel,Check-up
2023-02-24,Adult,Male,Gastritis,Clinic,Dr. Elena Bautista,Check-up
2023-02-24,Adult,Female,Urinary Tract Infection,Clinic,Dr. Paolo Rivera,Check-up
2023-02-25,Senior,Female,Hypertension Monitoring,Clinic,Dr. Elena Bautista,Check-up
2023-02-25,Adult,Male,Physical Exam,Clinic,Dr. Paolo Rivera,Pre-Employment Checkup
2023-02-26,Adult,Female,Abdominal Pain,Clinic,Dr. Victor Manuel,Check-up
2023-02-26,Adult,Female,Calcium (C),Laboratory,"Mark Villanueva, RMT",Laboratory
2023-02-26,Adult,Male,Dermatitis and Allergy,Clinic,Dr. Camille Tan,Check-up
2023-02-26,Adult,Female,Diabetes Mellitus Monitoring,Clinic,Dr. Victor Manuel,Check-up
2023-02-26,Adult,Female,Fit Stool Test,Laboratory,"Patricia Mendoza, RMT",Laboratory
2023-02-26,Child,Female,Gastritis,Clinic,Dr. Victor Manuel,Check-up
2023-02-26,Senior,Female,Knee Joint AP/LAT,Radiology,Dr. Andrea Sy,Imaging
2023-02-27,Adult,Male,2 Hours Post Prandial,Laboratory,"Patricia Mendoza, RMT",Laboratory
2023-02-27,Adult,Female,AFB Stain,Laboratory,"Carlo Navarro, RMT",Laboratory
2023-02-27,Child,Male,Abdominal Pain,Clinic,Dr. Victor Manuel,Check-up
2023-02-27,Adult,Female,Asthma Monitoring,Clinic,Dr. Victor Manuel,Check-up
2023-02-27,Adult,Female,Dermatitis and Allergy,Clinic,Dr. Paolo Rivera,Check-up
2023-02-27,Senior,Male,Diabetes Mellitus Monitoring,Clinic,Dr. Elena Bautista,Check-up
2023-02-27,Adult,Female,Fever,Clinic,Dr. Ana Lopez,Check-up
2023-02-27,Senior,Male,Lower Abdomen,Radiology,Dr. Andrea Sy,Imaging
2023-02-27,Adult,Male,"OGCT Non-Pregnant (100g, 75g)",Laboratory,"Rafael Torres, RMT",Laboratory
2023-02-27,Adult,Male,Pelvic,Radiology,Dr. Sofia Mercado,Imaging
2023-02-27,Child,Male,Routine Medical Consultation,Clinic,Dr. Ana Lopez,Check-up
2023-02-27,Adult,Female,Routine Medical Consultation,Clinic,Dr. Ana Lopez,Check-up
2023-02-27,Child,Male,Upper Respiratory Infection,Clinic,Dr. Miguel Fernandez,Check-up
2023-02-27,Adult,Male,Urinary Tract Infection,Clinic,Dr. Camille Tan,Check-up
2023-02-28,Adult,Male,Asthma Monitoring,Clinic,Dr. Victor Manuel,Check-up
2023-02-28,Adult,Male,C3,Laboratory,"Mark Villanueva, RMT",Laboratory
2023-02-28,Senior,Male,Gastritis,Clinic,Dr. Victor Manuel,Check-up
2023-02-28,Adult,Male,Gastritis,Clinic,Dr. Elena Bautista,Check-up
2023-02-28,Child,Male,Glucose,Laboratory,"Angela Reyes, RMT",Laboratory
2023-02-28,Adult,Male,Rubella IgG,Laboratory,"Mark Villanueva, RMT",Laboratory
2023-02-28,Senior,Male,Venous Duplex Scan (Unilateral),Radiology,Dr. Henry Ong,Imaging
2023-03-01,Adult,Female,Dermatitis and Allergy,Clinic,Dr. Ana Lopez,Check-up
2023-03-01,Adult,Male,Hypertension Monitoring,Clinic,Dr. Elena Bautista,Check-up
2023-03-01,Senior,Male,Urinary Tract Infection,Clinic,Dr. Miguel Fernandez,Check-up
2023-03-02,Adult,Male,Alkaline Phosphates,Laboratory,"Angela Reyes, RMT",Laboratory
2023-03-02,Child,Male,Cholesterol,Laboratory,"Joanna Lim, RMT",Laboratory
2023-03-02,Adult,Male,Diabetes Mellitus Monitoring,Clinic,Dr. Elena Bautista,Check-up
2023-03-02,Adult,Female,Estrogen,Laboratory,"Angela Reyes, RMT",Laboratory
2023-03-02,Adult,Male,Fever,Clinic,Dr. Ana Lopez,Check-up
2023-03-02,Adult,Female,Headache,Clinic,Dr. Camille Tan,Check-up
2023-03-02,Senior,Female,Hypertension Monitoring,Clinic,Dr. Elena Bautista,Check-up
2023-03-02,Adult,Male,Ionized Calcium (Ica),Laboratory,"Angela Reyes, RMT",Laboratory
2023-03-02,Child,Female,Malarial Smear,Laboratory,"Joanna Lim, RMT",Laboratory
2023-03-02,Adult,Female,Potassium (K),Laboratory,"Carlo Navarro, RMT",Laboratory
2023-03-02,Adult,Male,Routine Medical Consultation,Clinic,Dr. Paolo Rivera,Check-up
2023-03-02,Child,Male,Testosterone,Laboratory,"Rafael Torres, RMT",Laboratory
2023-03-02,Senior,Male,Upper Extremities (By appointment),Radiology,Dr. Andrea Sy,Imaging
2023-03-02,Senior,Female,Urinary Bladder,Radiology,Dr. Sofia Mercado,Imaging
2023-03-03,Senior,Female,Abdominal Pain,Clinic,Dr. Victor Manuel,Check-up
2023-03-03,Adult,Male,Antigen Swab Test,Laboratory,"Angela Reyes, RMT",Laboratory
2023-03-03,Child,Female,DTAP Vaccine (pedia),Clinic,Dr. Miguel Fernandez,Vaccination
2023-03-03,Senior,Female,Dermatitis and Allergy,Clinic,Dr. Miguel Fernandez,Check-up
2023-03-03,Adult,Female,HBsAg Titer,Laboratory,"Carlo Navarro, RMT",Laboratory
2023-03-03,Adult,Female,Hepa C profile,Laboratory,"Joanna Lim, RMT",Laboratory
2023-03-03,Adult,Female,Testosterone,Laboratory,"Angela Reyes, RMT",Laboratory
2023-03-03,Adult,Female,Upper Respiratory Infection,Clinic,Dr. Miguel Fernandez,Check-up
2023-03-03,Adult,Female,Urinalysis & Fecalysis,Annual Physical Examination,Dr. Camille Tan,Annual Physical Examination
2023-03-04,Adult,Female,Abdominal Pain,Clinic,Dr. Elena Bautista,Check-up
2023-03-04,Adult,Female,Dengue NS1,Laboratory,"Mark Villanueva, RMT",Laboratory
2023-03-04,Adult,Female,FBS,Laboratory,"Patricia Mendoza, RMT",Laboratory
2023-03-04,Adult,Male,Gastritis,Clinic,Dr. Victor Manuel,Check-up
2023-03-04,Adult,Male,HDL,Laboratory,"Patricia Mendoza, RMT",Laboratory
2023-03-04,Adult,Male,Hypertension Monitoring,Clinic,Dr. Victor Manuel,Check-up
2023-03-04,Adult,Male,Malarial Smear,Laboratory,"Angela Reyes, RMT",Laboratory
2023-03-04,Adult,Male,Upper Respiratory Infection,Clinic,Dr. Miguel Fernandez,Check-up
2023-03-04,Adult,Female,Urinary Tract Infection,Clinic,Dr. Miguel Fernandez,Check-up
2023-03-05,Adult,Male,Asthma Monitoring,Clinic,Dr. Victor Manuel,Check-up
2023-03-05,Adult,Male,"OGCT Post-Pregnant (100g, 75g)​",Laboratory,"Patricia Mendoza, RMT",Laboratory
2023-03-05,Adult,Female,Routine Medical Consultation,Clinic,Dr. Miguel Fernandez,Check-up
2023-03-05,Senior,Male,Troponin T Qualitive,Laboratory,"Angela Reyes, RMT",Laboratory
2023-03-05,Senior,Female,Upper Respiratory Infection,Clinic,Dr. Paolo Rivera,Check-up
2023-03-05,Child,Female,Upper Respiratory Infection,Clinic,Dr. Miguel Fernandez,Check-up
2023-03-06,Child,Male,Dengue Combo,Laboratory,"Angela Reyes, RMT",Laboratory
2023-03-06,Adult,Male,Gastritis,Clinic,Dr. Victor Manuel,Check-up
2023-03-06,Senior,Male,Serum LDH,Laboratory,"Rafael Torres, RMT",Laboratory
2023-03-06,Adult,Female,Total Protein,Laboratory,"Joanna Lim, RMT",Laboratory
2023-03-06,Child,Male,Upper Respiratory Infection,Clinic,Dr. Ana Lopez,Check-up
2023-03-06,Adult,Male,Upper Respiratory Infection,Clinic,Dr. Miguel Fernandez,Check-up
2023-03-07,Adult,Female,Abdominal Pain,Clinic,Dr. Victor Manuel,Check-up
2023-03-07,Adult,Female,Creatinine,Laboratory,"Joanna Lim, RMT",Laboratory
2023-03-07,Adult,Male,Diabetes Mellitus Monitoring,Clinic,Dr. Elena Bautista,Check-up
2023-03-07,Adult,Male,ESR,Laboratory,"Carlo Navarro, RMT",Laboratory
2023-03-07,Senior,Female,Hypertension Monitoring,Clinic,Dr. Victor Manuel,Check-up
2023-03-07,Adult,Female,Routine Medical Consultation,Clinic,Dr. Camille Tan,Check-up
2023-03-08,Adult,Female,2 Hours Post Prandial,Laboratory,"Patricia Mendoza, RMT",Laboratory
2023-03-08,Child,Male,Calcium (C),Laboratory,"Mark Villanueva, RMT",Laboratory
2023-03-08,Child,Female,Dermatitis and Allergy,Clinic,Dr. Camille Tan,Check-up
2023-03-08,Adult,Female,Headache,Clinic,Dr. Ana Lopez,Check-up
2023-03-08,Adult,Male,Headache,Clinic,Dr. Paolo Rivera,Check-up
2023-03-08,Adult,Female,Hypertension Monitoring,Clinic,Dr. Elena Bautista,Check-up
2023-03-08,Child,Female,LH,Laboratory,"Mark Villanueva, RMT",Laboratory
2023-03-08,Adult,Female,THC (Marijuana),Drug Testing,"Rafael Torres, RMT",Drug Testing
2023-03-08,Child,Male,Total Calcium (TCa),Laboratory,"Mark Villanueva, RMT",Laboratory
2023-03-08,Adult,Male,Transrectal Prostate,Radiology,Dr. Andrea Sy,Imaging
2023-03-08,Adult,Male,Upper Respiratory Infection,Clinic,Dr. Paolo Rivera,Check-up
2023-03-09,Adult,Male,Chest PA,Radiology,Dr. Henry Ong,Imaging
2023-03-09,Senior,Female,Diabetes Mellitus Monitoring,Clinic,Dr. Elena Bautista,Check-up
2023-03-09,Adult,Female,Gastritis,Clinic,Dr. Victor Manuel,Check-up
2023-03-09,Child,Female,Lipase,Laboratory,"Carlo Navarro, RMT",Laboratory
2023-03-09,Senior,Male,"Special Ultrasound (Abdominal, Aorta, Adrenal, Breast, Chest, Inguinal, Musculoskeletal, Neck, Parot",Radiology,Dr. Andrea Sy,Imaging
2023-03-09,Child,Female,TPPA Qualitative,Laboratory,"Mark Villanueva, RMT",Laboratory
2023-03-09,Adult,Male,Upper Respiratory Infection,Clinic,Dr. Camille Tan,Check-up
2023-03-10,Child,Male,Dengue Duo IgM/IgG,Laboratory,"Angela Reyes, RMT",Laboratory
2023-03-10,Senior,Female,Dengue NS1,Laboratory,"Carlo Navarro, RMT",Laboratory
2023-03-10,Senior,Male,Dermatitis and Allergy,Clinic,Dr. Camille Tan,Check-up
2023-03-10,Adult,Female,FT3,Laboratory,"Carlo Navarro, RMT",Laboratory
2023-03-10,Child,Female,Inorganic Phosphorus (IPO4),Laboratory,"Angela Reyes, RMT",Laboratory
2023-03-10,Adult,Male,Pelvic Ultrasound,Radiology,Dr. Henry Ong,Imaging
2023-03-10,Adult,Male,Upper Respiratory Infection,Clinic,Dr. Ana Lopez,Check-up
2023-03-10,Adult,Female,Wrist AP/L,Radiology,Dr. Sofia Mercado,Imaging
2023-03-11,Adult,Female,HDL,Laboratory,"Angela Reyes, RMT",Laboratory
2023-03-11,Adult,Female,Paps Smear (7 days),Laboratory,"Patricia Mendoza, RMT",Laboratory
2023-03-11,Adult,Male,Upper Respiratory Infection,Clinic,Dr. Miguel Fernandez,Check-up
2023-03-11,Child,Male,Upper Respiratory Infection,Clinic,Dr. Miguel Fernandez,Check-up
2023-03-12,Adult,Male,Anti-HCV Titer,Laboratory,"Patricia Mendoza, RMT",Laboratory
2023-03-12,Adult,Male,Anti-Tetanus,Clinic,Dr. Paolo Rivera,Vaccination
2023-03-12,Adult,Male,Bicarbonate,Laboratory,"Patricia Mendoza, RMT",Laboratory
2023-03-12,Adult,Male,Reticulocyte Count,Laboratory,"Joanna Lim, RMT",Laboratory
2023-03-12,Adult,Male,Routine Medical Consultation,Clinic,Dr. Miguel Fernandez,Check-up
2023-03-12,Senior,Female,Soft Tissue,Radiology,Dr. Sofia Mercado,Imaging
2023-03-13,Adult,Female,2 Hours Post Prandial,Laboratory,"Angela Reyes, RMT",Laboratory
2023-03-13,Senior,Male,2D Echo w/ Doppler,Cardiology,Dr. Camille Tan,Cardiology
2023-03-13,Adult,Male,2D Echo: Plain with Doppler (Adult),Cardiology,Dr. Paolo Rivera,Cardiology
2023-03-13,Child,Female,C3,Laboratory,"Carlo Navarro, RMT",Laboratory
2023-03-13,Adult,Female,Gastritis,Clinic,Dr. Victor Manuel,Check-up
2023-03-13,Adult,Female,General Ultrasound (Abdomen),Radiology,Dr. Henry Ong,Imaging
2023-03-13,Adult,Female,HBA1C (edta),Laboratory,"Patricia Mendoza, RMT",Laboratory
2023-03-13,Senior,Female,Hypertension Monitoring,Clinic,Dr. Victor Manuel,Check-up
2023-03-13,Senior,Female,Upper Respiratory Infection,Clinic,Dr. Miguel Fernandez,Check-up
2023-03-13,Adult,Female,Upper Respiratory Infection,Clinic,Dr. Miguel Fernandez,Check-up
2023-03-13,Adult,Female,Urinalysis,Laboratory,"Angela Reyes, RMT",Laboratory
2023-03-14,Adult,Female,CBC,Laboratory,"Patricia Mendoza, RMT",Laboratory
2023-03-14,Senior,Male,Diabetes Mellitus Monitoring,Clinic,Dr. Victor Manuel,Check-up
2023-03-14,Adult,Male,Gastritis,Clinic,Dr. Elena Bautista,Check-up
2023-03-14,Senior,Female,Gram Stain,Laboratory,"Angela Reyes, RMT",Laboratory
2023-03-14,Adult,Female,Hemodialysis Kinetics (pre & post BUN),Laboratory,"Mark Villanueva, RMT",Laboratory
2023-03-14,Adult,Female,Potassium (K),Laboratory,"Rafael Torres, RMT",Laboratory
2023-03-14,Adult,Female,Troponin I Qualitive,Laboratory,"Joanna Lim, RMT",Laboratory
2023-03-15,Adult,Male,Diabetes Mellitus Monitoring,Clinic,Dr. Victor Manuel,Check-up
2023-03-15,Adult,Female,Diabetes Mellitus Monitoring,Clinic,Dr. Elena Bautista,Check-up
2023-03-15,Adult,Female,ECG (15 Lead) Pedia (0-17 years old),Cardiology,Dr. Ana Lopez,Cardiology
2023-03-15,Adult,Male,Preventive Health Check-up,Clinic,Dr. Miguel Fernandez,Check-up
2023-03-15,Adult,Male,Urinary Tract Infection,Clinic,Dr. Miguel Fernandez,Check-up
2023-03-16,Adult,Male,D-DIMER Test,Laboratory,"Rafael Torres, RMT",Laboratory
2023-03-16,Adult,Male,Dermatitis and Allergy,Clinic,Dr. Ana Lopez,Check-up
2023-03-16,Adult,Female,Diabetes Mellitus Monitoring,Clinic,Dr. Victor Manuel,Check-up
2023-03-16,Adult,Male,Drug Test (Urine),Laboratory,"Patricia Mendoza, RMT",Laboratory
2023-03-16,Adult,Male,Headache,Clinic,Dr. Camille Tan,Check-up
2023-03-16,Senior,Male,Pneumococcal Vaccine (5 Years & lifetime),Clinic,Dr. Ana Lopez,Vaccination
2023-03-16,Adult,Male,Preventive Health Check-up,Clinic,Dr. Miguel Fernandez,Check-up
2023-03-16,Adult,Male,RT-PCR 4-6HRS,Laboratory,"Joanna Lim, RMT",Laboratory
2023-03-17,Adult,Female,Magnesium,Laboratory,"Patricia Mendoza, RMT",Laboratory
2023-03-17,Senior,Female,Soft Tissue,Radiology,Dr. Andrea Sy,Imaging
2023-03-17,Adult,Female,Upper Respiratory Infection,Clinic,Dr. Camille Tan,Check-up
2023-03-18,Adult,Male,Abdominal Aorta,Radiology,Dr. Andrea Sy,Imaging
2023-03-18,Adult,Male,CBC w/ Actual Platelet Count,Laboratory,"Carlo Navarro, RMT",Laboratory
2023-03-18,Senior,Male,Diabetes Mellitus Monitoring,Clinic,Dr. Victor Manuel,Check-up
2023-03-18,Senior,Male,Hypertension Monitoring,Clinic,Dr. Victor Manuel,Check-up
2023-03-18,Adult,Male,Routine Medical Consultation,Clinic,Dr. Paolo Rivera,Check-up
2023-03-19,Adult,Female,Diabetes Mellitus Monitoring,Clinic,Dr. Victor Manuel,Check-up
2023-03-19,Adult,Female,Fever,Clinic,Dr. Camille Tan,Check-up
2023-03-19,Adult,Male,Gastritis,Clinic,Dr. Elena Bautista,Check-up
2023-03-20,Adult,Male,Asthma Monitoring,Clinic,Dr. Victor Manuel,Check-up
2023-03-20,Adult,Female,Blood Cs (2 site),Laboratory,"Rafael Torres, RMT",Laboratory
2023-03-20,Adult,Female,C4,Laboratory,"Angela Reyes, RMT",Laboratory
2023-03-20,Adult,Female,Diabetes Mellitus Monitoring,Clinic,Dr. Elena Bautista,Check-up
2023-03-20,Child,Female,Headache,Clinic,Dr. Camille Tan,Check-up
2023-03-20,Senior,Male,Prolactin,Laboratory,"Patricia Mendoza, RMT",Laboratory
2023-03-20,Adult,Female,Upper Respiratory Infection,Clinic,Dr. Miguel Fernandez,Check-up
2023-03-20,Adult,Female,Urinalysis & Fecalysis,Clinic,Dr. Camille Tan,Pre-Employment Checkup
2023-03-21,Adult,Female,Abdominal Pain,Clinic,Dr. Elena Bautista,Check-up
2023-03-21,Adult,Male,Bloodtype and RH Typing,Laboratory,"Rafael Torres, RMT",Laboratory
2023-03-21,Senior,Male,Diabetes Mellitus Monitoring,Clinic,Dr. Victor Manuel,Check-up
2023-03-21,Child,Female,ESR,Laboratory,"Angela Reyes, RMT",Laboratory
2023-03-21,Adult,Male,Headache,Clinic,Dr. Miguel Fernandez,Check-up
2023-03-21,Child,Male,Sperm Analysis WHO,Laboratory,"Joanna Lim, RMT",Laboratory
2023-03-22,Child,Female,Abdominal Pain,Clinic,Dr. Victor Manuel,Check-up
2023-03-22,Adult,Male,FBS,Laboratory,"Patricia Mendoza, RMT",Laboratory
2023-03-22,Senior,Female,Femur AP/LAT,Radiology,Dr. Andrea Sy,Imaging
2023-03-22,Senior,Male,T4,Laboratory,"Angela Reyes, RMT",Laboratory
2023-03-23,Adult,Male,ASO Screening,Laboratory,"Joanna Lim, RMT",Laboratory
2023-03-23,Senior,Male,Asthma Monitoring,Clinic,Dr. Elena Bautista,Check-up
2023-03-23,Adult,Female,Online Doctor Consultation,Clinic,Dr. Miguel Fernandez,Check-up
2023-03-24,Adult,Male,Anti-HBc IgM,Laboratory,"Joanna Lim, RMT",Laboratory
2023-03-24,Adult,Male,CPK-MB,Laboratory,"Angela Reyes, RMT",Laboratory
2023-03-24,Senior,Male,Hypertension Monitoring,Clinic,Dr. Elena Bautista,Check-up
2023-03-24,Child,Male,Pleural/CSF Fluid Analysis,Laboratory,"Rafael Torres, RMT",Laboratory
2023-03-24,Adult,Male,Preventive Health Check-up,Clinic,Dr. Paolo Rivera,Check-up
2023-03-24,Senior,Male,Venous Duplex Scan (Bilateral),Radiology,Dr. Henry Ong,Imaging
2023-03-24,Adult,Female,X-Ray,Clinic,Dr. Paolo Rivera,Pre-Employment Checkup
2023-03-25,Adult,Male,CBC,Annual Physical Examination,Dr. Camille Tan,Annual Physical Examination
2023-03-25,Senior,Male,Fever,Clinic,Dr. Paolo Rivera,Check-up
2023-03-26,Adult,Female,Amylase,Laboratory,"Rafael Torres, RMT",Laboratory
2023-03-26,Child,Male,Asthma Monitoring,Clinic,Dr. Elena Bautista,Check-up
2023-03-26,Adult,Male,Gastritis,Clinic,Dr. Victor Manuel,Check-up
2023-03-26,Adult,Female,Pancreas & Spleen,Radiology,Dr. Henry Ong,Imaging
2023-03-26,Child,Female,Total Calcium (TCa),Laboratory,"Patricia Mendoza, RMT",Laboratory
2023-03-26,Senior,Male,X-Ray,Annual Physical Examination,Dr. Miguel Fernandez,Annual Physical Examination
2023-03-27,Adult,Female,Abdominal Pain,Clinic,Dr. Elena Bautista,Check-up
2023-03-27,Senior,Female,ECG (12 Lead) Adult,Cardiology,Dr. Paolo Rivera,Cardiology
2023-03-27,Adult,Male,Headache,Clinic,Dr. Paolo Rivera,Check-up
2023-03-27,Adult,Male,Potassium (K),Laboratory,"Carlo Navarro, RMT",Laboratory
2023-03-27,Adult,Female,Preventive Health Check-up,Clinic,Dr. Camille Tan,Check-up
2023-03-27,Adult,Female,Upper Respiratory Infection,Clinic,Dr. Camille Tan,Check-up
2023-03-28,Adult,Female,Asthma Monitoring,Clinic,Dr. Elena Bautista,Check-up
2023-03-28,Adult,Male,Blood Cs (1 site),Laboratory,"Rafael Torres, RMT",Laboratory
2023-03-28,Child,Male,Coombs Test,Laboratory,"Mark Villanueva, RMT",Laboratory
2023-03-28,Senior,Male,Duplex Scan,Radiology,Dr. Sofia Mercado,Imaging
2023-03-28,Adult,Female,FSH,Laboratory,"Rafael Torres, RMT",Laboratory
2023-03-28,Adult,Male,MET (Shabu),Drug Testing,"Angela Reyes, RMT",Drug Testing
2023-03-28,Child,Female,RA/RF Latex (Rheumatoid Factor),Laboratory,"Mark Villanueva, RMT",Laboratory
2023-03-28,Child,Female,Upper Respiratory Infection,Clinic,Dr. Ana Lopez,Check-up
2023-03-28,Adult,Female,Urinary Tract Infection,Clinic,Dr. Miguel Fernandez,Check-up
2023-03-29,Adult,Male,Asthma Monitoring,Clinic,Dr. Victor Manuel,Check-up
2023-03-29,Senior,Female,Dermatitis and Allergy,Clinic,Dr. Camille Tan,Check-up
2023-03-29,Adult,Male,Routine Medical Consultation,Clinic,Dr. Ana Lopez,Check-up
2023-03-29,Adult,Female,Total Calcium (TCa),Laboratory,"Carlo Navarro, RMT",Laboratory
2023-03-30,Adult,Male,Diabetes Mellitus Monitoring,Clinic,Dr. Victor Manuel,Check-up
2023-03-30,Senior,Female,Face to Face Doctor Consultation,Clinic,Dr. Camille Tan,Check-up
2023-03-30,Child,Male,Fecal Occult Blood,Laboratory,"Joanna Lim, RMT",Laboratory
2023-03-30,Adult,Male,Fit Stool Test,Laboratory,"Joanna Lim, RMT",Laboratory
2023-03-30,Senior,Male,Hepa B profile,Laboratory,"Patricia Mendoza, RMT",Laboratory
2023-03-30,Senior,Female,Preventive Health Check-up,Clinic,Dr. Ana Lopez,Check-up
2023-03-31,Child,Female,Abdominal Pain,Clinic,Dr. Victor Manuel,Check-up
2023-03-31,Adult,Female,Asthma Monitoring,Clinic,Dr. Victor Manuel,Check-up
2023-03-31,Adult,Male,Asthma Monitoring,Clinic,Dr. Elena Bautista,Check-up
2023-03-31,Adult,Female,HCV-Genotyping,Laboratory,"Angela Reyes, RMT",Laboratory
2023-03-31,Adult,Male,KUB & Prostatae,Radiology,Dr. Henry Ong,Imaging
2023-03-31,Child,Female,RBC Morphology (Urine),Laboratory,"Rafael Torres, RMT",Laboratory
2023-03-31,Senior,Female,Upper Respiratory Infection,Clinic,Dr. Ana Lopez,Check-up
2023-04-01,Adult,Male,Diabetes Mellitus Monitoring,Clinic,Dr. Victor Manuel,Check-up
2023-04-01,Child,Female,Fever,Clinic,Dr. Miguel Fernandez,Check-up
2023-04-01,Adult,Male,Routine Medical Consultation,Clinic,Dr. Miguel Fernandez,Check-up
2023-04-02,Senior,Female,Arterial Duplex Scan (Unilateral),Radiology,Dr. Sofia Mercado,Imaging
2023-04-02,Senior,Female,Diabetes Mellitus Monitoring,Clinic,Dr. Victor Manuel,Check-up
2023-04-02,Adult,Female,Femur AP/LAT,Radiology,Dr. Andrea Sy,Imaging
2023-04-02,Adult,Male,Routine Medical Consultation,Clinic,Dr. Camille Tan,Check-up
2023-04-02,Senior,Female,Thoracic Spine AP/LAT,Radiology,Dr. Andrea Sy,Imaging
2023-04-03,Senior,Female,15L-ECG (Electrocardiogram) 15L,Cardiology,Dr. Camille Tan,Cardiology
2023-04-03,Adult,Male,Anti-HBs,Laboratory,"Angela Reyes, RMT",Laboratory
2023-04-03,Child,Male,CPK-MM,Laboratory,"Carlo Navarro, RMT",Laboratory
2023-04-03,Senior,Male,D-DIMER Test,Laboratory,"Mark Villanueva, RMT",Laboratory
2023-04-03,Child,Female,Fever,Clinic,Dr. Ana Lopez,Check-up
2023-04-03,Adult,Male,Headache,Clinic,Dr. Ana Lopez,Check-up
2023-04-03,Child,Male,"Iron Studies (TI, TIBC, Ferritin)",Laboratory,"Rafael Torres, RMT",Laboratory
2023-04-03,Adult,Male,Rubella IgG,Laboratory,"Angela Reyes, RMT",Laboratory
2023-04-03,Senior,Female,Triglyceride,Laboratory,"Angela Reyes, RMT",Laboratory
2023-04-03,Adult,Female,Upper Respiratory Infection,Clinic,Dr. Camille Tan,Check-up
2023-04-03,Senior,Male,Urinalysis 10P,Laboratory,"Angela Reyes, RMT",Laboratory
2023-04-04,Adult,Male,Asthma Monitoring,Clinic,Dr. Elena Bautista,Check-up
2023-04-04,Adult,Male,Chest AP-L (Pedia),Radiology,Dr. Sofia Mercado,Imaging
2023-04-04,Adult,Male,Immunology/Serology,Laboratory,"Joanna Lim, RMT",Laboratory
2023-04-04,Adult,Female,Preventive Health Check-up,Clinic,Dr. Ana Lopez,Check-up
2023-04-04,Senior,Male,Serum LDH,Laboratory,"Rafael Torres, RMT",Laboratory
2023-04-04,Adult,Female,X-Ray,Annual Physical Examination,Dr. Camille Tan,Annual Physical Examination
2023-04-05,Senior,Male,Dengue Duo IgM/IgG,Laboratory,"Carlo Navarro, RMT",Laboratory
2023-04-05,Adult,Female,Diabetes Mellitus Monitoring,Clinic,Dr. Victor Manuel,Check-up
2023-04-05,Adult,Female,Fecalysis,Laboratory,"Joanna Lim, RMT",Laboratory
2023-04-05,Senior,Female,Headache,Clinic,Dr. Miguel Fernandez,Check-up
2023-04-05,Child,Male,TSH,Laboratory,"Mark Villanueva, RMT",Laboratory
2023-04-06,Child,Female,ASO Titer,Laboratory,"Carlo Navarro, RMT",Laboratory
2023-04-06,Senior,Female,Diabetes Mellitus Monitoring,Clinic,Dr. Victor Manuel,Check-up
2023-04-06,Adult,Female,Diabetes Mellitus Monitoring,Clinic,Dr. Victor Manuel,Check-up
2023-04-06,Senior,Female,Diabetes Mellitus Monitoring,Clinic,Dr. Elena Bautista,Check-up
2023-04-06,Senior,Male,Diabetes Mellitus Monitoring,Clinic,Dr. Victor Manuel,Check-up
2023-04-06,Child,Male,Fever,Clinic,Dr. Ana Lopez,Check-up
2023-04-06,Senior,Male,Gastritis,Clinic,Dr. Victor Manuel,Check-up
2023-04-06,Adult,Male,HBsAg Screening,Laboratory,"Joanna Lim, RMT",Laboratory
2023-04-06,Adult,Male,RBC Morphology (Urine),Laboratory,"Mark Villanueva, RMT",Laboratory
2023-04-06,Adult,Female,Urinalysis 10P,Laboratory,"Carlo Navarro, RMT",Laboratory
2023-04-06,Adult,Female,Urine C/S,Laboratory,"Joanna Lim, RMT",Laboratory
2023-04-06,Adult,Female,VDRL/Syphilis Screening,Laboratory,"Joanna Lim, RMT",Laboratory
2023-04-07,Child,Female,FSH,Laboratory,"Mark Villanueva, RMT",Laboratory
2023-04-07,Adult,Female,Gastritis,Clinic,Dr. Victor Manuel,Check-up
2023-04-07,Child,Male,Micro Albumin (Micral Test),Laboratory,"Carlo Navarro, RMT",Laboratory
2023-04-07,Adult,Female,Potassium (K),Laboratory,"Rafael Torres, RMT",Laboratory
2023-04-07,Senior,Female,Upper Respiratory Infection,Clinic,Dr. Paolo Rivera,Check-up
2023-04-08,Adult,Male,Dermatitis and Allergy,Clinic,Dr. Ana Lopez,Check-up
2023-04-08,Senior,Male,Estradiol/Estrogen,Laboratory,"Angela Reyes, RMT",Laboratory
2023-04-08,Child,Female,VFRL RPR Titer,Laboratory,"Joanna Lim, RMT",Laboratory
2023-04-09,Child,Female,Alkaline Phosphates,Laboratory,"Angela Reyes, RMT",Laboratory
2023-04-09,Adult,Female,FT4 RIA,Laboratory,"Mark Villanueva, RMT",Laboratory
2023-04-09,Senior,Female,Hypertension Monitoring,Clinic,Dr. Victor Manuel,Check-up
2023-04-09,Adult,Male,Hypertension Monitoring,Clinic,Dr. Victor Manuel,Check-up
2023-04-09,Senior,Male,Routine Medical Consultation,Clinic,Dr. Camille Tan,Check-up
2023-04-09,Adult,Male,Typhil Dot,Laboratory,"Angela Reyes, RMT",Laboratory
2023-04-10,Adult,Male,Asthma Monitoring,Clinic,Dr. Victor Manuel,Check-up
2023-04-10,Senior,Female,Hypertension Monitoring,Clinic,Dr. Elena Bautista,Check-up
2023-04-10,Senior,Male,OGCT,Laboratory,"Angela Reyes, RMT",Laboratory
2023-04-10,Adult,Female,Preventive Health Check-up,Clinic,Dr. Ana Lopez,Check-up
2023-04-10,Senior,Male,Upper Abdomen,Radiology,Dr. Andrea Sy,Imaging
2023-04-10,Adult,Female,Urinary Tract Infection,Clinic,Dr. Ana Lopez,Check-up
2023-04-11,Child,Male,ASO Titer,Laboratory,"Mark Villanueva, RMT",Laboratory
2023-04-11,Adult,Female,Abdominal Pain,Clinic,Dr. Victor Manuel,Check-up
2023-04-11,Adult,Male,Asthma Monitoring,Clinic,Dr. Elena Bautista,Check-up
2023-04-11,Adult,Male,Fecalysis,Laboratory,"Carlo Navarro, RMT",Laboratory
2023-04-11,Senior,Male,Gastritis,Clinic,Dr. Elena Bautista,Check-up
2023-04-11,Adult,Male,KOH,Laboratory,"Rafael Torres, RMT",Laboratory
2023-04-12,Child,Male,Asthma Monitoring,Clinic,Dr. Victor Manuel,Check-up
2023-04-12,Child,Female,HSCRP,Laboratory,"Rafael Torres, RMT",Laboratory
2023-04-12,Senior,Female,Urinary Tract Infection,Clinic,Dr. Camille Tan,Check-up
2023-04-13,Adult,Female,AFB Stain,Laboratory,"Carlo Navarro, RMT",Laboratory
2023-04-13,Senior,Female,Antigen Swab Test,Laboratory,"Mark Villanueva, RMT",Laboratory
2023-04-13,Adult,Male,Antigen Swab Test,Laboratory,"Mark Villanueva, RMT",Laboratory
2023-04-13,Adult,Female,Blood Cs (2 site),Laboratory,"Carlo Navarro, RMT",Laboratory
2023-04-13,Adult,Female,DTAP Vaccine (pedia),Clinic,Dr. Ana Lopez,Vaccination
2023-04-13,Adult,Female,Diabetes Mellitus Monitoring,Clinic,Dr. Victor Manuel,Check-up
2023-04-13,Adult,Male,Fecalysis,Laboratory,"Rafael Torres, RMT",Laboratory
2023-04-13,Adult,Male,Scoliosis Series,Radiology,Dr. Henry Ong,Imaging
2023-04-13,Adult,Male,Upper Respiratory Infection,Clinic,Dr. Miguel Fernandez,Check-up
2023-04-14,Adult,Male,2D Echo (Plain),Cardiology,Dr. Paolo Rivera,Cardiology
2023-04-14,Adult,Female,Blood Cs with ARD (2 site),Laboratory,"Joanna Lim, RMT",Laboratory
2023-04-14,Child,Female,DTAP Vaccine (pedia),Clinic,Dr. Ana Lopez,Vaccination
2023-04-14,Adult,Male,FBS,Laboratory,"Angela Reyes, RMT",Laboratory
2023-04-14,Senior,Male,Forearm AP/LAT,Radiology,Dr. Andrea Sy,Imaging
2023-04-14,Adult,Female,Sodium (Na),Laboratory,"Patricia Mendoza, RMT",Laboratory
2023-04-15,Adult,Female,Abdominal Pain,Clinic,Dr. Victor Manuel,Check-up
2023-04-15,Child,Male,Blood Cs (2 site),Laboratory,"Joanna Lim, RMT",Laboratory
2023-04-15,Senior,Female,Chest PA,Radiology,Dr. Henry Ong,Imaging
2023-04-15,Adult,Male,Dengue Combo,Laboratory,"Mark Villanueva, RMT",Laboratory
2023-04-15,Senior,Male,Diabetes Mellitus Monitoring,Clinic,Dr. Victor Manuel,Check-up
2023-04-15,Senior,Female,TT4 (Toal Thyroxine),Laboratory,"Mark Villanueva, RMT",Laboratory
2023-04-16,Child,Female,Actual Platelet Count,Laboratory,"Mark Villanueva, RMT",Laboratory
2023-04-16,Adult,Male,Asthma Monitoring,Clinic,Dr. Elena Bautista,Check-up
2023-04-16,Child,Male,Estrogen (RIA),Laboratory,"Angela Reyes, RMT",Laboratory
2023-04-16,Adult,Female,HSCRP,Laboratory,"Angela Reyes, RMT",Laboratory
2023-04-16,Adult,Male,T3,Laboratory,"Angela Reyes, RMT",Laboratory
2023-04-17,Adult,Female,Arterial & Venous Duplex Lower Extremities Scan (by appointment),Radiology,Dr. Andrea Sy,Imaging
2023-04-17,Adult,Female,CBC,Annual Physical Examination,Dr. Ana Lopez,Annual Physical Examination
2023-04-17,Adult,Female,Hypertension Monitoring,Clinic,Dr. Victor Manuel,Check-up
2023-04-17,Senior,Male,Hypertension Monitoring,Clinic,Dr. Elena Bautista,Check-up
2023-04-17,Child,Male,Online Doctor Consultation,Clinic,Dr. Paolo Rivera,Check-up
2023-04-17,Adult,Male,Routine Medical Consultation,Clinic,Dr. Paolo Rivera,Check-up
2023-04-17,Child,Female,Upper Respiratory Infection,Clinic,Dr. Camille Tan,Check-up
2023-04-18,Child,Male,Albumin,Laboratory,"Joanna Lim, RMT",Laboratory
2023-04-18,Adult,Male,Anti-HBc IgM,Laboratory,"Patricia Mendoza, RMT",Laboratory
2023-04-18,Senior,Female,Diabetes Mellitus Monitoring,Clinic,Dr. Elena Bautista,Check-up
2023-04-18,Adult,Male,HBsAg Screening,Laboratory,"Carlo Navarro, RMT",Laboratory
2023-04-18,Child,Female,Headache,Clinic,Dr. Camille Tan,Check-up
2023-04-18,Senior,Male,"Special Ultrasound (Abdominal, Aorta, Adrenal, Breast, Chest, Inguinal, Musculoskeletal, Neck, Parot",Radiology,Dr. Henry Ong,Imaging
2023-04-18,Adult,Female,Sperm Analysis WHO,Laboratory,"Angela Reyes, RMT",Laboratory
2023-04-19,Adult,Male,CBC,Clinic,Dr. Miguel Fernandez,Pre-Employment Checkup
2023-04-19,Senior,Female,Hypertension Monitoring,Clinic,Dr. Victor Manuel,Check-up
2023-04-19,Adult,Female,Routine Medical Consultation,Clinic,Dr. Paolo Rivera,Check-up
2023-04-20,Adult,Male,ASO Screening,Laboratory,"Carlo Navarro, RMT",Laboratory
2023-04-20,Adult,Female,Actual Platelet Count,Laboratory,"Patricia Mendoza, RMT",Laboratory
2023-04-20,Senior,Female,ApicoLordotic View,Radiology,Dr. Henry Ong,Imaging
2023-04-20,Adult,Male,Chest PA,Radiology,Dr. Sofia Mercado,Imaging
2023-04-20,Senior,Male,Hemodialysis Kinetics (pre & post BUN),Laboratory,"Carlo Navarro, RMT",Laboratory
2023-04-20,Senior,Female,Online Doctor Consultation,Clinic,Dr. Miguel Fernandez,Check-up
2023-04-20,Adult,Female,PPD Skin Test,Clinic,Dr. Camille Tan,Vaccination
2023-04-20,Adult,Male,Paranasal Sinus,Radiology,Dr. Andrea Sy,Imaging
2023-04-20,Adult,Male,Upper Respiratory Infection,Clinic,Dr. Paolo Rivera,Check-up
2023-04-20,Adult,Female,Urinary Tract Infection,Clinic,Dr. Paolo Rivera,Check-up
2023-04-21,Adult,Male,ANA Titer,Laboratory,"Carlo Navarro, RMT",Laboratory
2023-04-21,Adult,Female,CRP,Laboratory,"Angela Reyes, RMT",Laboratory
2023-04-21,Adult,Female,HCV-Genotyping,Laboratory,"Patricia Mendoza, RMT",Laboratory
2023-04-22,Adult,Female,Asthma Monitoring,Clinic,Dr. Elena Bautista,Check-up
2023-04-22,Child,Male,Chloride (CI),Laboratory,"Rafael Torres, RMT",Laboratory
2023-04-22,Child,Male,Online Doctor Consultation,Clinic,Dr. Paolo Rivera,Check-up
2023-04-22,Child,Male,RT-PCR 12HRS,Laboratory,"Carlo Navarro, RMT",Laboratory
2023-04-22,Adult,Female,Routine Medical Consultation,Clinic,Dr. Paolo Rivera,Check-up
2023-04-22,Child,Male,Sodium (Na),Laboratory,"Mark Villanueva, RMT",Laboratory
2023-04-22,Adult,Female,T3,Laboratory,"Joanna Lim, RMT",Laboratory
2023-04-22,Adult,Female,Upper Respiratory Infection,Clinic,Dr. Miguel Fernandez,Check-up
2023-04-22,Adult,Female,Urinalysis,Laboratory,"Rafael Torres, RMT",Laboratory
2023-04-23,Adult,Female,Dermatitis and Allergy,Clinic,Dr. Camille Tan,Check-up
2023-04-23,Adult,Female,Diabetes Mellitus Monitoring,Clinic,Dr. Elena Bautista,Check-up
2023-04-23,Adult,Female,Foot AP/L,Radiology,Dr. Henry Ong,Imaging
2023-04-23,Adult,Female,HBsAg Titer,Laboratory,"Rafael Torres, RMT",Laboratory
2023-04-23,Adult,Female,Hypertension Monitoring,Clinic,Dr. Victor Manuel,Check-up
2023-04-24,Senior,Male,Anti-HBe,Laboratory,"Patricia Mendoza, RMT",Laboratory
2023-04-24,Adult,Male,Dengue Duo IgM/IgG,Laboratory,"Joanna Lim, RMT",Laboratory
2023-04-24,Adult,Male,Fever,Clinic,Dr. Camille Tan,Check-up
2023-04-24,Adult,Female,Upper Respiratory Infection,Clinic,Dr. Camille Tan,Check-up
2023-04-24,Child,Male,Upper Respiratory Infection,Clinic,Dr. Camille Tan,Check-up
2023-04-25,Child,Male,Asthma Monitoring,Clinic,Dr. Victor Manuel,Check-up
2023-04-25,Child,Female,Coombs Test,Laboratory,"Patricia Mendoza, RMT",Laboratory
2023-04-25,Senior,Female,Fever,Clinic,Dr. Ana Lopez,Check-up
2023-04-25,Adult,Male,VDRL/Syphilis Screening,Laboratory,"Rafael Torres, RMT",Laboratory
2023-04-26,Adult,Female,Diabetes Mellitus Monitoring,Clinic,Dr. Elena Bautista,Check-up
2023-04-26,Adult,Male,Fever,Clinic,Dr. Camille Tan,Check-up
2023-04-26,Adult,Male,Headache,Clinic,Dr. Miguel Fernandez,Check-up
2023-04-27,Adult,Female,Acid Phosphatase,Laboratory,"Rafael Torres, RMT",Laboratory
2023-04-27,Adult,Female,Arterial Duplex Scan (Unilateral),Radiology,Dr. Sofia Mercado,Imaging
2023-04-27,Child,Male,CRP,Laboratory,"Rafael Torres, RMT",Laboratory
2023-04-27,Adult,Female,Hypertension Monitoring,Clinic,Dr. Elena Bautista,Check-up
2023-04-27,Adult,Female,KOH,Laboratory,"Joanna Lim, RMT",Laboratory
2023-04-27,Senior,Female,Upper Respiratory Infection,Clinic,Dr. Miguel Fernandez,Check-up
2023-04-27,Adult,Female,Upper Respiratory Infection,Clinic,Dr. Paolo Rivera,Check-up
2023-04-28,Child,Female,2 Hours Post Prandial,Laboratory,"Carlo Navarro, RMT",Laboratory
2023-04-28,Adult,Male,ESR,Laboratory,"Angela Reyes, RMT",Laboratory
2023-04-28,Adult,Male,Hemodialysis Kinetics (pre & post BUN),Laboratory,"Mark Villanueva, RMT",Laboratory
2023-04-28,Adult,Female,Hypertension Monitoring,Clinic,Dr. Victor Manuel,Check-up
2023-04-29,Senior,Female,Forearm AP/LAT,Radiology,Dr. Andrea Sy,Imaging
2023-04-29,Adult,Male,GGTP,Laboratory,"Mark Villanueva, RMT",Laboratory
2023-04-29,Senior,Male,Liver & Pancreas,Radiology,Dr. Sofia Mercado,Imaging
2023-04-29,Adult,Female,Liver & Pancreas,Radiology,Dr. Sofia Mercado,Imaging
2023-04-29,Adult,Female,Sodium (Na),Laboratory,"Rafael Torres, RMT",Laboratory
2023-04-29,Adult,Female,Upper Respiratory Infection,Clinic,Dr. Ana Lopez,Check-up
2023-04-29,Senior,Male,Upper Respiratory Infection,Clinic,Dr. Camille Tan,Check-up
2023-04-29,Senior,Female,Upper Respiratory Infection,Clinic,Dr. Camille Tan,Check-up
2023-04-29,Senior,Female,Urinary Tract Infection,Clinic,Dr. Ana Lopez,Check-up
2023-04-29,Adult,Female,Urinary Tract Infection,Clinic,Dr. Paolo Rivera,Check-up
2023-04-30,Child,Female,2D Echo Pedia,Cardiology,Dr. Miguel Fernandez,Cardiology
2023-04-30,Adult,Male,Gram Stain,Laboratory,"Patricia Mendoza, RMT",Laboratory
2023-04-30,Child,Male,HCV-RNA,Laboratory,"Rafael Torres, RMT",Laboratory
2023-04-30,Child,Male,Headache,Clinic,Dr. Ana Lopez,Check-up
2023-04-30,Adult,Male,Headache,Clinic,Dr. Paolo Rivera,Check-up
2023-04-30,Adult,Female,OB-Congenital Scan,Radiology,Dr. Sofia Mercado,Imaging
2023-04-30,Child,Male,Upper Respiratory Infection,Clinic,Dr. Ana Lopez,Check-up
2023-04-30,Senior,Female,Urinalysis 10P,Laboratory,"Joanna Lim, RMT",Laboratory
2023-05-01,Adult,Male,ANA Screening,Laboratory,"Rafael Torres, RMT",Laboratory
2023-05-01,Adult,Male,Fit Stool Test,Laboratory,"Angela Reyes, RMT",Laboratory
2023-05-01,Adult,Female,Hypertension Monitoring,Clinic,Dr. Elena Bautista,Check-up
2023-05-01,Adult,Male,SGPT (ALT),Laboratory,"Patricia Mendoza, RMT",Laboratory
2023-05-01,Adult,Male,Urinary Bladder,Radiology,Dr. Henry Ong,Imaging
2023-05-02,Senior,Male,ANA Screening,Laboratory,"Joanna Lim, RMT",Laboratory
2023-05-02,Child,Male,CPK-MB,Laboratory,"Patricia Mendoza, RMT",Laboratory
2023-05-02,Adult,Male,Chloride (CI),Laboratory,"Angela Reyes, RMT",Laboratory
2023-05-02,Adult,Female,Upper Respiratory Infection,Clinic,Dr. Camille Tan,Check-up
2023-05-02,Adult,Female,Urinary Tract Infection,Clinic,Dr. Paolo Rivera,Check-up
2023-05-03,Senior,Female,Cervical AP/ LAT,Radiology,Dr. Sofia Mercado,Imaging
2023-05-03,Adult,Male,"Hepa A,B,C",Laboratory,"Rafael Torres, RMT",Laboratory
2023-05-04,Adult,Male,Hematology,Laboratory,"Carlo Navarro, RMT",Laboratory
2023-05-04,Senior,Female,Hypertension Monitoring,Clinic,Dr. Elena Bautista,Check-up
2023-05-04,Adult,Female,KOH,Laboratory,"Mark Villanueva, RMT",Laboratory
2023-05-04,Adult,Male,Pregnancy Test (Serum),Laboratory,"Rafael Torres, RMT",Laboratory
2023-05-04,Child,Female,Upper Respiratory Infection,Clinic,Dr. Paolo Rivera,Check-up
2023-05-05,Senior,Male,Acid Phosphatase,Laboratory,"Mark Villanueva, RMT",Laboratory
2023-05-05,Child,Male,Amylase,Laboratory,"Carlo Navarro, RMT",Laboratory
2023-05-05,Adult,Male,Asthma Monitoring,Clinic,Dr. Elena Bautista,Check-up
2023-05-05,Child,Male,Dengue Combo,Laboratory,"Patricia Mendoza, RMT",Laboratory
2023-05-05,Adult,Female,Dermatitis and Allergy,Clinic,Dr. Paolo Rivera,Check-up
2023-05-05,Adult,Male,Dermatitis and Allergy,Clinic,Dr. Paolo Rivera,Check-up
2023-05-05,Senior,Male,Hypertension Monitoring,Clinic,Dr. Victor Manuel,Check-up
2023-05-05,Adult,Male,MET (Shabu),Drug Testing,"Mark Villanueva, RMT",Drug Testing
2023-05-05,Adult,Female,Preventive Health Check-up,Clinic,Dr. Camille Tan,Check-up
2023-05-05,Adult,Female,Troponin I Qualitive,Laboratory,"Mark Villanueva, RMT",Laboratory
2023-05-05,Adult,Male,Urinary Tract Infection,Clinic,Dr. Paolo Rivera,Check-up
2023-05-06,Child,Male,Anti-HAV Screening,Laboratory,"Rafael Torres, RMT",Laboratory
2023-05-06,Adult,Female,ApicoLordotic View,Radiology,Dr. Sofia Mercado,Imaging
2023-05-06,Adult,Male,CPK-MM,Laboratory,"Joanna Lim, RMT",Laboratory
2023-05-06,Senior,Male,Diabetes Mellitus Monitoring,Clinic,Dr. Elena Bautista,Check-up
2023-05-06,Adult,Male,FBS,Laboratory,"Angela Reyes, RMT",Laboratory
2023-05-06,Adult,Female,Hypertension Monitoring,Clinic,Dr. Elena Bautista,Check-up
2023-05-07,Adult,Male,Anti-HBc Total,Laboratory,"Joanna Lim, RMT",Laboratory
2023-05-07,Adult,Male,Elbow AP/LAT,Radiology,Dr. Sofia Mercado,Imaging
2023-05-07,Adult,Female,HCV Screening,Laboratory,"Patricia Mendoza, RMT",Laboratory
2023-05-07,Adult,Female,Hepa A profile,Laboratory,"Rafael Torres, RMT",Laboratory
2023-05-07,Child,Female,Magnesium,Laboratory,"Mark Villanueva, RMT",Laboratory
2023-05-08,Child,Male,AFB Stain,Laboratory,"Rafael Torres, RMT",Laboratory
2023-05-08,Adult,Female,Acid Phosphatase,Laboratory,"Patricia Mendoza, RMT",Laboratory
2023-05-08,Senior,Female,Hypertension Monitoring,Clinic,Dr. Victor Manuel,Check-up
2023-05-08,Adult,Male,Hypertension Monitoring,Clinic,Dr. Elena Bautista,Check-up
2023-05-08,Child,Female,Potassium (K),Laboratory,"Angela Reyes, RMT",Laboratory
2023-05-09,Adult,Female,Estrogen,Laboratory,"Patricia Mendoza, RMT",Laboratory
2023-05-09,Child,Female,Routine Medical Consultation,Clinic,Dr. Ana Lopez,Check-up
2023-05-09,Adult,Female,THC (Marijuana),Drug Testing,"Carlo Navarro, RMT",Drug Testing
2023-05-09,Adult,Female,Urinalysis,Laboratory,"Patricia Mendoza, RMT",Laboratory
2023-05-09,Adult,Male,Urinary Tract Infection,Clinic,Dr. Ana Lopez,Check-up
2023-05-10,Adult,Female,12L-ECG,Cardiology,Dr. Camille Tan,Cardiology
2023-05-10,Adult,Male,Bloodtype and RH Typing,Laboratory,"Carlo Navarro, RMT",Laboratory
2023-05-10,Adult,Male,Dermatitis and Allergy,Clinic,Dr. Camille Tan,Check-up
2023-05-10,Adult,Male,Fever,Clinic,Dr. Camille Tan,Check-up
2023-05-10,Child,Female,Preventive Health Check-up,Clinic,Dr. Ana Lopez,Check-up
2023-05-10,Adult,Female,Upper Respiratory Infection,Clinic,Dr. Paolo Rivera,Check-up
2023-05-11,Adult,Male,CBC,Annual Physical Examination,Dr. Camille Tan,Annual Physical Examination
2023-05-11,Adult,Female,HBeAg,Laboratory,"Carlo Navarro, RMT",Laboratory
2023-05-11,Adult,Male,Headache,Clinic,Dr. Miguel Fernandez,Check-up
2023-05-11,Adult,Female,Hepa A profile,Laboratory,"Patricia Mendoza, RMT",Laboratory
2023-05-11,Adult,Male,Magnesium,Laboratory,"Rafael Torres, RMT",Laboratory
2023-05-11,Adult,Female,SGPT (ALT),Laboratory,"Mark Villanueva, RMT",Laboratory
2023-05-11,Adult,Male,Wrist AP/L,Radiology,Dr. Sofia Mercado,Imaging
2023-05-12,Adult,Male,Asthma Monitoring,Clinic,Dr. Elena Bautista,Check-up
2023-05-12,Senior,Male,Dengue NS1,Laboratory,"Joanna Lim, RMT",Laboratory
2023-05-12,Senior,Female,Headache,Clinic,Dr. Paolo Rivera,Check-up
2023-05-12,Child,Male,Upper Respiratory Infection,Clinic,Dr. Camille Tan,Check-up
2023-05-12,Adult,Male,VDRL/Syphilis Screening,Laboratory,"Angela Reyes, RMT",Laboratory
2023-05-13,Child,Male,2 Hours Post Prandial,Laboratory,"Angela Reyes, RMT",Laboratory
2023-05-13,Adult,Female,Gastritis,Clinic,Dr. Victor Manuel,Check-up
2023-05-13,Adult,Male,Hypertension Monitoring,Clinic,Dr. Victor Manuel,Check-up
2023-05-13,Senior,Male,OB-Congenital Scan,Radiology,Dr. Henry Ong,Imaging
2023-05-13,Adult,Female,VDRL/Syphilis Screening,Laboratory,"Angela Reyes, RMT",Laboratory
2023-05-14,Adult,Male,Bicarbonate,Laboratory,"Rafael Torres, RMT",Laboratory
2023-05-14,Child,Male,Gastritis,Clinic,Dr. Elena Bautista,Check-up
2023-05-14,Adult,Male,Potassium (K),Laboratory,"Rafael Torres, RMT",Laboratory
2023-05-14,Child,Male,Urinary Tract Infection,Clinic,Dr. Miguel Fernandez,Check-up
2023-05-14,Adult,Female,VDRL/Syphilis Screening,Laboratory,"Angela Reyes, RMT",Laboratory
2023-05-15,Adult,Female,2D Echo: Plain with Doppler (Adult),Cardiology,Dr. Paolo Rivera,Cardiology
2023-05-15,Adult,Female,Anti-HAV IgM,Laboratory,"Carlo Navarro, RMT",Laboratory
2023-05-15,Adult,Male,Blood Cs with ARD (1 site),Laboratory,"Rafael Torres, RMT",Laboratory
2023-05-15,Adult,Male,Diabetes Mellitus Monitoring,Clinic,Dr. Victor Manuel,Check-up
2023-05-15,Child,Female,Fever,Clinic,Dr. Camille Tan,Check-up
2023-05-15,Adult,Male,Gastritis,Clinic,Dr. Victor Manuel,Check-up
2023-05-15,Adult,Female,"Hepa A,B,C",Laboratory,"Joanna Lim, RMT",Laboratory
2023-05-15,Adult,Male,Inorganic Phosphorus (IPO4),Laboratory,"Mark Villanueva, RMT",Laboratory
2023-05-15,Adult,Male,MET (Shabu),Drug Testing,"Rafael Torres, RMT",Drug Testing
2023-05-15,Adult,Female,Magnesium,Laboratory,"Rafael Torres, RMT",Laboratory
2023-05-15,Child,Female,Pregnancy Test (Urine),Laboratory,"Angela Reyes, RMT",Laboratory
2023-05-15,Adult,Male,Thyroid,Radiology,Dr. Sofia Mercado,Imaging
2023-05-15,Child,Female,Troponin T Qualitive,Laboratory,"Mark Villanueva, RMT",Laboratory
2023-05-15,Adult,Female,Upper Respiratory Infection,Clinic,Dr. Ana Lopez,Check-up
2023-05-15,Child,Male,Upper Respiratory Infection,Clinic,Dr. Camille Tan,Check-up
2023-05-15,Adult,Male,Urinalysis & Fecalysis,Clinic,Dr. Miguel Fernandez,Pre-Employment Checkup
2023-05-15,Adult,Female,VDRL/Syphilis Screening,Laboratory,"Rafael Torres, RMT",Laboratory
2023-05-16,Adult,Female,Fever,Clinic,Dr. Camille Tan,Check-up
2023-05-16,Senior,Male,HDL,Laboratory,"Mark Villanueva, RMT",Laboratory
2023-05-16,Adult,Female,Hypertension Monitoring,Clinic,Dr. Elena Bautista,Check-up
2023-05-16,Child,Male,Routine Medical Consultation,Clinic,Dr. Ana Lopez,Check-up
2023-05-16,Child,Male,Upper Respiratory Infection,Clinic,Dr. Miguel Fernandez,Check-up
2023-05-16,Adult,Female,Urinary Tract Infection,Clinic,Dr. Ana Lopez,Check-up
2023-05-17,Child,Female,Abdominal Pain,Clinic,Dr. Elena Bautista,Check-up
2023-05-17,Adult,Male,Abdominal Pain,Clinic,Dr. Elena Bautista,Check-up
2023-05-17,Adult,Male,Asthma Monitoring,Clinic,Dr. Victor Manuel,Check-up
2023-05-17,Child,Female,C4,Laboratory,"Carlo Navarro, RMT",Laboratory
2023-05-17,Child,Male,Dermatitis and Allergy,Clinic,Dr. Camille Tan,Check-up
2023-05-17,Child,Male,Hepa B profile,Laboratory,"Patricia Mendoza, RMT",Laboratory
2023-05-17,Senior,Female,Pleural/CSF Fluid Analysis,Laboratory,"Joanna Lim, RMT",Laboratory
2023-05-17,Adult,Male,Routine Medical Consultation,Clinic,Dr. Camille Tan,Check-up
2023-05-17,Adult,Female,Skull AP/LAT,Radiology,Dr. Andrea Sy,Imaging
2023-05-17,Adult,Female,Upper Respiratory Infection,Clinic,Dr. Ana Lopez,Check-up
2023-05-17,Senior,Male,Urinalysis 10P,Laboratory,"Mark Villanueva, RMT",Laboratory
2023-05-18,Adult,Female,Albumin,Laboratory,"Patricia Mendoza, RMT",Laboratory
2023-05-18,Adult,Female,C3,Laboratory,"Carlo Navarro, RMT",Laboratory
2023-05-18,Senior,Female,Estrogen,Laboratory,"Mark Villanueva, RMT",Laboratory
2023-05-18,Adult,Female,Fever,Clinic,Dr. Paolo Rivera,Check-up
2023-05-18,Adult,Female,Hepa B Vaccine,Clinic,Dr. Paolo Rivera,Vaccination
2023-05-18,Senior,Female,Liver & Spleen,Radiology,Dr. Henry Ong,Imaging
2023-05-18,Adult,Female,Upper Respiratory Infection,Clinic,Dr. Miguel Fernandez,Check-up
2023-05-19,Adult,Male,2D Echo: Pedia (by appointment),Cardiology,Dr. Miguel Fernandez,Cardiology
2023-05-19,Child,Male,CRP,Laboratory,"Joanna Lim, RMT",Laboratory
2023-05-19,Adult,Male,Clinical Chemistry,Laboratory,"Mark Villanueva, RMT",Laboratory
2023-05-19,Adult,Male,Spleen,Radiology,Dr. Andrea Sy,Imaging
2023-05-20,Child,Male,Clinical Chemistry,Laboratory,"Carlo Navarro, RMT",Laboratory
2023-05-20,Senior,Female,Clotting Time,Laboratory,"Joanna Lim, RMT",Laboratory
2023-05-20,Adult,Male,Dengue NS1,Laboratory,"Mark Villanueva, RMT",Laboratory
2023-05-20,Adult,Female,Dermatitis and Allergy,Clinic,Dr. Ana Lopez,Check-up
2023-05-20,Adult,Male,Glucose,Laboratory,"Carlo Navarro, RMT",Laboratory
2023-05-20,Adult,Male,"Iron Studies (TI, TIBC, Ferritin)",Laboratory,"Carlo Navarro, RMT",Laboratory
2023-05-20,Adult,Male,Preventive Health Check-up,Clinic,Dr. Miguel Fernandez,Check-up
2023-05-20,Child,Male,Preventive Health Check-up,Clinic,Dr. Paolo Rivera,Check-up
2023-05-20,Adult,Female,Reticulocyte Count,Laboratory,"Rafael Torres, RMT",Laboratory
2023-05-20,Adult,Female,Sodium (Na),Laboratory,"Joanna Lim, RMT",Laboratory
2023-05-20,Adult,Male,Upper Respiratory Infection,Clinic,Dr. Paolo Rivera,Check-up
2023-05-21,Adult,Female,Abdominal Pain,Clinic,Dr. Elena Bautista,Check-up
2023-05-21,Adult,Male,Antigen Swab Test,Laboratory,"Joanna Lim, RMT",Laboratory
2023-05-21,Senior,Female,Arterial Duplex Scan (Bilateral),Radiology,Dr. Andrea Sy,Imaging
2023-05-21,Child,Female,Clinical Microscopy,Laboratory,"Rafael Torres, RMT",Laboratory
2023-05-21,Adult,Female,Gastritis,Clinic,Dr. Victor Manuel,Check-up
2023-05-21,Adult,Female,Headache,Clinic,Dr. Camille Tan,Check-up
2023-05-21,Adult,Female,"OGCT Pregnant (100g, 75g)",Laboratory,"Carlo Navarro, RMT",Laboratory
2023-05-22,Adult,Female,FTA-ABS,Laboratory,"Patricia Mendoza, RMT",Laboratory
2023-05-22,Adult,Male,Headache,Clinic,Dr. Camille Tan,Check-up
2023-05-22,Adult,Male,Routine Medical Consultation,Clinic,Dr. Miguel Fernandez,Check-up
2023-05-22,Adult,Female,Sodium (Na),Laboratory,"Angela Reyes, RMT",Laboratory
2023-05-22,Adult,Male,Urinalysis & Fecalysis,Annual Physical Examination,Dr. Paolo Rivera,Annual Physical Examination
2023-05-23,Child,Female,Estrogen,Laboratory,"Rafael Torres, RMT",Laboratory
2023-05-23,Adult,Male,Fever,Clinic,Dr. Paolo Rivera,Check-up
2023-05-23,Adult,Female,HCV-Genotyping,Laboratory,"Rafael Torres, RMT",Laboratory
2023-05-23,Adult,Male,T4,Laboratory,"Rafael Torres, RMT",Laboratory
2023-05-23,Adult,Female,Triglyceride,Laboratory,"Patricia Mendoza, RMT",Laboratory
2023-05-23,Adult,Male,Upper Respiratory Infection,Clinic,Dr. Paolo Rivera,Check-up
2023-05-24,Adult,Female,APTT,Laboratory,"Angela Reyes, RMT",Laboratory
2023-05-24,Adult,Female,Foot AP/OBLIQUE,Radiology,Dr. Andrea Sy,Imaging
2023-05-24,Senior,Female,OB-Congenital Scan,Radiology,Dr. Sofia Mercado,Imaging
2023-05-24,Adult,Female,Pelvis Hip,Radiology,Dr. Henry Ong,Imaging
2023-05-25,Child,Female,ASO Titer,Laboratory,"Carlo Navarro, RMT",Laboratory
2023-05-25,Senior,Female,Hepa A&B profile,Laboratory,"Patricia Mendoza, RMT",Laboratory
2023-05-25,Child,Female,"Hepa A,B,C",Laboratory,"Rafael Torres, RMT",Laboratory
2023-05-25,Adult,Female,Preventive Health Check-up,Clinic,Dr. Ana Lopez,Check-up
2023-05-25,Adult,Female,Urinalysis 10P,Laboratory,"Joanna Lim, RMT",Laboratory
2023-05-25,Child,Female,Urinary Tract Infection,Clinic,Dr. Paolo Rivera,Check-up
2023-05-26,Senior,Male,Dermatitis and Allergy,Clinic,Dr. Camille Tan,Check-up
2023-05-26,Adult,Female,Fever,Clinic,Dr. Camille Tan,Check-up
2023-05-26,Adult,Male,Gastritis,Clinic,Dr. Victor Manuel,Check-up
2023-05-26,Adult,Male,Protein,Laboratory,"Patricia Mendoza, RMT",Laboratory
2023-05-26,Adult,Female,X-Ray,Clinic,Dr. Miguel Fernandez,Pre-Employment Checkup
2023-05-27,Senior,Male,Arterial & Venous Duplex Lower Extremities Scan (by appointment),Radiology,Dr. Henry Ong,Imaging
2023-05-27,Adult,Female,Dengue NS1,Laboratory,"Rafael Torres, RMT",Laboratory
2023-05-27,Adult,Male,Drug Test (Urine),Laboratory,"Angela Reyes, RMT",Laboratory
2023-05-27,Adult,Male,GGTP,Laboratory,"Mark Villanueva, RMT",Laboratory
2023-05-27,Child,Female,Headache,Clinic,Dr. Ana Lopez,Check-up
2023-05-27,Adult,Male,Hypertension Monitoring,Clinic,Dr. Elena Bautista,Check-up
2023-05-27,Adult,Male,Preventive Health Check-up,Clinic,Dr. Miguel Fernandez,Check-up
2023-05-27,Adult,Male,Routine Medical Consultation,Clinic,Dr. Ana Lopez,Check-up
2023-05-27,Adult,Female,Routine Medical Consultation,Clinic,Dr. Camille Tan,Check-up
2023-05-27,Senior,Female,Spleen,Radiology,Dr. Sofia Mercado,Imaging
2023-05-27,Adult,Male,Urinary Tract Infection,Clinic,Dr. Miguel Fernandez,Check-up
2023-05-27,Adult,Male,Venous Duplex Scan (Unilateral),Radiology,Dr. Sofia Mercado,Imaging
2023-05-28,Adult,Female,ANA Screening,Laboratory,"Joanna Lim, RMT",Laboratory
2023-05-28,Adult,Female,Acid Phosphatase,Laboratory,"Carlo Navarro, RMT",Laboratory
2023-05-28,Adult,Male,Dermatitis and Allergy,Clinic,Dr. Paolo Rivera,Check-up
2023-05-28,Adult,Male,KUB,Radiology,Dr. Andrea Sy,Imaging
2023-05-28,Child,Male,Routine Medical Consultation,Clinic,Dr. Camille Tan,Check-up
2023-05-29,Adult,Male,Hypertension Monitoring,Clinic,Dr. Victor Manuel,Check-up
2023-05-29,Adult,Female,Routine Medical Consultation,Clinic,Dr. Miguel Fernandez,Check-up
2023-05-29,Adult,Female,Routine Medical Consultation,Clinic,Dr. Ana Lopez,Check-up
2023-05-29,Child,Male,Urinalysis 10P,Laboratory,"Angela Reyes, RMT",Laboratory
2023-05-30,Adult,Female,Dermatitis and Allergy,Clinic,Dr. Ana Lopez,Check-up
2023-05-30,Adult,Female,Fever,Clinic,Dr. Miguel Fernandez,Check-up
2023-05-30,Adult,Male,Gastritis,Clinic,Dr. Victor Manuel,Check-up
2023-05-30,Adult,Male,Gastritis,Clinic,Dr. Elena Bautista,Check-up
2023-05-30,Senior,Male,Hypertension Monitoring,Clinic,Dr. Victor Manuel,Check-up
2023-05-31,Adult,Female,2 Hours Post Prandial,Laboratory,"Rafael Torres, RMT",Laboratory
2023-05-31,Adult,Female,FT3,Laboratory,"Angela Reyes, RMT",Laboratory
2023-05-31,Adult,Female,H. Pylori (Quali)-serum,Laboratory,"Rafael Torres, RMT",Laboratory
2023-05-31,Adult,Female,Hypertension Monitoring,Clinic,Dr. Victor Manuel,Check-up
2023-05-31,Adult,Male,Hypertension Monitoring,Clinic,Dr. Victor Manuel,Check-up
2023-05-31,Adult,Female,Prothrombin Time,Laboratory,"Joanna Lim, RMT",Laboratory
2023-05-31,Adult,Female,VDRL/Syphilis Screening,Laboratory,"Carlo Navarro, RMT",Laboratory
2023-06-01,Adult,Female,Chloride (CI),Laboratory,"Angela Reyes, RMT",Laboratory
2023-06-01,Adult,Female,EGFR,Laboratory,"Joanna Lim, RMT",Laboratory
2023-06-01,Adult,Female,Foot AP/OBLIQUE/Lateral,Radiology,Dr. Henry Ong,Imaging
2023-06-01,Child,Male,Headache,Clinic,Dr. Paolo Rivera,Check-up
2023-06-01,Child,Female,"Iron Studies (TI, TIBC, Ferritin)",Laboratory,"Joanna Lim, RMT",Laboratory
2023-06-01,Adult,Male,Liver & Pancreas,Radiology,Dr. Henry Ong,Imaging
2023-06-01,Adult,Female,Progesterone,Laboratory,"Mark Villanueva, RMT",Laboratory
2023-06-02,Adult,Male,CBC,Laboratory,"Mark Villanueva, RMT",Laboratory
2023-06-02,Senior,Male,Gastritis,Clinic,Dr. Elena Bautista,Check-up
2023-06-02,Adult,Female,Physical Exam,Clinic,Dr. Paolo Rivera,Pre-Employment Checkup
2023-06-03,Child,Female,Actual Platelet Count,Laboratory,"Angela Reyes, RMT",Laboratory
2023-06-03,Adult,Male,Clinical Chemistry,Laboratory,"Joanna Lim, RMT",Laboratory
2023-06-03,Adult,Male,Drug Test,Clinic,Dr. Paolo Rivera,Pre-Employment Checkup
2023-06-03,Child,Male,HDL,Laboratory,"Carlo Navarro, RMT",Laboratory
2023-06-03,Adult,Male,Hypertension Monitoring,Clinic,Dr. Victor Manuel,Check-up
2023-06-03,Adult,Male,Ionized Calcium (Ica),Laboratory,"Patricia Mendoza, RMT",Laboratory
2023-06-03,Adult,Male,Upper Respiratory Infection,Clinic,Dr. Paolo Rivera,Check-up
2023-06-03,Adult,Male,Urinary Tract Infection,Clinic,Dr. Paolo Rivera,Check-up
2023-06-03,Senior,Male,Venous Duplex Scan (Bilateral),Radiology,Dr. Andrea Sy,Imaging
2023-06-04,Adult,Male,Diabetes Mellitus Monitoring,Clinic,Dr. Victor Manuel,Check-up
2023-06-04,Adult,Male,Gastritis,Clinic,Dr. Elena Bautista,Check-up
2023-06-04,Adult,Female,Hand AP/OBLIQUE/Lateral,Radiology,Dr. Sofia Mercado,Imaging
2023-06-04,Adult,Female,Hypertension Monitoring,Clinic,Dr. Victor Manuel,Check-up
2023-06-04,Adult,Female,Upper Respiratory Infection,Clinic,Dr. Paolo Rivera,Check-up
2023-06-05,Child,Female,Bleeding Time,Laboratory,"Angela Reyes, RMT",Laboratory
2023-06-05,Adult,Male,Diabetes Mellitus Monitoring,Clinic,Dr. Elena Bautista,Check-up
2023-06-05,Senior,Male,Diabetes Mellitus Monitoring,Clinic,Dr. Elena Bautista,Check-up
2023-06-05,Senior,Female,Fever,Clinic,Dr. Miguel Fernandez,Check-up
2023-06-05,Adult,Female,Fever,Clinic,Dr. Miguel Fernandez,Check-up
2023-06-05,Adult,Female,LH,Laboratory,"Mark Villanueva, RMT",Laboratory
2023-06-05,Child,Female,Routine Medical Consultation,Clinic,Dr. Ana Lopez,Check-up
2023-06-05,Child,Female,SGOT (AST),Laboratory,"Angela Reyes, RMT",Laboratory
2023-06-05,Adult,Male,Urinary Tract Infection,Clinic,Dr. Ana Lopez,Check-up
2023-06-06,Adult,Male,Abdominal Pain,Clinic,Dr. Elena Bautista,Check-up
2023-06-06,Senior,Female,Diabetes Mellitus Monitoring,Clinic,Dr. Elena Bautista,Check-up
2023-06-06,Child,Female,HCV-RNA,Laboratory,"Joanna Lim, RMT",Laboratory
2023-06-06,Adult,Male,HSCRP,Laboratory,"Carlo Navarro, RMT",Laboratory
2023-06-06,Adult,Female,Headache,Clinic,Dr. Paolo Rivera,Check-up
2023-06-06,Child,Female,KOH,Laboratory,"Patricia Mendoza, RMT",Laboratory
2023-06-06,Adult,Male,Lower Abdomen,Radiology,Dr. Sofia Mercado,Imaging
2023-06-06,Child,Female,Preventive Health Check-up,Clinic,Dr. Camille Tan,Check-up
2023-06-06,Adult,Male,Preventive Health Check-up,Clinic,Dr. Paolo Rivera,Check-up
2023-06-06,Adult,Male,Routine Medical Consultation,Clinic,Dr. Paolo Rivera,Check-up
2023-06-06,Adult,Male,THC (Marijuana),Drug Testing,"Rafael Torres, RMT",Drug Testing
2023-06-06,Adult,Female,Upper Respiratory Infection,Clinic,Dr. Camille Tan,Check-up
2023-06-07,Adult,Female,Arm AP/L,Radiology,Dr. Henry Ong,Imaging
2023-06-07,Child,Male,Asthma Monitoring,Clinic,Dr. Victor Manuel,Check-up
2023-06-07,Adult,Male,ESR,Laboratory,"Angela Reyes, RMT",Laboratory
2023-06-07,Senior,Male,Liver & Pancreas,Radiology,Dr. Andrea Sy,Imaging
2023-06-08,Adult,Female,Asthma Monitoring,Clinic,Dr. Victor Manuel,Check-up
2023-06-08,Adult,Male,Cortisol,Laboratory,"Joanna Lim, RMT",Laboratory
2023-06-08,Adult,Male,Dermatitis and Allergy,Clinic,Dr. Paolo Rivera,Check-up
2023-06-08,Adult,Male,Diabetes Mellitus Monitoring,Clinic,Dr. Victor Manuel,Check-up
2023-06-08,Adult,Female,Routine Medical Consultation,Clinic,Dr. Camille Tan,Check-up
2023-06-08,Adult,Male,Upper Respiratory Infection,Clinic,Dr. Camille Tan,Check-up
2023-06-09,Adult,Female,Antigen Swab Test,Laboratory,"Angela Reyes, RMT",Laboratory
2023-06-09,Adult,Male,Dengue Duo IgM/IgG,Laboratory,"Patricia Mendoza, RMT",Laboratory
2023-06-09,Adult,Female,EGFR,Laboratory,"Joanna Lim, RMT",Laboratory
2023-06-09,Child,Male,Preventive Health Check-up,Clinic,Dr. Ana Lopez,Check-up
2023-06-09,Adult,Female,TSH,Laboratory,"Rafael Torres, RMT",Laboratory
2023-06-09,Adult,Male,Upper Respiratory Infection,Clinic,Dr. Paolo Rivera,Check-up
2023-06-10,Child,Female,Asthma Monitoring,Clinic,Dr. Victor Manuel,Check-up
2023-06-10,Child,Male,Asthma Monitoring,Clinic,Dr. Elena Bautista,Check-up
2023-06-10,Adult,Male,Clinical Microscopy,Laboratory,"Patricia Mendoza, RMT",Laboratory
2023-06-10,Adult,Male,ECG,Cardiology,Dr. Miguel Fernandez,Cardiology
2023-06-10,Adult,Female,Estrogen (RIA),Laboratory,"Joanna Lim, RMT",Laboratory
2023-06-10,Adult,Female,LH,Laboratory,"Patricia Mendoza, RMT",Laboratory
2023-06-10,Senior,Female,Liver & Spleen,Radiology,Dr. Andrea Sy,Imaging
2023-06-10,Adult,Male,SGPT (ALT),Laboratory,"Rafael Torres, RMT",Laboratory
2023-06-10,Adult,Female,TBIC (Total Iron Binding Capacity),Laboratory,"Patricia Mendoza, RMT",Laboratory
2023-06-11,Adult,Female,Creatinine,Laboratory,"Mark Villanueva, RMT",Laboratory
2023-06-11,Adult,Male,Headache,Clinic,Dr. Miguel Fernandez,Check-up
2023-06-11,Adult,Female,Preventive Health Check-up,Clinic,Dr. Paolo Rivera,Check-up
2023-06-11,Adult,Male,Preventive Health Check-up,Clinic,Dr. Ana Lopez,Check-up
2023-06-12,Adult,Female,Chloride (C),Laboratory,"Mark Villanueva, RMT",Laboratory
2023-06-12,Senior,Male,Cortisol,Laboratory,"Mark Villanueva, RMT",Laboratory
2023-06-12,Senior,Male,Diabetes Mellitus Monitoring,Clinic,Dr. Victor Manuel,Check-up
2023-06-12,Adult,Female,Fecal Occult Blood,Laboratory,"Carlo Navarro, RMT",Laboratory
2023-06-12,Adult,Female,Gastritis,Clinic,Dr. Victor Manuel,Check-up
2023-06-12,Senior,Female,Hypertension Monitoring,Clinic,Dr. Victor Manuel,Check-up
2023-06-12,Adult,Female,Hypertension Monitoring,Clinic,Dr. Victor Manuel,Check-up
2023-06-12,Adult,Female,Inguinal,Radiology,Dr. Andrea Sy,Imaging
2023-06-12,Adult,Female,Prothrombin Time,Laboratory,"Rafael Torres, RMT",Laboratory
2023-06-12,Adult,Female,Upper Abdomen & Kidney,Radiology,Dr. Sofia Mercado,Imaging
2023-06-13,Adult,Female,Abdominal Pain,Clinic,Dr. Victor Manuel,Check-up
2023-06-13,Adult,Male,Fever,Clinic,Dr. Ana Lopez,Check-up
2023-06-13,Child,Male,Gastritis,Clinic,Dr. Victor Manuel,Check-up
2023-06-13,Adult,Male,Pregnancy Test (Urine),Laboratory,"Mark Villanueva, RMT",Laboratory
2023-06-13,Adult,Male,Upper Respiratory Infection,Clinic,Dr. Ana Lopez,Check-up
2023-06-13,Child,Male,Upper Respiratory Infection,Clinic,Dr. Ana Lopez,Check-up
2023-06-14,Adult,Female,Blood Uric Acid,Laboratory,"Carlo Navarro, RMT",Laboratory
2023-06-14,Adult,Female,Dermatitis and Allergy,Clinic,Dr. Camille Tan,Check-up
2023-06-14,Adult,Male,Diabetes Mellitus Monitoring,Clinic,Dr. Elena Bautista,Check-up
2023-06-14,Adult,Female,Diabetes Mellitus Monitoring,Clinic,Dr. Elena Bautista,Check-up
2023-06-14,Adult,Male,Gastritis,Clinic,Dr. Elena Bautista,Check-up
2023-06-14,Senior,Female,Hypertension Monitoring,Clinic,Dr. Elena Bautista,Check-up
2023-06-14,Adult,Male,Magnesium,Laboratory,"Mark Villanueva, RMT",Laboratory
2023-06-14,Child,Female,T3,Laboratory,"Angela Reyes, RMT",Laboratory
2023-06-14,Child,Male,Testosterone,Laboratory,"Patricia Mendoza, RMT",Laboratory
2023-06-14,Adult,Male,Testosterone,Laboratory,"Rafael Torres, RMT",Laboratory
2023-06-15,Adult,Female,Asthma Monitoring,Clinic,Dr. Victor Manuel,Check-up
2023-06-15,Child,Female,Asthma Monitoring,Clinic,Dr. Elena Bautista,Check-up
2023-06-15,Adult,Male,"Bilirubin (B1, B2)",Laboratory,"Angela Reyes, RMT",Laboratory
2023-06-15,Adult,Male,Dermatitis and Allergy,Clinic,Dr. Ana Lopez,Check-up
2023-06-15,Adult,Male,Diabetes Mellitus Monitoring,Clinic,Dr. Elena Bautista,Check-up
2023-06-15,Adult,Female,Diabetes Mellitus Monitoring,Clinic,Dr. Elena Bautista,Check-up
2023-06-15,Adult,Male,Gastritis,Clinic,Dr. Elena Bautista,Check-up
2023-06-15,Child,Male,Total Iron,Laboratory,"Patricia Mendoza, RMT",Laboratory
2023-06-16,Senior,Male,Arterial & Venous Duplex Scan,Radiology,Dr. Henry Ong,Imaging
2023-06-16,Senior,Male,Asthma Monitoring,Clinic,Dr. Elena Bautista,Check-up
2023-06-16,Adult,Male,Asthma Monitoring,Clinic,Dr. Elena Bautista,Check-up
2023-06-16,Adult,Female,CBC,Annual Physical Examination,Dr. Ana Lopez,Annual Physical Examination
2023-06-16,Adult,Male,CBC w/ Actual Platelet Count,Laboratory,"Joanna Lim, RMT",Laboratory
2023-06-16,Adult,Male,Potassium (K),Laboratory,"Carlo Navarro, RMT",Laboratory
2023-06-17,Adult,Female,Dermatitis and Allergy,Clinic,Dr. Miguel Fernandez,Check-up
2023-06-17,Adult,Male,Inorganic Phosphorus (IPO4),Laboratory,"Mark Villanueva, RMT",Laboratory
2023-06-17,Adult,Female,Upper Respiratory Infection,Clinic,Dr. Camille Tan,Check-up
2023-06-17,Adult,Female,Upper Respiratory Infection,Clinic,Dr. Miguel Fernandez,Check-up
2023-06-17,Child,Female,Upper Respiratory Infection,Clinic,Dr. Camille Tan,Check-up
2023-06-18,Adult,Female,Dengue Combo,Laboratory,"Joanna Lim, RMT",Laboratory
2023-06-18,Adult,Female,EBV Igm,Laboratory,"Mark Villanueva, RMT",Laboratory
2023-06-18,Child,Male,Fever,Clinic,Dr. Camille Tan,Check-up
2023-06-18,Adult,Female,Hypertension Monitoring,Clinic,Dr. Elena Bautista,Check-up
2023-06-18,Senior,Female,Intact-PTH,Laboratory,"Patricia Mendoza, RMT",Laboratory
2023-06-18,Child,Female,Magnesium,Laboratory,"Patricia Mendoza, RMT",Laboratory
2023-06-18,Adult,Female,Malarial Smear,Laboratory,"Patricia Mendoza, RMT",Laboratory
2023-06-18,Adult,Female,Online Doctor Consultation,Clinic,Dr. Camille Tan,Check-up
2023-06-19,Adult,Female,Abdominal Pain,Clinic,Dr. Victor Manuel,Check-up
2023-06-19,Adult,Male,Asthma Monitoring,Clinic,Dr. Victor Manuel,Check-up
2023-06-19,Adult,Female,C4,Laboratory,"Mark Villanueva, RMT",Laboratory
2023-06-19,Adult,Male,Fever,Clinic,Dr. Ana Lopez,Check-up
2023-06-19,Adult,Male,Glucose,Laboratory,"Carlo Navarro, RMT",Laboratory
2023-06-19,Adult,Female,Hematology,Laboratory,"Angela Reyes, RMT",Laboratory
2023-06-19,Adult,Female,Hypertension Monitoring,Clinic,Dr. Victor Manuel,Check-up
2023-06-19,Adult,Female,OB-Congenital Scan,Radiology,Dr. Sofia Mercado,Imaging
2023-06-19,Adult,Female,Potassium (K),Laboratory,"Angela Reyes, RMT",Laboratory
2023-06-20,Child,Female,2 Hours Post Prandial,Laboratory,"Joanna Lim, RMT",Laboratory
2023-06-20,Adult,Female,Blood Urea Nitrogen,Laboratory,"Joanna Lim, RMT",Laboratory
2023-06-20,Adult,Female,Carotid Duplex Scan,Radiology,Dr. Henry Ong,Imaging
2023-06-20,Adult,Male,Chloride (C),Laboratory,"Carlo Navarro, RMT",Laboratory
2023-06-20,Adult,Male,Diabetes Mellitus Monitoring,Clinic,Dr. Victor Manuel,Check-up
2023-06-20,Adult,Female,FT4,Laboratory,"Joanna Lim, RMT",Laboratory
2023-06-20,Adult,Female,Hypertension Monitoring,Clinic,Dr. Elena Bautista,Check-up
2023-06-20,Adult,Male,Hypertension Monitoring,Clinic,Dr. Elena Bautista,Check-up
2023-06-20,Adult,Male,Routine Medical Consultation,Clinic,Dr. Miguel Fernandez,Check-up
2023-06-20,Senior,Male,Thoracic AP/LAT/OBLIQUE,Radiology,Dr. Sofia Mercado,Imaging
2023-06-20,Adult,Female,Upper Respiratory Infection,Clinic,Dr. Ana Lopez,Check-up
2023-06-20,Adult,Female,Urinalysis & Fecalysis,Annual Physical Examination,Dr. Camille Tan,Annual Physical Examination
2023-06-20,Adult,Male,Urinary Tract Infection,Clinic,Dr. Miguel Fernandez,Check-up
2023-06-21,Adult,Female,Blood Cs (2 site),Laboratory,"Mark Villanueva, RMT",Laboratory
2023-06-21,Adult,Female,Diabetes Mellitus Monitoring,Clinic,Dr. Elena Bautista,Check-up
2023-06-21,Adult,Female,TPPA Quantitative,Laboratory,"Rafael Torres, RMT",Laboratory
2023-06-21,Adult,Female,Upper Respiratory Infection,Clinic,Dr. Paolo Rivera,Check-up
2023-06-22,Adult,Male,Headache,Clinic,Dr. Camille Tan,Check-up
2023-06-22,Senior,Male,Headache,Clinic,Dr. Ana Lopez,Check-up
2023-06-22,Senior,Male,Hypertension Monitoring,Clinic,Dr. Elena Bautista,Check-up
2023-06-22,Adult,Female,KUB & Prostatae,Radiology,Dr. Andrea Sy,Imaging
2023-06-23,Adult,Male,Abdominal Pain,Clinic,Dr. Elena Bautista,Check-up
2023-06-23,Adult,Female,Amylase,Laboratory,"Joanna Lim, RMT",Laboratory
2023-06-23,Adult,Male,Bloodtype and RH Typing,Laboratory,"Rafael Torres, RMT",Laboratory
2023-06-23,Senior,Female,Elbow AP/LAT,Radiology,Dr. Henry Ong,Imaging
2023-06-23,Adult,Male,Hypertension Monitoring,Clinic,Dr. Elena Bautista,Check-up
2023-06-23,Senior,Female,Hypertension Monitoring,Clinic,Dr. Elena Bautista,Check-up
2023-06-23,Child,Female,Preventive Health Check-up,Clinic,Dr. Camille Tan,Check-up
2023-06-23,Adult,Female,Sodium (Na),Laboratory,"Carlo Navarro, RMT",Laboratory
2023-06-23,Senior,Male,Upper Respiratory Infection,Clinic,Dr. Ana Lopez,Check-up
2023-06-23,Child,Female,VDRL/Syphilis Screening,Laboratory,"Carlo Navarro, RMT",Laboratory
2023-06-24,Adult,Female,Ankle AP/LAT,Radiology,Dr. Sofia Mercado,Imaging
2023-06-24,Child,Male,HDL,Laboratory,"Angela Reyes, RMT",Laboratory
2023-06-24,Senior,Female,Hypertension Monitoring,Clinic,Dr. Victor Manuel,Check-up
2023-06-24,Adult,Male,Hypertension Monitoring,Clinic,Dr. Victor Manuel,Check-up
2023-06-24,Adult,Female,TBIC (Total Iron Binding Capacity),Laboratory,"Patricia Mendoza, RMT",Laboratory
2023-06-24,Adult,Male,Upper Respiratory Infection,Clinic,Dr. Miguel Fernandez,Check-up
2023-06-25,Adult,Male,Acid Phosphatase,Laboratory,"Carlo Navarro, RMT",Laboratory
2023-06-25,Adult,Female,Fever,Clinic,Dr. Camille Tan,Check-up
2023-06-25,Adult,Female,Hypertension Monitoring,Clinic,Dr. Victor Manuel,Check-up
2023-06-25,Adult,Female,Preventive Health Check-up,Clinic,Dr. Miguel Fernandez,Check-up
2023-06-25,Adult,Male,RBC Morphology (Urine),Laboratory,"Joanna Lim, RMT",Laboratory
2023-06-25,Senior,Female,Upper Respiratory Infection,Clinic,Dr. Miguel Fernandez,Check-up
2023-06-26,Senior,Male,Asthma Monitoring,Clinic,Dr. Elena Bautista,Check-up
2023-06-26,Senior,Female,Blood Cs with ARD (1 site),Laboratory,"Rafael Torres, RMT",Laboratory
2023-06-26,Adult,Female,Dengue NS1,Laboratory,"Patricia Mendoza, RMT",Laboratory
2023-06-26,Adult,Female,Fever,Clinic,Dr. Ana Lopez,Check-up
2023-06-26,Adult,Male,KOH,Laboratory,"Angela Reyes, RMT",Laboratory
2023-06-26,Adult,Male,Thoracic AP/LAT/OBLIQUE,Radiology,Dr. Henry Ong,Imaging
2023-06-26,Adult,Female,Upper Respiratory Infection,Clinic,Dr. Miguel Fernandez,Check-up
2023-06-26,Adult,Female,Upper Respiratory Infection,Clinic,Dr. Ana Lopez,Check-up
2023-06-27,Child,Female,Asthma Monitoring,Clinic,Dr. Victor Manuel,Check-up
2023-06-27,Senior,Male,Body Fluid Analysis (Package),Laboratory,"Joanna Lim, RMT",Laboratory
2023-06-27,Child,Female,CPK-MB,Laboratory,"Rafael Torres, RMT",Laboratory
2023-06-27,Adult,Female,Clotting Time,Laboratory,"Patricia Mendoza, RMT",Laboratory
2023-06-27,Child,Female,HIV (Screening),Laboratory,"Rafael Torres, RMT",Laboratory
2023-06-27,Adult,Male,Physical Exam,Annual Physical Examination,Dr. Ana Lopez,Annual Physical Examination
2023-06-27,Adult,Female,Sodium (Na),Laboratory,"Patricia Mendoza, RMT",Laboratory
2023-06-27,Adult,Male,Urinalysis & Fecalysis,Clinic,Dr. Miguel Fernandez,Pre-Employment Checkup
2023-06-28,Adult,Male,Asthma Monitoring,Clinic,Dr. Elena Bautista,Check-up
2023-06-28,Senior,Female,Diabetes Mellitus Monitoring,Clinic,Dr. Elena Bautista,Check-up
2023-06-28,Child,Male,Fecal Occult Blood,Laboratory,"Mark Villanueva, RMT",Laboratory
2023-06-28,Adult,Male,Fever,Clinic,Dr. Miguel Fernandez,Check-up
2023-06-28,Adult,Female,Gastritis,Clinic,Dr. Elena Bautista,Check-up
2023-06-28,Adult,Male,Pregnancy Test (Urine),Laboratory,"Joanna Lim, RMT",Laboratory
2023-06-28,Adult,Male,Preventive Health Check-up,Clinic,Dr. Ana Lopez,Check-up
2023-06-28,Adult,Male,RBS,Laboratory,"Joanna Lim, RMT",Laboratory
2023-06-28,Senior,Male,"TPAG (Total Protein, Albumin, AG)",Laboratory,"Patricia Mendoza, RMT",Laboratory
2023-06-28,Adult,Male,Urinalysis,Laboratory,"Patricia Mendoza, RMT",Laboratory
2023-06-29,Child,Male,EBV Igm,Laboratory,"Angela Reyes, RMT",Laboratory
2023-06-29,Adult,Female,Fever,Clinic,Dr. Miguel Fernandez,Check-up
2023-06-29,Adult,Female,Protein,Laboratory,"Patricia Mendoza, RMT",Laboratory
2023-06-30,Adult,Female,Calcium (C),Laboratory,"Mark Villanueva, RMT",Laboratory
2023-06-30,Senior,Female,Hypertension Monitoring,Clinic,Dr. Victor Manuel,Check-up
2023-06-30,Senior,Female,Pleural/CSF Fluid Analysis,Laboratory,"Carlo Navarro, RMT",Laboratory
2023-06-30,Child,Female,Rubella Igm,Laboratory,"Carlo Navarro, RMT",Laboratory
2023-07-01,Adult,Male,Actual Platelet Count,Laboratory,"Rafael Torres, RMT",Laboratory
2023-07-01,Adult,Female,Chest PA for Pregnant,Radiology,Dr. Andrea Sy,Imaging
2023-07-01,Child,Male,HCV-Genotyping,Laboratory,"Mark Villanueva, RMT",Laboratory
2023-07-01,Adult,Male,Hypertension Monitoring,Clinic,Dr. Elena Bautista,Check-up
2023-07-01,Adult,Male,"TPAG (Total Protein, Albumin, AG)",Laboratory,"Mark Villanueva, RMT",Laboratory
2023-07-01,Adult,Female,Upper Respiratory Infection,Clinic,Dr. Paolo Rivera,Check-up
2023-07-01,Adult,Male,Upper Respiratory Infection,Clinic,Dr. Paolo Rivera,Check-up
2023-07-02,Adult,Female,Asthma Monitoring,Clinic,Dr. Victor Manuel,Check-up
2023-07-02,Child,Male,Bicarbonate,Laboratory,"Rafael Torres, RMT",Laboratory
2023-07-02,Adult,Female,Fever,Clinic,Dr. Camille Tan,Check-up
2023-07-02,Adult,Male,Forearm AP/LAT,Radiology,Dr. Andrea Sy,Imaging
2023-07-02,Adult,Female,Gastritis,Clinic,Dr. Elena Bautista,Check-up
2023-07-02,Adult,Female,Liver & Spleen,Radiology,Dr. Sofia Mercado,Imaging
2023-07-02,Adult,Male,Pregnancy Test (Urine),Laboratory,"Angela Reyes, RMT",Laboratory
2023-07-02,Child,Male,RT-PCR 12HRS,Laboratory,"Carlo Navarro, RMT",Laboratory
2023-07-02,Adult,Male,Sodium (Na),Laboratory,"Rafael Torres, RMT",Laboratory
2023-07-02,Adult,Female,Troponin T Qualitive,Laboratory,"Rafael Torres, RMT",Laboratory
2023-07-02,Adult,Male,Upper Respiratory Infection,Clinic,Dr. Ana Lopez,Check-up
2023-07-03,Adult,Female,Asthma Monitoring,Clinic,Dr. Victor Manuel,Check-up
2023-07-03,Adult,Male,Fever,Clinic,Dr. Paolo Rivera,Check-up
2023-07-03,Adult,Female,Gastritis,Clinic,Dr. Victor Manuel,Check-up
2023-07-03,Adult,Male,Gastritis,Clinic,Dr. Elena Bautista,Check-up
2023-07-03,Adult,Male,Hypertension Monitoring,Clinic,Dr. Victor Manuel,Check-up
2023-07-03,Adult,Male,Upper Respiratory Infection,Clinic,Dr. Camille Tan,Check-up
2023-07-04,Adult,Female,Amylase,Laboratory,"Carlo Navarro, RMT",Laboratory
2023-07-04,Adult,Female,Asthma Monitoring,Clinic,Dr. Elena Bautista,Check-up
2023-07-04,Senior,Female,Fever,Clinic,Dr. Paolo Rivera,Check-up
2023-07-04,Child,Female,GGTP,Laboratory,"Rafael Torres, RMT",Laboratory
2023-07-04,Senior,Male,Hypertension Monitoring,Clinic,Dr. Elena Bautista,Check-up
2023-07-04,Senior,Female,Hypertension Monitoring,Clinic,Dr. Victor Manuel,Check-up
2023-07-04,Adult,Female,Pregnancy Test (Urine),Laboratory,"Mark Villanueva, RMT",Laboratory
2023-07-04,Adult,Male,Troponin I Quantitative,Laboratory,"Mark Villanueva, RMT",Laboratory
2023-07-04,Adult,Female,Upper Respiratory Infection,Clinic,Dr. Ana Lopez,Check-up
2023-07-05,Adult,Female,Dermatitis and Allergy,Clinic,Dr. Miguel Fernandez,Check-up
2023-07-05,Senior,Female,FT3 RIA,Laboratory,"Patricia Mendoza, RMT",Laboratory
2023-07-05,Child,Male,Urinary Tract Infection,Clinic,Dr. Miguel Fernandez,Check-up
2023-07-06,Adult,Male,Abdominal Aorta,Radiology,Dr. Sofia Mercado,Imaging
2023-07-06,Adult,Male,Anti-HBs,Laboratory,"Angela Reyes, RMT",Laboratory
2023-07-06,Senior,Female,Asthma Monitoring,Clinic,Dr. Elena Bautista,Check-up
2023-07-06,Adult,Female,FSH,Laboratory,"Mark Villanueva, RMT",Laboratory
2023-07-06,Adult,Female,Hand AP/OBLIQUE/Lateral,Radiology,Dr. Sofia Mercado,Imaging
2023-07-06,Child,Male,Lipase,Laboratory,"Angela Reyes, RMT",Laboratory
2023-07-06,Adult,Male,Online Doctor Consultation,Clinic,Dr. Paolo Rivera,Check-up
2023-07-06,Adult,Female,Potassium (K),Laboratory,"Mark Villanueva, RMT",Laboratory
2023-07-06,Adult,Male,Skull AP/LAT,Radiology,Dr. Sofia Mercado,Imaging
2023-07-06,Adult,Female,Upper Respiratory Infection,Clinic,Dr. Ana Lopez,Check-up
2023-07-07,Adult,Female,Antigen Swab Test,Laboratory,"Angela Reyes, RMT",Laboratory
2023-07-07,Adult,Female,Diabetes Mellitus Monitoring,Clinic,Dr. Elena Bautista,Check-up
2023-07-07,Child,Male,Drug Test (Urine),Laboratory,"Angela Reyes, RMT",Laboratory
2023-07-07,Senior,Female,Drug Testing,Home Service,"Carlo Navarro, RMT",Home Service
2023-07-07,Child,Female,Estradiol/Estrogen,Laboratory,"Mark Villanueva, RMT",Laboratory
2023-07-07,Adult,Male,Fever,Clinic,Dr. Miguel Fernandez,Check-up
2023-07-07,Adult,Female,Fever,Clinic,Dr. Ana Lopez,Check-up
2023-07-07,Senior,Female,Hypertension Monitoring,Clinic,Dr. Elena Bautista,Check-up
2023-07-07,Adult,Female,Lipid Profile,Laboratory,"Angela Reyes, RMT",Laboratory
2023-07-08,Child,Female,"Bilirubin (B1, B2)",Laboratory,"Joanna Lim, RMT",Laboratory
2023-07-08,Child,Female,EBV Igm,Laboratory,"Mark Villanueva, RMT",Laboratory
2023-07-08,Adult,Female,Gastritis,Clinic,Dr. Elena Bautista,Check-up
2023-07-08,Adult,Female,Ionized Calcium (Ica),Laboratory,"Rafael Torres, RMT",Laboratory
2023-07-08,Child,Female,Potassium (K),Laboratory,"Patricia Mendoza, RMT",Laboratory
2023-07-08,Adult,Female,Routine Medical Consultation,Clinic,Dr. Miguel Fernandez,Check-up
2023-07-08,Child,Male,Upper Respiratory Infection,Clinic,Dr. Ana Lopez,Check-up
2023-07-09,Adult,Female,Abdominal Pain,Clinic,Dr. Victor Manuel,Check-up
2023-07-09,Child,Female,Dermatitis and Allergy,Clinic,Dr. Camille Tan,Check-up
2023-07-09,Adult,Female,Hypertension Monitoring,Clinic,Dr. Elena Bautista,Check-up
2023-07-09,Adult,Female,Routine Medical Consultation,Clinic,Dr. Miguel Fernandez,Check-up
2023-07-09,Child,Male,Upper Respiratory Infection,Clinic,Dr. Camille Tan,Check-up
2023-07-10,Adult,Female,2 Hours Post Prandial,Laboratory,"Angela Reyes, RMT",Laboratory
2023-07-10,Adult,Female,Dermatitis and Allergy,Clinic,Dr. Ana Lopez,Check-up
2023-07-10,Adult,Female,Fever,Clinic,Dr. Camille Tan,Check-up
2023-07-10,Adult,Female,Fever,Clinic,Dr. Ana Lopez,Check-up
2023-07-10,Adult,Female,Gastritis,Clinic,Dr. Victor Manuel,Check-up
2023-07-10,Adult,Male,HCV Screening,Laboratory,"Joanna Lim, RMT",Laboratory
2023-07-10,Adult,Female,Headache,Clinic,Dr. Ana Lopez,Check-up
2023-07-10,Adult,Female,Routine Medical Consultation,Clinic,Dr. Camille Tan,Check-up
2023-07-10,Adult,Female,TPPA Qualitative,Laboratory,"Mark Villanueva, RMT",Laboratory
2023-07-10,Adult,Female,Urinalysis,Laboratory,"Joanna Lim, RMT",Laboratory
2023-07-11,Adult,Male,Anti-HAV IgM,Laboratory,"Angela Reyes, RMT",Laboratory
2023-07-11,Senior,Female,CPK-MB,Laboratory,"Patricia Mendoza, RMT",Laboratory
2023-07-11,Adult,Female,CRP,Laboratory,"Patricia Mendoza, RMT",Laboratory
2023-07-11,Adult,Female,FBS,Laboratory,"Angela Reyes, RMT",Laboratory
2023-07-11,Adult,Male,Fever,Clinic,Dr. Miguel Fernandez,Check-up
2023-07-11,Adult,Female,Fit Stool Test,Laboratory,"Patricia Mendoza, RMT",Laboratory
2023-07-11,Adult,Male,HCV Screening,Laboratory,"Mark Villanueva, RMT",Laboratory
2023-07-11,Adult,Female,Hypertension Monitoring,Clinic,Dr. Victor Manuel,Check-up
2023-07-11,Child,Female,TSH,Laboratory,"Rafael Torres, RMT",Laboratory
2023-07-11,Adult,Female,Upper Respiratory Infection,Clinic,Dr. Paolo Rivera,Check-up
2023-07-12,Adult,Female,CBC,Clinic,Dr. Camille Tan,Pre-Employment Checkup
2023-07-12,Adult,Female,Diabetes Mellitus Monitoring,Clinic,Dr. Elena Bautista,Check-up
2023-07-12,Senior,Female,Fever,Clinic,Dr. Paolo Rivera,Check-up
2023-07-12,Adult,Female,Pelvic Ultrasound,Radiology,Dr. Sofia Mercado,Imaging
2023-07-12,Adult,Male,Routine Medical Consultation,Clinic,Dr. Paolo Rivera,Check-up
2023-07-12,Adult,Male,Spleen,Radiology,Dr. Henry Ong,Imaging
2023-07-12,Senior,Male,T3,Laboratory,"Mark Villanueva, RMT",Laboratory
2023-07-12,Adult,Female,X-Ray,Annual Physical Examination,Dr. Ana Lopez,Annual Physical Examination
2023-07-12,Adult,Male,X-Ray,Annual Physical Examination,Dr. Camille Tan,Annual Physical Examination
2023-07-13,Adult,Female,ECG (12 Lead) Adult,Cardiology,Dr. Ana Lopez,Cardiology
2023-07-13,Child,Female,Fever,Clinic,Dr. Camille Tan,Check-up
2023-07-13,Adult,Female,HSCRP,Laboratory,"Patricia Mendoza, RMT",Laboratory
2023-07-13,Senior,Male,Hypertension Monitoring,Clinic,Dr. Victor Manuel,Check-up
2023-07-13,Adult,Female,Online Doctor Consultation,Clinic,Dr. Miguel Fernandez,Check-up
2023-07-13,Senior,Male,Routine Medical Consultation,Clinic,Dr. Miguel Fernandez,Check-up
2023-07-13,Adult,Female,T3,Laboratory,"Patricia Mendoza, RMT",Laboratory
2023-07-13,Adult,Male,TPHA Titer,Laboratory,"Mark Villanueva, RMT",Laboratory
2023-07-13,Child,Female,Upper Respiratory Infection,Clinic,Dr. Ana Lopez,Check-up
2023-07-13,Adult,Female,Upper Respiratory Infection,Clinic,Dr. Ana Lopez,Check-up
2023-07-14,Child,Female,Dermatitis and Allergy,Clinic,Dr. Paolo Rivera,Check-up
2023-07-14,Adult,Female,Diabetes Mellitus Monitoring,Clinic,Dr. Elena Bautista,Check-up
2023-07-14,Adult,Female,Routine Medical Consultation,Clinic,Dr. Ana Lopez,Check-up
2023-07-15,Child,Female,Fever,Clinic,Dr. Paolo Rivera,Check-up
2023-07-15,Adult,Female,Hepa B profile,Laboratory,"Patricia Mendoza, RMT",Laboratory
2023-07-15,Adult,Female,Preventive Health Check-up,Clinic,Dr. Miguel Fernandez,Check-up
2023-07-15,Adult,Female,RT-PCR 12HRS,Laboratory,"Angela Reyes, RMT",Laboratory
2023-07-15,Adult,Female,Upper Respiratory Infection,Clinic,Dr. Ana Lopez,Check-up
2023-07-16,Adult,Female,Amylase,Laboratory,"Carlo Navarro, RMT",Laboratory
2023-07-16,Child,Female,Bleeding Time,Laboratory,"Rafael Torres, RMT",Laboratory
2023-07-16,Senior,Male,Dermatitis and Allergy,Clinic,Dr. Camille Tan,Check-up
2023-07-16,Adult,Male,Drug Test (Urine),Laboratory,"Mark Villanueva, RMT",Laboratory
2023-07-16,Adult,Male,EBV Igg,Laboratory,"Joanna Lim, RMT",Laboratory
2023-07-16,Adult,Male,FBS,Laboratory,"Patricia Mendoza, RMT",Laboratory
2023-07-16,Adult,Male,Hypertension Monitoring,Clinic,Dr. Victor Manuel,Check-up
2023-07-16,Child,Female,"Iron Studies (TI, TIBC, Ferritin)",Laboratory,"Mark Villanueva, RMT",Laboratory
2023-07-16,Child,Male,Peripheral Blood Smear ( 7 Days),Laboratory,"Patricia Mendoza, RMT",Laboratory
2023-07-16,Child,Female,Reticulocyte Count,Laboratory,"Mark Villanueva, RMT",Laboratory
2023-07-17,Adult,Female,Asthma Monitoring,Clinic,Dr. Elena Bautista,Check-up
2023-07-17,Adult,Male,Chloride (C),Laboratory,"Joanna Lim, RMT",Laboratory
2023-07-17,Adult,Female,Clinical Microscopy,Laboratory,"Joanna Lim, RMT",Laboratory
2023-07-17,Adult,Female,Hypertension Monitoring,Clinic,Dr. Victor Manuel,Check-up
2023-07-18,Child,Female,Fever,Clinic,Dr. Camille Tan,Check-up
2023-07-18,Adult,Male,Gastritis,Clinic,Dr. Victor Manuel,Check-up
2023-07-18,Adult,Female,Upper Respiratory Infection,Clinic,Dr. Paolo Rivera,Check-up
2023-07-19,Senior,Female,Diabetes Mellitus Monitoring,Clinic,Dr. Victor Manuel,Check-up
2023-07-19,Adult,Female,Gastritis,Clinic,Dr. Victor Manuel,Check-up
2023-07-19,Senior,Male,Hypertension Monitoring,Clinic,Dr. Elena Bautista,Check-up
2023-07-19,Adult,Female,Upper Respiratory Infection,Clinic,Dr. Miguel Fernandez,Check-up
2023-07-20,Senior,Female,12L-ECG,Cardiology,Dr. Paolo Rivera,Cardiology
2023-07-20,Adult,Female,Abdominal Pain,Clinic,Dr. Elena Bautista,Check-up
2023-07-20,Senior,Female,Diabetes Mellitus Monitoring,Clinic,Dr. Elena Bautista,Check-up
2023-07-20,Adult,Male,ESR,Laboratory,"Rafael Torres, RMT",Laboratory
2023-07-20,Adult,Female,Hypertension Monitoring,Clinic,Dr. Victor Manuel,Check-up
2023-07-21,Adult,Female,Arm AP/L,Radiology,Dr. Henry Ong,Imaging
2023-07-21,Child,Male,Asthma Monitoring,Clinic,Dr. Victor Manuel,Check-up
2023-07-21,Senior,Male,Dengue Combo,Laboratory,"Carlo Navarro, RMT",Laboratory
2023-07-21,Adult,Female,Thoracic Spine AP/LAT,Radiology,Dr. Sofia Mercado,Imaging
2023-07-21,Child,Male,Upper Respiratory Infection,Clinic,Dr. Camille Tan,Check-up
2023-07-21,Adult,Male,Urinary Tract Infection,Clinic,Dr. Camille Tan,Check-up
2023-07-22,Adult,Female,Asthma Monitoring,Clinic,Dr. Victor Manuel,Check-up
2023-07-22,Senior,Female,Cervical APOL,Radiology,Dr. Andrea Sy,Imaging
2023-07-22,Adult,Female,Diabetes Mellitus Monitoring,Clinic,Dr. Victor Manuel,Check-up
2023-07-22,Adult,Male,Fever,Clinic,Dr. Paolo Rivera,Check-up
2023-07-22,Adult,Female,Fever,Clinic,Dr. Camille Tan,Check-up
2023-07-22,Adult,Female,Upper Respiratory Infection,Clinic,Dr. Paolo Rivera,Check-up
2023-07-23,Adult,Female,ASO Screening,Laboratory,"Mark Villanueva, RMT",Laboratory
2023-07-23,Senior,Male,FT3,Laboratory,"Joanna Lim, RMT",Laboratory
2023-07-23,Adult,Male,Fever,Clinic,Dr. Miguel Fernandez,Check-up
2023-07-23,Child,Female,HBsAg Titer,Laboratory,"Patricia Mendoza, RMT",Laboratory
2023-07-23,Adult,Female,Hypertension Monitoring,Clinic,Dr. Elena Bautista,Check-up
2023-07-23,Adult,Female,Preventive Health Check-up,Clinic,Dr. Miguel Fernandez,Check-up
2023-07-23,Child,Male,RBC Morphology (Urine),Laboratory,"Rafael Torres, RMT",Laboratory
2023-07-23,Adult,Female,Ultrasound,Radiology,Dr. Henry Ong,Imaging
2023-07-24,Adult,Male,Gastritis,Clinic,Dr. Victor Manuel,Check-up
2023-07-24,Child,Male,HBA1C (edta),Laboratory,"Mark Villanueva, RMT",Laboratory
2023-07-24,Adult,Female,Kidney,Radiology,Dr. Andrea Sy,Imaging
2023-07-24,Adult,Male,Typhil Dot,Laboratory,"Mark Villanueva, RMT",Laboratory
2023-07-25,Child,Male,Abdominal Pain,Clinic,Dr. Elena Bautista,Check-up
2023-07-25,Child,Male,"OGCT Non-Pregnant (100g, 75g)",Laboratory,"Joanna Lim, RMT",Laboratory
2023-07-26,Child,Male,Body Fluid Analysis (Package),Laboratory,"Angela Reyes, RMT",Laboratory
2023-07-26,Adult,Female,Chloride (C),Laboratory,"Rafael Torres, RMT",Laboratory
2023-07-26,Adult,Female,FT3 RIA,Laboratory,"Rafael Torres, RMT",Laboratory
2023-07-26,Adult,Female,RT-PCR 12HRS,Laboratory,"Patricia Mendoza, RMT",Laboratory
2023-07-27,Adult,Female,Dengue NS1,Laboratory,"Mark Villanueva, RMT",Laboratory
2023-07-27,Adult,Female,Ferritin,Laboratory,"Joanna Lim, RMT",Laboratory
2023-07-27,Adult,Male,Hypertension Monitoring,Clinic,Dr. Victor Manuel,Check-up
2023-07-27,Senior,Male,Hypertension Monitoring,Clinic,Dr. Victor Manuel,Check-up
2023-07-27,Adult,Male,Peripheral Blood Smear ( 7 Days),Laboratory,"Joanna Lim, RMT",Laboratory
2023-07-27,Adult,Male,Typhil Dot,Laboratory,"Mark Villanueva, RMT",Laboratory
2023-07-27,Adult,Female,Upper Respiratory Infection,Clinic,Dr. Paolo Rivera,Check-up
2023-07-28,Adult,Male,Antigen Swab Test,Laboratory,"Carlo Navarro, RMT",Laboratory
2023-07-28,Senior,Male,Diabetes Mellitus Monitoring,Clinic,Dr. Victor Manuel,Check-up
2023-07-28,Adult,Male,Headache,Clinic,Dr. Ana Lopez,Check-up
2023-07-28,Senior,Female,Hypertension Monitoring,Clinic,Dr. Elena Bautista,Check-up
2023-07-28,Adult,Male,Hypertension Monitoring,Clinic,Dr. Victor Manuel,Check-up
2023-07-28,Senior,Female,Hypertension Monitoring,Clinic,Dr. Victor Manuel,Check-up
2023-07-28,Adult,Male,Typhil Dot,Laboratory,"Mark Villanueva, RMT",Laboratory
2023-07-29,Adult,Female,Anti-HBe,Laboratory,"Angela Reyes, RMT",Laboratory
2023-07-29,Adult,Male,Asthma Monitoring,Clinic,Dr. Elena Bautista,Check-up
2023-07-29,Adult,Female,CRP Qualitative,Laboratory,"Carlo Navarro, RMT",Laboratory
2023-07-29,Senior,Female,Diabetes Mellitus Monitoring,Clinic,Dr. Elena Bautista,Check-up
2023-07-29,Adult,Female,Gastritis,Clinic,Dr. Elena Bautista,Check-up
2023-07-29,Senior,Female,Hypertension Monitoring,Clinic,Dr. Elena Bautista,Check-up
2023-07-29,Adult,Male,Pneumococcal Vaccine (5 Years & lifetime),Clinic,Dr. Camille Tan,Vaccination
2023-07-29,Child,Female,Routine Medical Consultation,Clinic,Dr. Ana Lopez,Check-up
2023-07-29,Adult,Female,"TPAG (Total Protein, Albumin, AG)",Laboratory,"Angela Reyes, RMT",Laboratory
2023-07-29,Adult,Female,Upper Respiratory Infection,Clinic,Dr. Paolo Rivera,Check-up
2023-07-30,Adult,Female,Dermatitis and Allergy,Clinic,Dr. Miguel Fernandez,Check-up
2023-07-30,Adult,Female,Inguino-Scrotal,Radiology,Dr. Henry Ong,Imaging
2023-07-30,Adult,Male,Upper Respiratory Infection,Clinic,Dr. Ana Lopez,Check-up
2023-07-30,Adult,Female,Upper Respiratory Infection,Clinic,Dr. Ana Lopez,Check-up
2023-07-31,Senior,Male,ApicoLordotic View,Radiology,Dr. Andrea Sy,Imaging
2023-07-31,Child,Female,Calcium (C),Laboratory,"Carlo Navarro, RMT",Laboratory
2023-07-31,Senior,Female,Chest PA,Radiology,Dr. Andrea Sy,Imaging
2023-07-31,Senior,Male,Hypertension Monitoring,Clinic,Dr. Victor Manuel,Check-up
2023-07-31,Adult,Male,Pregnancy Test (Urine),Laboratory,"Joanna Lim, RMT",Laboratory
2023-07-31,Adult,Female,Upper Respiratory Infection,Clinic,Dr. Camille Tan,Check-up
2023-07-31,Child,Female,Urinary Tract Infection,Clinic,Dr. Miguel Fernandez,Check-up
2023-08-01,Adult,Female,Arterial & Venous Duplex Lower Extremities Scan (by appointment),Radiology,Dr. Henry Ong,Imaging
2023-08-01,Senior,Male,CPK-MB,Laboratory,"Joanna Lim, RMT",Laboratory
2023-08-01,Senior,Male,Diabetes Mellitus Monitoring,Clinic,Dr. Victor Manuel,Check-up
2023-08-01,Adult,Male,Pregnancy Test (Urine),Laboratory,"Carlo Navarro, RMT",Laboratory
2023-08-01,Adult,Female,"TPAG (Total Protein, Albumin, AG)",Laboratory,"Rafael Torres, RMT",Laboratory
2023-08-02,Adult,Female,Cholesterol,Laboratory,"Joanna Lim, RMT",Laboratory
2023-08-02,Adult,Male,Drug Test (Urine),Laboratory,"Mark Villanueva, RMT",Laboratory
2023-08-02,Child,Male,Headache,Clinic,Dr. Camille Tan,Check-up
2023-08-02,Adult,Female,Hypertension Monitoring,Clinic,Dr. Victor Manuel,Check-up
2023-08-02,Senior,Male,Hypertension Monitoring,Clinic,Dr. Victor Manuel,Check-up
2023-08-02,Adult,Female,TPHA Screening,Laboratory,"Mark Villanueva, RMT",Laboratory
2023-08-02,Child,Male,Troponin T Qualitive,Laboratory,"Joanna Lim, RMT",Laboratory
2023-08-03,Adult,Female,Fever,Clinic,Dr. Camille Tan,Check-up
2023-08-03,Adult,Female,Fever,Clinic,Dr. Miguel Fernandez,Check-up
2023-08-03,Adult,Male,Gallbladder,Radiology,Dr. Andrea Sy,Imaging
2023-08-03,Adult,Male,Gastritis,Clinic,Dr. Elena Bautista,Check-up
2023-08-04,Child,Female,FBS,Laboratory,"Carlo Navarro, RMT",Laboratory
2023-08-04,Adult,Female,H. Pylori (Quali)-serum,Laboratory,"Mark Villanueva, RMT",Laboratory
2023-08-05,Adult,Female,2D Echo: Plain with Doppler (Adult),Cardiology,Dr. Ana Lopez,Cardiology
2023-08-05,Adult,Female,Abdominal Pain,Clinic,Dr. Elena Bautista,Check-up
2023-08-05,Adult,Female,D-DIMER Test,Laboratory,"Rafael Torres, RMT",Laboratory
2023-08-05,Senior,Female,ESR,Laboratory,"Carlo Navarro, RMT",Laboratory
2023-08-05,Adult,Female,Fever,Clinic,Dr. Miguel Fernandez,Check-up
2023-08-05,Adult,Male,Hypertension Monitoring,Clinic,Dr. Victor Manuel,Check-up
2023-08-05,Senior,Female,Hypertension Monitoring,Clinic,Dr. Elena Bautista,Check-up
2023-08-05,Senior,Male,OB-Congenital Scan,Radiology,Dr. Henry Ong,Imaging
2023-08-05,Adult,Male,Upper Respiratory Infection,Clinic,Dr. Camille Tan,Check-up
2023-08-06,Adult,Male,Asthma Monitoring,Clinic,Dr. Elena Bautista,Check-up
2023-08-06,Adult,Female,Fever,Clinic,Dr. Paolo Rivera,Check-up
2023-08-06,Adult,Male,Pancreas,Radiology,Dr. Sofia Mercado,Imaging
2023-08-06,Adult,Male,Prostate,Radiology,Dr. Henry Ong,Imaging
2023-08-07,Adult,Female,Fever,Clinic,Dr. Miguel Fernandez,Check-up
2023-08-07,Senior,Male,Hypertension Monitoring,Clinic,Dr. Victor Manuel,Check-up
2023-08-07,Senior,Female,Hypertension Monitoring,Clinic,Dr. Victor Manuel,Check-up
2023-08-07,Adult,Female,Hypertension Monitoring,Clinic,Dr. Elena Bautista,Check-up
2023-08-07,Adult,Male,Lipid Profile,Laboratory,"Mark Villanueva, RMT",Laboratory
2023-08-07,Senior,Male,Lipid Profile,Laboratory,"Joanna Lim, RMT",Laboratory
2023-08-07,Child,Female,Preventive Health Check-up,Clinic,Dr. Camille Tan,Check-up
2023-08-07,Senior,Female,Preventive Health Check-up,Clinic,Dr. Paolo Rivera,Check-up
2023-08-07,Senior,Female,Upper Respiratory Infection,Clinic,Dr. Miguel Fernandez,Check-up
2023-08-07,Adult,Male,Upper Respiratory Infection,Clinic,Dr. Camille Tan,Check-up
2023-08-08,Adult,Male,ECG,Home Service,"Patricia Mendoza, RMT",Home Service
2023-08-08,Senior,Female,Hypertension Monitoring,Clinic,Dr. Victor Manuel,Check-up
2023-08-08,Adult,Female,Immunology/Serology,Laboratory,"Rafael Torres, RMT",Laboratory
2023-08-09,Adult,Female,CBC,Laboratory,"Rafael Torres, RMT",Laboratory
2023-08-09,Child,Female,Fever,Clinic,Dr. Camille Tan,Check-up
2023-08-09,Senior,Female,Hypertension Monitoring,Clinic,Dr. Victor Manuel,Check-up
2023-08-09,Adult,Female,Upper Respiratory Infection,Clinic,Dr. Paolo Rivera,Check-up
2023-08-09,Adult,Male,Upper Respiratory Infection,Clinic,Dr. Miguel Fernandez,Check-up
2023-08-10,Adult,Male,CPK Total,Laboratory,"Angela Reyes, RMT",Laboratory
2023-08-10,Adult,Male,CRP,Laboratory,"Joanna Lim, RMT",Laboratory
2023-08-10,Adult,Female,Diabetes Mellitus Monitoring,Clinic,Dr. Elena Bautista,Check-up
2023-08-10,Adult,Female,Fever,Clinic,Dr. Paolo Rivera,Check-up
2023-08-10,Child,Female,Gastritis,Clinic,Dr. Elena Bautista,Check-up
2023-08-10,Adult,Male,Routine Medical Consultation,Clinic,Dr. Miguel Fernandez,Check-up
2023-08-10,Child,Male,Routine Medical Consultation,Clinic,Dr. Camille Tan,Check-up
2023-08-10,Adult,Female,Serum LDH,Laboratory,"Rafael Torres, RMT",Laboratory
2023-08-10,Senior,Male,Upper Respiratory Infection,Clinic,Dr. Camille Tan,Check-up
2023-08-10,Senior,Male,Urinary Tract Infection,Clinic,Dr. Paolo Rivera,Check-up
2023-08-11,Adult,Female,CBC,Laboratory,"Rafael Torres, RMT",Laboratory
2023-08-11,Adult,Female,Dermatitis and Allergy,Clinic,Dr. Ana Lopez,Check-up
2023-08-11,Adult,Male,Face to Face Doctor Consultation,Clinic,Dr. Ana Lopez,Check-up
2023-08-11,Child,Male,Fever,Clinic,Dr. Paolo Rivera,Check-up
2023-08-11,Senior,Female,Wrist AP/L,Radiology,Dr. Sofia Mercado,Imaging
2023-08-12,Adult,Male,FSH,Laboratory,"Rafael Torres, RMT",Laboratory
2023-08-12,Adult,Female,Gastritis,Clinic,Dr. Elena Bautista,Check-up
2023-08-12,Adult,Male,HIV (Screening),Laboratory,"Carlo Navarro, RMT",Laboratory
2023-08-12,Senior,Female,Hypertension Monitoring,Clinic,Dr. Elena Bautista,Check-up
2023-08-12,Adult,Female,LH,Laboratory,"Joanna Lim, RMT",Laboratory
2023-08-12,Adult,Male,Online Doctor Consultation,Clinic,Dr. Ana Lopez,Check-up
2023-08-12,Child,Female,Upper Respiratory Infection,Clinic,Dr. Paolo Rivera,Check-up
2023-08-12,Adult,Female,Urinary Tract Infection,Clinic,Dr. Ana Lopez,Check-up
2023-08-13,Adult,Female,Abdominal Pain,Clinic,Dr. Victor Manuel,Check-up
2023-08-13,Adult,Male,Amylase,Laboratory,"Patricia Mendoza, RMT",Laboratory
2023-08-13,Adult,Male,Asthma Monitoring,Clinic,Dr. Victor Manuel,Check-up
2023-08-13,Adult,Female,C3,Laboratory,"Joanna Lim, RMT",Laboratory
2023-08-13,Child,Female,CPK-MM,Laboratory,"Rafael Torres, RMT",Laboratory
2023-08-13,Adult,Male,Dermatitis and Allergy,Clinic,Dr. Miguel Fernandez,Check-up
2023-08-13,Adult,Male,Diabetes Mellitus Monitoring,Clinic,Dr. Victor Manuel,Check-up
2023-08-13,Child,Male,Gastritis,Clinic,Dr. Victor Manuel,Check-up
2023-08-13,Adult,Female,"Iron Studies (TI, TIBC, Ferritin)",Laboratory,"Carlo Navarro, RMT",Laboratory
2023-08-13,Adult,Male,PRO-BNP/NT Pro-BNP(each),Laboratory,"Carlo Navarro, RMT",Laboratory
2023-08-13,Adult,Female,TSH,Laboratory,"Angela Reyes, RMT",Laboratory
2023-08-13,Adult,Male,Upper Respiratory Infection,Clinic,Dr. Ana Lopez,Check-up
2023-08-13,Adult,Male,Upper Respiratory Infection,Clinic,Dr. Camille Tan,Check-up
2023-08-14,Adult,Male,Asthma Monitoring,Clinic,Dr. Elena Bautista,Check-up
2023-08-14,Adult,Female,"Bilirubin (B1, B2)",Laboratory,"Carlo Navarro, RMT",Laboratory
2023-08-14,Adult,Female,HBeAg,Laboratory,"Angela Reyes, RMT",Laboratory
2023-08-14,Adult,Female,Headache,Clinic,Dr. Miguel Fernandez,Check-up
2023-08-14,Adult,Male,Potassium (K),Laboratory,"Angela Reyes, RMT",Laboratory
2023-08-14,Adult,Female,Preventive Health Check-up,Clinic,Dr. Ana Lopez,Check-up
2023-08-14,Child,Female,Routine Medical Consultation,Clinic,Dr. Camille Tan,Check-up
2023-08-14,Adult,Male,Upper Respiratory Infection,Clinic,Dr. Paolo Rivera,Check-up
2023-08-15,Adult,Female,Arterial Duplex Scan (Bilateral),Radiology,Dr. Henry Ong,Imaging
2023-08-15,Adult,Male,CPK-MB,Laboratory,"Patricia Mendoza, RMT",Laboratory
2023-08-15,Senior,Male,Diabetes Mellitus Monitoring,Clinic,Dr. Victor Manuel,Check-up
2023-08-15,Adult,Female,Fever,Clinic,Dr. Paolo Rivera,Check-up
2023-08-16,Adult,Male,Bleeding Time,Laboratory,"Mark Villanueva, RMT",Laboratory
2023-08-16,Senior,Female,Diabetes Mellitus Monitoring,Clinic,Dr. Elena Bautista,Check-up
2023-08-16,Senior,Female,Hypertension Monitoring,Clinic,Dr. Victor Manuel,Check-up
2023-08-17,Adult,Male,Blood Cs (1 site),Laboratory,"Angela Reyes, RMT",Laboratory
2023-08-17,Adult,Male,Fever,Clinic,Dr. Camille Tan,Check-up
2023-08-17,Adult,Male,Fit Stool Test,Laboratory,"Mark Villanueva, RMT",Laboratory
2023-08-17,Adult,Female,Glucose,Laboratory,"Joanna Lim, RMT",Laboratory
2023-08-17,Adult,Female,Online Doctor Consultation,Clinic,Dr. Paolo Rivera,Check-up
2023-08-17,Adult,Male,Peripheral Blood Smear ( 7 Days),Laboratory,"Rafael Torres, RMT",Laboratory
2023-08-17,Adult,Male,Upper Respiratory Infection,Clinic,Dr. Miguel Fernandez,Check-up
2023-08-17,Adult,Male,Upper Respiratory Infection,Clinic,Dr. Paolo Rivera,Check-up
2023-08-18,Adult,Male,Diabetes Mellitus Monitoring,Clinic,Dr. Victor Manuel,Check-up
2023-08-18,Adult,Female,FTA-ABS,Laboratory,"Joanna Lim, RMT",Laboratory
2023-08-18,Adult,Female,Fever,Clinic,Dr. Miguel Fernandez,Check-up
2023-08-18,Adult,Female,Headache,Clinic,Dr. Paolo Rivera,Check-up
2023-08-19,Adult,Female,Arterial Duplex Scan (Unilateral),Radiology,Dr. Sofia Mercado,Imaging
2023-08-19,Adult,Male,Asthma Monitoring,Clinic,Dr. Victor Manuel,Check-up
2023-08-19,Adult,Male,Clotting Time,Laboratory,"Rafael Torres, RMT",Laboratory
2023-08-19,Senior,Male,Hypertension Monitoring,Clinic,Dr. Elena Bautista,Check-up
2023-08-19,Adult,Male,Urinary Tract Infection,Clinic,Dr. Paolo Rivera,Check-up
2023-08-20,Adult,Male,Abdominal Pain,Clinic,Dr. Victor Manuel,Check-up
2023-08-20,Adult,Female,Arterial & Venous Duplex Scan,Radiology,Dr. Sofia Mercado,Imaging
2023-08-20,Child,Female,Blood Cs with ARD (1 site),Laboratory,"Angela Reyes, RMT",Laboratory
2023-08-20,Senior,Male,Diabetes Mellitus Monitoring,Clinic,Dr. Victor Manuel,Check-up
2023-08-20,Adult,Female,FT3,Laboratory,"Mark Villanueva, RMT",Laboratory
2023-08-20,Adult,Male,Upper Respiratory Infection,Clinic,Dr. Camille Tan,Check-up
2023-08-20,Adult,Female,Urinary Tract Infection,Clinic,Dr. Paolo Rivera,Check-up
2023-08-21,Adult,Female,Diabetes Mellitus Monitoring,Clinic,Dr. Victor Manuel,Check-up
2023-08-21,Adult,Male,Sodium (Na),Laboratory,"Joanna Lim, RMT",Laboratory
2023-08-21,Adult,Female,Upper Respiratory Infection,Clinic,Dr. Miguel Fernandez,Check-up
2023-08-21,Adult,Female,Upper Respiratory Infection,Clinic,Dr. Camille Tan,Check-up
2023-08-21,Adult,Male,Urinary Bladder,Radiology,Dr. Andrea Sy,Imaging
2023-08-22,Adult,Male,Abdominal Pain,Clinic,Dr. Victor Manuel,Check-up
2023-08-22,Adult,Female,Fever,Clinic,Dr. Miguel Fernandez,Check-up
2023-08-22,Child,Female,Fever,Clinic,Dr. Miguel Fernandez,Check-up
2023-08-22,Child,Male,Fever,Clinic,Dr. Ana Lopez,Check-up
2023-08-22,Child,Female,Protein,Laboratory,"Joanna Lim, RMT",Laboratory
2023-08-22,Adult,Male,Thoraco Lumbar,Radiology,Dr. Sofia Mercado,Imaging
2023-08-22,Child,Female,Upper Respiratory Infection,Clinic,Dr. Ana Lopez,Check-up
2023-08-23,Adult,Male,ASO Titer,Laboratory,"Angela Reyes, RMT",Laboratory
2023-08-23,Child,Female,Asthma Monitoring,Clinic,Dr. Victor Manuel,Check-up
2023-08-23,Adult,Male,Cortisol,Laboratory,"Joanna Lim, RMT",Laboratory
2023-08-23,Adult,Female,Dengue Combo,Laboratory,"Rafael Torres, RMT",Laboratory
2023-08-23,Adult,Female,HCV Screening,Laboratory,"Angela Reyes, RMT",Laboratory
2023-08-23,Child,Female,Potassium (K),Laboratory,"Joanna Lim, RMT",Laboratory
2023-08-23,Adult,Female,Reticulocyte Count,Laboratory,"Mark Villanueva, RMT",Laboratory
2023-08-23,Child,Female,Upper Respiratory Infection,Clinic,Dr. Miguel Fernandez,Check-up
2023-08-23,Senior,Male,Upper Respiratory Infection,Clinic,Dr. Ana Lopez,Check-up
2023-08-24,Adult,Male,Anti-Tetanus,Clinic,Dr. Ana Lopez,Vaccination
2023-08-24,Senior,Male,Dengue Duo IgM/IgG,Laboratory,"Rafael Torres, RMT",Laboratory
2023-08-24,Adult,Female,Glucose,Laboratory,"Carlo Navarro, RMT",Laboratory
2023-08-24,Adult,Female,Headache,Clinic,Dr. Camille Tan,Check-up
2023-08-24,Adult,Male,TPPA Quantitative,Laboratory,"Rafael Torres, RMT",Laboratory
2023-08-24,Adult,Female,Upper Respiratory Infection,Clinic,Dr. Ana Lopez,Check-up
2023-08-25,Adult,Female,Abdominal Pain,Clinic,Dr. Elena Bautista,Check-up
2023-08-25,Adult,Male,Headache,Clinic,Dr. Camille Tan,Check-up
2023-08-25,Adult,Male,Urinary Tract Infection,Clinic,Dr. Ana Lopez,Check-up
2023-08-26,Adult,Male,Albumin (Protein) Creatinine Ratio,Laboratory,"Carlo Navarro, RMT",Laboratory
2023-08-26,Adult,Female,Diabetes Mellitus Monitoring,Clinic,Dr. Victor Manuel,Check-up
2023-08-26,Senior,Female,Gastritis,Clinic,Dr. Elena Bautista,Check-up
2023-08-26,Child,Female,Hepa A profile,Laboratory,"Joanna Lim, RMT",Laboratory
2023-08-26,Adult,Female,Protein,Laboratory,"Rafael Torres, RMT",Laboratory
2023-08-26,Adult,Female,Upper Respiratory Infection,Clinic,Dr. Miguel Fernandez,Check-up
2023-08-26,Child,Female,Upper Respiratory Infection,Clinic,Dr. Ana Lopez,Check-up
2023-08-26,Senior,Male,Wrist AP/L,Radiology,Dr. Andrea Sy,Imaging
2023-08-27,Child,Female,Anti-HAV IgM,Laboratory,"Carlo Navarro, RMT",Laboratory
2023-08-27,Adult,Female,Gastritis,Clinic,Dr. Elena Bautista,Check-up
2023-08-27,Adult,Female,Gastritis,Clinic,Dr. Victor Manuel,Check-up
2023-08-27,Adult,Female,Hepa A profile,Laboratory,"Mark Villanueva, RMT",Laboratory
2023-08-27,Adult,Male,LH,Laboratory,"Rafael Torres, RMT",Laboratory
2023-08-27,Senior,Female,Lumbosacral Spine AP/LAT,Radiology,Dr. Sofia Mercado,Imaging
2023-08-27,Adult,Female,Magnesium,Laboratory,"Mark Villanueva, RMT",Laboratory
2023-08-27,Child,Female,Total Protein,Laboratory,"Joanna Lim, RMT",Laboratory
2023-08-27,Adult,Male,Urinary Tract Infection,Clinic,Dr. Ana Lopez,Check-up
2023-08-28,Adult,Male,Anti-HBc IgG,Laboratory,"Mark Villanueva, RMT",Laboratory
2023-08-28,Adult,Male,Clinical Microscopy,Laboratory,"Mark Villanueva, RMT",Laboratory
2023-08-28,Adult,Male,HBsAg Titer,Laboratory,"Joanna Lim, RMT",Laboratory
2023-08-28,Adult,Male,Headache,Clinic,Dr. Miguel Fernandez,Check-up
2023-08-28,Adult,Male,Preventive Health Check-up,Clinic,Dr. Paolo Rivera,Check-up
2023-08-28,Adult,Female,Ultrasound,Radiology,Dr. Sofia Mercado,Imaging
2023-08-28,Child,Female,Upper Respiratory Infection,Clinic,Dr. Camille Tan,Check-up
2023-08-28,Adult,Female,Upper Respiratory Infection,Clinic,Dr. Paolo Rivera,Check-up
2023-08-29,Adult,Female,Asthma Monitoring,Clinic,Dr. Elena Bautista,Check-up
2023-08-29,Senior,Female,EGFR,Laboratory,"Patricia Mendoza, RMT",Laboratory
2023-08-29,Child,Male,HSCRP,Laboratory,"Rafael Torres, RMT",Laboratory
2023-08-29,Adult,Female,Magnesium,Laboratory,"Patricia Mendoza, RMT",Laboratory
2023-08-29,Adult,Female,Preventive Health Check-up,Clinic,Dr. Miguel Fernandez,Check-up
2023-08-29,Adult,Male,RT-PCR 4-6HRS,Laboratory,"Angela Reyes, RMT",Laboratory
2023-08-29,Adult,Male,TT4 (Toal Thyroxine),Laboratory,"Patricia Mendoza, RMT",Laboratory
2023-08-30,Senior,Male,Diabetes Mellitus Monitoring,Clinic,Dr. Victor Manuel,Check-up
2023-08-30,Adult,Male,Fever,Clinic,Dr. Miguel Fernandez,Check-up
2023-08-30,Senior,Female,Fever,Clinic,Dr. Ana Lopez,Check-up
2023-08-30,Adult,Male,Hepa A&B profile,Laboratory,"Angela Reyes, RMT",Laboratory
2023-08-30,Child,Female,Preventive Health Check-up,Clinic,Dr. Paolo Rivera,Check-up
2023-08-30,Adult,Male,Rubella IgG,Laboratory,"Angela Reyes, RMT",Laboratory
2023-08-31,Adult,Female,Actual Platelet Count,Laboratory,"Joanna Lim, RMT",Laboratory
2023-08-31,Child,Female,Asthma Monitoring,Clinic,Dr. Victor Manuel,Check-up
2023-08-31,Adult,Male,Calcium (C),Laboratory,"Mark Villanueva, RMT",Laboratory
2023-08-31,Senior,Male,FT3 RIA,Laboratory,"Angela Reyes, RMT",Laboratory
2023-08-31,Adult,Male,Hypertension Monitoring,Clinic,Dr. Victor Manuel,Check-up
2023-08-31,Adult,Female,PRO-BNP/NT Pro-BNP(each),Laboratory,"Carlo Navarro, RMT",Laboratory
2023-08-31,Adult,Male,Pregnancy Test (Serum),Laboratory,"Patricia Mendoza, RMT",Laboratory
2023-08-31,Adult,Female,Upper Respiratory Infection,Clinic,Dr. Paolo Rivera,Check-up
2023-09-01,Senior,Male,Anti-HAV Screening,Laboratory,"Patricia Mendoza, RMT",Laboratory
2023-09-01,Adult,Female,EGFR,Laboratory,"Mark Villanueva, RMT",Laboratory
2023-09-01,Adult,Female,Headache,Clinic,Dr. Ana Lopez,Check-up
2023-09-01,Adult,Female,Routine Medical Consultation,Clinic,Dr. Paolo Rivera,Check-up
2023-09-02,Child,Male,Asthma Monitoring,Clinic,Dr. Victor Manuel,Check-up
2023-09-02,Adult,Male,"TPAG (Total Protein, Albumin, AG)",Laboratory,"Patricia Mendoza, RMT",Laboratory
2023-09-02,Adult,Female,Troponin I Qualitive,Laboratory,"Rafael Torres, RMT",Laboratory
2023-09-02,Adult,Female,Urine C/S,Laboratory,"Rafael Torres, RMT",Laboratory
2023-09-03,Adult,Male,Hypertension Monitoring,Clinic,Dr. Elena Bautista,Check-up
2023-09-03,Senior,Female,Hypertension Monitoring,Clinic,Dr. Victor Manuel,Check-up
2023-09-03,Senior,Male,TPHA Titer,Laboratory,"Carlo Navarro, RMT",Laboratory
2023-09-04,Adult,Female,Abdominal Pain,Clinic,Dr. Victor Manuel,Check-up
2023-09-04,Adult,Female,Dermatitis and Allergy,Clinic,Dr. Miguel Fernandez,Check-up
2023-09-04,Adult,Female,Estradiol/Estrogen,Laboratory,"Carlo Navarro, RMT",Laboratory
2023-09-04,Adult,Male,Gallbladder & Pancreas,Radiology,Dr. Sofia Mercado,Imaging
2023-09-04,Child,Male,Headache,Clinic,Dr. Camille Tan,Check-up
2023-09-04,Adult,Male,Preventive Health Check-up,Clinic,Dr. Miguel Fernandez,Check-up
2023-09-05,Adult,Female,2D Echo w/ Doppler,Cardiology,Dr. Ana Lopez,Cardiology
2023-09-05,Child,Female,Asthma Monitoring,Clinic,Dr. Elena Bautista,Check-up
2023-09-05,Adult,Female,Gastritis,Clinic,Dr. Victor Manuel,Check-up
2023-09-05,Adult,Male,Headache,Clinic,Dr. Camille Tan,Check-up
2023-09-05,Adult,Female,Hemodialysis Kinetics (pre & post BUN),Laboratory,"Rafael Torres, RMT",Laboratory
2023-09-06,Adult,Male,Abdominal Pain,Clinic,Dr. Victor Manuel,Check-up
2023-09-06,Adult,Male,Albumin (Protein) Creatinine Ratio,Laboratory,"Rafael Torres, RMT",Laboratory
2023-09-06,Adult,Female,Cervical AP/ LAT,Radiology,Dr. Andrea Sy,Imaging
2023-09-06,Adult,Female,Gastritis,Clinic,Dr. Elena Bautista,Check-up
2023-09-06,Adult,Male,HBsAg Titer,Laboratory,"Rafael Torres, RMT",Laboratory
2023-09-06,Adult,Male,Hypertension Monitoring,Clinic,Dr. Elena Bautista,Check-up
2023-09-06,Adult,Female,Magnesium,Laboratory,"Carlo Navarro, RMT",Laboratory
2023-09-06,Adult,Male,Routine Medical Consultation,Clinic,Dr. Camille Tan,Check-up
2023-09-06,Adult,Male,Sperm Analysis WHO,Laboratory,"Carlo Navarro, RMT",Laboratory
2023-09-06,Adult,Male,Urinary Tract Infection,Clinic,Dr. Paolo Rivera,Check-up
2023-09-07,Senior,Male,Antigen Swab Test,Laboratory,"Carlo Navarro, RMT",Laboratory
2023-09-07,Child,Female,C3,Laboratory,"Carlo Navarro, RMT",Laboratory
2023-09-07,Adult,Male,Hypertension Monitoring,Clinic,Dr. Victor Manuel,Check-up
2023-09-07,Adult,Female,Protein,Laboratory,"Angela Reyes, RMT",Laboratory
2023-09-08,Child,Female,Asthma Monitoring,Clinic,Dr. Elena Bautista,Check-up
2023-09-08,Child,Male,Asthma Monitoring,Clinic,Dr. Elena Bautista,Check-up
2023-09-08,Senior,Male,Diabetes Mellitus Monitoring,Clinic,Dr. Elena Bautista,Check-up
2023-09-08,Adult,Female,Face to Face Doctor Consultation,Clinic,Dr. Miguel Fernandez,Check-up
2023-09-08,Adult,Female,Hepa A profile,Laboratory,"Carlo Navarro, RMT",Laboratory
2023-09-08,Adult,Male,Hepa C profile,Laboratory,"Rafael Torres, RMT",Laboratory
2023-09-08,Senior,Female,Hypertension Monitoring,Clinic,Dr. Victor Manuel,Check-up
2023-09-08,Adult,Male,Magnesium,Laboratory,"Mark Villanueva, RMT",Laboratory
2023-09-09,Adult,Female,Albumin (Protein) Creatinine Ratio,Laboratory,"Angela Reyes, RMT",Laboratory
2023-09-09,Adult,Female,Bleeding Time,Laboratory,"Carlo Navarro, RMT",Laboratory
2023-09-09,Adult,Male,Diabetes Mellitus Monitoring,Clinic,Dr. Elena Bautista,Check-up
2023-09-09,Child,Female,Gastritis,Clinic,Dr. Elena Bautista,Check-up
2023-09-09,Adult,Female,Hepa C profile,Laboratory,"Patricia Mendoza, RMT",Laboratory
2023-09-09,Adult,Male,Hypertension Monitoring,Clinic,Dr. Victor Manuel,Check-up
2023-09-09,Child,Female,Laboratory Testing,Home Service,"Joanna Lim, RMT",Home Service
2023-09-10,Adult,Male,Diabetes Mellitus Monitoring,Clinic,Dr. Victor Manuel,Check-up
2023-09-10,Adult,Female,Diabetes Mellitus Monitoring,Clinic,Dr. Elena Bautista,Check-up
2023-09-10,Adult,Female,Fever,Clinic,Dr. Miguel Fernandez,Check-up
2023-09-10,Adult,Female,Glucose,Laboratory,"Mark Villanueva, RMT",Laboratory
2023-09-10,Adult,Male,Headache,Clinic,Dr. Ana Lopez,Check-up
2023-09-10,Adult,Male,Rib Cage,Radiology,Dr. Sofia Mercado,Imaging
2023-09-10,Adult,Female,Upper Respiratory Infection,Clinic,Dr. Paolo Rivera,Check-up
2023-09-10,Senior,Female,Upper Respiratory Infection,Clinic,Dr. Paolo Rivera,Check-up
2023-09-10,Adult,Female,Upper Respiratory Infection,Clinic,Dr. Camille Tan,Check-up
2023-09-11,Adult,Female,Asthma Monitoring,Clinic,Dr. Victor Manuel,Check-up
2023-09-11,Adult,Male,Dermatitis and Allergy,Clinic,Dr. Camille Tan,Check-up
2023-09-11,Adult,Female,Dermatitis and Allergy,Clinic,Dr. Ana Lopez,Check-up
2023-09-11,Adult,Female,Hypertension Monitoring,Clinic,Dr. Elena Bautista,Check-up
2023-09-11,Adult,Male,Lipase,Laboratory,"Angela Reyes, RMT",Laboratory
2023-09-11,Adult,Male,Pregnancy Test (Urine),Laboratory,"Mark Villanueva, RMT",Laboratory
2023-09-11,Child,Male,Testosterone,Laboratory,"Joanna Lim, RMT",Laboratory
2023-09-11,Child,Female,Upper Respiratory Infection,Clinic,Dr. Miguel Fernandez,Check-up
2023-09-11,Adult,Male,Urinalysis & Fecalysis,Annual Physical Examination,Dr. Paolo Rivera,Annual Physical Examination
2023-09-12,Child,Male,Asthma Monitoring,Clinic,Dr. Victor Manuel,Check-up
2023-09-12,Adult,Male,Asthma Monitoring,Clinic,Dr. Elena Bautista,Check-up
2023-09-12,Senior,Male,Diabetes Mellitus Monitoring,Clinic,Dr. Elena Bautista,Check-up
2023-09-12,Senior,Female,Pancreas & Spleen,Radiology,Dr. Henry Ong,Imaging
2023-09-12,Adult,Male,Preventive Health Check-up,Clinic,Dr. Paolo Rivera,Check-up
2023-09-12,Senior,Female,Preventive Health Check-up,Clinic,Dr. Paolo Rivera,Check-up
2023-09-13,Adult,Male,ANA Screening,Laboratory,"Rafael Torres, RMT",Laboratory
2023-09-13,Senior,Male,Antigen Swab Test,Laboratory,"Rafael Torres, RMT",Laboratory
2023-09-13,Adult,Male,Asthma Monitoring,Clinic,Dr. Victor Manuel,Check-up
2023-09-13,Adult,Female,Chloride (CI),Laboratory,"Joanna Lim, RMT",Laboratory
2023-09-13,Adult,Male,Chloride (CI),Laboratory,"Joanna Lim, RMT",Laboratory
2023-09-13,Adult,Female,Diabetes Mellitus Monitoring,Clinic,Dr. Victor Manuel,Check-up
2023-09-13,Adult,Male,FT3,Laboratory,"Patricia Mendoza, RMT",Laboratory
2023-09-13,Adult,Female,Fever,Clinic,Dr. Paolo Rivera,Check-up
2023-09-13,Senior,Male,Routine Medical Consultation,Clinic,Dr. Ana Lopez,Check-up
2023-09-13,Senior,Male,Thoraco Lumbar,Radiology,Dr. Sofia Mercado,Imaging
2023-09-13,Adult,Male,Upper Respiratory Infection,Clinic,Dr. Miguel Fernandez,Check-up
2023-09-14,Senior,Male,ASO Titer,Laboratory,"Angela Reyes, RMT",Laboratory
2023-09-14,Adult,Female,Asthma Monitoring,Clinic,Dr. Victor Manuel,Check-up
2023-09-14,Senior,Male,"Bilirubin (B1, B2)",Laboratory,"Joanna Lim, RMT",Laboratory
2023-09-14,Senior,Male,FT3,Laboratory,"Rafael Torres, RMT",Laboratory
2023-09-14,Child,Female,HCV-RNA,Laboratory,"Carlo Navarro, RMT",Laboratory
2023-09-14,Senior,Male,Hypertension Monitoring,Clinic,Dr. Elena Bautista,Check-up
2023-09-14,Adult,Male,Pregnancy Test (Serum),Laboratory,"Carlo Navarro, RMT",Laboratory
2023-09-14,Adult,Female,Prothrombin Time,Laboratory,"Rafael Torres, RMT",Laboratory
2023-09-14,Adult,Male,RT-PCR 4-6HRS,Laboratory,"Angela Reyes, RMT",Laboratory
2023-09-14,Adult,Female,Upper Respiratory Infection,Clinic,Dr. Ana Lopez,Check-up
2023-09-15,Senior,Female,Diabetes Mellitus Monitoring,Clinic,Dr. Elena Bautista,Check-up
2023-09-15,Child,Male,Fever,Clinic,Dr. Miguel Fernandez,Check-up
2023-09-15,Child,Male,Headache,Clinic,Dr. Paolo Rivera,Check-up
2023-09-16,Adult,Male,ASO Titer,Laboratory,"Angela Reyes, RMT",Laboratory
2023-09-16,Senior,Female,Ankle Brachial Index (ABI),Radiology,Dr. Sofia Mercado,Imaging
2023-09-16,Adult,Female,Arterial Duplex Scan (Unilateral),Radiology,Dr. Andrea Sy,Imaging
2023-09-16,Adult,Female,Coombs Test,Laboratory,"Angela Reyes, RMT",Laboratory
2023-09-16,Adult,Male,Online Doctor Consultation,Clinic,Dr. Ana Lopez,Check-up
2023-09-16,Adult,Male,TPHA Screening,Laboratory,"Patricia Mendoza, RMT",Laboratory
2023-09-17,Senior,Female,2 Hours Post Prandial,Laboratory,"Carlo Navarro, RMT",Laboratory
2023-09-17,Adult,Male,Asthma Monitoring,Clinic,Dr. Elena Bautista,Check-up
2023-09-17,Senior,Male,Diabetes Mellitus Monitoring,Clinic,Dr. Victor Manuel,Check-up
2023-09-17,Adult,Female,Gastritis,Clinic,Dr. Victor Manuel,Check-up
2023-09-17,Adult,Male,H. Pylori Igm (Quali)-serum,Laboratory,"Mark Villanueva, RMT",Laboratory
2023-09-17,Adult,Male,Preventive Health Check-up,Clinic,Dr. Miguel Fernandez,Check-up
2023-09-17,Child,Female,RA/RF Latex (Rheumatoid Factor),Laboratory,"Rafael Torres, RMT",Laboratory
2023-09-17,Adult,Male,Testosterone,Laboratory,"Mark Villanueva, RMT",Laboratory
2023-09-17,Adult,Male,Upper Respiratory Infection,Clinic,Dr. Camille Tan,Check-up
2023-09-17,Senior,Female,Upper Respiratory Infection,Clinic,Dr. Camille Tan,Check-up
2023-09-18,Adult,Male,Blood Cs (2 site),Laboratory,"Mark Villanueva, RMT",Laboratory
2023-09-18,Adult,Female,Chloride (CI),Laboratory,"Rafael Torres, RMT",Laboratory
2023-09-18,Adult,Male,Chloride (CI),Laboratory,"Rafael Torres, RMT",Laboratory
2023-09-18,Adult,Female,Headache,Clinic,Dr. Camille Tan,Check-up
2023-09-18,Senior,Male,Skull AP/LAT,Radiology,Dr. Henry Ong,Imaging
2023-09-19,Adult,Male,Anti-HAV IgM,Laboratory,"Angela Reyes, RMT",Laboratory
2023-09-19,Child,Female,Bleeding Time,Laboratory,"Patricia Mendoza, RMT",Laboratory
2023-09-19,Adult,Male,Headache,Clinic,Dr. Paolo Rivera,Check-up
2023-09-19,Adult,Female,Hypertension Monitoring,Clinic,Dr. Victor Manuel,Check-up
2023-09-19,Adult,Male,Liver & Gallbladder,Radiology,Dr. Henry Ong,Imaging
2023-09-19,Adult,Female,Physical Exam,Annual Physical Examination,Dr. Ana Lopez,Annual Physical Examination
2023-09-20,Adult,Female,Dermatitis and Allergy,Clinic,Dr. Ana Lopez,Check-up
2023-09-20,Adult,Female,Preventive Health Check-up,Clinic,Dr. Paolo Rivera,Check-up
2023-09-20,Adult,Male,Urinary Tract Infection,Clinic,Dr. Ana Lopez,Check-up
2023-09-20,Senior,Female,VDRL/Syphilis Screening,Laboratory,"Rafael Torres, RMT",Laboratory
2023-09-21,Child,Male,Blood Cs (1 site),Laboratory,"Patricia Mendoza, RMT",Laboratory
2023-09-21,Adult,Male,CBC w/ Actual Platelet Count,Laboratory,"Carlo Navarro, RMT",Laboratory
2023-09-21,Senior,Male,Dengue Combo,Laboratory,"Carlo Navarro, RMT",Laboratory
2023-09-21,Adult,Female,Diabetes Mellitus Monitoring,Clinic,Dr. Victor Manuel,Check-up
2023-09-21,Child,Male,H. Pylori Igm (Quali)-serum,Laboratory,"Rafael Torres, RMT",Laboratory
2023-09-21,Adult,Male,Headache,Clinic,Dr. Paolo Rivera,Check-up
2023-09-21,Adult,Female,Routine Medical Consultation,Clinic,Dr. Camille Tan,Check-up
2023-09-21,Child,Female,Total Protein,Laboratory,"Carlo Navarro, RMT",Laboratory
2023-09-21,Child,Female,Upper Respiratory Infection,Clinic,Dr. Ana Lopez,Check-up
2023-09-22,Adult,Female,APTT,Laboratory,"Joanna Lim, RMT",Laboratory
2023-09-22,Senior,Female,Diabetes Mellitus Monitoring,Clinic,Dr. Elena Bautista,Check-up
2023-09-22,Senior,Male,Diabetes Mellitus Monitoring,Clinic,Dr. Victor Manuel,Check-up
2023-09-22,Adult,Male,Upper Respiratory Infection,Clinic,Dr. Miguel Fernandez,Check-up
2023-09-22,Child,Male,Upper Respiratory Infection,Clinic,Dr. Paolo Rivera,Check-up
2023-09-23,Adult,Female,Bloodtype and RH Typing,Laboratory,"Angela Reyes, RMT",Laboratory
2023-09-23,Child,Female,Dengue Duo IgM/IgG,Laboratory,"Angela Reyes, RMT",Laboratory
2023-09-23,Adult,Male,HDL,Laboratory,"Patricia Mendoza, RMT",Laboratory
2023-09-23,Adult,Female,Hypertension Monitoring,Clinic,Dr. Victor Manuel,Check-up
2023-09-23,Senior,Female,Thyroid,Radiology,Dr. Sofia Mercado,Imaging
2023-09-23,Adult,Female,Upper Respiratory Infection,Clinic,Dr. Ana Lopez,Check-up
2023-09-23,Adult,Male,Urinary Tract Infection,Clinic,Dr. Camille Tan,Check-up
2023-09-24,Adult,Male,Antigen Swab Test,Laboratory,"Rafael Torres, RMT",Laboratory
2023-09-24,Adult,Female,Asthma Monitoring,Clinic,Dr. Elena Bautista,Check-up
2023-09-24,Senior,Male,Hypertension Monitoring,Clinic,Dr. Victor Manuel,Check-up
2023-09-24,Adult,Male,Spleen,Radiology,Dr. Sofia Mercado,Imaging
2023-09-24,Child,Female,Triglyceride,Laboratory,"Mark Villanueva, RMT",Laboratory
2023-09-24,Adult,Female,Typhil Dot,Laboratory,"Mark Villanueva, RMT",Laboratory
2023-09-24,Adult,Male,Urinalysis & Fecalysis,Annual Physical Examination,Dr. Paolo Rivera,Annual Physical Examination
2023-09-25,Adult,Female,Blood Cs (2 site),Laboratory,"Patricia Mendoza, RMT",Laboratory
2023-09-25,Senior,Female,Glucose,Laboratory,"Mark Villanueva, RMT",Laboratory
2023-09-25,Child,Female,Hepa A profile,Laboratory,"Rafael Torres, RMT",Laboratory
2023-09-25,Adult,Male,Hypertension Monitoring,Clinic,Dr. Elena Bautista,Check-up
2023-09-25,Senior,Female,OB-Congenital Scan,Radiology,Dr. Sofia Mercado,Imaging
2023-09-25,Adult,Male,Upper Respiratory Infection,Clinic,Dr. Paolo Rivera,Check-up
2023-09-25,Adult,Female,Urinary Tract Infection,Clinic,Dr. Camille Tan,Check-up
2023-09-25,Adult,Male,X-Ray,Annual Physical Examination,Dr. Camille Tan,Annual Physical Examination
2023-09-26,Senior,Female,Diabetes Mellitus Monitoring,Clinic,Dr. Elena Bautista,Check-up
2023-09-26,Child,Male,Routine Medical Consultation,Clinic,Dr. Paolo Rivera,Check-up
2023-09-26,Adult,Female,Upper Respiratory Infection,Clinic,Dr. Camille Tan,Check-up
2023-09-27,Adult,Male,Cortisol,Laboratory,"Joanna Lim, RMT",Laboratory
2023-09-27,Senior,Female,Fever,Clinic,Dr. Paolo Rivera,Check-up
2023-09-27,Senior,Female,H. Pylori Igm (Quali)-serum,Laboratory,"Rafael Torres, RMT",Laboratory
2023-09-27,Senior,Female,Routine Medical Consultation,Clinic,Dr. Miguel Fernandez,Check-up
2023-09-27,Adult,Male,Upper Respiratory Infection,Clinic,Dr. Camille Tan,Check-up
2023-09-28,Senior,Male,Clavicle AP,Radiology,Dr. Henry Ong,Imaging
2023-09-28,Senior,Male,Coombs Test,Laboratory,"Joanna Lim, RMT",Laboratory
2023-09-28,Senior,Male,Dermatitis and Allergy,Clinic,Dr. Miguel Fernandez,Check-up
2023-09-28,Adult,Male,Diabetes Mellitus Monitoring,Clinic,Dr. Victor Manuel,Check-up
2023-09-28,Adult,Male,Fecalysis,Laboratory,"Rafael Torres, RMT",Laboratory
2023-09-28,Adult,Female,Gastritis,Clinic,Dr. Elena Bautista,Check-up
2023-09-28,Adult,Male,Hypertension Monitoring,Clinic,Dr. Victor Manuel,Check-up
2023-09-28,Adult,Female,Magnesium,Laboratory,"Angela Reyes, RMT",Laboratory
2023-09-28,Adult,Male,OGCT,Laboratory,"Angela Reyes, RMT",Laboratory
2023-09-28,Senior,Female,T4,Laboratory,"Mark Villanueva, RMT",Laboratory
2023-09-28,Adult,Male,Upper Respiratory Infection,Clinic,Dr. Ana Lopez,Check-up
2023-09-29,Adult,Male,2D Echo Cardiogram,Cardiology,Dr. Camille Tan,Cardiology
2023-09-29,Adult,Female,Anti-HBs,Laboratory,"Joanna Lim, RMT",Laboratory
2023-09-29,Adult,Male,Asthma Monitoring,Clinic,Dr. Victor Manuel,Check-up
2023-09-29,Adult,Female,Fever,Clinic,Dr. Ana Lopez,Check-up
2023-09-29,Senior,Female,Hypertension Monitoring,Clinic,Dr. Elena Bautista,Check-up
2023-09-29,Senior,Female,Hypertension Monitoring,Clinic,Dr. Victor Manuel,Check-up
2023-09-29,Adult,Male,Routine Medical Consultation,Clinic,Dr. Miguel Fernandez,Check-up
2023-09-29,Child,Male,Upper Respiratory Infection,Clinic,Dr. Miguel Fernandez,Check-up
2023-09-30,Adult,Male,Diabetes Mellitus Monitoring,Clinic,Dr. Elena Bautista,Check-up
2023-09-30,Senior,Male,Femur AP/LAT,Radiology,Dr. Andrea Sy,Imaging
2023-09-30,Child,Female,Upper Respiratory Infection,Clinic,Dr. Paolo Rivera,Check-up
2023-10-01,Adult,Male,Drug Testing,Home Service,"Joanna Lim, RMT",Home Service
2023-10-01,Senior,Female,HSCRP,Laboratory,"Rafael Torres, RMT",Laboratory
2023-10-01,Adult,Female,Hypertension Monitoring,Clinic,Dr. Victor Manuel,Check-up
2023-10-01,Adult,Female,Skull AP/LAT,Radiology,Dr. Sofia Mercado,Imaging
2023-10-02,Adult,Female,Anti-HCV Titer,Laboratory,"Mark Villanueva, RMT",Laboratory
2023-10-02,Adult,Female,Diabetes Mellitus Monitoring,Clinic,Dr. Victor Manuel,Check-up
2023-10-02,Adult,Male,Diabetes Mellitus Monitoring,Clinic,Dr. Elena Bautista,Check-up
2023-10-02,Adult,Female,Gastritis,Clinic,Dr. Victor Manuel,Check-up
2023-10-02,Adult,Male,HIV (Screening),Laboratory,"Carlo Navarro, RMT",Laboratory
2023-10-02,Adult,Male,Hypertension Monitoring,Clinic,Dr. Elena Bautista,Check-up
2023-10-02,Adult,Female,Preventive Health Check-up,Clinic,Dr. Miguel Fernandez,Check-up
2023-10-02,Adult,Female,Routine Medical Consultation,Clinic,Dr. Ana Lopez,Check-up
2023-10-02,Senior,Female,SGPT (ALT),Laboratory,"Patricia Mendoza, RMT",Laboratory
2023-10-02,Adult,Male,X-Ray,Clinic,Dr. Paolo Rivera,Pre-Employment Checkup
2023-10-03,Adult,Male,Blood Urea Nitrogen,Laboratory,"Joanna Lim, RMT",Laboratory
2023-10-03,Senior,Female,Gastritis,Clinic,Dr. Victor Manuel,Check-up
2023-10-03,Adult,Female,H. Pylori Stool,Laboratory,"Patricia Mendoza, RMT",Laboratory
2023-10-03,Adult,Female,OGCT,Laboratory,"Mark Villanueva, RMT",Laboratory
2023-10-03,Child,Male,Pneumococcal Vaccine (5 Years & lifetime),Clinic,Dr. Camille Tan,Vaccination
2023-10-03,Senior,Female,Thoracic AP/LAT/OBLIQUE,Radiology,Dr. Sofia Mercado,Imaging
2023-10-03,Senior,Female,Upper Respiratory Infection,Clinic,Dr. Ana Lopez,Check-up
2023-10-03,Child,Female,VDRL/Syphilis Screening,Laboratory,"Carlo Navarro, RMT",Laboratory
2023-10-04,Child,Male,Anti-Tetanus,Clinic,Dr. Ana Lopez,Vaccination
2023-10-04,Child,Male,Fecalysis,Laboratory,"Carlo Navarro, RMT",Laboratory
2023-10-04,Adult,Male,Fever,Clinic,Dr. Camille Tan,Check-up
2023-10-04,Adult,Male,Fever,Clinic,Dr. Ana Lopez,Check-up
2023-10-04,Senior,Female,Hypertension Monitoring,Clinic,Dr. Elena Bautista,Check-up
2023-10-04,Child,Female,TPPA Qualitative,Laboratory,"Mark Villanueva, RMT",Laboratory
2023-10-04,Child,Female,Upper Respiratory Infection,Clinic,Dr. Paolo Rivera,Check-up
2023-10-05,Adult,Male,Asthma Monitoring,Clinic,Dr. Elena Bautista,Check-up
2023-10-05,Adult,Male,Diabetes Mellitus Monitoring,Clinic,Dr. Victor Manuel,Check-up
2023-10-05,Adult,Female,FT4 RIA,Laboratory,"Mark Villanueva, RMT",Laboratory
2023-10-05,Adult,Female,General Ultrasound (Abdomen),Radiology,Dr. Henry Ong,Imaging
2023-10-05,Adult,Male,Hypertension Monitoring,Clinic,Dr. Elena Bautista,Check-up
2023-10-05,Adult,Male,KOH,Laboratory,"Carlo Navarro, RMT",Laboratory
2023-10-05,Adult,Female,KOH,Laboratory,"Mark Villanueva, RMT",Laboratory
2023-10-05,Adult,Female,X-Ray,Clinic,Dr. Camille Tan,Pre-Employment Checkup
2023-10-06,Adult,Male,Chloride (C),Laboratory,"Carlo Navarro, RMT",Laboratory
2023-10-06,Adult,Female,Gastritis,Clinic,Dr. Elena Bautista,Check-up
2023-10-06,Adult,Male,H. Pylori Igm (Quali)-serum,Laboratory,"Mark Villanueva, RMT",Laboratory
2023-10-06,Senior,Male,Hypertension Monitoring,Clinic,Dr. Elena Bautista,Check-up
2023-10-06,Adult,Female,Triglyceride,Laboratory,"Joanna Lim, RMT",Laboratory
2023-10-06,Adult,Male,Urinary Bladder,Radiology,Dr. Sofia Mercado,Imaging
2023-10-07,Child,Male,Anti-HCV Titer,Laboratory,"Carlo Navarro, RMT",Laboratory
2023-10-07,Senior,Male,Diabetes Mellitus Monitoring,Clinic,Dr. Elena Bautista,Check-up
2023-10-07,Adult,Male,Fever,Clinic,Dr. Ana Lopez,Check-up
2023-10-07,Senior,Female,Headache,Clinic,Dr. Camille Tan,Check-up
2023-10-08,Child,Male,Asthma Monitoring,Clinic,Dr. Victor Manuel,Check-up
2023-10-08,Adult,Female,Body Fluid Analysis (Package),Laboratory,"Patricia Mendoza, RMT",Laboratory
2023-10-08,Adult,Female,Gastritis,Clinic,Dr. Elena Bautista,Check-up
2023-10-08,Adult,Female,Lipid Profile,Laboratory,"Joanna Lim, RMT",Laboratory
2023-10-09,Adult,Male,Abdominal Pain,Clinic,Dr. Victor Manuel,Check-up
2023-10-09,Adult,Male,Asthma Monitoring,Clinic,Dr. Elena Bautista,Check-up
2023-10-09,Senior,Male,Diabetes Mellitus Monitoring,Clinic,Dr. Victor Manuel,Check-up
2023-10-09,Adult,Male,Magnesium,Laboratory,"Carlo Navarro, RMT",Laboratory
2023-10-09,Senior,Male,Upper Respiratory Infection,Clinic,Dr. Miguel Fernandez,Check-up
2023-10-09,Child,Male,Upper Respiratory Infection,Clinic,Dr. Ana Lopez,Check-up
2023-10-10,Adult,Female,Abdominal Pain,Clinic,Dr. Victor Manuel,Check-up
2023-10-10,Adult,Male,Gastritis,Clinic,Dr. Victor Manuel,Check-up
2023-10-10,Senior,Male,HCV Screening,Laboratory,"Patricia Mendoza, RMT",Laboratory
2023-10-10,Adult,Female,Hypertension Monitoring,Clinic,Dr. Elena Bautista,Check-up
2023-10-10,Adult,Male,Hypertension Monitoring,Clinic,Dr. Victor Manuel,Check-up
2023-10-10,Adult,Male,Pleural/CSF Fluid Analysis,Laboratory,"Patricia Mendoza, RMT",Laboratory
2023-10-10,Child,Female,Pleural/CSF Fluid Analysis,Laboratory,"Angela Reyes, RMT",Laboratory
2023-10-10,Adult,Female,RA/RF Latex (Rheumatoid Factor),Laboratory,"Rafael Torres, RMT",Laboratory
2023-10-10,Senior,Male,Spleen,Radiology,Dr. Sofia Mercado,Imaging
2023-10-10,Adult,Female,T3,Laboratory,"Joanna Lim, RMT",Laboratory
2023-10-10,Child,Female,Upper Respiratory Infection,Clinic,Dr. Camille Tan,Check-up
2023-10-10,Adult,Female,X-Ray,Home Service,Dr. Henry Ong,Home Service
2023-10-11,Adult,Male,Albumin (Protein) Creatinine Ratio,Laboratory,"Rafael Torres, RMT",Laboratory
2023-10-11,Adult,Male,D-DIMER Test,Laboratory,"Rafael Torres, RMT",Laboratory
2023-10-11,Adult,Female,Diabetes Mellitus Monitoring,Clinic,Dr. Elena Bautista,Check-up
2023-10-11,Adult,Female,FT4 RIA,Laboratory,"Rafael Torres, RMT",Laboratory
2023-10-11,Adult,Female,Fever,Clinic,Dr. Camille Tan,Check-up
2023-10-11,Adult,Male,Inorganic Phosphorus (IPO4),Laboratory,"Carlo Navarro, RMT",Laboratory
2023-10-12,Child,Male,Asthma Monitoring,Clinic,Dr. Victor Manuel,Check-up
2023-10-12,Adult,Male,Cervical AP/ LAT,Radiology,Dr. Henry Ong,Imaging
2023-10-12,Adult,Male,Foot AP/L,Radiology,Dr. Sofia Mercado,Imaging
2023-10-12,Adult,Male,Gastritis,Clinic,Dr. Victor Manuel,Check-up
2023-10-12,Adult,Male,"Hepa A,B,C",Laboratory,"Rafael Torres, RMT",Laboratory
2023-10-12,Adult,Male,Sperm Analysis WHO,Laboratory,"Patricia Mendoza, RMT",Laboratory
2023-10-12,Senior,Male,TSH,Laboratory,"Rafael Torres, RMT",Laboratory
2023-10-12,Child,Male,Upper Respiratory Infection,Clinic,Dr. Miguel Fernandez,Check-up
2023-10-12,Adult,Female,VDRL/Syphilis Screening,Laboratory,"Carlo Navarro, RMT",Laboratory
2023-10-12,Child,Female,VDRL/Syphilis Screening,Laboratory,"Rafael Torres, RMT",Laboratory
2023-10-13,Adult,Female,Amylase,Laboratory,"Carlo Navarro, RMT",Laboratory
2023-10-13,Senior,Male,Cervical AP/ LAT,Radiology,Dr. Andrea Sy,Imaging
2023-10-13,Adult,Male,Dermatitis and Allergy,Clinic,Dr. Paolo Rivera,Check-up
2023-10-13,Adult,Female,Diabetes Mellitus Monitoring,Clinic,Dr. Victor Manuel,Check-up
2023-10-13,Adult,Female,Drug Testing,Home Service,"Rafael Torres, RMT",Home Service
2023-10-13,Adult,Male,Hypertension Monitoring,Clinic,Dr. Elena Bautista,Check-up
2023-10-13,Child,Female,Upper Respiratory Infection,Clinic,Dr. Paolo Rivera,Check-up
2023-10-14,Child,Female,EBV Igm,Laboratory,"Angela Reyes, RMT",Laboratory
2023-10-14,Adult,Male,FT3,Laboratory,"Angela Reyes, RMT",Laboratory
2023-10-14,Child,Male,FT3 RIA,Laboratory,"Angela Reyes, RMT",Laboratory
2023-10-14,Child,Male,Gastritis,Clinic,Dr. Elena Bautista,Check-up
2023-10-14,Adult,Male,HBeAg,Laboratory,"Patricia Mendoza, RMT",Laboratory
2023-10-14,Adult,Male,Headache,Clinic,Dr. Ana Lopez,Check-up
2023-10-14,Adult,Male,Physical Exam,Annual Physical Examination,Dr. Ana Lopez,Annual Physical Examination
2023-10-14,Adult,Female,Potassium (K),Laboratory,"Rafael Torres, RMT",Laboratory
2023-10-14,Adult,Male,Routine Medical Consultation,Clinic,Dr. Camille Tan,Check-up
2023-10-15,Child,Male,Headache,Clinic,Dr. Camille Tan,Check-up
2023-10-16,Adult,Female,Chloride (CI),Laboratory,"Mark Villanueva, RMT",Laboratory
2023-10-16,Adult,Female,Dermatitis and Allergy,Clinic,Dr. Miguel Fernandez,Check-up
2023-10-16,Senior,Male,Hypertension Monitoring,Clinic,Dr. Victor Manuel,Check-up
2023-10-16,Adult,Female,RBC Morphology (Urine),Laboratory,"Rafael Torres, RMT",Laboratory
2023-10-16,Child,Female,TPHA Screening,Laboratory,"Patricia Mendoza, RMT",Laboratory
2023-10-16,Adult,Male,Urine C/S,Laboratory,"Joanna Lim, RMT",Laboratory
2023-10-17,Adult,Male,Anti-HAV Screening,Laboratory,"Angela Reyes, RMT",Laboratory
2023-10-17,Adult,Female,Diabetes Mellitus Monitoring,Clinic,Dr. Elena Bautista,Check-up
2023-10-17,Adult,Female,Hand AP/OBLIQUE or AP/L (each),Radiology,Dr. Andrea Sy,Imaging
2023-10-17,Senior,Male,Hypertension Monitoring,Clinic,Dr. Victor Manuel,Check-up
2023-10-17,Adult,Male,"OGCT Pregnant (100g, 75g)",Laboratory,"Mark Villanueva, RMT",Laboratory
2023-10-17,Adult,Female,Typhil Dot,Laboratory,"Angela Reyes, RMT",Laboratory
2023-10-17,Adult,Male,Urinary Tract Infection,Clinic,Dr. Miguel Fernandez,Check-up
2023-10-18,Adult,Female,Acid Phosphatase,Laboratory,"Carlo Navarro, RMT",Laboratory
2023-10-18,Adult,Male,Albumin,Laboratory,"Joanna Lim, RMT",Laboratory
2023-10-18,Adult,Male,CBC,Laboratory,"Carlo Navarro, RMT",Laboratory
2023-10-18,Adult,Female,Chloride (CI),Laboratory,"Carlo Navarro, RMT",Laboratory
2023-10-18,Senior,Female,Tranvaginal,Radiology,Dr. Henry Ong,Imaging
2023-10-19,Child,Male,Blood Cs with ARD (1 site),Laboratory,"Angela Reyes, RMT",Laboratory
2023-10-19,Adult,Female,Clinical Microscopy,Laboratory,"Patricia Mendoza, RMT",Laboratory
2023-10-19,Senior,Male,Estrogen (RIA),Laboratory,"Joanna Lim, RMT",Laboratory
2023-10-19,Child,Female,Fever,Clinic,Dr. Ana Lopez,Check-up
2023-10-19,Adult,Female,Hepa B Vaccine,Clinic,Dr. Ana Lopez,Vaccination
2023-10-19,Adult,Male,Hypertension Monitoring,Clinic,Dr. Victor Manuel,Check-up
2023-10-19,Adult,Female,Upper Respiratory Infection,Clinic,Dr. Ana Lopez,Check-up
2023-10-19,Senior,Female,Urinary Bladder,Radiology,Dr. Sofia Mercado,Imaging
2023-10-20,Child,Male,Blood Cs with ARD (1 site),Laboratory,"Mark Villanueva, RMT",Laboratory
2023-10-20,Senior,Female,Knee Joint AP/LAT,Radiology,Dr. Sofia Mercado,Imaging
2023-10-21,Adult,Male,Anti-HBc IgM,Laboratory,"Angela Reyes, RMT",Laboratory
2023-10-21,Adult,Male,Asthma Monitoring,Clinic,Dr. Elena Bautista,Check-up
2023-10-21,Adult,Male,Diabetes Mellitus Monitoring,Clinic,Dr. Victor Manuel,Check-up
2023-10-21,Adult,Female,Upper Respiratory Infection,Clinic,Dr. Miguel Fernandez,Check-up
2023-10-22,Adult,Male,Headache,Clinic,Dr. Miguel Fernandez,Check-up
2023-10-22,Senior,Male,Peripheral Blood Smear ( 7 Days),Laboratory,"Mark Villanueva, RMT",Laboratory
2023-10-22,Adult,Male,Protein,Laboratory,"Rafael Torres, RMT",Laboratory
2023-10-22,Adult,Male,Routine Medical Consultation,Clinic,Dr. Miguel Fernandez,Check-up
2023-10-24,Child,Female,Anti-HBc IgM,Laboratory,"Patricia Mendoza, RMT",Laboratory
2023-10-24,Child,Male,ECG (15 Lead) Pedia (0-17 years old),Cardiology,Dr. Camille Tan,Cardiology
2023-10-24,Child,Male,Fecalysis,Laboratory,"Carlo Navarro, RMT",Laboratory
2023-10-24,Adult,Male,RBS,Laboratory,"Rafael Torres, RMT",Laboratory
2023-10-24,Adult,Male,Transrectal Prostate,Radiology,Dr. Henry Ong,Imaging
2023-10-24,Child,Female,Upper Respiratory Infection,Clinic,Dr. Ana Lopez,Check-up
2023-10-25,Adult,Male,Anti-HBc IgM,Laboratory,"Joanna Lim, RMT",Laboratory
2023-10-25,Child,Female,Fever,Clinic,Dr. Paolo Rivera,Check-up
2023-10-25,Adult,Female,General Ultrasound (Abdomen),Radiology,Dr. Andrea Sy,Imaging
2023-10-25,Adult,Female,Hypertension Monitoring,Clinic,Dr. Victor Manuel,Check-up
2023-10-25,Senior,Female,Pancreas & Spleen,Radiology,Dr. Andrea Sy,Imaging
2023-10-25,Adult,Male,Preventive Health Check-up,Clinic,Dr. Camille Tan,Check-up
2023-10-25,Adult,Female,X-Ray,Clinic,Dr. Ana Lopez,Pre-Employment Checkup
2023-10-26,Child,Male,AFB Stain,Laboratory,"Mark Villanueva, RMT",Laboratory
2023-10-26,Adult,Female,CRP Qualitative,Laboratory,"Joanna Lim, RMT",Laboratory
2023-10-26,Adult,Male,Hematology,Laboratory,"Angela Reyes, RMT",Laboratory
2023-10-26,Adult,Male,RBC Morphology (Urine),Laboratory,"Rafael Torres, RMT",Laboratory
2023-10-26,Adult,Female,Routine Medical Consultation,Clinic,Dr. Camille Tan,Check-up
2023-10-27,Adult,Male,Acid Phosphatase,Laboratory,"Patricia Mendoza, RMT",Laboratory
2023-10-27,Adult,Female,Asthma Monitoring,Clinic,Dr. Victor Manuel,Check-up
2023-10-27,Senior,Female,Chloride (CI),Laboratory,"Joanna Lim, RMT",Laboratory
2023-10-27,Senior,Female,Diabetes Mellitus Monitoring,Clinic,Dr. Elena Bautista,Check-up
2023-10-27,Adult,Female,HBA1C (edta),Laboratory,"Mark Villanueva, RMT",Laboratory
2023-10-27,Adult,Female,TDaP Vaccine (Adult),Clinic,Dr. Miguel Fernandez,Vaccination
2023-10-27,Child,Female,Upper Respiratory Infection,Clinic,Dr. Miguel Fernandez,Check-up
2023-10-28,Senior,Female,Arterial Duplex Scan (Unilateral),Radiology,Dr. Sofia Mercado,Imaging
2023-10-28,Adult,Female,Clinical Microscopy,Laboratory,"Joanna Lim, RMT",Laboratory
2023-10-28,Adult,Male,Fever,Clinic,Dr. Ana Lopez,Check-up
2023-10-28,Senior,Female,Fever,Clinic,Dr. Paolo Rivera,Check-up
2023-10-28,Adult,Female,Gastritis,Clinic,Dr. Victor Manuel,Check-up
2023-10-28,Senior,Male,Sodium (Na),Laboratory,"Mark Villanueva, RMT",Laboratory
2023-10-28,Adult,Male,TBIC (Total Iron Binding Capacity),Laboratory,"Patricia Mendoza, RMT",Laboratory
2023-10-28,Adult,Male,TPPA Qualitative,Laboratory,"Patricia Mendoza, RMT",Laboratory
2023-10-29,Adult,Male,Albumin (Protein) Creatinine Ratio,Laboratory,"Carlo Navarro, RMT",Laboratory
2023-10-29,Child,Male,Headache,Clinic,Dr. Camille Tan,Check-up
2023-10-29,Adult,Male,Headache,Clinic,Dr. Ana Lopez,Check-up
2023-10-30,Adult,Male,Asthma Monitoring,Clinic,Dr. Victor Manuel,Check-up
2023-10-30,Adult,Male,Clinical Chemistry,Laboratory,"Joanna Lim, RMT",Laboratory
2023-10-30,Senior,Male,Diabetes Mellitus Monitoring,Clinic,Dr. Victor Manuel,Check-up
2023-10-30,Senior,Female,Hypertension Monitoring,Clinic,Dr. Victor Manuel,Check-up
2023-10-30,Adult,Male,PPD Skin Test,Clinic,Dr. Miguel Fernandez,Vaccination
2023-10-30,Child,Female,Progesterone,Laboratory,"Mark Villanueva, RMT",Laboratory
2023-10-30,Adult,Male,Prolactin,Laboratory,"Angela Reyes, RMT",Laboratory
2023-10-30,Child,Female,Protein,Laboratory,"Angela Reyes, RMT",Laboratory
2023-10-30,Child,Female,Routine Medical Consultation,Clinic,Dr. Ana Lopez,Check-up
2023-10-31,Adult,Female,ASO Screening,Laboratory,"Mark Villanueva, RMT",Laboratory
2023-10-31,Child,Male,Abdominal Pain,Clinic,Dr. Elena Bautista,Check-up
2023-10-31,Senior,Male,T3,Laboratory,"Patricia Mendoza, RMT",Laboratory
2023-11-01,Adult,Male,Asthma Monitoring,Clinic,Dr. Victor Manuel,Check-up
2023-11-01,Child,Female,Gastritis,Clinic,Dr. Elena Bautista,Check-up
2023-11-01,Adult,Female,Headache,Clinic,Dr. Camille Tan,Check-up
2023-11-01,Senior,Female,Hypertension Monitoring,Clinic,Dr. Victor Manuel,Check-up
2023-11-01,Adult,Female,Hypertension Monitoring,Clinic,Dr. Victor Manuel,Check-up
2023-11-01,Adult,Male,Inguino-Scrotal,Radiology,Dr. Sofia Mercado,Imaging
2023-11-01,Senior,Female,Transrectal Ultrasound (Male),Radiology,Dr. Andrea Sy,Imaging
2023-11-01,Adult,Female,Urine C/S,Laboratory,"Rafael Torres, RMT",Laboratory
2023-11-02,Adult,Male,Drug Test,Clinic,Dr. Ana Lopez,Pre-Employment Checkup
2023-11-02,Adult,Male,Hepa C profile,Laboratory,"Patricia Mendoza, RMT",Laboratory
2023-11-02,Adult,Male,Hypertension Monitoring,Clinic,Dr. Victor Manuel,Check-up
2023-11-02,Adult,Female,Hypertension Monitoring,Clinic,Dr. Elena Bautista,Check-up
2023-11-02,Adult,Female,Preventive Health Check-up,Clinic,Dr. Miguel Fernandez,Check-up
2023-11-02,Senior,Male,Triglyceride,Laboratory,"Joanna Lim, RMT",Laboratory
2023-11-02,Adult,Female,Upper Respiratory Infection,Clinic,Dr. Ana Lopez,Check-up
2023-11-03,Adult,Female,Asthma Monitoring,Clinic,Dr. Victor Manuel,Check-up
2023-11-03,Adult,Female,Blood Cs with ARD (2 site),Laboratory,"Carlo Navarro, RMT",Laboratory
2023-11-03,Child,Male,Cholesterol,Laboratory,"Patricia Mendoza, RMT",Laboratory
2023-11-03,Child,Male,Prolactin,Laboratory,"Rafael Torres, RMT",Laboratory
2023-11-03,Adult,Male,Protein,Laboratory,"Carlo Navarro, RMT",Laboratory
2023-11-03,Adult,Male,Troponin I Qualitive,Laboratory,"Carlo Navarro, RMT",Laboratory
2023-11-04,Child,Male,Asthma Monitoring,Clinic,Dr. Elena Bautista,Check-up
2023-11-04,Senior,Male,Body Fluid Analysis (Package),Laboratory,"Joanna Lim, RMT",Laboratory
2023-11-04,Adult,Male,CPK Total,Laboratory,"Carlo Navarro, RMT",Laboratory
2023-11-04,Senior,Male,Dermatitis and Allergy,Clinic,Dr. Ana Lopez,Check-up
2023-11-04,Adult,Male,Hypertension Monitoring,Clinic,Dr. Victor Manuel,Check-up
2023-11-04,Adult,Male,Malarial Smear,Laboratory,"Angela Reyes, RMT",Laboratory
2023-11-04,Child,Female,Paps Smear (7 days),Laboratory,"Mark Villanueva, RMT",Laboratory
2023-11-04,Adult,Female,Pregnancy Test (Serum),Laboratory,"Joanna Lim, RMT",Laboratory
2023-11-04,Adult,Male,THC (Marijuana),Drug Testing,"Rafael Torres, RMT",Drug Testing
2023-11-05,Adult,Female,Anti-HCV Titer,Laboratory,"Mark Villanueva, RMT",Laboratory
2023-11-05,Adult,Male,Dermatitis and Allergy,Clinic,Dr. Miguel Fernandez,Check-up
2023-11-05,Adult,Female,Drug Test,Clinic,Dr. Paolo Rivera,Pre-Employment Checkup
2023-11-05,Adult,Male,Gastritis,Clinic,Dr. Victor Manuel,Check-up
2023-11-05,Adult,Female,H. Pylori Stool,Laboratory,"Joanna Lim, RMT",Laboratory
2023-11-05,Adult,Female,"OGCT Post-Pregnant (100g, 75g)​",Laboratory,"Rafael Torres, RMT",Laboratory
2023-11-05,Adult,Male,TPPA Quantitative,Laboratory,"Angela Reyes, RMT",Laboratory
2023-11-05,Adult,Female,Upper Respiratory Infection,Clinic,Dr. Camille Tan,Check-up
2023-11-05,Adult,Male,X-Ray,Clinic,Dr. Miguel Fernandez,Pre-Employment Checkup
2023-11-06,Adult,Female,Asthma Monitoring,Clinic,Dr. Elena Bautista,Check-up
2023-11-06,Adult,Male,CPK-MB,Laboratory,"Carlo Navarro, RMT",Laboratory
2023-11-06,Adult,Male,Clotting Time,Laboratory,"Patricia Mendoza, RMT",Laboratory
2023-11-06,Child,Female,Dermatitis and Allergy,Clinic,Dr. Ana Lopez,Check-up
2023-11-06,Senior,Male,Diabetes Mellitus Monitoring,Clinic,Dr. Victor Manuel,Check-up
2023-11-06,Adult,Male,General chest X-Ray,Radiology,Dr. Henry Ong,Imaging
2023-11-06,Adult,Female,Hypertension Monitoring,Clinic,Dr. Victor Manuel,Check-up
2023-11-06,Child,Male,Online Doctor Consultation,Clinic,Dr. Camille Tan,Check-up
2023-11-06,Adult,Female,Urinalysis,Laboratory,"Angela Reyes, RMT",Laboratory
2023-11-06,Adult,Male,Urinary Tract Infection,Clinic,Dr. Miguel Fernandez,Check-up
2023-11-06,Child,Male,VFRL RPR Titer,Laboratory,"Patricia Mendoza, RMT",Laboratory
2023-11-07,Senior,Female,Hypertension Monitoring,Clinic,Dr. Victor Manuel,Check-up
2023-11-07,Adult,Male,Hypertension Monitoring,Clinic,Dr. Elena Bautista,Check-up
2023-11-07,Adult,Male,"OGCT Non-Pregnant (100g, 75g)",Laboratory,"Carlo Navarro, RMT",Laboratory
2023-11-07,Adult,Male,Routine Medical Consultation,Clinic,Dr. Paolo Rivera,Check-up
2023-11-08,Adult,Female,Asthma Monitoring,Clinic,Dr. Elena Bautista,Check-up
2023-11-08,Adult,Male,Dermatitis and Allergy,Clinic,Dr. Miguel Fernandez,Check-up
2023-11-08,Child,Male,Dermatitis and Allergy,Clinic,Dr. Ana Lopez,Check-up
2023-11-08,Adult,Female,Gastritis,Clinic,Dr. Elena Bautista,Check-up
2023-11-08,Senior,Female,Hypertension Monitoring,Clinic,Dr. Victor Manuel,Check-up
2023-11-09,Adult,Male,C3,Laboratory,"Mark Villanueva, RMT",Laboratory
2023-11-09,Adult,Female,Cervical APOL,Radiology,Dr. Henry Ong,Imaging
2023-11-09,Adult,Male,Coombs Test,Laboratory,"Rafael Torres, RMT",Laboratory
2023-11-09,Adult,Female,Elbow AP/LAT,Radiology,Dr. Henry Ong,Imaging
2023-11-09,Adult,Female,Estradiol/Estrogen,Laboratory,"Angela Reyes, RMT",Laboratory
2023-11-09,Senior,Female,Hypertension Monitoring,Clinic,Dr. Elena Bautista,Check-up
2023-11-09,Adult,Male,Hypertension Monitoring,Clinic,Dr. Elena Bautista,Check-up
2023-11-09,Senior,Female,RA/RF Latex (Rheumatoid Factor),Laboratory,"Carlo Navarro, RMT",Laboratory
2023-11-09,Senior,Male,Routine Medical Consultation,Clinic,Dr. Miguel Fernandez,Check-up
2023-11-09,Adult,Male,TBIC (Total Iron Binding Capacity),Laboratory,"Patricia Mendoza, RMT",Laboratory
2023-11-10,Child,Female,2D Echo: Pedia (by appointment),Cardiology,Dr. Paolo Rivera,Cardiology
2023-11-10,Senior,Male,Chest PA for Pregnant,Radiology,Dr. Sofia Mercado,Imaging
2023-11-10,Adult,Female,Gastritis,Clinic,Dr. Elena Bautista,Check-up
2023-11-10,Adult,Female,Magnesium,Laboratory,"Rafael Torres, RMT",Laboratory
2023-11-10,Adult,Female,"OGCT Pregnant (100g, 75g)",Laboratory,"Carlo Navarro, RMT",Laboratory
2023-11-10,Adult,Male,Soft Tissue,Radiology,Dr. Henry Ong,Imaging
2023-11-10,Adult,Male,"TPAG (Total Protein, Albumin, AG)",Laboratory,"Patricia Mendoza, RMT",Laboratory
2023-11-10,Senior,Female,Upper Respiratory Infection,Clinic,Dr. Paolo Rivera,Check-up
2023-11-10,Adult,Female,Upper Respiratory Infection,Clinic,Dr. Miguel Fernandez,Check-up
2023-11-10,Adult,Male,Urinary Tract Infection,Clinic,Dr. Miguel Fernandez,Check-up
2023-11-11,Adult,Male,12L-ECG,Cardiology,Dr. Ana Lopez,Cardiology
2023-11-11,Adult,Female,Blood Cs (2 site),Laboratory,"Angela Reyes, RMT",Laboratory
2023-11-11,Adult,Male,Clinical Chemistry,Laboratory,"Rafael Torres, RMT",Laboratory
2023-11-11,Senior,Female,Dermatitis and Allergy,Clinic,Dr. Miguel Fernandez,Check-up
2023-11-11,Adult,Female,Headache,Clinic,Dr. Miguel Fernandez,Check-up
2023-11-11,Senior,Female,Liver,Radiology,Dr. Sofia Mercado,Imaging
2023-11-12,Adult,Female,Ankle AP/LAT,Radiology,Dr. Sofia Mercado,Imaging
2023-11-12,Adult,Male,Asthma Monitoring,Clinic,Dr. Victor Manuel,Check-up
2023-11-12,Senior,Female,Dermatitis and Allergy,Clinic,Dr. Camille Tan,Check-up
2023-11-12,Adult,Male,HBsAg Titer,Laboratory,"Carlo Navarro, RMT",Laboratory
2023-11-12,Adult,Female,Routine Medical Consultation,Clinic,Dr. Paolo Rivera,Check-up
2023-11-12,Adult,Female,Sodium (Na),Laboratory,"Mark Villanueva, RMT",Laboratory
2023-11-12,Senior,Male,Thoracic AP/LAT/OBLIQUE,Radiology,Dr. Henry Ong,Imaging
2023-11-13,Adult,Female,Amylase,Laboratory,"Joanna Lim, RMT",Laboratory
2023-11-13,Adult,Female,Bicarbonate,Laboratory,"Patricia Mendoza, RMT",Laboratory
2023-11-13,Senior,Male,Fever,Clinic,Dr. Miguel Fernandez,Check-up
2023-11-13,Adult,Male,Inorganic Phosphorus (IPO4),Laboratory,"Patricia Mendoza, RMT",Laboratory
2023-11-13,Adult,Male,"OGCT Post-Pregnant (100g, 75g)​",Laboratory,"Patricia Mendoza, RMT",Laboratory
2023-11-13,Adult,Female,Upper Respiratory Infection,Clinic,Dr. Camille Tan,Check-up
2023-11-14,Adult,Female,Asthma Monitoring,Clinic,Dr. Victor Manuel,Check-up
2023-11-14,Adult,Female,Blood Uric Acid,Laboratory,"Patricia Mendoza, RMT",Laboratory
2023-11-14,Adult,Female,HCV-Genotyping,Laboratory,"Angela Reyes, RMT",Laboratory
2023-11-15,Adult,Male,Abdominal Pain,Clinic,Dr. Victor Manuel,Check-up
2023-11-15,Senior,Male,Diabetes Mellitus Monitoring,Clinic,Dr. Elena Bautista,Check-up
2023-11-15,Child,Male,FT4,Laboratory,"Rafael Torres, RMT",Laboratory
2023-11-15,Senior,Female,Rubella IgG,Laboratory,"Patricia Mendoza, RMT",Laboratory
2023-11-15,Senior,Female,TPPA Qualitative,Laboratory,"Joanna Lim, RMT",Laboratory
2023-11-16,Adult,Female,Blood Cs with ARD (1 site),Laboratory,"Mark Villanueva, RMT",Laboratory
2023-11-16,Adult,Female,Dermatitis and Allergy,Clinic,Dr. Paolo Rivera,Check-up
2023-11-16,Senior,Female,Diabetes Mellitus Monitoring,Clinic,Dr. Victor Manuel,Check-up
2023-11-16,Child,Female,FT3 RIA,Laboratory,"Rafael Torres, RMT",Laboratory
2023-11-16,Adult,Male,Headache,Clinic,Dr. Miguel Fernandez,Check-up
2023-11-16,Adult,Male,Urinary Tract Infection,Clinic,Dr. Camille Tan,Check-up
2023-11-17,Adult,Female,Actual Platelet Count,Laboratory,"Joanna Lim, RMT",Laboratory
2023-11-17,Adult,Female,Diabetes Mellitus Monitoring,Clinic,Dr. Victor Manuel,Check-up
2023-11-17,Adult,Male,FSH,Laboratory,"Rafael Torres, RMT",Laboratory
2023-11-17,Adult,Male,Humerus AP/LAT,Radiology,Dr. Sofia Mercado,Imaging
2023-11-17,Child,Female,Routine Medical Consultation,Clinic,Dr. Paolo Rivera,Check-up
2023-11-17,Adult,Male,Sperm Analysis WHO,Laboratory,"Carlo Navarro, RMT",Laboratory
2023-11-17,Adult,Female,X-Ray,Clinic,Dr. Paolo Rivera,Pre-Employment Checkup
2023-11-18,Adult,Male,Hypertension Monitoring,Clinic,Dr. Victor Manuel,Check-up
2023-11-18,Adult,Female,Typhil Dot,Laboratory,"Joanna Lim, RMT",Laboratory
2023-11-19,Adult,Male,ASO Titer,Laboratory,"Joanna Lim, RMT",Laboratory
2023-11-19,Adult,Male,Body Fluid Analysis (Package),Laboratory,"Mark Villanueva, RMT",Laboratory
2023-11-19,Child,Female,C4,Laboratory,"Joanna Lim, RMT",Laboratory
2023-11-19,Adult,Female,Urinalysis & Fecalysis,Annual Physical Examination,Dr. Ana Lopez,Annual Physical Examination
2023-11-20,Adult,Male,Blood Cs with ARD (2 site),Laboratory,"Patricia Mendoza, RMT",Laboratory
2023-11-20,Adult,Female,C3,Laboratory,"Rafael Torres, RMT",Laboratory
2023-11-20,Adult,Male,Diabetes Mellitus Monitoring,Clinic,Dr. Elena Bautista,Check-up
2023-11-20,Adult,Female,Diabetes Mellitus Monitoring,Clinic,Dr. Victor Manuel,Check-up
2023-11-20,Adult,Female,Gastritis,Clinic,Dr. Victor Manuel,Check-up
2023-11-20,Adult,Male,Gram Stain,Laboratory,"Angela Reyes, RMT",Laboratory
2023-11-20,Adult,Female,TPPA Qualitative,Laboratory,"Mark Villanueva, RMT",Laboratory
2023-11-21,Senior,Male,AFB Stain,Laboratory,"Joanna Lim, RMT",Laboratory
2023-11-21,Adult,Female,Anti-HBc Total,Laboratory,"Mark Villanueva, RMT",Laboratory
2023-11-21,Child,Female,FSH,Laboratory,"Patricia Mendoza, RMT",Laboratory
2023-11-21,Child,Female,Hemodialysis Kinetics (pre & post BUN),Laboratory,"Joanna Lim, RMT",Laboratory
2023-11-21,Adult,Female,Hypertension Monitoring,Clinic,Dr. Victor Manuel,Check-up
2023-11-21,Adult,Female,Physical Exam,Annual Physical Examination,Dr. Paolo Rivera,Annual Physical Examination
2023-11-21,Adult,Female,RBC Morphology (Urine),Laboratory,"Carlo Navarro, RMT",Laboratory
2023-11-21,Adult,Female,Routine Medical Consultation,Clinic,Dr. Camille Tan,Check-up
2023-11-22,Adult,Male,Chest AP-L (Pedia),Radiology,Dr. Sofia Mercado,Imaging
2023-11-22,Adult,Male,Diabetes Mellitus Monitoring,Clinic,Dr. Elena Bautista,Check-up
2023-11-22,Adult,Female,Fever,Clinic,Dr. Camille Tan,Check-up
2023-11-22,Adult,Male,Gastritis,Clinic,Dr. Victor Manuel,Check-up
2023-11-22,Adult,Female,Headache,Clinic,Dr. Ana Lopez,Check-up
2023-11-22,Adult,Male,Hypertension Monitoring,Clinic,Dr. Elena Bautista,Check-up
2023-11-22,Adult,Male,Progesterone,Laboratory,"Patricia Mendoza, RMT",Laboratory
2023-11-23,Adult,Male,Blood Urea Nitrogen,Laboratory,"Angela Reyes, RMT",Laboratory
2023-11-23,Child,Male,Dengue NS1,Laboratory,"Angela Reyes, RMT",Laboratory
2023-11-23,Senior,Male,Diabetes Mellitus Monitoring,Clinic,Dr. Elena Bautista,Check-up
2023-11-23,Adult,Female,Gastritis,Clinic,Dr. Victor Manuel,Check-up
2023-11-23,Adult,Female,Magnesium,Laboratory,"Patricia Mendoza, RMT",Laboratory
2023-11-23,Adult,Male,TT4 (Toal Thyroxine),Laboratory,"Carlo Navarro, RMT",Laboratory
2023-11-24,Adult,Male,Antigen Swab Test,Laboratory,"Mark Villanueva, RMT",Laboratory
2023-11-24,Adult,Female,Diabetes Mellitus Monitoring,Clinic,Dr. Elena Bautista,Check-up
2023-11-24,Adult,Female,Fever,Clinic,Dr. Camille Tan,Check-up
2023-11-24,Adult,Male,Malarial Smear,Laboratory,"Joanna Lim, RMT",Laboratory
2023-11-24,Adult,Male,Paps Smear (7 days),Laboratory,"Joanna Lim, RMT",Laboratory
2023-11-24,Adult,Male,Pneumococcal Vaccine (5 Years & lifetime),Clinic,Dr. Ana Lopez,Vaccination
2023-11-25,Adult,Male,Diabetes Mellitus Monitoring,Clinic,Dr. Elena Bautista,Check-up
2023-11-25,Adult,Male,Kidney,Radiology,Dr. Henry Ong,Imaging
2023-11-25,Adult,Male,Upper Abdomen,Radiology,Dr. Andrea Sy,Imaging
2023-11-25,Adult,Male,Upper Respiratory Infection,Clinic,Dr. Paolo Rivera,Check-up
2023-11-25,Adult,Female,Urinary Tract Infection,Clinic,Dr. Ana Lopez,Check-up
2023-11-26,Adult,Male,Hypertension Monitoring,Clinic,Dr. Elena Bautista,Check-up
2023-11-26,Adult,Female,Pelvis Hip,Radiology,Dr. Henry Ong,Imaging
2023-11-26,Child,Female,Upper Respiratory Infection,Clinic,Dr. Paolo Rivera,Check-up
2023-11-27,Senior,Female,Lumbosacral Spine AP/LAT,Radiology,Dr. Andrea Sy,Imaging
2023-11-27,Senior,Female,Paranasal Sinus,Radiology,Dr. Henry Ong,Imaging
2023-11-27,Adult,Male,Skull AP/LAT,Radiology,Dr. Henry Ong,Imaging
2023-11-28,Senior,Female,Dermatitis and Allergy,Clinic,Dr. Miguel Fernandez,Check-up
2023-11-28,Adult,Female,Estrogen (RIA),Laboratory,"Joanna Lim, RMT",Laboratory
2023-11-28,Adult,Female,Headache,Clinic,Dr. Ana Lopez,Check-up
2023-11-29,Adult,Male,Hypertension Monitoring,Clinic,Dr. Victor Manuel,Check-up
2023-11-29,Adult,Female,TT4 (Toal Thyroxine),Laboratory,"Patricia Mendoza, RMT",Laboratory
2023-11-29,Adult,Male,Urinary Tract Infection,Clinic,Dr. Camille Tan,Check-up
2023-11-30,Senior,Male,Amylase,Laboratory,"Angela Reyes, RMT",Laboratory
2023-11-30,Adult,Male,Fever,Clinic,Dr. Ana Lopez,Check-up
2023-11-30,Adult,Male,Hypertension Monitoring,Clinic,Dr. Elena Bautista,Check-up
2023-12-01,Child,Male,Abdominal Pain,Clinic,Dr. Elena Bautista,Check-up
2023-12-01,Adult,Male,Diabetes Mellitus Monitoring,Clinic,Dr. Elena Bautista,Check-up
2023-12-01,Adult,Female,Fever,Clinic,Dr. Ana Lopez,Check-up
2023-12-01,Adult,Male,Gastritis,Clinic,Dr. Victor Manuel,Check-up
2023-12-01,Adult,Male,Preventive Health Check-up,Clinic,Dr. Camille Tan,Check-up
2023-12-01,Child,Female,Urinary Tract Infection,Clinic,Dr. Ana Lopez,Check-up
2023-12-01,Child,Female,X-Ray,Home Service,Dr. Sofia Mercado,Home Service
2023-12-02,Adult,Female,ECG (15 Lead) Pedia (0-17 years old),Cardiology,Dr. Paolo Rivera,Cardiology
2023-12-02,Adult,Female,ESR,Laboratory,"Mark Villanueva, RMT",Laboratory
2023-12-02,Adult,Male,H. Pylori Igm (Quali)-serum,Laboratory,"Mark Villanueva, RMT",Laboratory
2023-12-02,Child,Female,Headache,Clinic,Dr. Miguel Fernandez,Check-up
2023-12-02,Adult,Male,Hepa A profile,Laboratory,"Rafael Torres, RMT",Laboratory
2023-12-02,Adult,Female,Hepa A profile,Laboratory,"Rafael Torres, RMT",Laboratory
2023-12-02,Adult,Female,Lipase,Laboratory,"Rafael Torres, RMT",Laboratory
2023-12-02,Adult,Female,Magnesium,Laboratory,"Carlo Navarro, RMT",Laboratory
2023-12-02,Senior,Male,Tranvaginal,Radiology,Dr. Sofia Mercado,Imaging
2023-12-03,Senior,Male,Carotid Duplex Scan (by appointment),Radiology,Dr. Henry Ong,Imaging
2023-12-03,Adult,Female,Fit Stool Test,Laboratory,"Mark Villanueva, RMT",Laboratory
2023-12-03,Adult,Male,Hypertension Monitoring,Clinic,Dr. Elena Bautista,Check-up
2023-12-03,Adult,Female,Hypertension Monitoring,Clinic,Dr. Elena Bautista,Check-up
2023-12-03,Child,Male,Routine Medical Consultation,Clinic,Dr. Ana Lopez,Check-up
2023-12-04,Adult,Female,CBC,Clinic,Dr. Camille Tan,Pre-Employment Checkup
2023-12-04,Adult,Female,Dermatitis and Allergy,Clinic,Dr. Miguel Fernandez,Check-up
2023-12-04,Senior,Female,Diabetes Mellitus Monitoring,Clinic,Dr. Elena Bautista,Check-up
2023-12-04,Child,Male,FSH,Laboratory,"Angela Reyes, RMT",Laboratory
2023-12-04,Child,Male,Magnesium,Laboratory,"Patricia Mendoza, RMT",Laboratory
2023-12-05,Senior,Male,Abdominal Pain,Clinic,Dr. Victor Manuel,Check-up
2023-12-05,Senior,Male,Arm AP/L,Radiology,Dr. Sofia Mercado,Imaging
2023-12-05,Child,Female,Clotting Time,Laboratory,"Patricia Mendoza, RMT",Laboratory
2023-12-05,Adult,Female,Diabetes Mellitus Monitoring,Clinic,Dr. Victor Manuel,Check-up
2023-12-05,Adult,Male,ESR,Laboratory,"Mark Villanueva, RMT",Laboratory
2023-12-05,Adult,Female,PRO-BNP/NT Pro-BNP(each),Laboratory,"Carlo Navarro, RMT",Laboratory
2023-12-05,Child,Male,Upper Respiratory Infection,Clinic,Dr. Paolo Rivera,Check-up
2023-12-06,Adult,Male,FT4 RIA,Laboratory,"Mark Villanueva, RMT",Laboratory
2023-12-06,Child,Male,Preventive Health Check-up,Clinic,Dr. Ana Lopez,Check-up
2023-12-06,Child,Male,TSH,Laboratory,"Joanna Lim, RMT",Laboratory
2023-12-06,Adult,Female,Upper Respiratory Infection,Clinic,Dr. Ana Lopez,Check-up
2023-12-07,Adult,Male,Fever,Clinic,Dr. Paolo Rivera,Check-up
2023-12-07,Adult,Male,Gastritis,Clinic,Dr. Elena Bautista,Check-up
2023-12-07,Adult,Male,HBT,Radiology,Dr. Andrea Sy,Imaging
2023-12-07,Child,Male,Malarial Smear,Laboratory,"Angela Reyes, RMT",Laboratory
2023-12-07,Adult,Male,Upper Respiratory Infection,Clinic,Dr. Ana Lopez,Check-up
2023-12-08,Adult,Female,Diabetes Mellitus Monitoring,Clinic,Dr. Elena Bautista,Check-up
2023-12-08,Child,Female,FBS,Laboratory,"Joanna Lim, RMT",Laboratory
2023-12-08,Adult,Female,Hypertension Monitoring,Clinic,Dr. Victor Manuel,Check-up
2023-12-08,Adult,Female,"TPAG (Total Protein, Albumin, AG)",Laboratory,"Mark Villanueva, RMT",Laboratory
2023-12-08,Adult,Male,TSH,Laboratory,"Mark Villanueva, RMT",Laboratory
2023-12-08,Adult,Female,Troponin I Qualitive,Laboratory,"Joanna Lim, RMT",Laboratory
2023-12-08,Adult,Male,Upper Respiratory Infection,Clinic,Dr. Miguel Fernandez,Check-up
2023-12-08,Adult,Male,Upper Respiratory Infection,Clinic,Dr. Paolo Rivera,Check-up
2023-12-08,Adult,Female,Upper Respiratory Infection,Clinic,Dr. Paolo Rivera,Check-up
2023-12-09,Adult,Male,Creatinine,Laboratory,"Angela Reyes, RMT",Laboratory
2023-12-09,Adult,Female,Dermatitis and Allergy,Clinic,Dr. Ana Lopez,Check-up
2023-12-09,Adult,Female,Diabetes Mellitus Monitoring,Clinic,Dr. Elena Bautista,Check-up
2023-12-09,Adult,Male,Hepa B profile,Laboratory,"Joanna Lim, RMT",Laboratory
2023-12-09,Senior,Male,Hypertension Monitoring,Clinic,Dr. Elena Bautista,Check-up
2023-12-09,Senior,Male,Hypertension Monitoring,Clinic,Dr. Victor Manuel,Check-up
2023-12-09,Adult,Male,Routine Medical Consultation,Clinic,Dr. Camille Tan,Check-up
2023-12-09,Adult,Female,Upper Respiratory Infection,Clinic,Dr. Camille Tan,Check-up
2023-12-09,Adult,Male,Urinary Bladder,Radiology,Dr. Sofia Mercado,Imaging
2023-12-10,Adult,Male,Abdominal Pain,Clinic,Dr. Victor Manuel,Check-up
2023-12-10,Adult,Male,Anti-HBc IgG,Laboratory,"Carlo Navarro, RMT",Laboratory
2023-12-10,Adult,Female,Asthma Monitoring,Clinic,Dr. Victor Manuel,Check-up
2023-12-10,Adult,Female,Body Fluid LDH,Laboratory,"Patricia Mendoza, RMT",Laboratory
2023-12-10,Child,Male,Dengue Combo,Laboratory,"Angela Reyes, RMT",Laboratory
2023-12-10,Adult,Female,HIV (Screening),Laboratory,"Carlo Navarro, RMT",Laboratory
2023-12-10,Adult,Female,HSCRP,Laboratory,"Carlo Navarro, RMT",Laboratory
2023-12-10,Child,Female,"Iron Studies (TI, TIBC, Ferritin)",Laboratory,"Joanna Lim, RMT",Laboratory
2023-12-10,Adult,Male,Malarial Smear,Laboratory,"Carlo Navarro, RMT",Laboratory
2023-12-11,Adult,Male,Malarial Smear,Laboratory,"Angela Reyes, RMT",Laboratory
2023-12-11,Adult,Female,Rubella IgG,Laboratory,"Patricia Mendoza, RMT",Laboratory
2023-12-11,Adult,Female,Sodium (Na),Laboratory,"Rafael Torres, RMT",Laboratory
2023-12-12,Adult,Female,15L-ECG,Cardiology,Dr. Miguel Fernandez,Cardiology
2023-12-12,Adult,Male,Intact-PTH,Laboratory,"Mark Villanueva, RMT",Laboratory
2023-12-12,Adult,Female,Troponin I Qualitive,Laboratory,"Mark Villanueva, RMT",Laboratory
2023-12-13,Child,Male,Abdominal Pain,Clinic,Dr. Victor Manuel,Check-up
2023-12-13,Senior,Male,Diabetes Mellitus Monitoring,Clinic,Dr. Elena Bautista,Check-up
2023-12-13,Senior,Female,Duplex Scan,Radiology,Dr. Sofia Mercado,Imaging
2023-12-13,Adult,Male,Fever,Clinic,Dr. Miguel Fernandez,Check-up
2023-12-13,Senior,Male,Hypertension Monitoring,Clinic,Dr. Victor Manuel,Check-up
2023-12-13,Adult,Male,Online Doctor Consultation,Clinic,Dr. Paolo Rivera,Check-up
2023-12-13,Adult,Male,PPD Skin Test,Clinic,Dr. Paolo Rivera,Vaccination
2023-12-13,Adult,Male,Preventive Health Check-up,Clinic,Dr. Camille Tan,Check-up
2023-12-13,Child,Female,Upper Respiratory Infection,Clinic,Dr. Camille Tan,Check-up
2023-12-13,Senior,Male,Urinary Tract Infection,Clinic,Dr. Ana Lopez,Check-up
2023-12-14,Child,Male,CPK-MB,Laboratory,"Rafael Torres, RMT",Laboratory
2023-12-14,Child,Male,Glucose,Laboratory,"Mark Villanueva, RMT",Laboratory
2023-12-14,Child,Male,HCV-RNA,Laboratory,"Rafael Torres, RMT",Laboratory
2023-12-14,Adult,Male,Immunology/Serology,Laboratory,"Rafael Torres, RMT",Laboratory
2023-12-15,Adult,Female,Asthma Monitoring,Clinic,Dr. Elena Bautista,Check-up
2023-12-15,Child,Female,Fever,Clinic,Dr. Paolo Rivera,Check-up
2023-12-15,Adult,Female,HCV-RNA,Laboratory,"Joanna Lim, RMT",Laboratory
2023-12-15,Child,Male,Total Protein,Laboratory,"Rafael Torres, RMT",Laboratory
2023-12-15,Adult,Male,Upper Respiratory Infection,Clinic,Dr. Paolo Rivera,Check-up
2023-12-15,Child,Male,Upper Respiratory Infection,Clinic,Dr. Camille Tan,Check-up
2023-12-15,Adult,Female,Upper Respiratory Infection,Clinic,Dr. Ana Lopez,Check-up
2023-12-15,Child,Female,Upper Respiratory Infection,Clinic,Dr. Paolo Rivera,Check-up
2023-12-15,Adult,Male,Upper Respiratory Infection,Clinic,Dr. Camille Tan,Check-up
2023-12-15,Adult,Male,Urinary Tract Infection,Clinic,Dr. Paolo Rivera,Check-up
2023-12-16,Adult,Male,Asthma Monitoring,Clinic,Dr. Elena Bautista,Check-up
2023-12-16,Adult,Male,CBC,Clinic,Dr. Ana Lopez,Pre-Employment Checkup
2023-12-16,Adult,Male,Diabetes Mellitus Monitoring,Clinic,Dr. Elena Bautista,Check-up
2023-12-16,Adult,Female,FT4 RIA,Laboratory,"Carlo Navarro, RMT",Laboratory
2023-12-16,Adult,Male,Hypertension Monitoring,Clinic,Dr. Elena Bautista,Check-up
2023-12-16,Adult,Female,Routine Medical Consultation,Clinic,Dr. Miguel Fernandez,Check-up
2023-12-16,Adult,Male,"TPAG (Total Protein, Albumin, AG)",Laboratory,"Angela Reyes, RMT",Laboratory
2023-12-16,Adult,Female,Upper Respiratory Infection,Clinic,Dr. Camille Tan,Check-up
2023-12-16,Child,Female,Upper Respiratory Infection,Clinic,Dr. Paolo Rivera,Check-up
2023-12-16,Adult,Female,Urinary Tract Infection,Clinic,Dr. Ana Lopez,Check-up
2023-12-17,Adult,Female,Anti-HBs,Laboratory,"Joanna Lim, RMT",Laboratory
2023-12-17,Adult,Male,Diabetes Mellitus Monitoring,Clinic,Dr. Victor Manuel,Check-up
2023-12-17,Adult,Female,Diabetes Mellitus Monitoring,Clinic,Dr. Elena Bautista,Check-up
2023-12-17,Adult,Male,Diabetes Mellitus Monitoring,Clinic,Dr. Elena Bautista,Check-up
2023-12-17,Child,Female,FSH,Laboratory,"Rafael Torres, RMT",Laboratory
2023-12-17,Adult,Female,Fecal Occult Blood,Laboratory,"Mark Villanueva, RMT",Laboratory
2023-12-17,Child,Female,Fever,Clinic,Dr. Miguel Fernandez,Check-up
2023-12-17,Adult,Female,Gastritis,Clinic,Dr. Elena Bautista,Check-up
2023-12-17,Senior,Male,HBsAg Titer,Laboratory,"Mark Villanueva, RMT",Laboratory
2023-12-17,Adult,Female,Magnesium,Laboratory,"Joanna Lim, RMT",Laboratory
2023-12-17,Adult,Female,TT4 (Toal Thyroxine),Laboratory,"Joanna Lim, RMT",Laboratory
2023-12-17,Adult,Male,Transrectal Prostate,Radiology,Dr. Sofia Mercado,Imaging
2023-12-17,Senior,Male,Troponin I Quantitative,Laboratory,"Angela Reyes, RMT",Laboratory
2023-12-17,Adult,Male,Upper Respiratory Infection,Clinic,Dr. Ana Lopez,Check-up
2023-12-18,Adult,Female,Blood Uric Acid,Laboratory,"Carlo Navarro, RMT",Laboratory
2023-12-18,Senior,Female,Chest PA/LAT,Radiology,Dr. Sofia Mercado,Imaging
2023-12-18,Adult,Male,HDL,Laboratory,"Carlo Navarro, RMT",Laboratory
2023-12-18,Adult,Female,Upper Respiratory Infection,Clinic,Dr. Miguel Fernandez,Check-up
2023-12-19,Adult,Female,Lipase,Laboratory,"Patricia Mendoza, RMT",Laboratory
2023-12-19,Adult,Female,TDaP Vaccine (Adult),Clinic,Dr. Camille Tan,Vaccination
2023-12-19,Child,Male,TPPA Qualitative,Laboratory,"Patricia Mendoza, RMT",Laboratory
2023-12-20,Child,Female,Asthma Monitoring,Clinic,Dr. Victor Manuel,Check-up
2023-12-20,Senior,Female,Diabetes Mellitus Monitoring,Clinic,Dr. Elena Bautista,Check-up
2023-12-20,Senior,Male,Preventive Health Check-up,Clinic,Dr. Camille Tan,Check-up
2023-12-21,Adult,Female,2D Echo (Plain),Cardiology,Dr. Ana Lopez,Cardiology
2023-12-21,Adult,Male,Alkaline Phosphates,Laboratory,"Angela Reyes, RMT",Laboratory
2023-12-21,Adult,Female,Asthma Monitoring,Clinic,Dr. Victor Manuel,Check-up
2023-12-21,Senior,Male,Blood Urea Nitrogen,Laboratory,"Patricia Mendoza, RMT",Laboratory
2023-12-21,Adult,Female,CRP Qualitative,Laboratory,"Mark Villanueva, RMT",Laboratory
2023-12-21,Adult,Male,Dengue NS1,Laboratory,"Joanna Lim, RMT",Laboratory
2023-12-21,Adult,Female,Diabetes Mellitus Monitoring,Clinic,Dr. Victor Manuel,Check-up
2023-12-21,Adult,Male,H. Pylori (Quali)-serum,Laboratory,"Carlo Navarro, RMT",Laboratory
2023-12-21,Adult,Male,Hypertension Monitoring,Clinic,Dr. Elena Bautista,Check-up
2023-12-21,Senior,Male,Malarial Smear,Laboratory,"Carlo Navarro, RMT",Laboratory
2023-12-21,Adult,Female,T4,Laboratory,"Patricia Mendoza, RMT",Laboratory
2023-12-21,Adult,Female,Upper Respiratory Infection,Clinic,Dr. Ana Lopez,Check-up
2023-12-22,Adult,Female,Gastritis,Clinic,Dr. Victor Manuel,Check-up
2023-12-22,Adult,Female,Headache,Clinic,Dr. Paolo Rivera,Check-up
2023-12-23,Adult,Male,Alkaline Phosphates,Laboratory,"Angela Reyes, RMT",Laboratory
2023-12-23,Adult,Female,Drug Test,Clinic,Dr. Miguel Fernandez,Pre-Employment Checkup
2023-12-23,Adult,Female,HCV Screening,Laboratory,"Patricia Mendoza, RMT",Laboratory
2023-12-23,Adult,Female,HCV-Genotyping,Laboratory,"Patricia Mendoza, RMT",Laboratory
2023-12-23,Adult,Male,RA/RF Latex (Rheumatoid Factor),Laboratory,"Rafael Torres, RMT",Laboratory
2023-12-23,Senior,Male,Upper Respiratory Infection,Clinic,Dr. Paolo Rivera,Check-up
2023-12-23,Adult,Female,Urinary Tract Infection,Clinic,Dr. Ana Lopez,Check-up
2023-12-24,Adult,Female,Diabetes Mellitus Monitoring,Clinic,Dr. Elena Bautista,Check-up
2023-12-24,Adult,Female,Gastritis,Clinic,Dr. Elena Bautista,Check-up
2023-12-24,Adult,Female,Hemodialysis Kinetics (pre & post BUN),Laboratory,"Joanna Lim, RMT",Laboratory
2023-12-24,Adult,Female,TSH,Laboratory,"Mark Villanueva, RMT",Laboratory
2023-12-25,Adult,Female,Hypertension Monitoring,Clinic,Dr. Elena Bautista,Check-up
2023-12-25,Adult,Male,Urinary Tract Infection,Clinic,Dr. Ana Lopez,Check-up
2023-12-26,Adult,Male,Cortisol,Laboratory,"Patricia Mendoza, RMT",Laboratory
2023-12-26,Adult,Female,ESR,Laboratory,"Carlo Navarro, RMT",Laboratory
2023-12-26,Adult,Female,"OGCT Non-Pregnant (100g, 75g)",Laboratory,"Patricia Mendoza, RMT",Laboratory
2023-12-26,Child,Female,Rubella Igm,Laboratory,"Rafael Torres, RMT",Laboratory
2023-12-27,Adult,Female,CBC,Clinic,Dr. Camille Tan,Pre-Employment Checkup
2023-12-27,Adult,Female,CBC,Laboratory,"Rafael Torres, RMT",Laboratory
2023-12-27,Adult,Female,Diabetes Mellitus Monitoring,Clinic,Dr. Elena Bautista,Check-up
2023-12-27,Adult,Female,Diabetes Mellitus Monitoring,Clinic,Dr. Victor Manuel,Check-up
2023-12-27,Adult,Female,Gastritis,Clinic,Dr. Elena Bautista,Check-up
2023-12-27,Adult,Male,Gastritis,Clinic,Dr. Elena Bautista,Check-up
2023-12-27,Child,Male,Headache,Clinic,Dr. Camille Tan,Check-up
2023-12-27,Adult,Male,Hypertension Monitoring,Clinic,Dr. Elena Bautista,Check-up
2023-12-27,Senior,Male,Hypertension Monitoring,Clinic,Dr. Victor Manuel,Check-up
2023-12-27,Senior,Female,Hypertension Monitoring,Clinic,Dr. Elena Bautista,Check-up
2023-12-27,Adult,Female,Preventive Health Check-up,Clinic,Dr. Camille Tan,Check-up
2023-12-28,Adult,Male,FT4,Laboratory,"Carlo Navarro, RMT",Laboratory
2023-12-28,Adult,Female,Gastritis,Clinic,Dr. Victor Manuel,Check-up
2023-12-28,Adult,Female,PRO-BNP/NT Pro-BNP(each),Laboratory,"Joanna Lim, RMT",Laboratory
2023-12-28,Adult,Female,T3,Laboratory,"Angela Reyes, RMT",Laboratory
2023-12-29,Adult,Male,ESR,Laboratory,"Rafael Torres, RMT",Laboratory
2023-12-29,Adult,Male,Hepa A profile,Laboratory,"Rafael Torres, RMT",Laboratory
2023-12-29,Adult,Male,Hypertension Monitoring,Clinic,Dr. Elena Bautista,Check-up
2023-12-29,Senior,Female,Potassium (K),Laboratory,"Angela Reyes, RMT",Laboratory
2023-12-29,Adult,Female,Preventive Health Check-up,Clinic,Dr. Paolo Rivera,Check-up
2023-12-29,Child,Female,Troponin I Quantitative,Laboratory,"Mark Villanueva, RMT",Laboratory
2023-12-29,Adult,Female,Urinary Tract Infection,Clinic,Dr. Paolo Rivera,Check-up
2023-12-29,Adult,Female,Urine C/S,Laboratory,"Carlo Navarro, RMT",Laboratory
2023-12-30,Adult,Female,Calcium (C),Laboratory,"Carlo Navarro, RMT",Laboratory
2023-12-30,Adult,Male,Gastritis,Clinic,Dr. Elena Bautista,Check-up
2023-12-30,Adult,Female,Gastritis,Clinic,Dr. Elena Bautista,Check-up
2023-12-30,Adult,Female,Glucose,Laboratory,"Mark Villanueva, RMT",Laboratory
2023-12-30,Adult,Female,Gram Stain,Laboratory,"Rafael Torres, RMT",Laboratory
2023-12-30,Adult,Male,Hypertension Monitoring,Clinic,Dr. Victor Manuel,Check-up
2023-12-30,Adult,Male,Hypertension Monitoring,Clinic,Dr. Elena Bautista,Check-up
2023-12-31,Child,Male,Dermatitis and Allergy,Clinic,Dr. Paolo Rivera,Check-up
2023-12-31,Child,Male,Drug Test (Urine),Laboratory,"Mark Villanueva, RMT",Laboratory
2023-12-31,Adult,Female,Face to Face Doctor Consultation,Clinic,Dr. Ana Lopez,Check-up
2023-12-31,Adult,Male,Hypertension Monitoring,Clinic,Dr. Victor Manuel,Check-up
2023-12-31,Child,Female,Immunology/Serology,Laboratory,"Patricia Mendoza, RMT",Laboratory
2023-12-31,Adult,Male,PRO-BNP/NT Pro-BNP(each),Laboratory,"Rafael Torres, RMT",Laboratory
2023-12-31,Adult,Female,Preventive Health Check-up,Clinic,Dr. Miguel Fernandez,Check-up
2023-12-31,Adult,Female,T3,Laboratory,"Angela Reyes, RMT",Laboratory
2023-12-31,Adult,Male,Urine C/S,Laboratory,"Patricia Mendoza, RMT",Laboratory
2024-01-01,Child,Male,Dermatitis and Allergy,Clinic,Dr. Paolo Rivera,Check-up
2024-01-01,Adult,Male,Diabetes Mellitus Monitoring,Clinic,Dr. Elena Bautista,Check-up
2024-01-01,Senior,Male,Diabetes Mellitus Monitoring,Clinic,Dr. Victor Manuel,Check-up
2024-01-01,Adult,Male,HBA1C (edta),Laboratory,"Carlo Navarro, RMT",Laboratory
2024-01-01,Adult,Male,Hypertension Monitoring,Clinic,Dr. Elena Bautista,Check-up
2024-01-01,Adult,Male,Preventive Health Check-up,Clinic,Dr. Miguel Fernandez,Check-up
2024-01-01,Child,Female,Routine Medical Consultation,Clinic,Dr. Ana Lopez,Check-up
2024-01-01,Adult,Male,Typhil Dot,Laboratory,"Carlo Navarro, RMT",Laboratory
2024-01-02,Adult,Female,Blood Urea Nitrogen,Laboratory,"Angela Reyes, RMT",Laboratory
2024-01-02,Adult,Female,Dermatitis and Allergy,Clinic,Dr. Ana Lopez,Check-up
2024-01-02,Adult,Female,FT4 RIA,Laboratory,"Joanna Lim, RMT",Laboratory
2024-01-02,Adult,Female,Fecalysis,Laboratory,"Mark Villanueva, RMT",Laboratory
2024-01-02,Adult,Female,Fecalysis,Laboratory,"Carlo Navarro, RMT",Laboratory
2024-01-02,Senior,Male,HBeAg,Laboratory,"Carlo Navarro, RMT",Laboratory
2024-01-02,Adult,Female,Hypertension Monitoring,Clinic,Dr. Victor Manuel,Check-up
2024-01-02,Senior,Male,Immunology/Serology,Laboratory,"Rafael Torres, RMT",Laboratory
2024-01-02,Adult,Male,Sodium (Na),Laboratory,"Rafael Torres, RMT",Laboratory
2024-01-02,Child,Male,Sodium (Na),Laboratory,"Mark Villanueva, RMT",Laboratory
2024-01-02,Adult,Male,Upper Respiratory Infection,Clinic,Dr. Camille Tan,Check-up
2024-01-03,Adult,Female,Albumin,Laboratory,"Mark Villanueva, RMT",Laboratory
2024-01-03,Adult,Male,H. Pylori Igm (Quali)-serum,Laboratory,"Joanna Lim, RMT",Laboratory
2024-01-03,Adult,Female,HBeAg,Laboratory,"Carlo Navarro, RMT",Laboratory
2024-01-03,Adult,Female,Hypertension Monitoring,Clinic,Dr. Elena Bautista,Check-up
2024-01-03,Adult,Male,Preventive Health Check-up,Clinic,Dr. Ana Lopez,Check-up
2024-01-03,Adult,Female,RA/RF Latex (Rheumatoid Factor),Laboratory,"Patricia Mendoza, RMT",Laboratory
2024-01-03,Child,Male,RBC Morphology (Urine),Laboratory,"Angela Reyes, RMT",Laboratory
2024-01-03,Adult,Male,Ultrasound,Radiology,Dr. Henry Ong,Imaging
2024-01-03,Child,Female,Upper Respiratory Infection,Clinic,Dr. Ana Lopez,Check-up
2024-01-03,Senior,Female,Upper Respiratory Infection,Clinic,Dr. Ana Lopez,Check-up
2024-01-04,Adult,Male,2 Hours Post Prandial,Laboratory,"Joanna Lim, RMT",Laboratory
2024-01-04,Adult,Male,Abdominal Pain,Clinic,Dr. Victor Manuel,Check-up
2024-01-04,Adult,Female,Asthma Monitoring,Clinic,Dr. Elena Bautista,Check-up
2024-01-04,Adult,Male,Bleeding Time,Laboratory,"Angela Reyes, RMT",Laboratory
2024-01-04,Adult,Male,Magnesium,Laboratory,"Joanna Lim, RMT",Laboratory
2024-01-04,Adult,Female,Preventive Health Check-up,Clinic,Dr. Ana Lopez,Check-up
2024-01-04,Child,Male,Rubella IgG,Laboratory,"Angela Reyes, RMT",Laboratory
2024-01-04,Child,Male,Upper Respiratory Infection,Clinic,Dr. Camille Tan,Check-up
2024-01-05,Senior,Female,Arterial & Venous Duplex Scan,Radiology,Dr. Sofia Mercado,Imaging
2024-01-05,Child,Male,CPK-MB,Laboratory,"Patricia Mendoza, RMT",Laboratory
2024-01-05,Adult,Male,CPK-MB,Laboratory,"Carlo Navarro, RMT",Laboratory
2024-01-05,Senior,Male,Diabetes Mellitus Monitoring,Clinic,Dr. Elena Bautista,Check-up
2024-01-05,Adult,Female,HBsAg Screening,Laboratory,"Patricia Mendoza, RMT",Laboratory
2024-01-05,Adult,Male,Headache,Clinic,Dr. Miguel Fernandez,Check-up
2024-01-05,Adult,Female,"TPAG (Total Protein, Albumin, AG)",Laboratory,"Patricia Mendoza, RMT",Laboratory
2024-01-05,Adult,Female,Upper Respiratory Infection,Clinic,Dr. Ana Lopez,Check-up
2024-01-06,Child,Male,Asthma Monitoring,Clinic,Dr. Victor Manuel,Check-up
2024-01-06,Adult,Female,FT3,Laboratory,"Mark Villanueva, RMT",Laboratory
2024-01-06,Adult,Male,Gastritis,Clinic,Dr. Elena Bautista,Check-up
2024-01-06,Senior,Male,Hypertension Monitoring,Clinic,Dr. Elena Bautista,Check-up
2024-01-06,Adult,Female,Preventive Health Check-up,Clinic,Dr. Camille Tan,Check-up
2024-01-06,Adult,Female,Upper Respiratory Infection,Clinic,Dr. Ana Lopez,Check-up
2024-01-07,Adult,Male,CRP,Laboratory,"Carlo Navarro, RMT",Laboratory
2024-01-07,Senior,Male,Dermatitis and Allergy,Clinic,Dr. Paolo Rivera,Check-up
2024-01-07,Adult,Male,Elbow AP/LAT,Radiology,Dr. Henry Ong,Imaging
2024-01-07,Child,Female,Headache,Clinic,Dr. Paolo Rivera,Check-up
2024-01-07,Senior,Male,Hypertension Monitoring,Clinic,Dr. Elena Bautista,Check-up
2024-01-07,Adult,Female,MET (Shabu),Drug Testing,"Joanna Lim, RMT",Drug Testing
2024-01-07,Adult,Female,Micro Albumin (Micral Test),Laboratory,"Joanna Lim, RMT",Laboratory
2024-01-07,Adult,Female,Neck,Radiology,Dr. Sofia Mercado,Imaging
2024-01-07,Adult,Male,TT4 (Toal Thyroxine),Laboratory,"Carlo Navarro, RMT",Laboratory
2024-01-08,Senior,Male,Diabetes Mellitus Monitoring,Clinic,Dr. Victor Manuel,Check-up
2024-01-08,Adult,Female,Diabetes Mellitus Monitoring,Clinic,Dr. Victor Manuel,Check-up
2024-01-08,Adult,Male,Estradiol/Estrogen,Laboratory,"Patricia Mendoza, RMT",Laboratory
2024-01-08,Child,Female,Gastritis,Clinic,Dr. Victor Manuel,Check-up
2024-01-08,Child,Male,HCV-RNA,Laboratory,"Patricia Mendoza, RMT",Laboratory
2024-01-08,Adult,Female,Hand AP/OBLIQUE or AP/L (each),Radiology,Dr. Sofia Mercado,Imaging
2024-01-08,Adult,Male,KUB,Radiology,Dr. Henry Ong,Imaging
2024-01-08,Adult,Female,Routine Medical Consultation,Clinic,Dr. Camille Tan,Check-up
2024-01-09,Adult,Female,Arterial & Venous Duplex Scan,Radiology,Dr. Henry Ong,Imaging
2024-01-09,Adult,Female,Bleeding Time,Laboratory,"Mark Villanueva, RMT",Laboratory
2024-01-09,Adult,Male,Diabetes Mellitus Monitoring,Clinic,Dr. Victor Manuel,Check-up
2024-01-09,Adult,Male,Estradiol/Estrogen,Laboratory,"Rafael Torres, RMT",Laboratory
2024-01-09,Adult,Female,Headache,Clinic,Dr. Ana Lopez,Check-up
2024-01-09,Adult,Female,Hypertension Monitoring,Clinic,Dr. Victor Manuel,Check-up
2024-01-09,Adult,Male,Pleural/CSF Fluid Analysis,Laboratory,"Rafael Torres, RMT",Laboratory
2024-01-09,Adult,Female,Upper Respiratory Infection,Clinic,Dr. Miguel Fernandez,Check-up
2024-01-10,Adult,Male,Abdominal Pain,Clinic,Dr. Victor Manuel,Check-up
2024-01-10,Adult,Female,Fit Stool Test,Laboratory,"Mark Villanueva, RMT",Laboratory
2024-01-10,Senior,Female,Hypertension Monitoring,Clinic,Dr. Elena Bautista,Check-up
2024-01-10,Adult,Female,Liver & Spleen,Radiology,Dr. Henry Ong,Imaging
2024-01-11,Adult,Male,ASO Screening,Laboratory,"Mark Villanueva, RMT",Laboratory
2024-01-11,Adult,Female,Abdominal Pain,Clinic,Dr. Victor Manuel,Check-up
2024-01-11,Child,Female,Albumin,Laboratory,"Angela Reyes, RMT",Laboratory
2024-01-11,Adult,Male,Diabetes Mellitus Monitoring,Clinic,Dr. Elena Bautista,Check-up
2024-01-11,Adult,Female,Hypertension Monitoring,Clinic,Dr. Elena Bautista,Check-up
2024-01-11,Adult,Male,Nasal Bone AP/LAT,Radiology,Dr. Sofia Mercado,Imaging
2024-01-11,Adult,Female,Prothrombin Time,Laboratory,"Patricia Mendoza, RMT",Laboratory
2024-01-11,Senior,Female,Upper Respiratory Infection,Clinic,Dr. Paolo Rivera,Check-up
2024-01-12,Senior,Male,Abdominal Pain,Clinic,Dr. Victor Manuel,Check-up
2024-01-12,Adult,Male,Diabetes Mellitus Monitoring,Clinic,Dr. Elena Bautista,Check-up
2024-01-12,Adult,Female,Hepa B profile,Laboratory,"Joanna Lim, RMT",Laboratory
2024-01-12,Adult,Female,Inorganic Phosphorus (IPO4),Laboratory,"Carlo Navarro, RMT",Laboratory
2024-01-12,Senior,Male,Micro Albumin (Micral Test),Laboratory,"Joanna Lim, RMT",Laboratory
2024-01-12,Adult,Female,X-Ray,Annual Physical Examination,Dr. Ana Lopez,Annual Physical Examination
2024-01-13,Senior,Female,15L-ECG (Electrocardiogram) 15L,Cardiology,Dr. Camille Tan,Cardiology
2024-01-13,Adult,Female,Abdominal Pain,Clinic,Dr. Victor Manuel,Check-up
2024-01-13,Adult,Male,Asthma Monitoring,Clinic,Dr. Elena Bautista,Check-up
2024-01-13,Child,Male,Asthma Monitoring,Clinic,Dr. Victor Manuel,Check-up
2024-01-13,Senior,Female,Diabetes Mellitus Monitoring,Clinic,Dr. Victor Manuel,Check-up
2024-01-13,Child,Female,Gastritis,Clinic,Dr. Victor Manuel,Check-up
2024-01-13,Adult,Male,Hypertension Monitoring,Clinic,Dr. Victor Manuel,Check-up
2024-01-13,Adult,Male,"OGCT Pregnant (100g, 75g)",Laboratory,"Patricia Mendoza, RMT",Laboratory
2024-01-13,Senior,Male,Routine Medical Consultation,Clinic,Dr. Camille Tan,Check-up
2024-01-13,Adult,Female,Routine Medical Consultation,Clinic,Dr. Camille Tan,Check-up
2024-01-13,Child,Male,Upper Respiratory Infection,Clinic,Dr. Ana Lopez,Check-up
2024-01-14,Child,Male,Chloride (CI),Laboratory,"Angela Reyes, RMT",Laboratory
2024-01-14,Adult,Male,Rubella IgG,Laboratory,"Angela Reyes, RMT",Laboratory
2024-01-14,Adult,Female,T3,Laboratory,"Carlo Navarro, RMT",Laboratory
2024-01-14,Adult,Male,Upper Respiratory Infection,Clinic,Dr. Camille Tan,Check-up
2024-01-15,Adult,Male,Anti-HBe,Laboratory,"Carlo Navarro, RMT",Laboratory
2024-01-15,Adult,Female,CRP Qualitative,Laboratory,"Angela Reyes, RMT",Laboratory
2024-01-15,Adult,Female,Headache,Clinic,Dr. Ana Lopez,Check-up
2024-01-15,Senior,Female,Hypertension Monitoring,Clinic,Dr. Victor Manuel,Check-up
2024-01-15,Adult,Male,Malarial Smear,Laboratory,"Joanna Lim, RMT",Laboratory
2024-01-15,Adult,Male,Pregnancy Test (Urine),Laboratory,"Joanna Lim, RMT",Laboratory
2024-01-16,Adult,Male,Antigen Swab Test,Laboratory,"Joanna Lim, RMT",Laboratory
2024-01-16,Adult,Male,Diabetes Mellitus Monitoring,Clinic,Dr. Elena Bautista,Check-up
2024-01-16,Adult,Male,"OGCT Pregnant (100g, 75g)",Laboratory,"Patricia Mendoza, RMT",Laboratory
2024-01-16,Child,Female,Upper Respiratory Infection,Clinic,Dr. Camille Tan,Check-up
2024-01-17,Senior,Female,Amylase,Laboratory,"Rafael Torres, RMT",Laboratory
2024-01-17,Adult,Female,Blood Uric Acid,Laboratory,"Mark Villanueva, RMT",Laboratory
2024-01-17,Adult,Male,CPK-MM,Laboratory,"Patricia Mendoza, RMT",Laboratory
2024-01-17,Senior,Male,Diabetes Mellitus Monitoring,Clinic,Dr. Elena Bautista,Check-up
2024-01-17,Child,Male,FTA-ABS,Laboratory,"Patricia Mendoza, RMT",Laboratory
2024-01-17,Adult,Male,Fever,Clinic,Dr. Ana Lopez,Check-up
2024-01-17,Senior,Male,Gastritis,Clinic,Dr. Elena Bautista,Check-up
2024-01-17,Adult,Male,MET (Shabu),Drug Testing,"Mark Villanueva, RMT",Drug Testing
2024-01-17,Adult,Male,Sodium (Na),Laboratory,"Patricia Mendoza, RMT",Laboratory
2024-01-18,Adult,Male,Bicarbonate,Laboratory,"Rafael Torres, RMT",Laboratory
2024-01-18,Child,Male,Creatinine,Laboratory,"Patricia Mendoza, RMT",Laboratory
2024-01-18,Adult,Female,Diabetes Mellitus Monitoring,Clinic,Dr. Elena Bautista,Check-up
2024-01-18,Child,Male,Fever,Clinic,Dr. Miguel Fernandez,Check-up
2024-01-18,Adult,Male,Hypertension Monitoring,Clinic,Dr. Victor Manuel,Check-up
2024-01-18,Adult,Male,Typhil Dot,Laboratory,"Carlo Navarro, RMT",Laboratory
2024-01-19,Senior,Male,Blood Cs (2 site),Laboratory,"Mark Villanueva, RMT",Laboratory
2024-01-19,Child,Male,Chloride (C),Laboratory,"Patricia Mendoza, RMT",Laboratory
2024-01-19,Adult,Male,ECG (12 Lead) Adult,Cardiology,Dr. Ana Lopez,Cardiology
2024-01-19,Senior,Female,Hypertension Monitoring,Clinic,Dr. Elena Bautista,Check-up
2024-01-20,Adult,Female,Asthma Monitoring,Clinic,Dr. Victor Manuel,Check-up
2024-01-20,Senior,Male,Hypertension Monitoring,Clinic,Dr. Victor Manuel,Check-up
2024-01-20,Adult,Female,"OGCT Pregnant (100g, 75g)",Laboratory,"Angela Reyes, RMT",Laboratory
2024-01-21,Child,Male,Albumin,Laboratory,"Patricia Mendoza, RMT",Laboratory
2024-01-21,Adult,Male,Dermatitis and Allergy,Clinic,Dr. Camille Tan,Check-up
2024-01-21,Adult,Female,Dermatitis and Allergy,Clinic,Dr. Miguel Fernandez,Check-up
2024-01-21,Senior,Female,Dermatitis and Allergy,Clinic,Dr. Paolo Rivera,Check-up
2024-01-21,Child,Male,Gastritis,Clinic,Dr. Elena Bautista,Check-up
2024-01-21,Adult,Male,Headache,Clinic,Dr. Paolo Rivera,Check-up
2024-01-21,Adult,Male,Hepa A&B profile,Laboratory,"Patricia Mendoza, RMT",Laboratory
2024-01-21,Adult,Female,Preventive Health Check-up,Clinic,Dr. Ana Lopez,Check-up
2024-01-21,Adult,Male,Routine Medical Consultation,Clinic,Dr. Paolo Rivera,Check-up
2024-01-21,Senior,Female,Sodium (Na),Laboratory,"Carlo Navarro, RMT",Laboratory
2024-01-21,Senior,Female,Upper Abdomen & Kidney,Radiology,Dr. Sofia Mercado,Imaging
2024-01-21,Adult,Female,Upper Respiratory Infection,Clinic,Dr. Paolo Rivera,Check-up
2024-01-21,Adult,Female,Upper Respiratory Infection,Clinic,Dr. Ana Lopez,Check-up
2024-01-21,Child,Male,Upper Respiratory Infection,Clinic,Dr. Miguel Fernandez,Check-up
2024-01-21,Child,Female,Upper Respiratory Infection,Clinic,Dr. Camille Tan,Check-up
2024-01-21,Adult,Female,Urinary Tract Infection,Clinic,Dr. Camille Tan,Check-up
2024-01-22,Adult,Male,Asthma Monitoring,Clinic,Dr. Elena Bautista,Check-up
2024-01-22,Adult,Male,Blood Uric Acid,Laboratory,"Patricia Mendoza, RMT",Laboratory
2024-01-22,Adult,Female,Dermatitis and Allergy,Clinic,Dr. Ana Lopez,Check-up
2024-01-22,Adult,Male,EBV Igg,Laboratory,"Angela Reyes, RMT",Laboratory
2024-01-22,Adult,Female,Glucose,Laboratory,"Joanna Lim, RMT",Laboratory
2024-01-22,Adult,Female,Headache,Clinic,Dr. Miguel Fernandez,Check-up
2024-01-22,Adult,Female,Hypertension Monitoring,Clinic,Dr. Elena Bautista,Check-up
2024-01-22,Adult,Male,Knee Joint AP/LAT,Radiology,Dr. Sofia Mercado,Imaging
2024-01-22,Adult,Female,Laboratory Testing,Home Service,"Rafael Torres, RMT",Home Service
2024-01-22,Adult,Male,Routine Medical Consultation,Clinic,Dr. Ana Lopez,Check-up
2024-01-22,Adult,Female,Rubella Igm,Laboratory,"Carlo Navarro, RMT",Laboratory
2024-01-22,Adult,Male,Upper Respiratory Infection,Clinic,Dr. Paolo Rivera,Check-up
2024-01-23,Adult,Male,CPK Total,Laboratory,"Mark Villanueva, RMT",Laboratory
2024-01-23,Senior,Male,Diabetes Mellitus Monitoring,Clinic,Dr. Elena Bautista,Check-up
2024-01-23,Senior,Female,EGFR,Laboratory,"Patricia Mendoza, RMT",Laboratory
2024-01-23,Child,Female,Hemodialysis Kinetics (pre & post BUN),Laboratory,"Angela Reyes, RMT",Laboratory
2024-01-23,Senior,Male,Hypertension Monitoring,Clinic,Dr. Victor Manuel,Check-up
2024-01-23,Adult,Male,KOH,Laboratory,"Mark Villanueva, RMT",Laboratory
2024-01-23,Adult,Male,OGCT,Laboratory,"Carlo Navarro, RMT",Laboratory
2024-01-23,Child,Female,Peripheral Blood Smear ( 7 Days),Laboratory,"Carlo Navarro, RMT",Laboratory
2024-01-23,Child,Male,Preventive Health Check-up,Clinic,Dr. Miguel Fernandez,Check-up
2024-01-24,Adult,Female,Abdominal Pain,Clinic,Dr. Victor Manuel,Check-up
2024-01-24,Adult,Female,Asthma Monitoring,Clinic,Dr. Victor Manuel,Check-up
2024-01-24,Adult,Male,Cervical APOL,Radiology,Dr. Andrea Sy,Imaging
2024-01-24,Adult,Female,Cholesterol,Laboratory,"Angela Reyes, RMT",Laboratory
2024-01-24,Adult,Male,Gastritis,Clinic,Dr. Elena Bautista,Check-up
2024-01-24,Adult,Female,HBA1C (edta),Laboratory,"Patricia Mendoza, RMT",Laboratory
2024-01-24,Adult,Female,Hypertension Monitoring,Clinic,Dr. Elena Bautista,Check-up
2024-01-24,Adult,Male,Potassium (K),Laboratory,"Rafael Torres, RMT",Laboratory
2024-01-24,Adult,Female,Prolactin,Laboratory,"Mark Villanueva, RMT",Laboratory
2024-01-24,Adult,Female,TPPA Qualitative,Laboratory,"Joanna Lim, RMT",Laboratory
2024-01-25,Adult,Female,Arterial & Venous Duplex Scan,Radiology,Dr. Andrea Sy,Imaging
2024-01-25,Adult,Female,Asthma Monitoring,Clinic,Dr. Victor Manuel,Check-up
2024-01-25,Child,Male,Asthma Monitoring,Clinic,Dr. Elena Bautista,Check-up
2024-01-25,Adult,Male,Asthma Monitoring,Clinic,Dr. Victor Manuel,Check-up
2024-01-25,Adult,Female,"Bilirubin (B1, B2)",Laboratory,"Patricia Mendoza, RMT",Laboratory
2024-01-25,Adult,Male,Dermatitis and Allergy,Clinic,Dr. Miguel Fernandez,Check-up
2024-01-25,Adult,Male,Preventive Health Check-up,Clinic,Dr. Paolo Rivera,Check-up
2024-01-25,Adult,Male,Upper Respiratory Infection,Clinic,Dr. Paolo Rivera,Check-up
2024-01-26,Adult,Female,Diabetes Mellitus Monitoring,Clinic,Dr. Victor Manuel,Check-up
2024-01-26,Senior,Male,Upper Respiratory Infection,Clinic,Dr. Camille Tan,Check-up
2024-01-26,Adult,Male,Upper Respiratory Infection,Clinic,Dr. Miguel Fernandez,Check-up
2024-01-26,Adult,Male,Urinalysis 10P,Laboratory,"Joanna Lim, RMT",Laboratory
2024-01-26,Adult,Female,Urinary Tract Infection,Clinic,Dr. Paolo Rivera,Check-up
2024-01-27,Child,Female,Gastritis,Clinic,Dr. Victor Manuel,Check-up
2024-01-27,Adult,Male,Upper Respiratory Infection,Clinic,Dr. Paolo Rivera,Check-up
2024-01-28,Adult,Male,Asthma Monitoring,Clinic,Dr. Victor Manuel,Check-up
2024-01-28,Adult,Male,Diabetes Mellitus Monitoring,Clinic,Dr. Victor Manuel,Check-up
2024-01-28,Senior,Female,Diabetes Mellitus Monitoring,Clinic,Dr. Elena Bautista,Check-up
2024-01-28,Senior,Female,H. Pylori Igm (Quali)-serum,Laboratory,"Mark Villanueva, RMT",Laboratory
2024-01-28,Adult,Male,HBA1C (edta),Laboratory,"Rafael Torres, RMT",Laboratory
2024-01-28,Child,Male,Headache,Clinic,Dr. Ana Lopez,Check-up
2024-01-28,Adult,Male,Hemodialysis Kinetics (pre & post BUN),Laboratory,"Carlo Navarro, RMT",Laboratory
2024-01-28,Adult,Male,Hypertension Monitoring,Clinic,Dr. Victor Manuel,Check-up
2024-01-28,Adult,Female,Routine Medical Consultation,Clinic,Dr. Paolo Rivera,Check-up
2024-01-28,Adult,Female,Upper Respiratory Infection,Clinic,Dr. Paolo Rivera,Check-up
2024-01-28,Adult,Male,Upper Respiratory Infection,Clinic,Dr. Paolo Rivera,Check-up
2024-01-28,Child,Female,Urinary Tract Infection,Clinic,Dr. Paolo Rivera,Check-up
2024-01-29,Adult,Female,15L-ECG,Cardiology,Dr. Ana Lopez,Cardiology
2024-01-29,Adult,Female,CRP Qualitative,Laboratory,"Mark Villanueva, RMT",Laboratory
2024-01-29,Adult,Female,Fever,Clinic,Dr. Camille Tan,Check-up
2024-01-29,Senior,Male,Fit Stool Test,Laboratory,"Rafael Torres, RMT",Laboratory
2024-01-29,Adult,Male,OGCT,Laboratory,"Patricia Mendoza, RMT",Laboratory
2024-01-29,Adult,Female,Prolactin,Laboratory,"Mark Villanueva, RMT",Laboratory
2024-01-29,Adult,Female,Prothrombin Time,Laboratory,"Angela Reyes, RMT",Laboratory
2024-01-30,Adult,Female,Asthma Monitoring,Clinic,Dr. Victor Manuel,Check-up
2024-01-30,Adult,Male,Dermatitis and Allergy,Clinic,Dr. Camille Tan,Check-up
2024-01-30,Adult,Female,FT4,Laboratory,"Joanna Lim, RMT",Laboratory
2024-01-30,Senior,Female,Face to Face Doctor Consultation,Clinic,Dr. Camille Tan,Check-up
2024-01-30,Adult,Female,Headache,Clinic,Dr. Miguel Fernandez,Check-up
2024-01-30,Child,Male,"OGCT Pregnant (100g, 75g)",Laboratory,"Patricia Mendoza, RMT",Laboratory
2024-01-30,Adult,Male,Preventive Health Check-up,Clinic,Dr. Paolo Rivera,Check-up
2024-01-30,Child,Male,Prothrombin Time,Laboratory,"Mark Villanueva, RMT",Laboratory
2024-01-30,Senior,Female,Routine Medical Consultation,Clinic,Dr. Camille Tan,Check-up
2024-01-30,Adult,Male,Upper Respiratory Infection,Clinic,Dr. Camille Tan,Check-up
2024-01-30,Adult,Male,Venous Duplex Scan (Unilateral),Radiology,Dr. Henry Ong,Imaging
2024-01-31,Senior,Male,Diabetes Mellitus Monitoring,Clinic,Dr. Victor Manuel,Check-up
2024-01-31,Adult,Female,Routine Medical Consultation,Clinic,Dr. Paolo Rivera,Check-up
2024-02-01,Adult,Male,Asthma Monitoring,Clinic,Dr. Victor Manuel,Check-up
2024-02-01,Adult,Male,Asthma Monitoring,Clinic,Dr. Elena Bautista,Check-up
2024-02-01,Adult,Female,Diabetes Mellitus Monitoring,Clinic,Dr. Elena Bautista,Check-up
2024-02-01,Adult,Female,Diabetes Mellitus Monitoring,Clinic,Dr. Victor Manuel,Check-up
2024-02-01,Senior,Female,Diabetes Mellitus Monitoring,Clinic,Dr. Elena Bautista,Check-up
2024-02-01,Adult,Male,MET (Shabu),Drug Testing,"Carlo Navarro, RMT",Drug Testing
2024-02-01,Child,Male,RBC Morphology (Urine),Laboratory,"Patricia Mendoza, RMT",Laboratory
2024-02-01,Senior,Male,Upper Respiratory Infection,Clinic,Dr. Paolo Rivera,Check-up
2024-02-01,Adult,Female,VFRL RPR Titer,Laboratory,"Joanna Lim, RMT",Laboratory
2024-02-02,Senior,Female,Ankle – Brachial Index (by appointment),Radiology,Dr. Andrea Sy,Imaging
2024-02-02,Senior,Male,Diabetes Mellitus Monitoring,Clinic,Dr. Victor Manuel,Check-up
2024-02-02,Adult,Male,ESR,Laboratory,"Angela Reyes, RMT",Laboratory
2024-02-02,Adult,Male,GGTP,Laboratory,"Mark Villanueva, RMT",Laboratory
2024-02-02,Adult,Female,Hypertension Monitoring,Clinic,Dr. Elena Bautista,Check-up
2024-02-02,Adult,Male,Prolactin,Laboratory,"Mark Villanueva, RMT",Laboratory
2024-02-02,Adult,Female,RA/RF Latex (Rheumatoid Factor),Laboratory,"Mark Villanueva, RMT",Laboratory
2024-02-02,Adult,Female,Upper Respiratory Infection,Clinic,Dr. Ana Lopez,Check-up
2024-02-02,Senior,Female,Upper and lower extremities,Radiology,Dr. Sofia Mercado,Imaging
2024-02-03,Adult,Male,Chloride (CI),Laboratory,"Rafael Torres, RMT",Laboratory
2024-02-03,Adult,Male,Gastritis,Clinic,Dr. Victor Manuel,Check-up
2024-02-03,Adult,Female,Gastritis,Clinic,Dr. Elena Bautista,Check-up
2024-02-03,Adult,Male,HCV Screening,Laboratory,"Mark Villanueva, RMT",Laboratory
2024-02-03,Adult,Female,PPD Skin Test,Clinic,Dr. Miguel Fernandez,Vaccination
2024-02-03,Adult,Female,RA/RF Latex (Rheumatoid Factor),Laboratory,"Joanna Lim, RMT",Laboratory
2024-02-03,Child,Male,TSH,Laboratory,"Mark Villanueva, RMT",Laboratory
2024-02-04,Adult,Female,Asthma Monitoring,Clinic,Dr. Elena Bautista,Check-up
2024-02-04,Child,Female,Preventive Health Check-up,Clinic,Dr. Paolo Rivera,Check-up
2024-02-04,Senior,Female,Thoracic AP/LAT/OBLIQUE,Radiology,Dr. Henry Ong,Imaging
2024-02-04,Senior,Male,Upper Abdomen,Radiology,Dr. Henry Ong,Imaging
2024-02-04,Child,Female,Upper Respiratory Infection,Clinic,Dr. Camille Tan,Check-up
2024-02-04,Adult,Male,Upper Respiratory Infection,Clinic,Dr. Ana Lopez,Check-up
2024-02-05,Senior,Female,Arm AP/L,Radiology,Dr. Andrea Sy,Imaging
2024-02-05,Adult,Female,Chloride (C),Laboratory,"Carlo Navarro, RMT",Laboratory
2024-02-05,Adult,Female,Dengue NS1,Laboratory,"Mark Villanueva, RMT",Laboratory
2024-02-05,Adult,Female,FSH,Laboratory,"Carlo Navarro, RMT",Laboratory
2024-02-05,Adult,Male,Gastritis,Clinic,Dr. Victor Manuel,Check-up
2024-02-05,Child,Female,Inorganic Phosphorus (IPO4),Laboratory,"Patricia Mendoza, RMT",Laboratory
2024-02-05,Adult,Female,Preventive Health Check-up,Clinic,Dr. Miguel Fernandez,Check-up
2024-02-05,Adult,Female,VFRL RPR Titer,Laboratory,"Rafael Torres, RMT",Laboratory
2024-02-06,Adult,Female,Anti-HBc IgM,Laboratory,"Rafael Torres, RMT",Laboratory
2024-02-06,Child,Male,Dengue Duo IgM/IgG,Laboratory,"Rafael Torres, RMT",Laboratory
2024-02-06,Adult,Female,Diabetes Mellitus Monitoring,Clinic,Dr. Victor Manuel,Check-up
2024-02-06,Child,Female,Ionized Calcium (Ica),Laboratory,"Carlo Navarro, RMT",Laboratory
2024-02-06,Senior,Male,Pregnancy Test (Serum),Laboratory,"Rafael Torres, RMT",Laboratory
2024-02-06,Adult,Male,SGOT (AST),Laboratory,"Angela Reyes, RMT",Laboratory
2024-02-06,Adult,Male,Upper Respiratory Infection,Clinic,Dr. Camille Tan,Check-up
2024-02-06,Adult,Male,Upper Respiratory Infection,Clinic,Dr. Ana Lopez,Check-up
2024-02-07,Adult,Male,Bleeding Time,Laboratory,"Carlo Navarro, RMT",Laboratory
2024-02-07,Adult,Male,Cholesterol,Laboratory,"Carlo Navarro, RMT",Laboratory
2024-02-07,Adult,Female,Diabetes Mellitus Monitoring,Clinic,Dr. Elena Bautista,Check-up
2024-02-07,Adult,Female,ESR,Laboratory,"Mark Villanueva, RMT",Laboratory
2024-02-07,Senior,Female,Forearm AP/LAT,Radiology,Dr. Sofia Mercado,Imaging
2024-02-07,Adult,Male,Gastritis,Clinic,Dr. Victor Manuel,Check-up
2024-02-07,Adult,Female,H. Pylori Stool,Laboratory,"Patricia Mendoza, RMT",Laboratory
2024-02-07,Adult,Female,Headache,Clinic,Dr. Ana Lopez,Check-up
2024-02-07,Adult,Male,Hepa B profile,Laboratory,"Angela Reyes, RMT",Laboratory
2024-02-07,Adult,Female,Hypertension Monitoring,Clinic,Dr. Elena Bautista,Check-up
2024-02-07,Adult,Male,Preventive Health Check-up,Clinic,Dr. Camille Tan,Check-up
2024-02-07,Adult,Female,RA/RF Latex (Rheumatoid Factor),Laboratory,"Patricia Mendoza, RMT",Laboratory
2024-02-07,Adult,Female,Upper Abdomen,Radiology,Dr. Henry Ong,Imaging
2024-02-08,Adult,Female,Anti-HBs,Laboratory,"Patricia Mendoza, RMT",Laboratory
2024-02-08,Adult,Male,Bloodtype and RH Typing,Laboratory,"Mark Villanueva, RMT",Laboratory
2024-02-08,Adult,Female,Ferritin,Laboratory,"Rafael Torres, RMT",Laboratory
2024-02-08,Adult,Female,Hypertension Monitoring,Clinic,Dr. Victor Manuel,Check-up
2024-02-08,Adult,Female,Routine Medical Consultation,Clinic,Dr. Paolo Rivera,Check-up
2024-02-08,Adult,Male,Testosterone,Laboratory,"Patricia Mendoza, RMT",Laboratory
2024-02-08,Adult,Female,Upper Respiratory Infection,Clinic,Dr. Camille Tan,Check-up
2024-02-09,Child,Female,CRP Qualitative,Laboratory,"Joanna Lim, RMT",Laboratory
2024-02-09,Adult,Male,Estradiol/Estrogen,Laboratory,"Rafael Torres, RMT",Laboratory
2024-02-09,Child,Male,Gastritis,Clinic,Dr. Victor Manuel,Check-up
2024-02-09,Adult,Male,HCV Screening,Laboratory,"Carlo Navarro, RMT",Laboratory
2024-02-09,Adult,Male,Hand AP/OBLIQUE/Lateral,Radiology,Dr. Sofia Mercado,Imaging
2024-02-09,Senior,Female,Hypertension Monitoring,Clinic,Dr. Victor Manuel,Check-up
2024-02-09,Adult,Male,Hypertension Monitoring,Clinic,Dr. Victor Manuel,Check-up
2024-02-09,Adult,Female,Hypertension Monitoring,Clinic,Dr. Victor Manuel,Check-up
2024-02-09,Adult,Male,Total Protein,Laboratory,"Angela Reyes, RMT",Laboratory
2024-02-09,Child,Male,Upper Respiratory Infection,Clinic,Dr. Miguel Fernandez,Check-up
2024-02-10,Child,Female,Asthma Monitoring,Clinic,Dr. Victor Manuel,Check-up
2024-02-10,Senior,Female,Cholesterol,Laboratory,"Rafael Torres, RMT",Laboratory
2024-02-10,Adult,Male,DTAP Vaccine (pedia),Clinic,Dr. Miguel Fernandez,Vaccination
2024-02-10,Adult,Female,HBA1C (edta),Laboratory,"Patricia Mendoza, RMT",Laboratory
2024-02-10,Adult,Male,Headache,Clinic,Dr. Miguel Fernandez,Check-up
2024-02-10,Adult,Male,Hypertension Monitoring,Clinic,Dr. Elena Bautista,Check-up
2024-02-10,Adult,Female,TT4 (Toal Thyroxine),Laboratory,"Carlo Navarro, RMT",Laboratory
2024-02-10,Adult,Female,Upper Abdomen,Radiology,Dr. Henry Ong,Imaging
2024-02-11,Child,Female,Anti-HBc IgG,Laboratory,"Patricia Mendoza, RMT",Laboratory
2024-02-11,Child,Female,Asthma Monitoring,Clinic,Dr. Victor Manuel,Check-up
2024-02-11,Adult,Male,Blood Cs with ARD (2 site),Laboratory,"Angela Reyes, RMT",Laboratory
2024-02-11,Adult,Female,Dengue NS1,Laboratory,"Mark Villanueva, RMT",Laboratory
2024-02-11,Adult,Female,Diabetes Mellitus Monitoring,Clinic,Dr. Elena Bautista,Check-up
2024-02-11,Adult,Female,EBV Igm,Laboratory,"Patricia Mendoza, RMT",Laboratory
2024-02-11,Senior,Female,Hypertension Monitoring,Clinic,Dr. Victor Manuel,Check-up
2024-02-11,Adult,Female,Peripheral Blood Smear ( 7 Days),Laboratory,"Mark Villanueva, RMT",Laboratory
2024-02-11,Adult,Male,Routine Medical Consultation,Clinic,Dr. Miguel Fernandez,Check-up
2024-02-12,Adult,Male,CRP Qualitative,Laboratory,"Patricia Mendoza, RMT",Laboratory
2024-02-12,Adult,Male,Dermatitis and Allergy,Clinic,Dr. Ana Lopez,Check-up
2024-02-12,Adult,Male,Diabetes Mellitus Monitoring,Clinic,Dr. Victor Manuel,Check-up
2024-02-12,Adult,Female,Fever,Clinic,Dr. Paolo Rivera,Check-up
2024-02-12,Child,Male,Gastritis,Clinic,Dr. Victor Manuel,Check-up
2024-02-12,Senior,Female,Hypertension Monitoring,Clinic,Dr. Elena Bautista,Check-up
2024-02-12,Adult,Male,Hypertension Monitoring,Clinic,Dr. Victor Manuel,Check-up
2024-02-12,Child,Male,"TPAG (Total Protein, Albumin, AG)",Laboratory,"Rafael Torres, RMT",Laboratory
2024-02-12,Adult,Female,Upper Respiratory Infection,Clinic,Dr. Ana Lopez,Check-up
2024-02-13,Adult,Female,Anti-HBc IgM,Laboratory,"Joanna Lim, RMT",Laboratory
2024-02-13,Adult,Female,Asthma Monitoring,Clinic,Dr. Victor Manuel,Check-up
2024-02-13,Adult,Female,CBC,Annual Physical Examination,Dr. Miguel Fernandez,Annual Physical Examination
2024-02-13,Adult,Female,CBC w/ Actual Platelet Count,Laboratory,"Carlo Navarro, RMT",Laboratory
2024-02-13,Adult,Female,Hypertension Monitoring,Clinic,Dr. Victor Manuel,Check-up
2024-02-13,Adult,Female,OGCT,Laboratory,"Patricia Mendoza, RMT",Laboratory
2024-02-13,Senior,Female,Upper Respiratory Infection,Clinic,Dr. Ana Lopez,Check-up
2024-02-14,Adult,Female,2D Echo (Plain),Cardiology,Dr. Ana Lopez,Cardiology
2024-02-14,Adult,Male,Asthma Monitoring,Clinic,Dr. Elena Bautista,Check-up
2024-02-14,Adult,Male,Asthma Monitoring,Clinic,Dr. Victor Manuel,Check-up
2024-02-14,Adult,Female,Asthma Monitoring,Clinic,Dr. Victor Manuel,Check-up
2024-02-14,Adult,Male,C3,Laboratory,"Rafael Torres, RMT",Laboratory
2024-02-14,Adult,Male,Estrogen,Laboratory,"Patricia Mendoza, RMT",Laboratory
2024-02-14,Adult,Female,Routine Medical Consultation,Clinic,Dr. Camille Tan,Check-up
2024-02-14,Adult,Male,Urinalysis 10P,Laboratory,"Joanna Lim, RMT",Laboratory
2024-02-15,Adult,Female,Asthma Monitoring,Clinic,Dr. Elena Bautista,Check-up
2024-02-15,Senior,Female,Diabetes Mellitus Monitoring,Clinic,Dr. Victor Manuel,Check-up
2024-02-15,Senior,Male,Diabetes Mellitus Monitoring,Clinic,Dr. Elena Bautista,Check-up
2024-02-15,Child,Female,Potassium (K),Laboratory,"Joanna Lim, RMT",Laboratory
2024-02-16,Senior,Male,2D Echo: Plain with Doppler (Adult),Cardiology,Dr. Paolo Rivera,Cardiology
2024-02-16,Adult,Female,Anti-HAV Screening,Laboratory,"Mark Villanueva, RMT",Laboratory
2024-02-16,Child,Female,Blood Urea Nitrogen,Laboratory,"Carlo Navarro, RMT",Laboratory
2024-02-16,Adult,Female,Gastritis,Clinic,Dr. Victor Manuel,Check-up
2024-02-16,Child,Male,Upper Respiratory Infection,Clinic,Dr. Paolo Rivera,Check-up
2024-02-16,Adult,Female,Upper Respiratory Infection,Clinic,Dr. Ana Lopez,Check-up
2024-02-17,Adult,Male,Asthma Monitoring,Clinic,Dr. Elena Bautista,Check-up
2024-02-17,Adult,Male,Chest PA for Pregnant,Radiology,Dr. Andrea Sy,Imaging
2024-02-17,Child,Male,Dermatitis and Allergy,Clinic,Dr. Paolo Rivera,Check-up
2024-02-17,Adult,Female,Diabetes Mellitus Monitoring,Clinic,Dr. Elena Bautista,Check-up
2024-02-17,Adult,Female,Drug Test (Urine),Laboratory,"Rafael Torres, RMT",Laboratory
2024-02-17,Adult,Male,Gastritis,Clinic,Dr. Elena Bautista,Check-up
2024-02-17,Adult,Female,Micro Albumin (Micral Test),Laboratory,"Angela Reyes, RMT",Laboratory
2024-02-17,Senior,Male,Sperm Analysis WHO,Laboratory,"Mark Villanueva, RMT",Laboratory
2024-02-18,Adult,Male,Diabetes Mellitus Monitoring,Clinic,Dr. Elena Bautista,Check-up
2024-02-18,Adult,Female,FT3 RIA,Laboratory,"Carlo Navarro, RMT",Laboratory
2024-02-18,Adult,Female,Fecal Occult Blood,Laboratory,"Carlo Navarro, RMT",Laboratory
2024-02-18,Adult,Female,HBeAg,Laboratory,"Mark Villanueva, RMT",Laboratory
2024-02-18,Adult,Male,Preventive Health Check-up,Clinic,Dr. Ana Lopez,Check-up
2024-02-18,Adult,Male,Upper Respiratory Infection,Clinic,Dr. Miguel Fernandez,Check-up
2024-02-18,Adult,Female,Upper Respiratory Infection,Clinic,Dr. Paolo Rivera,Check-up
2024-02-19,Child,Male,Albumin,Laboratory,"Joanna Lim, RMT",Laboratory
2024-02-19,Senior,Female,Diabetes Mellitus Monitoring,Clinic,Dr. Victor Manuel,Check-up
2024-02-19,Adult,Male,Hypertension Monitoring,Clinic,Dr. Victor Manuel,Check-up
2024-02-19,Senior,Male,Hypertension Monitoring,Clinic,Dr. Elena Bautista,Check-up
2024-02-19,Senior,Male,Immunology/Serology,Laboratory,"Rafael Torres, RMT",Laboratory
2024-02-19,Adult,Male,RBC Morphology (Urine),Laboratory,"Angela Reyes, RMT",Laboratory
2024-02-20,Child,Female,CPK-MM,Laboratory,"Rafael Torres, RMT",Laboratory
2024-02-20,Child,Female,Cortisol,Laboratory,"Rafael Torres, RMT",Laboratory
2024-02-20,Child,Male,Glucose,Laboratory,"Patricia Mendoza, RMT",Laboratory
2024-02-20,Adult,Male,MET (Shabu),Drug Testing,"Patricia Mendoza, RMT",Drug Testing
2024-02-20,Adult,Male,"TPAG (Total Protein, Albumin, AG)",Laboratory,"Patricia Mendoza, RMT",Laboratory
2024-02-20,Adult,Female,Urinalysis & Fecalysis,Clinic,Dr. Miguel Fernandez,Pre-Employment Checkup
2024-02-21,Adult,Male,Clinical Chemistry,Laboratory,"Rafael Torres, RMT",Laboratory
2024-02-21,Adult,Male,Gastritis,Clinic,Dr. Victor Manuel,Check-up
2024-02-21,Adult,Female,Pelvic Ultrasound,Radiology,Dr. Sofia Mercado,Imaging
2024-02-21,Child,Male,Physical Exam,Annual Physical Examination,Dr. Miguel Fernandez,Annual Physical Examination
2024-02-21,Adult,Male,RBC Morphology (Urine),Laboratory,"Rafael Torres, RMT",Laboratory
2024-02-21,Senior,Male,Routine Medical Consultation,Clinic,Dr. Paolo Rivera,Check-up
2024-02-21,Adult,Male,Total Protein,Laboratory,"Mark Villanueva, RMT",Laboratory
2024-02-21,Adult,Male,Upper Respiratory Infection,Clinic,Dr. Ana Lopez,Check-up
2024-02-22,Adult,Female,Asthma Monitoring,Clinic,Dr. Victor Manuel,Check-up
2024-02-22,Child,Female,Dermatitis and Allergy,Clinic,Dr. Ana Lopez,Check-up
2024-02-22,Adult,Female,FSH,Laboratory,"Carlo Navarro, RMT",Laboratory
2024-02-22,Adult,Male,Fever,Clinic,Dr. Miguel Fernandez,Check-up
2024-02-22,Adult,Male,Gastritis,Clinic,Dr. Victor Manuel,Check-up
2024-02-22,Child,Female,Gastritis,Clinic,Dr. Victor Manuel,Check-up
2024-02-22,Adult,Female,HBeAg,Laboratory,"Joanna Lim, RMT",Laboratory
2024-02-22,Adult,Male,Hypertension Monitoring,Clinic,Dr. Victor Manuel,Check-up
2024-02-22,Adult,Female,Protein,Laboratory,"Patricia Mendoza, RMT",Laboratory
2024-02-22,Adult,Female,Routine Medical Consultation,Clinic,Dr. Ana Lopez,Check-up
2024-02-22,Senior,Female,Thoraco Lumbar,Radiology,Dr. Andrea Sy,Imaging
2024-02-22,Adult,Female,Upper Respiratory Infection,Clinic,Dr. Miguel Fernandez,Check-up
2024-02-23,Adult,Male,Bloodtype and RH Typing,Laboratory,"Patricia Mendoza, RMT",Laboratory
2024-02-23,Adult,Male,Diabetes Mellitus Monitoring,Clinic,Dr. Victor Manuel,Check-up
2024-02-23,Senior,Male,HBsAg Titer,Laboratory,"Angela Reyes, RMT",Laboratory
2024-02-23,Adult,Female,HDL,Laboratory,"Patricia Mendoza, RMT",Laboratory
2024-02-23,Adult,Female,Headache,Clinic,Dr. Paolo Rivera,Check-up
2024-02-24,Adult,Female,Bloodtype and RH Typing,Laboratory,"Mark Villanueva, RMT",Laboratory
2024-02-24,Adult,Female,Routine Medical Consultation,Clinic,Dr. Camille Tan,Check-up
2024-02-24,Adult,Female,Upper Respiratory Infection,Clinic,Dr. Ana Lopez,Check-up
2024-02-24,Child,Male,Urinary Tract Infection,Clinic,Dr. Miguel Fernandez,Check-up
2024-02-24,Adult,Male,Urinary Tract Infection,Clinic,Dr. Miguel Fernandez,Check-up
2024-02-25,Child,Female,Anti-HAV Screening,Laboratory,"Rafael Torres, RMT",Laboratory
2024-02-25,Adult,Female,"OGCT Non-Pregnant (100g, 75g)",Laboratory,"Joanna Lim, RMT",Laboratory
2024-02-25,Senior,Male,TSH,Laboratory,"Carlo Navarro, RMT",Laboratory
2024-02-26,Adult,Male,CRP Qualitative,Laboratory,"Patricia Mendoza, RMT",Laboratory
2024-02-26,Adult,Male,Clinical Chemistry,Laboratory,"Patricia Mendoza, RMT",Laboratory
2024-02-26,Child,Male,Dermatitis and Allergy,Clinic,Dr. Miguel Fernandez,Check-up
2024-02-26,Adult,Male,HCV-Genotyping,Laboratory,"Carlo Navarro, RMT",Laboratory
2024-02-26,Adult,Male,Hypertension Monitoring,Clinic,Dr. Victor Manuel,Check-up
2024-02-26,Child,Female,Potassium (K),Laboratory,"Mark Villanueva, RMT",Laboratory
2024-02-26,Adult,Male,Upper Respiratory Infection,Clinic,Dr. Paolo Rivera,Check-up
2024-02-26,Adult,Female,Upper Respiratory Infection,Clinic,Dr. Ana Lopez,Check-up
2024-02-27,Adult,Male,CBC,Clinic,Dr. Miguel Fernandez,Pre-Employment Checkup
2024-02-27,Adult,Male,Paps Smear (7 days),Laboratory,"Angela Reyes, RMT",Laboratory
2024-02-27,Adult,Male,Upper Respiratory Infection,Clinic,Dr. Miguel Fernandez,Check-up
2024-02-27,Adult,Male,Upper Respiratory Infection,Clinic,Dr. Camille Tan,Check-up
2024-02-27,Adult,Male,Urinary Tract Infection,Clinic,Dr. Miguel Fernandez,Check-up
2024-02-28,Senior,Female,D-DIMER Test,Laboratory,"Joanna Lim, RMT",Laboratory
2024-02-28,Senior,Male,Diabetes Mellitus Monitoring,Clinic,Dr. Elena Bautista,Check-up
2024-02-28,Adult,Female,Estrogen (RIA),Laboratory,"Joanna Lim, RMT",Laboratory
2024-02-28,Child,Male,Testosterone,Laboratory,"Mark Villanueva, RMT",Laboratory
2024-02-28,Senior,Female,Upper Respiratory Infection,Clinic,Dr. Ana Lopez,Check-up
2024-02-29,Child,Female,Abdominal Pain,Clinic,Dr. Elena Bautista,Check-up
2024-02-29,Adult,Male,Amylase,Laboratory,"Rafael Torres, RMT",Laboratory
2024-02-29,Adult,Female,Anti-HAV IgM,Laboratory,"Rafael Torres, RMT",Laboratory
2024-02-29,Senior,Male,Estrogen (RIA),Laboratory,"Patricia Mendoza, RMT",Laboratory
2024-02-29,Child,Male,Gastritis,Clinic,Dr. Victor Manuel,Check-up
2024-02-29,Adult,Female,Gastritis,Clinic,Dr. Victor Manuel,Check-up
2024-02-29,Senior,Male,Hypertension Monitoring,Clinic,Dr. Victor Manuel,Check-up
2024-02-29,Child,Male,Micro Albumin (Micral Test),Laboratory,"Joanna Lim, RMT",Laboratory
2024-02-29,Adult,Male,Sodium (Na),Laboratory,"Mark Villanueva, RMT",Laboratory
2024-02-29,Adult,Male,Upper Respiratory Infection,Clinic,Dr. Camille Tan,Check-up
2024-03-01,Adult,Female,Asthma Monitoring,Clinic,Dr. Elena Bautista,Check-up
2024-03-01,Adult,Male,H. Pylori Stool,Laboratory,"Mark Villanueva, RMT",Laboratory
2024-03-01,Adult,Male,HBA1C (edta),Laboratory,"Joanna Lim, RMT",Laboratory
2024-03-01,Child,Female,Headache,Clinic,Dr. Ana Lopez,Check-up
2024-03-01,Adult,Female,Hepa A profile,Laboratory,"Patricia Mendoza, RMT",Laboratory
2024-03-01,Senior,Male,Hypertension Monitoring,Clinic,Dr. Elena Bautista,Check-up
2024-03-01,Adult,Female,Hypertension Monitoring,Clinic,Dr. Elena Bautista,Check-up
2024-03-01,Adult,Female,Pregnancy Test (Urine),Laboratory,"Angela Reyes, RMT",Laboratory
2024-03-01,Adult,Male,Serum LDH,Laboratory,"Carlo Navarro, RMT",Laboratory
2024-03-01,Adult,Male,Upper Respiratory Infection,Clinic,Dr. Ana Lopez,Check-up
2024-03-02,Adult,Female,Abdominal Pain,Clinic,Dr. Elena Bautista,Check-up
2024-03-02,Senior,Female,Asthma Monitoring,Clinic,Dr. Elena Bautista,Check-up
2024-03-02,Adult,Female,"Iron Studies (TI, TIBC, Ferritin)",Laboratory,"Rafael Torres, RMT",Laboratory
2024-03-02,Adult,Male,OB-Congenital Scan,Radiology,Dr. Sofia Mercado,Imaging
2024-03-02,Adult,Male,Routine Medical Consultation,Clinic,Dr. Camille Tan,Check-up
2024-03-03,Adult,Male,Alkaline Phosphates,Laboratory,"Patricia Mendoza, RMT",Laboratory
2024-03-03,Adult,Male,Anti-HAV Screening,Laboratory,"Joanna Lim, RMT",Laboratory
2024-03-03,Adult,Male,Asthma Monitoring,Clinic,Dr. Elena Bautista,Check-up
2024-03-03,Child,Male,Dermatitis and Allergy,Clinic,Dr. Paolo Rivera,Check-up
2024-03-03,Senior,Male,Diabetes Mellitus Monitoring,Clinic,Dr. Victor Manuel,Check-up
2024-03-03,Adult,Female,FBS,Laboratory,"Joanna Lim, RMT",Laboratory
2024-03-03,Adult,Female,Gastritis,Clinic,Dr. Victor Manuel,Check-up
2024-03-03,Senior,Male,Headache,Clinic,Dr. Ana Lopez,Check-up
2024-03-03,Adult,Female,Headache,Clinic,Dr. Camille Tan,Check-up
2024-03-03,Senior,Female,Potassium (K),Laboratory,"Angela Reyes, RMT",Laboratory
2024-03-03,Child,Female,TPHA Screening,Laboratory,"Angela Reyes, RMT",Laboratory
2024-03-04,Adult,Male,Bleeding Time,Laboratory,"Angela Reyes, RMT",Laboratory
2024-03-04,Child,Female,Dermatitis and Allergy,Clinic,Dr. Camille Tan,Check-up
2024-03-04,Child,Male,Drug Test (Urine),Laboratory,"Joanna Lim, RMT",Laboratory
2024-03-04,Adult,Male,Fever,Clinic,Dr. Miguel Fernandez,Check-up
2024-03-04,Adult,Female,Gastritis,Clinic,Dr. Elena Bautista,Check-up
2024-03-04,Adult,Female,Gastritis,Clinic,Dr. Victor Manuel,Check-up
2024-03-04,Adult,Male,Headache,Clinic,Dr. Camille Tan,Check-up
2024-03-04,Adult,Female,Physical Exam,Annual Physical Examination,Dr. Ana Lopez,Annual Physical Examination
2024-03-04,Senior,Male,Preventive Health Check-up,Clinic,Dr. Paolo Rivera,Check-up
2024-03-04,Child,Female,Preventive Health Check-up,Clinic,Dr. Ana Lopez,Check-up
2024-03-04,Adult,Female,Routine Medical Consultation,Clinic,Dr. Paolo Rivera,Check-up
2024-03-04,Senior,Female,Routine Medical Consultation,Clinic,Dr. Camille Tan,Check-up
2024-03-05,Adult,Male,Dermatitis and Allergy,Clinic,Dr. Paolo Rivera,Check-up
2024-03-05,Adult,Female,H. Pylori (Quali)-serum,Laboratory,"Carlo Navarro, RMT",Laboratory
2024-03-05,Child,Female,Headache,Clinic,Dr. Miguel Fernandez,Check-up
2024-03-05,Adult,Male,Thoracic AP/LAT/OBLIQUE,Radiology,Dr. Henry Ong,Imaging
2024-03-05,Adult,Female,Upper Abdomen & Kidney,Radiology,Dr. Sofia Mercado,Imaging
2024-03-06,Senior,Male,Dermatitis and Allergy,Clinic,Dr. Camille Tan,Check-up
2024-03-06,Adult,Male,Diabetes Mellitus Monitoring,Clinic,Dr. Elena Bautista,Check-up
2024-03-06,Adult,Female,Diabetes Mellitus Monitoring,Clinic,Dr. Elena Bautista,Check-up
2024-03-06,Child,Female,Prothrombin Time,Laboratory,"Carlo Navarro, RMT",Laboratory
2024-03-06,Adult,Male,Total Iron,Laboratory,"Joanna Lim, RMT",Laboratory
2024-03-06,Adult,Female,Upper Respiratory Infection,Clinic,Dr. Miguel Fernandez,Check-up
2024-03-07,Child,Female,Anti-HBc IgM,Laboratory,"Carlo Navarro, RMT",Laboratory
2024-03-07,Adult,Female,Dermatitis and Allergy,Clinic,Dr. Ana Lopez,Check-up
2024-03-07,Adult,Female,Gastritis,Clinic,Dr. Elena Bautista,Check-up
2024-03-07,Senior,Female,Hypertension Monitoring,Clinic,Dr. Victor Manuel,Check-up
2024-03-07,Adult,Male,Hypertension Monitoring,Clinic,Dr. Victor Manuel,Check-up
2024-03-07,Child,Female,Upper Respiratory Infection,Clinic,Dr. Paolo Rivera,Check-up
2024-03-08,Adult,Male,Cholesterol,Laboratory,"Patricia Mendoza, RMT",Laboratory
2024-03-08,Child,Male,Drug Test (Urine),Laboratory,"Patricia Mendoza, RMT",Laboratory
2024-03-08,Child,Female,Magnesium,Laboratory,"Patricia Mendoza, RMT",Laboratory
2024-03-08,Adult,Female,Reticulocyte Count,Laboratory,"Carlo Navarro, RMT",Laboratory
2024-03-08,Child,Male,Routine Medical Consultation,Clinic,Dr. Miguel Fernandez,Check-up
2024-03-09,Child,Female,CPK-MB,Laboratory,"Rafael Torres, RMT",Laboratory
2024-03-09,Adult,Male,CRP,Laboratory,"Mark Villanueva, RMT",Laboratory
2024-03-09,Child,Female,Chloride (CI),Laboratory,"Carlo Navarro, RMT",Laboratory
2024-03-09,Adult,Male,Clinical Microscopy,Laboratory,"Rafael Torres, RMT",Laboratory
2024-03-09,Adult,Male,Headache,Clinic,Dr. Camille Tan,Check-up
2024-03-09,Senior,Male,Hypertension Monitoring,Clinic,Dr. Elena Bautista,Check-up
2024-03-09,Adult,Female,Hypertension Monitoring,Clinic,Dr. Elena Bautista,Check-up
2024-03-09,Adult,Male,PRO-BNP/NT Pro-BNP(each),Laboratory,"Carlo Navarro, RMT",Laboratory
2024-03-09,Adult,Male,Routine Medical Consultation,Clinic,Dr. Miguel Fernandez,Check-up
2024-03-09,Adult,Male,Total Calcium (TCa),Laboratory,"Angela Reyes, RMT",Laboratory
2024-03-10,Adult,Male,Diabetes Mellitus Monitoring,Clinic,Dr. Victor Manuel,Check-up
2024-03-10,Child,Female,Gastritis,Clinic,Dr. Elena Bautista,Check-up
2024-03-10,Adult,Male,Humerus AP/LAT,Radiology,Dr. Henry Ong,Imaging
2024-03-10,Adult,Female,PRO-BNP/NT Pro-BNP(each),Laboratory,"Carlo Navarro, RMT",Laboratory
2024-03-11,Senior,Male,Asthma Monitoring,Clinic,Dr. Elena Bautista,Check-up
2024-03-11,Child,Female,Asthma Monitoring,Clinic,Dr. Victor Manuel,Check-up
2024-03-11,Adult,Male,EBV Igm,Laboratory,"Rafael Torres, RMT",Laboratory
2024-03-11,Child,Female,Flu Vaccine,Clinic,Dr. Miguel Fernandez,Vaccination
2024-03-11,Adult,Female,Liver,Radiology,Dr. Andrea Sy,Imaging
2024-03-11,Child,Male,Malarial Smear,Laboratory,"Angela Reyes, RMT",Laboratory
2024-03-11,Senior,Female,Potassium (K),Laboratory,"Rafael Torres, RMT",Laboratory
2024-03-11,Adult,Female,Routine Medical Consultation,Clinic,Dr. Paolo Rivera,Check-up
2024-03-11,Adult,Male,Routine Medical Consultation,Clinic,Dr. Camille Tan,Check-up
2024-03-11,Adult,Female,Transrectal Prostate,Radiology,Dr. Andrea Sy,Imaging
2024-03-11,Child,Male,Upper Respiratory Infection,Clinic,Dr. Paolo Rivera,Check-up
2024-03-12,Adult,Female,Anti-HCV Titer,Laboratory,"Mark Villanueva, RMT",Laboratory
2024-03-12,Adult,Male,CRP,Laboratory,"Angela Reyes, RMT",Laboratory
2024-03-12,Child,Male,Dermatitis and Allergy,Clinic,Dr. Miguel Fernandez,Check-up
2024-03-12,Adult,Female,Dermatitis and Allergy,Clinic,Dr. Camille Tan,Check-up
2024-03-12,Adult,Female,Diabetes Mellitus Monitoring,Clinic,Dr. Elena Bautista,Check-up
2024-03-12,Senior,Female,Diabetes Mellitus Monitoring,Clinic,Dr. Victor Manuel,Check-up
2024-03-12,Senior,Female,Fit Stool Test,Laboratory,"Carlo Navarro, RMT",Laboratory
2024-03-12,Child,Male,HBsAg Titer,Laboratory,"Rafael Torres, RMT",Laboratory
2024-03-12,Senior,Male,TPHA Titer,Laboratory,"Patricia Mendoza, RMT",Laboratory
2024-03-12,Child,Male,Urinary Tract Infection,Clinic,Dr. Camille Tan,Check-up
2024-03-13,Adult,Female,Asthma Monitoring,Clinic,Dr. Victor Manuel,Check-up
2024-03-13,Adult,Female,HBeAg,Laboratory,"Angela Reyes, RMT",Laboratory
2024-03-13,Adult,Female,Hypertension Monitoring,Clinic,Dr. Victor Manuel,Check-up
2024-03-13,Child,Male,Plain Abdomen AP/LAT (Pedia),Radiology,Dr. Sofia Mercado,Imaging
2024-03-14,Adult,Female,Diabetes Mellitus Monitoring,Clinic,Dr. Elena Bautista,Check-up
2024-03-14,Adult,Female,Hypertension Monitoring,Clinic,Dr. Elena Bautista,Check-up
2024-03-14,Senior,Male,Hypertension Monitoring,Clinic,Dr. Elena Bautista,Check-up
2024-03-14,Adult,Female,"OGCT Non-Pregnant (100g, 75g)",Laboratory,"Mark Villanueva, RMT",Laboratory
2024-03-14,Senior,Male,Rubella IgG,Laboratory,"Angela Reyes, RMT",Laboratory
2024-03-14,Adult,Male,Urinary Tract Infection,Clinic,Dr. Camille Tan,Check-up
2024-03-15,Adult,Female,2D Echo Cardiogram,Cardiology,Dr. Camille Tan,Cardiology
2024-03-15,Adult,Female,CBC,Annual Physical Examination,Dr. Camille Tan,Annual Physical Examination
2024-03-15,Adult,Male,D-DIMER Test,Laboratory,"Joanna Lim, RMT",Laboratory
2024-03-15,Senior,Female,Diabetes Mellitus Monitoring,Clinic,Dr. Elena Bautista,Check-up
2024-03-15,Adult,Male,Diabetes Mellitus Monitoring,Clinic,Dr. Victor Manuel,Check-up
2024-03-15,Adult,Male,FT4 RIA,Laboratory,"Rafael Torres, RMT",Laboratory
2024-03-15,Child,Female,HCV-RNA,Laboratory,"Angela Reyes, RMT",Laboratory
2024-03-15,Adult,Male,Headache,Clinic,Dr. Paolo Rivera,Check-up
2024-03-15,Adult,Female,Hypertension Monitoring,Clinic,Dr. Elena Bautista,Check-up
2024-03-15,Adult,Female,"OGCT Pregnant (100g, 75g)",Laboratory,"Patricia Mendoza, RMT",Laboratory
2024-03-15,Adult,Male,Protein,Laboratory,"Patricia Mendoza, RMT",Laboratory
2024-03-16,Senior,Female,Hypertension Monitoring,Clinic,Dr. Victor Manuel,Check-up
2024-03-16,Adult,Female,Hypertension Monitoring,Clinic,Dr. Victor Manuel,Check-up
2024-03-16,Adult,Male,Lipase,Laboratory,"Patricia Mendoza, RMT",Laboratory
2024-03-17,Senior,Female,Amylase,Laboratory,"Patricia Mendoza, RMT",Laboratory
2024-03-17,Adult,Male,Asthma Monitoring,Clinic,Dr. Elena Bautista,Check-up
2024-03-17,Adult,Male,Hepa C profile,Laboratory,"Patricia Mendoza, RMT",Laboratory
2024-03-17,Adult,Female,Liver & Gallbladder,Radiology,Dr. Sofia Mercado,Imaging
2024-03-17,Adult,Male,TPHA Titer,Laboratory,"Rafael Torres, RMT",Laboratory
2024-03-17,Adult,Female,Upper Respiratory Infection,Clinic,Dr. Camille Tan,Check-up
2024-03-17,Child,Male,Upper Respiratory Infection,Clinic,Dr. Miguel Fernandez,Check-up
2024-03-17,Adult,Male,Upper Respiratory Infection,Clinic,Dr. Ana Lopez,Check-up
2024-03-17,Adult,Male,Urinary Tract Infection,Clinic,Dr. Miguel Fernandez,Check-up
2024-03-18,Adult,Male,Calcium (C),Laboratory,"Carlo Navarro, RMT",Laboratory
2024-03-18,Senior,Female,Fever,Clinic,Dr. Paolo Rivera,Check-up
2024-03-18,Child,Male,Gastritis,Clinic,Dr. Victor Manuel,Check-up
2024-03-18,Adult,Male,Hepa A&B profile,Laboratory,"Patricia Mendoza, RMT",Laboratory
2024-03-18,Adult,Female,"Hepa A,B,C",Laboratory,"Joanna Lim, RMT",Laboratory
2024-03-18,Senior,Female,Pneumococcal Vaccine (5 Years & lifetime),Clinic,Dr. Paolo Rivera,Vaccination
2024-03-18,Adult,Female,Thoracic Spine AP/LAT,Radiology,Dr. Henry Ong,Imaging
2024-03-19,Adult,Male,Fecalysis,Laboratory,"Patricia Mendoza, RMT",Laboratory
2024-03-19,Child,Male,HCV Screening,Laboratory,"Angela Reyes, RMT",Laboratory
2024-03-19,Adult,Female,Hypertension Monitoring,Clinic,Dr. Elena Bautista,Check-up
2024-03-19,Adult,Male,Troponin T Qualitive,Laboratory,"Mark Villanueva, RMT",Laboratory
2024-03-20,Child,Female,CPK-MB,Laboratory,"Carlo Navarro, RMT",Laboratory
2024-03-20,Adult,Male,Dermatitis and Allergy,Clinic,Dr. Miguel Fernandez,Check-up
2024-03-20,Adult,Male,Diabetes Mellitus Monitoring,Clinic,Dr. Victor Manuel,Check-up
2024-03-20,Senior,Female,Estradiol/Estrogen,Laboratory,"Rafael Torres, RMT",Laboratory
2024-03-20,Adult,Female,H. Pylori (Quali)-serum,Laboratory,"Carlo Navarro, RMT",Laboratory
2024-03-20,Adult,Male,Upper Abdomen,Radiology,Dr. Henry Ong,Imaging
2024-03-21,Adult,Female,Asthma Monitoring,Clinic,Dr. Elena Bautista,Check-up
2024-03-21,Adult,Male,Body Fluid Analysis (Package),Laboratory,"Mark Villanueva, RMT",Laboratory
2024-03-21,Senior,Male,CBC,Laboratory,"Rafael Torres, RMT",Laboratory
2024-03-21,Child,Male,CBC w/ Actual Platelet Count,Laboratory,"Patricia Mendoza, RMT",Laboratory
2024-03-21,Adult,Male,Chloride (CI),Laboratory,"Rafael Torres, RMT",Laboratory
2024-03-21,Adult,Male,Diabetes Mellitus Monitoring,Clinic,Dr. Elena Bautista,Check-up
2024-03-21,Adult,Male,Hepa C profile,Laboratory,"Carlo Navarro, RMT",Laboratory
2024-03-21,Adult,Female,Hypertension Monitoring,Clinic,Dr. Elena Bautista,Check-up
2024-03-22,Adult,Female,Antigen Swab Test,Laboratory,"Carlo Navarro, RMT",Laboratory
2024-03-22,Adult,Male,CPK Total,Laboratory,"Rafael Torres, RMT",Laboratory
2024-03-22,Adult,Male,Diabetes Mellitus Monitoring,Clinic,Dr. Victor Manuel,Check-up
2024-03-22,Adult,Female,Headache,Clinic,Dr. Miguel Fernandez,Check-up
2024-03-22,Adult,Male,Hypertension Monitoring,Clinic,Dr. Victor Manuel,Check-up
2024-03-22,Senior,Female,Routine Medical Consultation,Clinic,Dr. Paolo Rivera,Check-up
2024-03-22,Adult,Female,Sodium (Na),Laboratory,"Joanna Lim, RMT",Laboratory
2024-03-22,Adult,Male,Upper Respiratory Infection,Clinic,Dr. Paolo Rivera,Check-up
2024-03-22,Adult,Female,Upper Respiratory Infection,Clinic,Dr. Ana Lopez,Check-up
2024-03-23,Adult,Male,Antigen Swab Test,Laboratory,"Joanna Lim, RMT",Laboratory
2024-03-23,Adult,Male,Dermatitis and Allergy,Clinic,Dr. Camille Tan,Check-up
2024-03-23,Adult,Male,Dermatitis and Allergy,Clinic,Dr. Miguel Fernandez,Check-up
2024-03-23,Adult,Male,Diabetes Mellitus Monitoring,Clinic,Dr. Elena Bautista,Check-up
2024-03-23,Adult,Female,Elbow AP/LAT,Radiology,Dr. Andrea Sy,Imaging
2024-03-23,Senior,Female,"OGCT Non-Pregnant (100g, 75g)",Laboratory,"Rafael Torres, RMT",Laboratory
2024-03-23,Adult,Female,Preventive Health Check-up,Clinic,Dr. Paolo Rivera,Check-up
2024-03-24,Adult,Male,Body Fluid Analysis (Package),Laboratory,"Angela Reyes, RMT",Laboratory
2024-03-24,Adult,Female,Fever,Clinic,Dr. Camille Tan,Check-up
2024-03-24,Senior,Female,Gastritis,Clinic,Dr. Victor Manuel,Check-up
2024-03-24,Adult,Male,HIV (Screening),Laboratory,"Patricia Mendoza, RMT",Laboratory
2024-03-24,Adult,Male,PPD Skin Test,Clinic,Dr. Ana Lopez,Vaccination
2024-03-24,Adult,Male,Pregnancy Test (Serum),Laboratory,"Carlo Navarro, RMT",Laboratory
2024-03-24,Adult,Female,Pregnancy Test (Serum),Laboratory,"Rafael Torres, RMT",Laboratory
2024-03-24,Adult,Female,Total Calcium (TCa),Laboratory,"Rafael Torres, RMT",Laboratory
2024-03-25,Adult,Female,Blood Cs (2 site),Laboratory,"Patricia Mendoza, RMT",Laboratory
2024-03-25,Adult,Female,Bloodtype and RH Typing,Laboratory,"Joanna Lim, RMT",Laboratory
2024-03-25,Adult,Female,Face to Face Doctor Consultation,Clinic,Dr. Miguel Fernandez,Check-up
2024-03-25,Adult,Female,Fever,Clinic,Dr. Ana Lopez,Check-up
2024-03-25,Adult,Male,"OGCT Non-Pregnant (100g, 75g)",Laboratory,"Patricia Mendoza, RMT",Laboratory
2024-03-25,Adult,Male,Plain Abdomen Upright/Spine,Radiology,Dr. Andrea Sy,Imaging
2024-03-25,Adult,Female,Routine Medical Consultation,Clinic,Dr. Camille Tan,Check-up
2024-03-26,Adult,Male,Dermatitis and Allergy,Clinic,Dr. Paolo Rivera,Check-up
2024-03-26,Adult,Female,Dermatitis and Allergy,Clinic,Dr. Camille Tan,Check-up
2024-03-26,Senior,Female,Gastritis,Clinic,Dr. Elena Bautista,Check-up
2024-03-26,Senior,Male,H. Pylori Stool,Laboratory,"Joanna Lim, RMT",Laboratory
2024-03-26,Adult,Male,HBeAg,Laboratory,"Joanna Lim, RMT",Laboratory
2024-03-26,Senior,Male,Venous Duplex Scan (Bilateral),Radiology,Dr. Henry Ong,Imaging
2024-03-27,Child,Male,Dermatitis and Allergy,Clinic,Dr. Paolo Rivera,Check-up
2024-03-27,Adult,Male,Diabetes Mellitus Monitoring,Clinic,Dr. Elena Bautista,Check-up
2024-03-27,Senior,Female,Hypertension Monitoring,Clinic,Dr. Victor Manuel,Check-up
2024-03-27,Adult,Female,Hypertension Monitoring,Clinic,Dr. Elena Bautista,Check-up
2024-03-27,Adult,Male,Hypertension Monitoring,Clinic,Dr. Victor Manuel,Check-up
2024-03-27,Adult,Female,Routine Medical Consultation,Clinic,Dr. Miguel Fernandez,Check-up
2024-03-27,Adult,Female,Upper Respiratory Infection,Clinic,Dr. Paolo Rivera,Check-up
2024-03-28,Child,Female,Actual Platelet Count,Laboratory,"Carlo Navarro, RMT",Laboratory
2024-03-28,Child,Male,DTAP Vaccine (pedia),Clinic,Dr. Miguel Fernandez,Vaccination
2024-03-28,Adult,Male,Diabetes Mellitus Monitoring,Clinic,Dr. Elena Bautista,Check-up
2024-03-28,Adult,Female,EBV Igg,Laboratory,"Patricia Mendoza, RMT",Laboratory
2024-03-28,Child,Female,FBS,Laboratory,"Joanna Lim, RMT",Laboratory
2024-03-28,Adult,Male,Gastritis,Clinic,Dr. Elena Bautista,Check-up
2024-03-28,Senior,Male,Headache,Clinic,Dr. Miguel Fernandez,Check-up
2024-03-28,Adult,Male,Headache,Clinic,Dr. Camille Tan,Check-up
2024-03-28,Child,Male,Triglyceride,Laboratory,"Carlo Navarro, RMT",Laboratory
2024-03-28,Adult,Male,Upper Respiratory Infection,Clinic,Dr. Miguel Fernandez,Check-up
2024-03-29,Adult,Female,ASO Titer,Laboratory,"Rafael Torres, RMT",Laboratory
2024-03-29,Adult,Male,Body Fluid LDH,Laboratory,"Joanna Lim, RMT",Laboratory
2024-03-29,Child,Male,Chloride (C),Laboratory,"Joanna Lim, RMT",Laboratory
2024-03-29,Adult,Female,Hypertension Monitoring,Clinic,Dr. Victor Manuel,Check-up
2024-03-29,Child,Male,RA/RF Latex (Rheumatoid Factor),Laboratory,"Joanna Lim, RMT",Laboratory
2024-03-29,Adult,Male,Troponin I Qualitive,Laboratory,"Patricia Mendoza, RMT",Laboratory
2024-03-29,Adult,Male,Urinary Tract Infection,Clinic,Dr. Paolo Rivera,Check-up
2024-03-30,Child,Female,D-DIMER Test,Laboratory,"Mark Villanueva, RMT",Laboratory
2024-03-30,Adult,Female,Fit Stool Test,Laboratory,"Rafael Torres, RMT",Laboratory
2024-03-30,Adult,Male,HBeAg,Laboratory,"Mark Villanueva, RMT",Laboratory
2024-03-30,Adult,Male,Hypertension Monitoring,Clinic,Dr. Victor Manuel,Check-up
2024-03-30,Adult,Female,Hypertension Monitoring,Clinic,Dr. Victor Manuel,Check-up
2024-03-30,Adult,Female,Intact-PTH,Laboratory,"Joanna Lim, RMT",Laboratory
2024-03-30,Child,Male,TPPA Quantitative,Laboratory,"Rafael Torres, RMT",Laboratory
2024-03-31,Adult,Male,Amylase,Laboratory,"Carlo Navarro, RMT",Laboratory
2024-03-31,Adult,Male,Asthma Monitoring,Clinic,Dr. Victor Manuel,Check-up
2024-03-31,Adult,Female,Dermatitis and Allergy,Clinic,Dr. Miguel Fernandez,Check-up
2024-03-31,Adult,Male,HCV-Genotyping,Laboratory,"Mark Villanueva, RMT",Laboratory
2024-03-31,Adult,Female,Hypertension Monitoring,Clinic,Dr. Victor Manuel,Check-up
2024-03-31,Adult,Male,Hypertension Monitoring,Clinic,Dr. Victor Manuel,Check-up
2024-03-31,Senior,Male,Hypertension Monitoring,Clinic,Dr. Victor Manuel,Check-up
2024-03-31,Adult,Male,Hypertension Monitoring,Clinic,Dr. Elena Bautista,Check-up
2024-03-31,Adult,Male,"OGCT Post-Pregnant (100g, 75g)​",Laboratory,"Mark Villanueva, RMT",Laboratory
2024-03-31,Adult,Female,Pregnancy Test (Serum),Laboratory,"Patricia Mendoza, RMT",Laboratory
2024-03-31,Adult,Male,Preventive Health Check-up,Clinic,Dr. Camille Tan,Check-up
2024-03-31,Senior,Male,Routine Medical Consultation,Clinic,Dr. Paolo Rivera,Check-up
2024-04-01,Adult,Female,Abdominal Pain,Clinic,Dr. Victor Manuel,Check-up
2024-04-01,Adult,Female,Body Fluid LDH,Laboratory,"Rafael Torres, RMT",Laboratory
2024-04-01,Adult,Male,Dermatitis and Allergy,Clinic,Dr. Paolo Rivera,Check-up
2024-04-01,Senior,Male,Diabetes Mellitus Monitoring,Clinic,Dr. Victor Manuel,Check-up
2024-04-01,Child,Female,FSH,Laboratory,"Joanna Lim, RMT",Laboratory
2024-04-01,Senior,Male,Hypertension Monitoring,Clinic,Dr. Elena Bautista,Check-up
2024-04-01,Adult,Female,Potassium (K),Laboratory,"Carlo Navarro, RMT",Laboratory
2024-04-02,Adult,Male,Fever,Clinic,Dr. Paolo Rivera,Check-up
2024-04-02,Adult,Female,Hypertension Monitoring,Clinic,Dr. Victor Manuel,Check-up
2024-04-02,Senior,Male,Hypertension Monitoring,Clinic,Dr. Elena Bautista,Check-up
2024-04-02,Adult,Female,Urinary Tract Infection,Clinic,Dr. Miguel Fernandez,Check-up
2024-04-03,Adult,Male,Bicarbonate,Laboratory,"Rafael Torres, RMT",Laboratory
2024-04-03,Adult,Male,C3,Laboratory,"Patricia Mendoza, RMT",Laboratory
2024-04-03,Adult,Female,Chloride (C),Laboratory,"Rafael Torres, RMT",Laboratory
2024-04-03,Adult,Male,FT4,Laboratory,"Carlo Navarro, RMT",Laboratory
2024-04-03,Adult,Male,Hypertension Monitoring,Clinic,Dr. Victor Manuel,Check-up
2024-04-03,Adult,Male,Preventive Health Check-up,Clinic,Dr. Paolo Rivera,Check-up
2024-04-03,Child,Female,Urinalysis & Fecalysis,Annual Physical Examination,Dr. Miguel Fernandez,Annual Physical Examination
2024-04-04,Senior,Female,12L-ECG,Cardiology,Dr. Miguel Fernandez,Cardiology
2024-04-04,Adult,Male,Asthma Monitoring,Clinic,Dr. Elena Bautista,Check-up
2024-04-04,Adult,Male,Malarial Smear,Laboratory,"Mark Villanueva, RMT",Laboratory
2024-04-04,Adult,Male,TBIC (Total Iron Binding Capacity),Laboratory,"Mark Villanueva, RMT",Laboratory
2024-04-05,Child,Female,Asthma Monitoring,Clinic,Dr. Victor Manuel,Check-up
2024-04-05,Adult,Male,CRP,Laboratory,"Rafael Torres, RMT",Laboratory
2024-04-05,Adult,Male,Dermatitis and Allergy,Clinic,Dr. Ana Lopez,Check-up
2024-04-05,Child,Male,Fecal Occult Blood,Laboratory,"Rafael Torres, RMT",Laboratory
2024-04-05,Adult,Male,Triglyceride,Laboratory,"Angela Reyes, RMT",Laboratory
2024-04-05,Adult,Female,Upper Respiratory Infection,Clinic,Dr. Ana Lopez,Check-up
2024-04-05,Senior,Female,Upper Respiratory Infection,Clinic,Dr. Ana Lopez,Check-up
2024-04-05,Adult,Female,Upper Respiratory Infection,Clinic,Dr. Paolo Rivera,Check-up
2024-04-06,Adult,Male,Chloride (C),Laboratory,"Carlo Navarro, RMT",Laboratory
2024-04-06,Adult,Female,Cortisol,Laboratory,"Rafael Torres, RMT",Laboratory
2024-04-06,Senior,Male,Diabetes Mellitus Monitoring,Clinic,Dr. Victor Manuel,Check-up
2024-04-06,Adult,Female,Fever,Clinic,Dr. Paolo Rivera,Check-up
2024-04-06,Adult,Male,Prolactin,Laboratory,"Rafael Torres, RMT",Laboratory
2024-04-06,Adult,Female,Upper Extremities (By appointment),Radiology,Dr. Sofia Mercado,Imaging
2024-04-07,Senior,Female,ANA Screening,Laboratory,"Rafael Torres, RMT",Laboratory
2024-04-07,Adult,Male,Albumin (Protein) Creatinine Ratio,Laboratory,"Patricia Mendoza, RMT",Laboratory
2024-04-07,Adult,Male,Blood Cs (1 site),Laboratory,"Patricia Mendoza, RMT",Laboratory
2024-04-07,Senior,Male,Diabetes Mellitus Monitoring,Clinic,Dr. Victor Manuel,Check-up
2024-04-07,Adult,Male,HBT,Radiology,Dr. Henry Ong,Imaging
2024-04-07,Adult,Female,Headache,Clinic,Dr. Camille Tan,Check-up
2024-04-07,Adult,Male,Hypertension Monitoring,Clinic,Dr. Elena Bautista,Check-up
2024-04-07,Adult,Male,"OGCT Non-Pregnant (100g, 75g)",Laboratory,"Mark Villanueva, RMT",Laboratory
2024-04-07,Child,Male,Preventive Health Check-up,Clinic,Dr. Miguel Fernandez,Check-up
2024-04-07,Senior,Female,Troponin I Quantitative,Laboratory,"Carlo Navarro, RMT",Laboratory
2024-04-08,Adult,Male,Abdominal Pain,Clinic,Dr. Elena Bautista,Check-up
2024-04-08,Child,Female,Alkaline Phosphates,Laboratory,"Patricia Mendoza, RMT",Laboratory
2024-04-08,Senior,Female,Asthma Monitoring,Clinic,Dr. Victor Manuel,Check-up
2024-04-08,Adult,Female,Diabetes Mellitus Monitoring,Clinic,Dr. Elena Bautista,Check-up
2024-04-08,Adult,Female,Diabetes Mellitus Monitoring,Clinic,Dr. Victor Manuel,Check-up
2024-04-08,Adult,Male,FT4 RIA,Laboratory,"Joanna Lim, RMT",Laboratory
2024-04-08,Adult,Male,Headache,Clinic,Dr. Paolo Rivera,Check-up
2024-04-08,Adult,Female,Hepa B profile,Laboratory,"Rafael Torres, RMT",Laboratory
2024-04-08,Adult,Female,Hypertension Monitoring,Clinic,Dr. Elena Bautista,Check-up
2024-04-08,Adult,Female,RBS,Laboratory,"Joanna Lim, RMT",Laboratory
2024-04-09,Adult,Male,Chest PA/LAT,Radiology,Dr. Andrea Sy,Imaging
2024-04-09,Adult,Female,Diabetes Mellitus Monitoring,Clinic,Dr. Victor Manuel,Check-up
2024-04-09,Adult,Male,Hematology,Laboratory,"Mark Villanueva, RMT",Laboratory
2024-04-09,Senior,Female,TT4 (Toal Thyroxine),Laboratory,"Joanna Lim, RMT",Laboratory
2024-04-10,Adult,Male,Diabetes Mellitus Monitoring,Clinic,Dr. Elena Bautista,Check-up
2024-04-10,Senior,Female,Diabetes Mellitus Monitoring,Clinic,Dr. Victor Manuel,Check-up
2024-04-10,Child,Female,Fever,Clinic,Dr. Miguel Fernandez,Check-up
2024-04-10,Child,Female,Gastritis,Clinic,Dr. Elena Bautista,Check-up
2024-04-10,Adult,Female,Hypertension Monitoring,Clinic,Dr. Victor Manuel,Check-up
2024-04-10,Adult,Male,PPD Skin Test,Clinic,Dr. Miguel Fernandez,Vaccination
2024-04-10,Child,Female,Total Iron,Laboratory,"Rafael Torres, RMT",Laboratory
2024-04-11,Adult,Male,Anti-HCV Titer,Laboratory,"Carlo Navarro, RMT",Laboratory
2024-04-11,Adult,Male,Blood Cs (1 site),Laboratory,"Carlo Navarro, RMT",Laboratory
2024-04-11,Senior,Male,Diabetes Mellitus Monitoring,Clinic,Dr. Victor Manuel,Check-up
2024-04-11,Adult,Female,FT4,Laboratory,"Rafael Torres, RMT",Laboratory
2024-04-11,Senior,Male,Hypertension Monitoring,Clinic,Dr. Elena Bautista,Check-up
2024-04-11,Adult,Male,Inguinal,Radiology,Dr. Andrea Sy,Imaging
2024-04-11,Adult,Male,Troponin I Qualitive,Laboratory,"Rafael Torres, RMT",Laboratory
2024-04-11,Adult,Male,Upper Respiratory Infection,Clinic,Dr. Paolo Rivera,Check-up
2024-04-12,Child,Female,Asthma Monitoring,Clinic,Dr. Elena Bautista,Check-up
2024-04-12,Adult,Male,Diabetes Mellitus Monitoring,Clinic,Dr. Elena Bautista,Check-up
2024-04-12,Senior,Female,Gastritis,Clinic,Dr. Victor Manuel,Check-up
2024-04-12,Senior,Female,Hypertension Monitoring,Clinic,Dr. Elena Bautista,Check-up
2024-04-12,Adult,Male,Hypertension Monitoring,Clinic,Dr. Victor Manuel,Check-up
2024-04-12,Senior,Female,Upper Respiratory Infection,Clinic,Dr. Paolo Rivera,Check-up
2024-04-13,Child,Female,Abdominal Pain,Clinic,Dr. Victor Manuel,Check-up
2024-04-13,Adult,Female,Abdominal Pain,Clinic,Dr. Victor Manuel,Check-up
2024-04-13,Adult,Female,Dengue NS1,Laboratory,"Joanna Lim, RMT",Laboratory
2024-04-13,Adult,Female,Headache,Clinic,Dr. Paolo Rivera,Check-up
2024-04-13,Adult,Male,Preventive Health Check-up,Clinic,Dr. Miguel Fernandez,Check-up
2024-04-13,Adult,Female,SGPT (ALT),Laboratory,"Angela Reyes, RMT",Laboratory
2024-04-14,Senior,Male,Blood Cs with ARD (2 site),Laboratory,"Joanna Lim, RMT",Laboratory
2024-04-14,Adult,Female,Body Fluid LDH,Laboratory,"Rafael Torres, RMT",Laboratory
2024-04-14,Adult,Male,Diabetes Mellitus Monitoring,Clinic,Dr. Elena Bautista,Check-up
2024-04-14,Senior,Male,Diabetes Mellitus Monitoring,Clinic,Dr. Victor Manuel,Check-up
2024-04-14,Adult,Female,EBV Igg,Laboratory,"Rafael Torres, RMT",Laboratory
2024-04-14,Adult,Male,FBS,Laboratory,"Angela Reyes, RMT",Laboratory
2024-04-14,Adult,Male,Fever,Clinic,Dr. Miguel Fernandez,Check-up
2024-04-14,Adult,Male,Hypertension Monitoring,Clinic,Dr. Elena Bautista,Check-up
2024-04-14,Child,Male,Lipid Profile,Laboratory,"Mark Villanueva, RMT",Laboratory
2024-04-14,Adult,Female,X-Ray,Annual Physical Examination,Dr. Ana Lopez,Annual Physical Examination
2024-04-15,Senior,Male,2D Echo (Plain),Cardiology,Dr. Camille Tan,Cardiology
2024-04-15,Adult,Female,Abdominal Pain,Clinic,Dr. Elena Bautista,Check-up
2024-04-15,Adult,Male,Albumin,Laboratory,"Angela Reyes, RMT",Laboratory
2024-04-15,Adult,Female,Asthma Monitoring,Clinic,Dr. Victor Manuel,Check-up
2024-04-15,Senior,Female,CBC,Annual Physical Examination,Dr. Paolo Rivera,Annual Physical Examination
2024-04-15,Adult,Female,Gastritis,Clinic,Dr. Elena Bautista,Check-up
2024-04-15,Senior,Male,Headache,Clinic,Dr. Ana Lopez,Check-up
2024-04-15,Adult,Male,"OGCT Post-Pregnant (100g, 75g)​",Laboratory,"Rafael Torres, RMT",Laboratory
2024-04-15,Adult,Female,Routine Medical Consultation,Clinic,Dr. Ana Lopez,Check-up
2024-04-15,Senior,Female,Sodium (Na),Laboratory,"Patricia Mendoza, RMT",Laboratory
2024-04-15,Senior,Male,Total Protein,Laboratory,"Rafael Torres, RMT",Laboratory
2024-04-15,Child,Male,Upper Respiratory Infection,Clinic,Dr. Paolo Rivera,Check-up
2024-04-15,Adult,Female,Upper Respiratory Infection,Clinic,Dr. Miguel Fernandez,Check-up
2024-04-15,Child,Female,Urinary Tract Infection,Clinic,Dr. Camille Tan,Check-up
2024-04-16,Child,Male,2D Echo Pedia,Cardiology,Dr. Ana Lopez,Cardiology
2024-04-16,Child,Female,2D Echo Pedia,Cardiology,Dr. Miguel Fernandez,Cardiology
2024-04-16,Adult,Male,CBC w/ Actual Platelet Count,Laboratory,"Carlo Navarro, RMT",Laboratory
2024-04-16,Adult,Female,Creatinine,Laboratory,"Carlo Navarro, RMT",Laboratory
2024-04-16,Adult,Female,HCV Screening,Laboratory,"Mark Villanueva, RMT",Laboratory
2024-04-16,Senior,Female,Hand AP/OBLIQUE or AP/L (each),Radiology,Dr. Andrea Sy,Imaging
2024-04-16,Adult,Female,Headache,Clinic,Dr. Ana Lopez,Check-up
2024-04-16,Adult,Male,Headache,Clinic,Dr. Miguel Fernandez,Check-up
2024-04-16,Adult,Female,Routine Medical Consultation,Clinic,Dr. Miguel Fernandez,Check-up
2024-04-16,Adult,Female,TT4 (Toal Thyroxine),Laboratory,"Rafael Torres, RMT",Laboratory
2024-04-16,Adult,Male,Transrectal Prostate,Radiology,Dr. Henry Ong,Imaging
2024-04-16,Adult,Female,Urine C/S,Laboratory,"Joanna Lim, RMT",Laboratory
2024-04-17,Adult,Male,ECG (12 Lead) Adult,Cardiology,Dr. Miguel Fernandez,Cardiology
2024-04-17,Adult,Female,Hypertension Monitoring,Clinic,Dr. Elena Bautista,Check-up
2024-04-17,Adult,Male,MET (Shabu),Drug Testing,"Rafael Torres, RMT",Drug Testing
2024-04-17,Adult,Female,Physical Exam,Clinic,Dr. Camille Tan,Pre-Employment Checkup
2024-04-17,Adult,Female,Sodium (Na),Laboratory,"Angela Reyes, RMT",Laboratory
2024-04-17,Adult,Male,TSH,Laboratory,"Angela Reyes, RMT",Laboratory
2024-04-17,Adult,Male,Upper Extremities (By appointment),Radiology,Dr. Sofia Mercado,Imaging
2024-04-18,Child,Male,Abdominal Pain,Clinic,Dr. Victor Manuel,Check-up
2024-04-18,Adult,Male,Diabetes Mellitus Monitoring,Clinic,Dr. Victor Manuel,Check-up
2024-04-18,Adult,Male,HBC-DNA,Laboratory,"Patricia Mendoza, RMT",Laboratory
2024-04-18,Adult,Female,Hypertension Monitoring,Clinic,Dr. Victor Manuel,Check-up
2024-04-18,Adult,Female,Preventive Health Check-up,Clinic,Dr. Ana Lopez,Check-up
2024-04-19,Adult,Male,"Bilirubin (B1, B2)",Laboratory,"Joanna Lim, RMT",Laboratory
2024-04-19,Adult,Male,Dermatitis and Allergy,Clinic,Dr. Paolo Rivera,Check-up
2024-04-19,Adult,Female,H. Pylori Igm (Quali)-serum,Laboratory,"Rafael Torres, RMT",Laboratory
2024-04-19,Adult,Female,Hypertension Monitoring,Clinic,Dr. Victor Manuel,Check-up
2024-04-19,Child,Female,Protein,Laboratory,"Rafael Torres, RMT",Laboratory
2024-04-19,Adult,Male,Upper Respiratory Infection,Clinic,Dr. Miguel Fernandez,Check-up
2024-04-20,Senior,Female,Anti-HBc Total,Laboratory,"Mark Villanueva, RMT",Laboratory
2024-04-20,Adult,Female,Blood Cs (2 site),Laboratory,"Patricia Mendoza, RMT",Laboratory
2024-04-20,Adult,Male,Ferritin,Laboratory,"Patricia Mendoza, RMT",Laboratory
2024-04-20,Adult,Male,Headache,Clinic,Dr. Ana Lopez,Check-up
2024-04-20,Adult,Female,OGCT,Laboratory,"Rafael Torres, RMT",Laboratory
2024-04-20,Adult,Female,Potassium (K),Laboratory,"Angela Reyes, RMT",Laboratory
2024-04-21,Adult,Female,AFB Stain,Laboratory,"Patricia Mendoza, RMT",Laboratory
2024-04-21,Adult,Female,Dermatitis and Allergy,Clinic,Dr. Camille Tan,Check-up
2024-04-21,Adult,Male,Gastritis,Clinic,Dr. Elena Bautista,Check-up
2024-04-21,Adult,Female,Magnesium,Laboratory,"Angela Reyes, RMT",Laboratory
2024-04-21,Adult,Male,Routine Medical Consultation,Clinic,Dr. Paolo Rivera,Check-up
2024-04-21,Child,Female,Sperm Analysis WHO,Laboratory,"Mark Villanueva, RMT",Laboratory
2024-04-21,Adult,Male,Sperm Analysis WHO,Laboratory,"Patricia Mendoza, RMT",Laboratory
2024-04-21,Child,Female,T4,Laboratory,"Joanna Lim, RMT",Laboratory
2024-04-21,Child,Female,Urine C/S,Laboratory,"Rafael Torres, RMT",Laboratory
2024-04-22,Child,Female,Dermatitis and Allergy,Clinic,Dr. Paolo Rivera,Check-up
2024-04-22,Child,Female,Gastritis,Clinic,Dr. Victor Manuel,Check-up
2024-04-22,Adult,Male,Gastritis,Clinic,Dr. Victor Manuel,Check-up
2024-04-22,Adult,Female,HSCRP,Laboratory,"Rafael Torres, RMT",Laboratory
2024-04-22,Adult,Male,Magnesium,Laboratory,"Rafael Torres, RMT",Laboratory
2024-04-22,Adult,Female,Pregnancy Test (Serum),Laboratory,"Mark Villanueva, RMT",Laboratory
2024-04-22,Senior,Male,T4,Laboratory,"Carlo Navarro, RMT",Laboratory
2024-04-22,Child,Female,TPHA Screening,Laboratory,"Joanna Lim, RMT",Laboratory
2024-04-22,Adult,Male,Upper Respiratory Infection,Clinic,Dr. Paolo Rivera,Check-up
2024-04-22,Senior,Male,Urinary Tract Infection,Clinic,Dr. Ana Lopez,Check-up
2024-04-23,Adult,Female,Coombs Test,Laboratory,"Joanna Lim, RMT",Laboratory
2024-04-23,Child,Male,Fever,Clinic,Dr. Paolo Rivera,Check-up
2024-04-23,Adult,Male,Hypertension Monitoring,Clinic,Dr. Victor Manuel,Check-up
2024-04-23,Adult,Male,Paps Smear (7 days),Laboratory,"Angela Reyes, RMT",Laboratory
2024-04-23,Adult,Male,Routine Medical Consultation,Clinic,Dr. Paolo Rivera,Check-up
2024-04-23,Adult,Female,Upper Respiratory Infection,Clinic,Dr. Paolo Rivera,Check-up
2024-04-23,Adult,Male,Urinary Tract Infection,Clinic,Dr. Camille Tan,Check-up
2024-04-24,Adult,Male,Asthma Monitoring,Clinic,Dr. Victor Manuel,Check-up
2024-04-24,Senior,Female,Lipid Profile,Laboratory,"Patricia Mendoza, RMT",Laboratory
2024-04-24,Adult,Male,TBIC (Total Iron Binding Capacity),Laboratory,"Joanna Lim, RMT",Laboratory
2024-04-24,Senior,Male,Ultrasound,Radiology,Dr. Henry Ong,Imaging
2024-04-24,Adult,Male,Urinary Tract Infection,Clinic,Dr. Miguel Fernandez,Check-up
2024-04-25,Adult,Female,HCV Screening,Laboratory,"Rafael Torres, RMT",Laboratory
2024-04-25,Adult,Male,Pleural/CSF Fluid Analysis,Laboratory,"Rafael Torres, RMT",Laboratory
2024-04-25,Adult,Male,Routine Medical Consultation,Clinic,Dr. Ana Lopez,Check-up
2024-04-26,Adult,Male,Asthma Monitoring,Clinic,Dr. Victor Manuel,Check-up
2024-04-26,Adult,Female,Dermatitis and Allergy,Clinic,Dr. Paolo Rivera,Check-up
2024-04-26,Adult,Female,Dermatitis and Allergy,Clinic,Dr. Camille Tan,Check-up
2024-04-26,Senior,Female,Diabetes Mellitus Monitoring,Clinic,Dr. Victor Manuel,Check-up
2024-04-26,Senior,Female,Fever,Clinic,Dr. Miguel Fernandez,Check-up
2024-04-26,Adult,Female,Fever,Clinic,Dr. Paolo Rivera,Check-up
2024-04-26,Senior,Male,Fit Stool Test,Laboratory,"Rafael Torres, RMT",Laboratory
2024-04-26,Adult,Male,Gastritis,Clinic,Dr. Victor Manuel,Check-up
2024-04-26,Adult,Female,Headache,Clinic,Dr. Paolo Rivera,Check-up
2024-04-26,Senior,Female,Hypertension Monitoring,Clinic,Dr. Victor Manuel,Check-up
2024-04-27,Adult,Female,Actual Platelet Count,Laboratory,"Mark Villanueva, RMT",Laboratory
2024-04-27,Adult,Female,Albumin (Protein) Creatinine Ratio,Laboratory,"Carlo Navarro, RMT",Laboratory
2024-04-27,Adult,Female,Chloride (C),Laboratory,"Rafael Torres, RMT",Laboratory
2024-04-27,Adult,Female,Hypertension Monitoring,Clinic,Dr. Victor Manuel,Check-up
2024-04-27,Adult,Female,Sodium (Na),Laboratory,"Carlo Navarro, RMT",Laboratory
2024-04-27,Adult,Female,Ultrasound,Radiology,Dr. Sofia Mercado,Imaging
2024-04-28,Child,Male,C3,Laboratory,"Mark Villanueva, RMT",Laboratory
2024-04-28,Adult,Male,Fever,Clinic,Dr. Camille Tan,Check-up
2024-04-28,Adult,Male,Fever,Clinic,Dr. Miguel Fernandez,Check-up
2024-04-28,Adult,Female,Gastritis,Clinic,Dr. Victor Manuel,Check-up
2024-04-28,Adult,Female,HBeAg,Laboratory,"Mark Villanueva, RMT",Laboratory
2024-04-28,Adult,Male,Hypertension Monitoring,Clinic,Dr. Victor Manuel,Check-up
2024-04-28,Child,Male,Urinary Tract Infection,Clinic,Dr. Paolo Rivera,Check-up
2024-04-29,Child,Male,Gastritis,Clinic,Dr. Victor Manuel,Check-up
2024-04-29,Adult,Male,Headache,Clinic,Dr. Ana Lopez,Check-up
2024-04-29,Adult,Male,Lower Abdomen,Radiology,Dr. Andrea Sy,Imaging
2024-04-29,Adult,Female,Routine Medical Consultation,Clinic,Dr. Miguel Fernandez,Check-up
2024-04-30,Adult,Male,Chloride (C),Laboratory,"Joanna Lim, RMT",Laboratory
2024-04-30,Child,Male,Dermatitis and Allergy,Clinic,Dr. Ana Lopez,Check-up
2024-04-30,Adult,Female,Diabetes Mellitus Monitoring,Clinic,Dr. Elena Bautista,Check-up
2024-04-30,Adult,Male,HBA1C (edta),Laboratory,"Patricia Mendoza, RMT",Laboratory
2024-04-30,Child,Female,HBsAg Titer,Laboratory,"Angela Reyes, RMT",Laboratory
2024-05-01,Adult,Female,ANA Screening,Laboratory,"Patricia Mendoza, RMT",Laboratory
2024-05-01,Adult,Female,Abdominal Pain,Clinic,Dr. Victor Manuel,Check-up
2024-05-01,Child,Female,Asthma Monitoring,Clinic,Dr. Elena Bautista,Check-up
2024-05-01,Child,Male,Blood Cs with ARD (2 site),Laboratory,"Rafael Torres, RMT",Laboratory
2024-05-01,Adult,Male,CBC,Clinic,Dr. Paolo Rivera,Pre-Employment Checkup
2024-05-01,Senior,Male,Paps Smear (7 days),Laboratory,"Rafael Torres, RMT",Laboratory
2024-05-01,Child,Male,Upper Respiratory Infection,Clinic,Dr. Paolo Rivera,Check-up
2024-05-02,Senior,Female,C3,Laboratory,"Rafael Torres, RMT",Laboratory
2024-05-02,Adult,Female,Dermatitis and Allergy,Clinic,Dr. Camille Tan,Check-up
2024-05-02,Adult,Female,Diabetes Mellitus Monitoring,Clinic,Dr. Victor Manuel,Check-up
2024-05-02,Child,Male,HCV Screening,Laboratory,"Rafael Torres, RMT",Laboratory
2024-05-02,Adult,Female,Hepa A&B profile,Laboratory,"Carlo Navarro, RMT",Laboratory
2024-05-02,Adult,Female,Hypertension Monitoring,Clinic,Dr. Victor Manuel,Check-up
2024-05-02,Adult,Female,KUB,Radiology,Dr. Henry Ong,Imaging
2024-05-02,Senior,Male,Magnesium,Laboratory,"Joanna Lim, RMT",Laboratory
2024-05-02,Adult,Female,Urinary Tract Infection,Clinic,Dr. Paolo Rivera,Check-up
2024-05-02,Adult,Male,X-Ray,Home Service,Dr. Sofia Mercado,Home Service
2024-05-03,Adult,Male,FT3 RIA,Laboratory,"Mark Villanueva, RMT",Laboratory
2024-05-03,Adult,Male,Headache,Clinic,Dr. Miguel Fernandez,Check-up
2024-05-03,Adult,Male,Headache,Clinic,Dr. Camille Tan,Check-up
2024-05-03,Adult,Female,Sodium (Na),Laboratory,"Joanna Lim, RMT",Laboratory
2024-05-04,Adult,Female,Asthma Monitoring,Clinic,Dr. Elena Bautista,Check-up
2024-05-04,Adult,Female,Dermatitis and Allergy,Clinic,Dr. Ana Lopez,Check-up
2024-05-04,Adult,Male,Immunology/Serology,Laboratory,"Joanna Lim, RMT",Laboratory
2024-05-04,Senior,Male,Knee Joint AP/LAT,Radiology,Dr. Henry Ong,Imaging
2024-05-04,Adult,Female,X-Ray,Radiology,Dr. Sofia Mercado,Imaging
2024-05-04,Adult,Female,X-Ray,Clinic,Dr. Camille Tan,Pre-Employment Checkup
2024-05-05,Adult,Female,AFB Stain,Laboratory,"Joanna Lim, RMT",Laboratory
2024-05-05,Adult,Female,Abdominal Pain,Clinic,Dr. Victor Manuel,Check-up
2024-05-05,Child,Female,Abdominal Pain,Clinic,Dr. Victor Manuel,Check-up
2024-05-05,Adult,Female,Albumin (Protein) Creatinine Ratio,Laboratory,"Mark Villanueva, RMT",Laboratory
2024-05-05,Child,Female,Bloodtype and RH Typing,Laboratory,"Patricia Mendoza, RMT",Laboratory
2024-05-05,Adult,Female,Diabetes Mellitus Monitoring,Clinic,Dr. Elena Bautista,Check-up
2024-05-05,Adult,Male,Gastritis,Clinic,Dr. Elena Bautista,Check-up
2024-05-05,Senior,Male,Gastritis,Clinic,Dr. Victor Manuel,Check-up
2024-05-05,Adult,Female,Hypertension Monitoring,Clinic,Dr. Victor Manuel,Check-up
2024-05-05,Adult,Female,Reticulocyte Count,Laboratory,"Mark Villanueva, RMT",Laboratory
2024-05-05,Adult,Female,Thoracic AP/LAT/OBLIQUE,Radiology,Dr. Sofia Mercado,Imaging
2024-05-06,Adult,Female,Antigen Swab Test,Laboratory,"Mark Villanueva, RMT",Laboratory
2024-05-06,Child,Female,Bleeding Time,Laboratory,"Joanna Lim, RMT",Laboratory
2024-05-06,Adult,Male,CBC,Annual Physical Examination,Dr. Camille Tan,Annual Physical Examination
2024-05-06,Adult,Male,Dengue NS1,Laboratory,"Patricia Mendoza, RMT",Laboratory
2024-05-06,Adult,Male,Dermatitis and Allergy,Clinic,Dr. Ana Lopez,Check-up
2024-05-06,Adult,Male,Fever,Clinic,Dr. Miguel Fernandez,Check-up
2024-05-06,Adult,Female,Gastritis,Clinic,Dr. Elena Bautista,Check-up
2024-05-06,Adult,Female,Hypertension Monitoring,Clinic,Dr. Elena Bautista,Check-up
2024-05-06,Adult,Female,Urinary Tract Infection,Clinic,Dr. Ana Lopez,Check-up
2024-05-07,Adult,Female,Asthma Monitoring,Clinic,Dr. Elena Bautista,Check-up
2024-05-07,Senior,Male,Blood Cs with ARD (2 site),Laboratory,"Patricia Mendoza, RMT",Laboratory
2024-05-07,Adult,Male,ECG,Cardiology,Dr. Camille Tan,Cardiology
2024-05-07,Adult,Male,Gastritis,Clinic,Dr. Elena Bautista,Check-up
2024-05-07,Senior,Male,Hypertension Monitoring,Clinic,Dr. Victor Manuel,Check-up
2024-05-07,Adult,Male,Hypertension Monitoring,Clinic,Dr. Elena Bautista,Check-up
2024-05-07,Adult,Male,TBIC (Total Iron Binding Capacity),Laboratory,"Angela Reyes, RMT",Laboratory
2024-05-07,Adult,Female,TPPA Qualitative,Laboratory,"Patricia Mendoza, RMT",Laboratory
2024-05-07,Adult,Female,Upper and lower extremities,Radiology,Dr. Andrea Sy,Imaging
2024-05-08,Adult,Male,ASO Screening,Laboratory,"Joanna Lim, RMT",Laboratory
2024-05-08,Adult,Female,Abdominal Pain,Clinic,Dr. Elena Bautista,Check-up
2024-05-08,Adult,Female,Asthma Monitoring,Clinic,Dr. Victor Manuel,Check-up
2024-05-08,Child,Male,Dermatitis and Allergy,Clinic,Dr. Miguel Fernandez,Check-up
2024-05-08,Child,Male,Fever,Clinic,Dr. Miguel Fernandez,Check-up
2024-05-08,Child,Female,Fever,Clinic,Dr. Camille Tan,Check-up
2024-05-08,Adult,Female,Gram Stain,Laboratory,"Joanna Lim, RMT",Laboratory
2024-05-08,Adult,Male,H. Pylori (Quali)-serum,Laboratory,"Joanna Lim, RMT",Laboratory
2024-05-08,Adult,Male,HBsAg Screening,Laboratory,"Mark Villanueva, RMT",Laboratory
2024-05-08,Adult,Female,Headache,Clinic,Dr. Camille Tan,Check-up
2024-05-08,Adult,Male,Hypertension Monitoring,Clinic,Dr. Elena Bautista,Check-up
2024-05-08,Adult,Male,MET (Shabu),Drug Testing,"Carlo Navarro, RMT",Drug Testing
2024-05-08,Adult,Male,TPPA Quantitative,Laboratory,"Mark Villanueva, RMT",Laboratory
2024-05-08,Adult,Male,Testosterone,Laboratory,"Angela Reyes, RMT",Laboratory
2024-05-08,Adult,Female,Triglyceride,Laboratory,"Mark Villanueva, RMT",Laboratory
2024-05-08,Child,Female,Upper Respiratory Infection,Clinic,Dr. Miguel Fernandez,Check-up
2024-05-09,Adult,Female,Amylase,Laboratory,"Carlo Navarro, RMT",Laboratory
2024-05-09,Senior,Female,Blood Cs with ARD (2 site),Laboratory,"Rafael Torres, RMT",Laboratory
2024-05-09,Adult,Male,Chloride (C),Laboratory,"Angela Reyes, RMT",Laboratory
2024-05-09,Adult,Male,Diabetes Mellitus Monitoring,Clinic,Dr. Elena Bautista,Check-up
2024-05-09,Child,Male,Gastritis,Clinic,Dr. Victor Manuel,Check-up
2024-05-09,Senior,Female,Liver,Radiology,Dr. Sofia Mercado,Imaging
2024-05-09,Child,Female,Urinary Tract Infection,Clinic,Dr. Ana Lopez,Check-up
2024-05-10,Child,Female,Glucose,Laboratory,"Mark Villanueva, RMT",Laboratory
2024-05-10,Adult,Female,Hypertension Monitoring,Clinic,Dr. Elena Bautista,Check-up
2024-05-10,Senior,Female,Hypertension Monitoring,Clinic,Dr. Victor Manuel,Check-up
2024-05-10,Senior,Male,Urine C/S,Laboratory,"Carlo Navarro, RMT",Laboratory
2024-05-11,Senior,Female,Ankle Brachial Index (ABI),Radiology,Dr. Henry Ong,Imaging
2024-05-11,Adult,Male,Diabetes Mellitus Monitoring,Clinic,Dr. Elena Bautista,Check-up
2024-05-11,Adult,Male,Gastritis,Clinic,Dr. Elena Bautista,Check-up
2024-05-11,Senior,Female,H. Pylori Igm (Quali)-serum,Laboratory,"Mark Villanueva, RMT",Laboratory
2024-05-11,Adult,Female,Hypertension Monitoring,Clinic,Dr. Victor Manuel,Check-up
2024-05-11,Adult,Female,Total Protein,Laboratory,"Rafael Torres, RMT",Laboratory
2024-05-11,Adult,Male,Upper Respiratory Infection,Clinic,Dr. Ana Lopez,Check-up
2024-05-12,Child,Male,Dermatitis and Allergy,Clinic,Dr. Ana Lopez,Check-up
2024-05-12,Adult,Male,Fever,Clinic,Dr. Paolo Rivera,Check-up
2024-05-12,Child,Male,Headache,Clinic,Dr. Ana Lopez,Check-up
2024-05-12,Adult,Female,Inguino-Scrotal,Radiology,Dr. Andrea Sy,Imaging
2024-05-12,Adult,Female,VDRL/Syphilis Screening,Laboratory,"Carlo Navarro, RMT",Laboratory
2024-05-13,Adult,Male,Asthma Monitoring,Clinic,Dr. Victor Manuel,Check-up
2024-05-13,Child,Female,Dermatitis and Allergy,Clinic,Dr. Ana Lopez,Check-up
2024-05-13,Adult,Male,Estrogen,Laboratory,"Mark Villanueva, RMT",Laboratory
2024-05-13,Senior,Female,KOH,Laboratory,"Angela Reyes, RMT",Laboratory
2024-05-13,Senior,Male,Lipase,Laboratory,"Joanna Lim, RMT",Laboratory
2024-05-13,Adult,Female,OGCT,Laboratory,"Joanna Lim, RMT",Laboratory
2024-05-13,Adult,Male,Preventive Health Check-up,Clinic,Dr. Paolo Rivera,Check-up
2024-05-14,Child,Male,Asthma Monitoring,Clinic,Dr. Victor Manuel,Check-up
2024-05-14,Child,Female,GGTP,Laboratory,"Patricia Mendoza, RMT",Laboratory
2024-05-14,Adult,Female,H. Pylori (Quali)-serum,Laboratory,"Angela Reyes, RMT",Laboratory
2024-05-14,Adult,Female,Neck,Radiology,Dr. Henry Ong,Imaging
2024-05-14,Adult,Female,Urinalysis & Fecalysis,Clinic,Dr. Ana Lopez,Pre-Employment Checkup
2024-05-14,Adult,Male,X-Ray,Clinic,Dr. Paolo Rivera,Pre-Employment Checkup
2024-05-15,Adult,Male,Dengue Combo,Laboratory,"Angela Reyes, RMT",Laboratory
2024-05-15,Adult,Male,Drug Test (Urine),Laboratory,"Mark Villanueva, RMT",Laboratory
2024-05-15,Child,Male,Ferritin,Laboratory,"Carlo Navarro, RMT",Laboratory
2024-05-15,Adult,Female,Gastritis,Clinic,Dr. Elena Bautista,Check-up
2024-05-15,Adult,Female,Hepa B profile,Laboratory,"Angela Reyes, RMT",Laboratory
2024-05-15,Adult,Female,"OGCT Post-Pregnant (100g, 75g)​",Laboratory,"Carlo Navarro, RMT",Laboratory
2024-05-15,Adult,Female,Physical Exam,Annual Physical Examination,Dr. Camille Tan,Annual Physical Examination
2024-05-15,Senior,Female,Preventive Health Check-up,Clinic,Dr. Camille Tan,Check-up
2024-05-15,Adult,Female,Rubella Igm,Laboratory,"Carlo Navarro, RMT",Laboratory
2024-05-15,Adult,Male,Upper Respiratory Infection,Clinic,Dr. Miguel Fernandez,Check-up
2024-05-16,Child,Male,Chloride (C),Laboratory,"Carlo Navarro, RMT",Laboratory
2024-05-16,Adult,Female,Diabetes Mellitus Monitoring,Clinic,Dr. Elena Bautista,Check-up
2024-05-16,Adult,Male,Diabetes Mellitus Monitoring,Clinic,Dr. Elena Bautista,Check-up
2024-05-16,Adult,Female,Hypertension Monitoring,Clinic,Dr. Elena Bautista,Check-up
2024-05-16,Adult,Female,"OGCT Pregnant (100g, 75g)",Laboratory,"Rafael Torres, RMT",Laboratory
2024-05-16,Adult,Male,T4,Laboratory,"Joanna Lim, RMT",Laboratory
2024-05-16,Senior,Female,Thyroid,Radiology,Dr. Henry Ong,Imaging
2024-05-16,Adult,Male,Upper Respiratory Infection,Clinic,Dr. Miguel Fernandez,Check-up
2024-05-17,Senior,Female,2D Echo w/ Doppler,Cardiology,Dr. Camille Tan,Cardiology
2024-05-17,Adult,Female,Alkaline Phosphates,Laboratory,"Patricia Mendoza, RMT",Laboratory
2024-05-17,Senior,Female,Humerus AP/LAT,Radiology,Dr. Henry Ong,Imaging
2024-05-17,Adult,Female,Hypertension Monitoring,Clinic,Dr. Victor Manuel,Check-up
2024-05-17,Senior,Female,Pelvic,Radiology,Dr. Henry Ong,Imaging
2024-05-18,Adult,Female,ASO Screening,Laboratory,"Carlo Navarro, RMT",Laboratory
2024-05-18,Adult,Male,Anti-HBc IgG,Laboratory,"Joanna Lim, RMT",Laboratory
2024-05-18,Adult,Male,Anti-HBs,Laboratory,"Rafael Torres, RMT",Laboratory
2024-05-18,Adult,Male,Asthma Monitoring,Clinic,Dr. Elena Bautista,Check-up
2024-05-18,Adult,Male,CBC,Clinic,Dr. Ana Lopez,Pre-Employment Checkup
2024-05-18,Adult,Female,Diabetes Mellitus Monitoring,Clinic,Dr. Victor Manuel,Check-up
2024-05-18,Senior,Female,Diabetes Mellitus Monitoring,Clinic,Dr. Elena Bautista,Check-up
2024-05-18,Child,Female,Fit Stool Test,Laboratory,"Carlo Navarro, RMT",Laboratory
2024-05-19,Adult,Male,Asthma Monitoring,Clinic,Dr. Victor Manuel,Check-up
2024-05-19,Child,Female,ECG (15 Lead) Pedia (0-17 years old),Cardiology,Dr. Miguel Fernandez,Cardiology
2024-05-19,Senior,Male,Hypertension Monitoring,Clinic,Dr. Victor Manuel,Check-up
2024-05-19,Senior,Female,Pelvis Hip,Radiology,Dr. Henry Ong,Imaging
2024-05-19,Adult,Female,Preventive Health Check-up,Clinic,Dr. Paolo Rivera,Check-up
2024-05-19,Adult,Female,Routine Medical Consultation,Clinic,Dr. Miguel Fernandez,Check-up
2024-05-19,Adult,Male,Urinary Tract Infection,Clinic,Dr. Ana Lopez,Check-up
2024-05-20,Adult,Female,Diabetes Mellitus Monitoring,Clinic,Dr. Elena Bautista,Check-up
2024-05-20,Child,Male,Face to Face Doctor Consultation,Clinic,Dr. Miguel Fernandez,Check-up
2024-05-20,Adult,Female,Gastritis,Clinic,Dr. Victor Manuel,Check-up
2024-05-20,Child,Female,Gastritis,Clinic,Dr. Victor Manuel,Check-up
2024-05-20,Adult,Female,"OGCT Post-Pregnant (100g, 75g)​",Laboratory,"Joanna Lim, RMT",Laboratory
2024-05-21,Adult,Male,Blood Cs with ARD (2 site),Laboratory,"Carlo Navarro, RMT",Laboratory
2024-05-21,Adult,Male,Fit Stool Test,Laboratory,"Mark Villanueva, RMT",Laboratory
2024-05-21,Adult,Female,HCV-Genotyping,Laboratory,"Mark Villanueva, RMT",Laboratory
2024-05-21,Senior,Female,Hypertension Monitoring,Clinic,Dr. Elena Bautista,Check-up
2024-05-21,Adult,Female,Hypertension Monitoring,Clinic,Dr. Elena Bautista,Check-up
2024-05-21,Child,Male,Physical Exam,Annual Physical Examination,Dr. Camille Tan,Annual Physical Examination
2024-05-21,Adult,Female,Sperm Analysis WHO,Laboratory,"Angela Reyes, RMT",Laboratory
2024-05-21,Adult,Female,TSH,Laboratory,"Patricia Mendoza, RMT",Laboratory
2024-05-21,Adult,Male,Urinalysis & Fecalysis,Clinic,Dr. Camille Tan,Pre-Employment Checkup
2024-05-22,Adult,Male,Clinical Chemistry,Laboratory,"Carlo Navarro, RMT",Laboratory
2024-05-22,Adult,Female,Dermatitis and Allergy,Clinic,Dr. Miguel Fernandez,Check-up
2024-05-22,Adult,Female,Diabetes Mellitus Monitoring,Clinic,Dr. Victor Manuel,Check-up
2024-05-22,Adult,Female,Fever,Clinic,Dr. Ana Lopez,Check-up
2024-05-22,Child,Female,Fever,Clinic,Dr. Ana Lopez,Check-up
2024-05-22,Child,Female,Peripheral Blood Smear ( 7 Days),Laboratory,"Patricia Mendoza, RMT",Laboratory
2024-05-22,Senior,Male,TPPA Quantitative,Laboratory,"Joanna Lim, RMT",Laboratory
2024-05-22,Adult,Male,Troponin T Qualitive,Laboratory,"Mark Villanueva, RMT",Laboratory
2024-05-22,Adult,Female,Upper Respiratory Infection,Clinic,Dr. Ana Lopez,Check-up
2024-05-22,Child,Female,Upper Respiratory Infection,Clinic,Dr. Camille Tan,Check-up
2024-05-22,Senior,Female,Whole Abdomen,Radiology,Dr. Andrea Sy,Imaging
2024-05-22,Adult,Female,X-Ray,Annual Physical Examination,Dr. Camille Tan,Annual Physical Examination
2024-05-23,Adult,Male,Anti-HBs,Laboratory,"Angela Reyes, RMT",Laboratory
2024-05-23,Adult,Male,Dermatitis and Allergy,Clinic,Dr. Ana Lopez,Check-up
2024-05-23,Senior,Female,HDL,Laboratory,"Mark Villanueva, RMT",Laboratory
2024-05-23,Adult,Male,Magnesium,Laboratory,"Mark Villanueva, RMT",Laboratory
2024-05-23,Adult,Female,Routine Medical Consultation,Clinic,Dr. Camille Tan,Check-up
2024-05-23,Adult,Female,Upper Respiratory Infection,Clinic,Dr. Paolo Rivera,Check-up
2024-05-24,Adult,Female,Arterial Duplex Scan (Bilateral),Radiology,Dr. Sofia Mercado,Imaging
2024-05-24,Adult,Male,CBC,Clinic,Dr. Camille Tan,Pre-Employment Checkup
2024-05-24,Senior,Female,General chest X-Ray,Radiology,Dr. Andrea Sy,Imaging
2024-05-24,Adult,Male,Hepa B profile,Laboratory,"Rafael Torres, RMT",Laboratory
2024-05-24,Adult,Female,KOH,Laboratory,"Angela Reyes, RMT",Laboratory
2024-05-24,Adult,Male,Pleural/CSF Fluid Analysis,Laboratory,"Carlo Navarro, RMT",Laboratory
2024-05-24,Adult,Female,TBIC (Total Iron Binding Capacity),Laboratory,"Mark Villanueva, RMT",Laboratory
2024-05-24,Senior,Female,Typhil Dot,Laboratory,"Angela Reyes, RMT",Laboratory
2024-05-24,Adult,Female,Upper Respiratory Infection,Clinic,Dr. Miguel Fernandez,Check-up
2024-05-24,Adult,Female,Urinary Tract Infection,Clinic,Dr. Paolo Rivera,Check-up
2024-05-25,Adult,Male,Creatinine,Laboratory,"Rafael Torres, RMT",Laboratory
2024-05-25,Adult,Female,HBA1C (edta),Laboratory,"Carlo Navarro, RMT",Laboratory
2024-05-25,Adult,Female,Hypertension Monitoring,Clinic,Dr. Victor Manuel,Check-up
2024-05-25,Senior,Male,Hypertension Monitoring,Clinic,Dr. Victor Manuel,Check-up
2024-05-25,Adult,Female,Preventive Health Check-up,Clinic,Dr. Miguel Fernandez,Check-up
2024-05-26,Adult,Female,CPK-MB,Laboratory,"Carlo Navarro, RMT",Laboratory
2024-05-26,Adult,Male,EGFR,Laboratory,"Rafael Torres, RMT",Laboratory
2024-05-26,Adult,Female,Headache,Clinic,Dr. Paolo Rivera,Check-up
2024-05-26,Adult,Female,Potassium (K),Laboratory,"Carlo Navarro, RMT",Laboratory
2024-05-26,Child,Male,TSH,Laboratory,"Patricia Mendoza, RMT",Laboratory
2024-05-26,Adult,Male,Upper Respiratory Infection,Clinic,Dr. Miguel Fernandez,Check-up
2024-05-26,Adult,Female,Upper Respiratory Infection,Clinic,Dr. Miguel Fernandez,Check-up
2024-05-27,Adult,Male,Estrogen (RIA),Laboratory,"Rafael Torres, RMT",Laboratory
2024-05-27,Adult,Male,Fever,Clinic,Dr. Miguel Fernandez,Check-up
2024-05-27,Child,Female,Peripheral Blood Smear ( 7 Days),Laboratory,"Mark Villanueva, RMT",Laboratory
2024-05-27,Child,Female,Potassium (K),Laboratory,"Patricia Mendoza, RMT",Laboratory
2024-05-27,Adult,Male,Total Protein,Laboratory,"Mark Villanueva, RMT",Laboratory
2024-05-27,Adult,Male,Troponin I Quantitative,Laboratory,"Patricia Mendoza, RMT",Laboratory
2024-05-27,Adult,Male,Typhil Dot,Laboratory,"Rafael Torres, RMT",Laboratory
2024-05-28,Adult,Female,Asthma Monitoring,Clinic,Dr. Victor Manuel,Check-up
2024-05-28,Adult,Male,Dermatitis and Allergy,Clinic,Dr. Camille Tan,Check-up
2024-05-28,Senior,Male,Diabetes Mellitus Monitoring,Clinic,Dr. Victor Manuel,Check-up
2024-05-28,Adult,Female,Diabetes Mellitus Monitoring,Clinic,Dr. Elena Bautista,Check-up
2024-05-28,Adult,Male,FBS,Laboratory,"Joanna Lim, RMT",Laboratory
2024-05-28,Adult,Male,Gastritis,Clinic,Dr. Elena Bautista,Check-up
2024-05-28,Adult,Female,Gastritis,Clinic,Dr. Victor Manuel,Check-up
2024-05-28,Senior,Female,Upper Respiratory Infection,Clinic,Dr. Paolo Rivera,Check-up
2024-05-28,Child,Male,Urinary Tract Infection,Clinic,Dr. Paolo Rivera,Check-up
2024-05-28,Adult,Female,X-Ray,Annual Physical Examination,Dr. Paolo Rivera,Annual Physical Examination
2024-05-29,Adult,Female,Alkaline Phosphates,Laboratory,"Rafael Torres, RMT",Laboratory
2024-05-29,Child,Female,Upper Respiratory Infection,Clinic,Dr. Paolo Rivera,Check-up
2024-05-30,Adult,Female,2D Echo (Plain),Cardiology,Dr. Miguel Fernandez,Cardiology
2024-05-30,Adult,Male,CBC w/ Actual Platelet Count,Laboratory,"Angela Reyes, RMT",Laboratory
2024-05-30,Child,Male,Fever,Clinic,Dr. Camille Tan,Check-up
2024-05-30,Adult,Male,Gastritis,Clinic,Dr. Victor Manuel,Check-up
2024-05-30,Adult,Male,Hypertension Monitoring,Clinic,Dr. Victor Manuel,Check-up
2024-05-30,Adult,Female,Hypertension Monitoring,Clinic,Dr. Elena Bautista,Check-up
2024-05-30,Adult,Male,KOH,Laboratory,"Joanna Lim, RMT",Laboratory
2024-05-31,Adult,Female,Abdominal Pain,Clinic,Dr. Victor Manuel,Check-up
2024-05-31,Adult,Female,Albumin (Protein) Creatinine Ratio,Laboratory,"Angela Reyes, RMT",Laboratory
2024-05-31,Adult,Female,Asthma Monitoring,Clinic,Dr. Victor Manuel,Check-up
2024-05-31,Adult,Female,H. Pylori Stool,Laboratory,"Angela Reyes, RMT",Laboratory
2024-05-31,Senior,Female,Hypertension Monitoring,Clinic,Dr. Victor Manuel,Check-up
2024-06-01,Senior,Female,"Bilirubin (B1, B2)",Laboratory,"Mark Villanueva, RMT",Laboratory
2024-06-01,Adult,Male,C3,Laboratory,"Mark Villanueva, RMT",Laboratory
2024-06-01,Adult,Male,Diabetes Mellitus Monitoring,Clinic,Dr. Victor Manuel,Check-up
2024-06-01,Adult,Female,Diabetes Mellitus Monitoring,Clinic,Dr. Victor Manuel,Check-up
2024-06-01,Child,Male,Fever,Clinic,Dr. Paolo Rivera,Check-up
2024-06-01,Senior,Female,HBC-DNA,Laboratory,"Angela Reyes, RMT",Laboratory
2024-06-01,Adult,Male,Hepa A profile,Laboratory,"Patricia Mendoza, RMT",Laboratory
2024-06-01,Senior,Male,Hypertension Monitoring,Clinic,Dr. Victor Manuel,Check-up
2024-06-01,Adult,Female,Hypertension Monitoring,Clinic,Dr. Elena Bautista,Check-up
2024-06-02,Senior,Male,Arterial & Venous Duplex Lower Extremities Scan (by appointment),Radiology,Dr. Sofia Mercado,Imaging
2024-06-02,Child,Male,HCV Screening,Laboratory,"Carlo Navarro, RMT",Laboratory
2024-06-02,Child,Male,Headache,Clinic,Dr. Paolo Rivera,Check-up
2024-06-02,Adult,Male,Hypertension Monitoring,Clinic,Dr. Elena Bautista,Check-up
2024-06-02,Adult,Female,Triglyceride,Laboratory,"Carlo Navarro, RMT",Laboratory
2024-06-02,Child,Female,Typhil Dot,Laboratory,"Rafael Torres, RMT",Laboratory
2024-06-02,Senior,Male,Upper Respiratory Infection,Clinic,Dr. Miguel Fernandez,Check-up
2024-06-03,Child,Female,C4,Laboratory,"Joanna Lim, RMT",Laboratory
2024-06-03,Child,Male,CRP Qualitative,Laboratory,"Rafael Torres, RMT",Laboratory
2024-06-03,Child,Female,Gastritis,Clinic,Dr. Elena Bautista,Check-up
2024-06-03,Adult,Male,Gastritis,Clinic,Dr. Victor Manuel,Check-up
2024-06-03,Child,Male,"OGCT Pregnant (100g, 75g)",Laboratory,"Angela Reyes, RMT",Laboratory
2024-06-03,Adult,Female,Online Doctor Consultation,Clinic,Dr. Paolo Rivera,Check-up
2024-06-03,Adult,Female,TPPA Qualitative,Laboratory,"Rafael Torres, RMT",Laboratory
2024-06-04,Child,Female,Asthma Monitoring,Clinic,Dr. Victor Manuel,Check-up
2024-06-04,Child,Male,Dermatitis and Allergy,Clinic,Dr. Camille Tan,Check-up
2024-06-04,Adult,Female,Diabetes Mellitus Monitoring,Clinic,Dr. Elena Bautista,Check-up
2024-06-04,Adult,Male,General chest X-Ray,Radiology,Dr. Andrea Sy,Imaging
2024-06-04,Senior,Male,Hypertension Monitoring,Clinic,Dr. Elena Bautista,Check-up
2024-06-04,Adult,Female,Inorganic Phosphorus (IPO4),Laboratory,"Rafael Torres, RMT",Laboratory
2024-06-04,Adult,Female,Preventive Health Check-up,Clinic,Dr. Miguel Fernandez,Check-up
2024-06-04,Adult,Male,Routine Medical Consultation,Clinic,Dr. Miguel Fernandez,Check-up
2024-06-04,Adult,Male,Upper Respiratory Infection,Clinic,Dr. Paolo Rivera,Check-up
2024-06-04,Child,Male,Urinary Tract Infection,Clinic,Dr. Ana Lopez,Check-up
2024-06-05,Adult,Male,12L-ECG,Cardiology,Dr. Camille Tan,Cardiology
2024-06-05,Senior,Female,Anti-HAV IgM,Laboratory,"Patricia Mendoza, RMT",Laboratory
2024-06-05,Senior,Female,Asthma Monitoring,Clinic,Dr. Victor Manuel,Check-up
2024-06-05,Adult,Female,Chloride (C),Laboratory,"Patricia Mendoza, RMT",Laboratory
2024-06-05,Adult,Female,Fever,Clinic,Dr. Miguel Fernandez,Check-up
2024-06-05,Adult,Male,Hypertension Monitoring,Clinic,Dr. Elena Bautista,Check-up
2024-06-05,Adult,Female,Liver & Pancreas,Radiology,Dr. Henry Ong,Imaging
2024-06-05,Adult,Female,Magnesium,Laboratory,"Carlo Navarro, RMT",Laboratory
2024-06-05,Child,Male,TPHA Screening,Laboratory,"Angela Reyes, RMT",Laboratory
2024-06-06,Adult,Male,CRP,Laboratory,"Patricia Mendoza, RMT",Laboratory
2024-06-06,Adult,Female,Clinical Chemistry,Laboratory,"Joanna Lim, RMT",Laboratory
2024-06-06,Adult,Female,Gastritis,Clinic,Dr. Victor Manuel,Check-up
2024-06-06,Senior,Male,Hypertension Monitoring,Clinic,Dr. Elena Bautista,Check-up
2024-06-06,Adult,Female,Intact-PTH,Laboratory,"Angela Reyes, RMT",Laboratory
2024-06-06,Adult,Female,Potassium (K),Laboratory,"Joanna Lim, RMT",Laboratory
2024-06-06,Senior,Female,SGOT (AST),Laboratory,"Mark Villanueva, RMT",Laboratory
2024-06-06,Adult,Male,Upper Respiratory Infection,Clinic,Dr. Paolo Rivera,Check-up
2024-06-07,Child,Female,Abdominal Pain,Clinic,Dr. Victor Manuel,Check-up
2024-06-07,Child,Female,Rubella IgG,Laboratory,"Patricia Mendoza, RMT",Laboratory
2024-06-07,Child,Male,VFRL RPR Titer,Laboratory,"Mark Villanueva, RMT",Laboratory
2024-06-08,Adult,Male,Albumin (Protein) Creatinine Ratio,Laboratory,"Patricia Mendoza, RMT",Laboratory
2024-06-08,Adult,Female,Anti-HBe,Laboratory,"Rafael Torres, RMT",Laboratory
2024-06-08,Adult,Male,Cortisol,Laboratory,"Rafael Torres, RMT",Laboratory
2024-06-08,Adult,Female,Humerus AP/LAT,Radiology,Dr. Sofia Mercado,Imaging
2024-06-08,Senior,Female,Immunology/Serology,Laboratory,"Mark Villanueva, RMT",Laboratory
2024-06-08,Child,Female,Routine Medical Consultation,Clinic,Dr. Paolo Rivera,Check-up
2024-06-08,Child,Male,Upper Respiratory Infection,Clinic,Dr. Paolo Rivera,Check-up
2024-06-08,Adult,Male,Urinary Bladder,Radiology,Dr. Sofia Mercado,Imaging
2024-06-09,Adult,Female,Diabetes Mellitus Monitoring,Clinic,Dr. Victor Manuel,Check-up
2024-06-09,Adult,Male,Headache,Clinic,Dr. Camille Tan,Check-up
2024-06-09,Adult,Female,"OGCT Post-Pregnant (100g, 75g)​",Laboratory,"Mark Villanueva, RMT",Laboratory
2024-06-09,Child,Female,Troponin I Quantitative,Laboratory,"Angela Reyes, RMT",Laboratory
2024-06-09,Adult,Male,Typhil Dot,Laboratory,"Patricia Mendoza, RMT",Laboratory
2024-06-09,Child,Male,Urinalysis & Fecalysis,Annual Physical Examination,Dr. Miguel Fernandez,Annual Physical Examination
2024-06-10,Adult,Male,Anti-HCV Titer,Laboratory,"Patricia Mendoza, RMT",Laboratory
2024-06-10,Adult,Male,Cholesterol,Laboratory,"Angela Reyes, RMT",Laboratory
2024-06-10,Adult,Male,Gastritis,Clinic,Dr. Elena Bautista,Check-up
2024-06-10,Adult,Female,Gastritis,Clinic,Dr. Victor Manuel,Check-up
2024-06-10,Adult,Male,Hypertension Monitoring,Clinic,Dr. Elena Bautista,Check-up
2024-06-10,Adult,Female,Preventive Health Check-up,Clinic,Dr. Miguel Fernandez,Check-up
2024-06-10,Adult,Female,TBIC (Total Iron Binding Capacity),Laboratory,"Patricia Mendoza, RMT",Laboratory
2024-06-10,Child,Male,TPPA Qualitative,Laboratory,"Joanna Lim, RMT",Laboratory
2024-06-10,Adult,Female,Upper Respiratory Infection,Clinic,Dr. Camille Tan,Check-up
2024-06-10,Adult,Male,Upper Respiratory Infection,Clinic,Dr. Paolo Rivera,Check-up
2024-06-10,Adult,Male,Urinary Bladder,Radiology,Dr. Sofia Mercado,Imaging
2024-06-11,Adult,Male,Albumin,Laboratory,"Angela Reyes, RMT",Laboratory
2024-06-11,Adult,Male,Drug Test (Urine),Laboratory,"Joanna Lim, RMT",Laboratory
2024-06-11,Child,Female,Fever,Clinic,Dr. Paolo Rivera,Check-up
2024-06-11,Adult,Male,Fever,Clinic,Dr. Miguel Fernandez,Check-up
2024-06-11,Senior,Female,Hypertension Monitoring,Clinic,Dr. Victor Manuel,Check-up
2024-06-11,Adult,Female,Preventive Health Check-up,Clinic,Dr. Ana Lopez,Check-up
2024-06-11,Senior,Male,Triglyceride,Laboratory,"Mark Villanueva, RMT",Laboratory
2024-06-11,Adult,Female,Upper Respiratory Infection,Clinic,Dr. Ana Lopez,Check-up
2024-06-11,Adult,Male,Upper Respiratory Infection,Clinic,Dr. Camille Tan,Check-up
2024-06-12,Child,Female,Asthma Monitoring,Clinic,Dr. Victor Manuel,Check-up
2024-06-12,Child,Female,Estrogen (RIA),Laboratory,"Carlo Navarro, RMT",Laboratory
2024-06-12,Senior,Female,Gastritis,Clinic,Dr. Elena Bautista,Check-up
2024-06-12,Adult,Male,Gastritis,Clinic,Dr. Elena Bautista,Check-up
2024-06-12,Adult,Female,Hypertension Monitoring,Clinic,Dr. Elena Bautista,Check-up
2024-06-12,Senior,Female,Hypertension Monitoring,Clinic,Dr. Victor Manuel,Check-up
2024-06-12,Senior,Female,Lumbosacral Spine AP/LAT,Radiology,Dr. Henry Ong,Imaging
2024-06-12,Adult,Female,Triglyceride,Laboratory,"Angela Reyes, RMT",Laboratory
2024-06-12,Adult,Male,Wrist AP/L,Radiology,Dr. Sofia Mercado,Imaging
2024-06-13,Child,Male,Asthma Monitoring,Clinic,Dr. Elena Bautista,Check-up
2024-06-13,Adult,Female,KUB,Radiology,Dr. Sofia Mercado,Imaging
2024-06-13,Child,Female,Malarial Smear,Laboratory,"Mark Villanueva, RMT",Laboratory
2024-06-13,Adult,Female,Sperm Analysis WHO,Laboratory,"Patricia Mendoza, RMT",Laboratory
2024-06-13,Adult,Female,T4,Laboratory,"Mark Villanueva, RMT",Laboratory
2024-06-14,Senior,Male,Asthma Monitoring,Clinic,Dr. Elena Bautista,Check-up
2024-06-14,Adult,Male,Dermatitis and Allergy,Clinic,Dr. Miguel Fernandez,Check-up
2024-06-14,Adult,Male,Diabetes Mellitus Monitoring,Clinic,Dr. Victor Manuel,Check-up
2024-06-14,Senior,Male,General chest X-Ray,Radiology,Dr. Sofia Mercado,Imaging
2024-06-14,Adult,Female,Preventive Health Check-up,Clinic,Dr. Miguel Fernandez,Check-up
2024-06-14,Child,Male,Routine Medical Consultation,Clinic,Dr. Camille Tan,Check-up
2024-06-14,Adult,Female,Upper Respiratory Infection,Clinic,Dr. Paolo Rivera,Check-up
2024-06-14,Adult,Female,Upper and lower extremities,Radiology,Dr. Andrea Sy,Imaging
2024-06-15,Adult,Female,Chloride (CI),Laboratory,"Mark Villanueva, RMT",Laboratory
2024-06-15,Adult,Female,Face to Face Doctor Consultation,Clinic,Dr. Camille Tan,Check-up
2024-06-15,Adult,Female,Fever,Clinic,Dr. Camille Tan,Check-up
2024-06-15,Adult,Male,Gram Stain,Laboratory,"Angela Reyes, RMT",Laboratory
2024-06-15,Adult,Female,Routine Medical Consultation,Clinic,Dr. Paolo Rivera,Check-up
2024-06-15,Adult,Male,Total Calcium (TCa),Laboratory,"Joanna Lim, RMT",Laboratory
2024-06-15,Child,Male,Troponin I Qualitive,Laboratory,"Angela Reyes, RMT",Laboratory
2024-06-16,Adult,Female,Anti-HAV Screening,Laboratory,"Patricia Mendoza, RMT",Laboratory
2024-06-16,Child,Female,Antigen Swab Test,Laboratory,"Mark Villanueva, RMT",Laboratory
2024-06-16,Adult,Male,Fever,Clinic,Dr. Ana Lopez,Check-up
2024-06-16,Adult,Female,Gastritis,Clinic,Dr. Elena Bautista,Check-up
2024-06-16,Senior,Male,Hypertension Monitoring,Clinic,Dr. Victor Manuel,Check-up
2024-06-16,Senior,Female,Kidney,Radiology,Dr. Sofia Mercado,Imaging
2024-06-16,Adult,Female,Preventive Health Check-up,Clinic,Dr. Miguel Fernandez,Check-up
2024-06-16,Child,Female,TBIC (Total Iron Binding Capacity),Laboratory,"Rafael Torres, RMT",Laboratory
2024-06-17,Adult,Female,Asthma Monitoring,Clinic,Dr. Victor Manuel,Check-up
2024-06-17,Senior,Female,Diabetes Mellitus Monitoring,Clinic,Dr. Victor Manuel,Check-up
2024-06-17,Adult,Male,Gastritis,Clinic,Dr. Elena Bautista,Check-up
2024-06-17,Child,Female,PRO-BNP/NT Pro-BNP(each),Laboratory,"Mark Villanueva, RMT",Laboratory
2024-06-17,Child,Male,Total Calcium (TCa),Laboratory,"Carlo Navarro, RMT",Laboratory
2024-06-18,Child,Female,2D Echo: Pedia (by appointment),Cardiology,Dr. Ana Lopez,Cardiology
2024-06-18,Child,Female,Anti-HAV Screening,Laboratory,"Angela Reyes, RMT",Laboratory
2024-06-18,Senior,Female,Anti-HBc IgG,Laboratory,"Carlo Navarro, RMT",Laboratory
2024-06-18,Senior,Male,Diabetes Mellitus Monitoring,Clinic,Dr. Elena Bautista,Check-up
2024-06-18,Adult,Male,PPD Skin Test,Clinic,Dr. Paolo Rivera,Vaccination
2024-06-18,Adult,Female,Protein,Laboratory,"Mark Villanueva, RMT",Laboratory
2024-06-18,Adult,Female,Upper Respiratory Infection,Clinic,Dr. Ana Lopez,Check-up
2024-06-18,Child,Female,Upper Respiratory Infection,Clinic,Dr. Paolo Rivera,Check-up
2024-06-18,Adult,Female,VDRL/Syphilis Screening,Laboratory,"Patricia Mendoza, RMT",Laboratory
2024-06-18,Adult,Male,VFRL RPR Titer,Laboratory,"Joanna Lim, RMT",Laboratory
2024-06-18,Adult,Female,X-Ray,Clinic,Dr. Paolo Rivera,Pre-Employment Checkup
2024-06-19,Adult,Male,Drug Test,Clinic,Dr. Miguel Fernandez,Pre-Employment Checkup
2024-06-19,Adult,Female,Fever,Clinic,Dr. Ana Lopez,Check-up
2024-06-19,Adult,Female,HBsAg Screening,Laboratory,"Rafael Torres, RMT",Laboratory
2024-06-19,Adult,Male,Hypertension Monitoring,Clinic,Dr. Elena Bautista,Check-up
2024-06-19,Adult,Female,Hypertension Monitoring,Clinic,Dr. Elena Bautista,Check-up
2024-06-19,Adult,Male,Upper Respiratory Infection,Clinic,Dr. Ana Lopez,Check-up
2024-06-20,Adult,Male,Anti-HBc IgM,Laboratory,"Patricia Mendoza, RMT",Laboratory
2024-06-20,Senior,Female,Asthma Monitoring,Clinic,Dr. Victor Manuel,Check-up
2024-06-20,Child,Female,CBC w/ Actual Platelet Count,Laboratory,"Mark Villanueva, RMT",Laboratory
2024-06-20,Adult,Male,Chloride (C),Laboratory,"Angela Reyes, RMT",Laboratory
2024-06-20,Adult,Female,Dermatitis and Allergy,Clinic,Dr. Camille Tan,Check-up
2024-06-20,Adult,Female,Hypertension Monitoring,Clinic,Dr. Elena Bautista,Check-up
2024-06-20,Adult,Female,"OGCT Pregnant (100g, 75g)",Laboratory,"Rafael Torres, RMT",Laboratory
2024-06-20,Adult,Female,Upper Respiratory Infection,Clinic,Dr. Ana Lopez,Check-up
2024-06-20,Senior,Male,Venous Duplex Scan (Unilateral),Radiology,Dr. Andrea Sy,Imaging
2024-06-21,Adult,Male,Blood Uric Acid,Laboratory,"Mark Villanueva, RMT",Laboratory
2024-06-21,Child,Female,Calcium (C),Laboratory,"Joanna Lim, RMT",Laboratory
2024-06-21,Adult,Male,Dermatitis and Allergy,Clinic,Dr. Paolo Rivera,Check-up
2024-06-21,Adult,Female,Fecalysis,Laboratory,"Joanna Lim, RMT",Laboratory
2024-06-21,Senior,Male,Gastritis,Clinic,Dr. Elena Bautista,Check-up
2024-06-21,Senior,Female,Hypertension Monitoring,Clinic,Dr. Victor Manuel,Check-up
2024-06-21,Adult,Male,Upper Respiratory Infection,Clinic,Dr. Paolo Rivera,Check-up
2024-06-22,Adult,Female,Body Fluid LDH,Laboratory,"Mark Villanueva, RMT",Laboratory
2024-06-22,Adult,Female,Dengue NS1,Laboratory,"Mark Villanueva, RMT",Laboratory
2024-06-22,Adult,Male,GGTP,Laboratory,"Rafael Torres, RMT",Laboratory
2024-06-22,Child,Female,Gastritis,Clinic,Dr. Victor Manuel,Check-up
2024-06-22,Adult,Female,Ionized Calcium (Ica),Laboratory,"Joanna Lim, RMT",Laboratory
2024-06-22,Adult,Female,Online Doctor Consultation,Clinic,Dr. Ana Lopez,Check-up
2024-06-22,Senior,Female,Paps Smear (7 days),Laboratory,"Mark Villanueva, RMT",Laboratory
2024-06-22,Adult,Male,Pelvis Hip,Radiology,Dr. Sofia Mercado,Imaging
2024-06-22,Child,Female,Preventive Health Check-up,Clinic,Dr. Camille Tan,Check-up
2024-06-23,Adult,Female,ANA Titer,Laboratory,"Joanna Lim, RMT",Laboratory
2024-06-23,Senior,Male,Preventive Health Check-up,Clinic,Dr. Camille Tan,Check-up
2024-06-23,Adult,Male,Rubella Igm,Laboratory,"Rafael Torres, RMT",Laboratory
2024-06-23,Child,Female,Upper Respiratory Infection,Clinic,Dr. Camille Tan,Check-up
2024-06-24,Adult,Female,Bleeding Time,Laboratory,"Angela Reyes, RMT",Laboratory
2024-06-24,Adult,Male,Dermatitis and Allergy,Clinic,Dr. Ana Lopez,Check-up
2024-06-24,Adult,Male,Diabetes Mellitus Monitoring,Clinic,Dr. Elena Bautista,Check-up
2024-06-24,Adult,Male,Fever,Clinic,Dr. Camille Tan,Check-up
2024-06-24,Child,Female,HCV-RNA,Laboratory,"Rafael Torres, RMT",Laboratory
2024-06-24,Senior,Male,PRO-BNP/NT Pro-BNP(each),Laboratory,"Joanna Lim, RMT",Laboratory
2024-06-24,Adult,Female,Preventive Health Check-up,Clinic,Dr. Miguel Fernandez,Check-up
2024-06-24,Child,Male,Total Protein,Laboratory,"Angela Reyes, RMT",Laboratory
2024-06-24,Adult,Female,Upper Respiratory Infection,Clinic,Dr. Paolo Rivera,Check-up
2024-06-25,Child,Male,Anti-HBc IgM,Laboratory,"Mark Villanueva, RMT",Laboratory
2024-06-25,Senior,Female,Diabetes Mellitus Monitoring,Clinic,Dr. Elena Bautista,Check-up
2024-06-25,Adult,Male,Gastritis,Clinic,Dr. Victor Manuel,Check-up
2024-06-25,Adult,Male,HCV-Genotyping,Laboratory,"Mark Villanueva, RMT",Laboratory
2024-06-25,Adult,Male,Headache,Clinic,Dr. Ana Lopez,Check-up
2024-06-25,Adult,Female,Hypertension Monitoring,Clinic,Dr. Elena Bautista,Check-up
2024-06-25,Adult,Female,Total Protein,Laboratory,"Patricia Mendoza, RMT",Laboratory
2024-06-25,Adult,Female,Upper Respiratory Infection,Clinic,Dr. Paolo Rivera,Check-up
2024-06-26,Adult,Female,Albumin (Protein) Creatinine Ratio,Laboratory,"Patricia Mendoza, RMT",Laboratory
2024-06-26,Adult,Female,Cervical APOL,Radiology,Dr. Henry Ong,Imaging
2024-06-26,Adult,Male,Preventive Health Check-up,Clinic,Dr. Camille Tan,Check-up
2024-06-26,Adult,Female,Upper Respiratory Infection,Clinic,Dr. Ana Lopez,Check-up
2024-06-26,Adult,Male,Upper Respiratory Infection,Clinic,Dr. Camille Tan,Check-up
2024-06-27,Adult,Male,Actual Platelet Count,Laboratory,"Joanna Lim, RMT",Laboratory
2024-06-27,Adult,Female,CBC,Clinic,Dr. Ana Lopez,Pre-Employment Checkup
2024-06-27,Senior,Male,Chloride (CI),Laboratory,"Carlo Navarro, RMT",Laboratory
2024-06-27,Adult,Male,Gastritis,Clinic,Dr. Victor Manuel,Check-up
2024-06-27,Child,Male,Hepa B Vaccine,Clinic,Dr. Camille Tan,Vaccination
2024-06-27,Child,Female,Ionized Calcium (Ica),Laboratory,"Patricia Mendoza, RMT",Laboratory
2024-06-27,Child,Female,Micro Albumin (Micral Test),Laboratory,"Mark Villanueva, RMT",Laboratory
2024-06-27,Adult,Male,Upper Respiratory Infection,Clinic,Dr. Camille Tan,Check-up
2024-06-27,Senior,Male,Upper Respiratory Infection,Clinic,Dr. Ana Lopez,Check-up
2024-06-27,Adult,Female,Urinary Tract Infection,Clinic,Dr. Camille Tan,Check-up
2024-06-28,Senior,Male,Hypertension Monitoring,Clinic,Dr. Victor Manuel,Check-up
2024-06-28,Senior,Female,Hypertension Monitoring,Clinic,Dr. Victor Manuel,Check-up
2024-06-28,Adult,Female,Pregnancy Test (Urine),Laboratory,"Mark Villanueva, RMT",Laboratory
2024-06-28,Adult,Female,Routine Medical Consultation,Clinic,Dr. Paolo Rivera,Check-up
2024-06-28,Adult,Male,Routine Medical Consultation,Clinic,Dr. Camille Tan,Check-up
2024-06-28,Senior,Male,Urinary Tract Infection,Clinic,Dr. Miguel Fernandez,Check-up
2024-06-29,Adult,Male,Amylase,Laboratory,"Mark Villanueva, RMT",Laboratory
2024-06-29,Adult,Female,Fever,Clinic,Dr. Miguel Fernandez,Check-up
2024-06-29,Senior,Male,Headache,Clinic,Dr. Miguel Fernandez,Check-up
2024-06-29,Adult,Female,Hypertension Monitoring,Clinic,Dr. Victor Manuel,Check-up
2024-06-30,Adult,Male,Anti-HBe,Laboratory,"Joanna Lim, RMT",Laboratory
2024-06-30,Adult,Male,Blood Cs with ARD (2 site),Laboratory,"Angela Reyes, RMT",Laboratory
2024-06-30,Child,Male,Blood Uric Acid,Laboratory,"Carlo Navarro, RMT",Laboratory
2024-06-30,Senior,Female,Diabetes Mellitus Monitoring,Clinic,Dr. Elena Bautista,Check-up
2024-06-30,Adult,Male,FTA-ABS,Laboratory,"Joanna Lim, RMT",Laboratory
2024-06-30,Adult,Male,Fever,Clinic,Dr. Paolo Rivera,Check-up
2024-06-30,Adult,Male,H. Pylori Stool,Laboratory,"Joanna Lim, RMT",Laboratory
2024-06-30,Adult,Male,Humerus AP/LAT,Radiology,Dr. Sofia Mercado,Imaging
2024-06-30,Senior,Male,Upper Respiratory Infection,Clinic,Dr. Paolo Rivera,Check-up
2024-06-30,Child,Male,Upper Respiratory Infection,Clinic,Dr. Camille Tan,Check-up
2024-06-30,Senior,Female,Venous Duplex Scan (Unilateral),Radiology,Dr. Andrea Sy,Imaging
2024-07-01,Adult,Female,Fever,Clinic,Dr. Miguel Fernandez,Check-up
2024-07-01,Adult,Female,Gastritis,Clinic,Dr. Victor Manuel,Check-up
2024-07-01,Adult,Female,HBC-DNA,Laboratory,"Rafael Torres, RMT",Laboratory
2024-07-01,Adult,Female,Hepa B Vaccine,Clinic,Dr. Ana Lopez,Vaccination
2024-07-01,Senior,Female,Hypertension Monitoring,Clinic,Dr. Elena Bautista,Check-up
2024-07-01,Child,Female,Pneumococcal Vaccine (5 Years & lifetime),Clinic,Dr. Ana Lopez,Vaccination
2024-07-01,Adult,Female,RBS,Laboratory,"Rafael Torres, RMT",Laboratory
2024-07-01,Senior,Male,Thyroid,Radiology,Dr. Andrea Sy,Imaging
2024-07-02,Adult,Female,Dengue NS1,Laboratory,"Carlo Navarro, RMT",Laboratory
2024-07-02,Adult,Female,Dermatitis and Allergy,Clinic,Dr. Paolo Rivera,Check-up
2024-07-02,Adult,Female,EBV Igg,Laboratory,"Patricia Mendoza, RMT",Laboratory
2024-07-02,Adult,Male,Hand AP/OBLIQUE/Lateral,Radiology,Dr. Henry Ong,Imaging
2024-07-02,Adult,Male,Hypertension Monitoring,Clinic,Dr. Elena Bautista,Check-up
2024-07-02,Adult,Female,Hypertension Monitoring,Clinic,Dr. Victor Manuel,Check-up
2024-07-03,Adult,Female,Coombs Test,Laboratory,"Rafael Torres, RMT",Laboratory
2024-07-03,Senior,Female,Hypertension Monitoring,Clinic,Dr. Elena Bautista,Check-up
2024-07-03,Adult,Female,Hypertension Monitoring,Clinic,Dr. Elena Bautista,Check-up
2024-07-03,Adult,Male,RT-PCR 12HRS,Laboratory,"Joanna Lim, RMT",Laboratory
2024-07-03,Child,Female,Upper Respiratory Infection,Clinic,Dr. Paolo Rivera,Check-up
2024-07-04,Adult,Female,Amylase,Laboratory,"Carlo Navarro, RMT",Laboratory
2024-07-04,Adult,Male,CBC,Laboratory,"Angela Reyes, RMT",Laboratory
2024-07-04,Senior,Male,Dermatitis and Allergy,Clinic,Dr. Ana Lopez,Check-up
2024-07-04,Adult,Male,Upper Abdomen & Kidney,Radiology,Dr. Sofia Mercado,Imaging
2024-07-04,Adult,Male,Upper Respiratory Infection,Clinic,Dr. Camille Tan,Check-up
2024-07-04,Child,Male,X-Ray,Annual Physical Examination,Dr. Miguel Fernandez,Annual Physical Examination
2024-07-05,Adult,Male,APTT,Laboratory,"Mark Villanueva, RMT",Laboratory
2024-07-05,Adult,Male,Asthma Monitoring,Clinic,Dr. Victor Manuel,Check-up
2024-07-05,Adult,Female,CBC,Annual Physical Examination,Dr. Miguel Fernandez,Annual Physical Examination
2024-07-05,Child,Male,Clinical Chemistry,Laboratory,"Mark Villanueva, RMT",Laboratory
2024-07-05,Adult,Female,Dermatitis and Allergy,Clinic,Dr. Camille Tan,Check-up
2024-07-05,Adult,Male,H. Pylori (Quali)-serum,Laboratory,"Joanna Lim, RMT",Laboratory
2024-07-05,Adult,Female,"Iron Studies (TI, TIBC, Ferritin)",Laboratory,"Joanna Lim, RMT",Laboratory
2024-07-05,Adult,Female,LH,Laboratory,"Mark Villanueva, RMT",Laboratory
2024-07-05,Child,Female,Protein,Laboratory,"Joanna Lim, RMT",Laboratory
2024-07-05,Child,Female,Upper Respiratory Infection,Clinic,Dr. Camille Tan,Check-up
2024-07-06,Adult,Female,FBS,Laboratory,"Angela Reyes, RMT",Laboratory
2024-07-06,Adult,Female,Fever,Clinic,Dr. Camille Tan,Check-up
2024-07-06,Child,Male,HCV-Genotyping,Laboratory,"Joanna Lim, RMT",Laboratory
2024-07-06,Adult,Female,Upper Respiratory Infection,Clinic,Dr. Ana Lopez,Check-up
2024-07-06,Adult,Male,Upper Respiratory Infection,Clinic,Dr. Ana Lopez,Check-up
2024-07-06,Adult,Female,Urine C/S,Laboratory,"Angela Reyes, RMT",Laboratory
2024-07-07,Child,Female,ASO Screening,Laboratory,"Angela Reyes, RMT",Laboratory
2024-07-07,Adult,Female,Gastritis,Clinic,Dr. Elena Bautista,Check-up
2024-07-07,Senior,Female,Hypertension Monitoring,Clinic,Dr. Victor Manuel,Check-up
2024-07-07,Adult,Male,OB-Congenital Scan,Radiology,Dr. Andrea Sy,Imaging
2024-07-07,Adult,Female,PRO-BNP/NT Pro-BNP(each),Laboratory,"Angela Reyes, RMT",Laboratory
2024-07-07,Child,Female,Potassium (K),Laboratory,"Joanna Lim, RMT",Laboratory
2024-07-07,Adult,Female,Rubella Igm,Laboratory,"Carlo Navarro, RMT",Laboratory
2024-07-07,Child,Female,Upper Respiratory Infection,Clinic,Dr. Camille Tan,Check-up
2024-07-08,Child,Male,Abdominal Pain,Clinic,Dr. Victor Manuel,Check-up
2024-07-08,Adult,Male,Asthma Monitoring,Clinic,Dr. Elena Bautista,Check-up
2024-07-08,Adult,Male,"Bilirubin (B1, B2)",Laboratory,"Rafael Torres, RMT",Laboratory
2024-07-08,Adult,Female,GGTP,Laboratory,"Mark Villanueva, RMT",Laboratory
2024-07-08,Adult,Male,Hypertension Monitoring,Clinic,Dr. Victor Manuel,Check-up
2024-07-08,Senior,Female,Thoraco Lumbar,Radiology,Dr. Andrea Sy,Imaging
2024-07-08,Adult,Female,VFRL RPR Titer,Laboratory,"Carlo Navarro, RMT",Laboratory
2024-07-09,Adult,Female,2D Echo: Plain with Doppler (Adult),Cardiology,Dr. Camille Tan,Cardiology
2024-07-09,Adult,Male,Asthma Monitoring,Clinic,Dr. Elena Bautista,Check-up
2024-07-09,Adult,Male,Headache,Clinic,Dr. Paolo Rivera,Check-up
2024-07-09,Senior,Female,Hepa A profile,Laboratory,"Rafael Torres, RMT",Laboratory
2024-07-09,Child,Female,"Iron Studies (TI, TIBC, Ferritin)",Laboratory,"Patricia Mendoza, RMT",Laboratory
2024-07-09,Adult,Female,Venous Duplex Scan (Bilateral),Radiology,Dr. Henry Ong,Imaging
2024-07-10,Adult,Male,Chloride (CI),Laboratory,"Joanna Lim, RMT",Laboratory
2024-07-10,Adult,Male,"Special Ultrasound (Abdominal, Aorta, Adrenal, Breast, Chest, Inguinal, Musculoskeletal, Neck, Parot",Radiology,Dr. Sofia Mercado,Imaging
2024-07-10,Adult,Male,Upper Abdomen,Radiology,Dr. Andrea Sy,Imaging
2024-07-10,Adult,Male,Upper Respiratory Infection,Clinic,Dr. Camille Tan,Check-up
2024-07-10,Senior,Male,Upper Respiratory Infection,Clinic,Dr. Camille Tan,Check-up
2024-07-10,Adult,Male,Urinalysis & Fecalysis,Annual Physical Examination,Dr. Miguel Fernandez,Annual Physical Examination
2024-07-11,Adult,Female,Chloride (CI),Laboratory,"Carlo Navarro, RMT",Laboratory
2024-07-11,Adult,Female,Hematology,Laboratory,"Angela Reyes, RMT",Laboratory
2024-07-11,Senior,Female,Hypertension Monitoring,Clinic,Dr. Victor Manuel,Check-up
2024-07-11,Adult,Male,RA/RF Latex (Rheumatoid Factor),Laboratory,"Joanna Lim, RMT",Laboratory
2024-07-11,Adult,Female,Urinary Tract Infection,Clinic,Dr. Miguel Fernandez,Check-up
2024-07-12,Adult,Female,Diabetes Mellitus Monitoring,Clinic,Dr. Victor Manuel,Check-up
2024-07-12,Child,Male,Fever,Clinic,Dr. Paolo Rivera,Check-up
2024-07-12,Senior,Female,Hypertension Monitoring,Clinic,Dr. Elena Bautista,Check-up
2024-07-12,Adult,Female,Troponin I Qualitive,Laboratory,"Rafael Torres, RMT",Laboratory
2024-07-12,Adult,Male,Upper Respiratory Infection,Clinic,Dr. Miguel Fernandez,Check-up
2024-07-12,Senior,Female,Upper Respiratory Infection,Clinic,Dr. Ana Lopez,Check-up
2024-07-12,Adult,Male,Upper Respiratory Infection,Clinic,Dr. Paolo Rivera,Check-up
2024-07-12,Child,Male,VDRL/Syphilis Screening,Laboratory,"Angela Reyes, RMT",Laboratory
2024-07-13,Adult,Male,Dermatitis and Allergy,Clinic,Dr. Camille Tan,Check-up
2024-07-13,Child,Male,Gastritis,Clinic,Dr. Victor Manuel,Check-up
2024-07-13,Child,Male,Gram Stain,Laboratory,"Rafael Torres, RMT",Laboratory
2024-07-13,Adult,Male,Hemodialysis Kinetics (pre & post BUN),Laboratory,"Mark Villanueva, RMT",Laboratory
2024-07-13,Senior,Female,Hypertension Monitoring,Clinic,Dr. Victor Manuel,Check-up
2024-07-13,Adult,Female,Ionized Calcium (Ica),Laboratory,"Angela Reyes, RMT",Laboratory
2024-07-13,Adult,Male,Pancreas & Spleen,Radiology,Dr. Sofia Mercado,Imaging
2024-07-13,Adult,Female,Troponin I Qualitive,Laboratory,"Patricia Mendoza, RMT",Laboratory
2024-07-13,Adult,Female,X-Ray,Annual Physical Examination,Dr. Ana Lopez,Annual Physical Examination
2024-07-14,Adult,Male,C3,Laboratory,"Carlo Navarro, RMT",Laboratory
2024-07-14,Adult,Male,Diabetes Mellitus Monitoring,Clinic,Dr. Elena Bautista,Check-up
2024-07-14,Adult,Male,Gastritis,Clinic,Dr. Victor Manuel,Check-up
2024-07-14,Senior,Female,Hypertension Monitoring,Clinic,Dr. Victor Manuel,Check-up
2024-07-14,Adult,Female,Hypertension Monitoring,Clinic,Dr. Victor Manuel,Check-up
2024-07-14,Adult,Male,KUB & Prostatae,Radiology,Dr. Andrea Sy,Imaging
2024-07-14,Adult,Female,"OGCT Non-Pregnant (100g, 75g)",Laboratory,"Joanna Lim, RMT",Laboratory
2024-07-14,Adult,Male,Prolactin,Laboratory,"Mark Villanueva, RMT",Laboratory
2024-07-14,Child,Female,VDRL/Syphilis Screening,Laboratory,"Carlo Navarro, RMT",Laboratory
2024-07-15,Adult,Female,Asthma Monitoring,Clinic,Dr. Elena Bautista,Check-up
2024-07-15,Adult,Female,Chloride (CI),Laboratory,"Joanna Lim, RMT",Laboratory
2024-07-15,Senior,Female,H. Pylori Igm (Quali)-serum,Laboratory,"Patricia Mendoza, RMT",Laboratory
2024-07-15,Adult,Male,Preventive Health Check-up,Clinic,Dr. Ana Lopez,Check-up
2024-07-15,Senior,Male,Preventive Health Check-up,Clinic,Dr. Miguel Fernandez,Check-up
2024-07-15,Adult,Female,Sodium (Na),Laboratory,"Carlo Navarro, RMT",Laboratory
2024-07-15,Adult,Male,Upper Respiratory Infection,Clinic,Dr. Miguel Fernandez,Check-up
2024-07-16,Child,Female,Abdominal Pain,Clinic,Dr. Victor Manuel,Check-up
2024-07-16,Adult,Female,Anti-HBs,Laboratory,"Joanna Lim, RMT",Laboratory
2024-07-16,Senior,Female,Chest PA for Pregnant,Radiology,Dr. Andrea Sy,Imaging
2024-07-16,Child,Female,Dermatitis and Allergy,Clinic,Dr. Miguel Fernandez,Check-up
2024-07-16,Adult,Male,Diabetes Mellitus Monitoring,Clinic,Dr. Victor Manuel,Check-up
2024-07-16,Adult,Female,Diabetes Mellitus Monitoring,Clinic,Dr. Victor Manuel,Check-up
2024-07-16,Senior,Female,Estrogen,Laboratory,"Patricia Mendoza, RMT",Laboratory
2024-07-16,Adult,Female,Hypertension Monitoring,Clinic,Dr. Victor Manuel,Check-up
2024-07-16,Adult,Female,Plain Abdomen AP/LAT (Pedia),Radiology,Dr. Andrea Sy,Imaging
2024-07-16,Adult,Male,Routine Medical Consultation,Clinic,Dr. Camille Tan,Check-up
2024-07-16,Adult,Female,Upper Respiratory Infection,Clinic,Dr. Paolo Rivera,Check-up
2024-07-17,Adult,Male,Dermatitis and Allergy,Clinic,Dr. Ana Lopez,Check-up
2024-07-17,Adult,Female,Hemodialysis Kinetics (pre & post BUN),Laboratory,"Patricia Mendoza, RMT",Laboratory
2024-07-17,Adult,Female,MET (Shabu),Drug Testing,"Rafael Torres, RMT",Drug Testing
2024-07-17,Adult,Male,Total Protein,Laboratory,"Carlo Navarro, RMT",Laboratory
2024-07-17,Adult,Female,Upper Respiratory Infection,Clinic,Dr. Ana Lopez,Check-up
2024-07-17,Adult,Male,Urinary Tract Infection,Clinic,Dr. Ana Lopez,Check-up
2024-07-18,Adult,Female,ASO Titer,Laboratory,"Mark Villanueva, RMT",Laboratory
2024-07-18,Adult,Male,Bicarbonate,Laboratory,"Joanna Lim, RMT",Laboratory
2024-07-18,Child,Male,Chloride (CI),Laboratory,"Angela Reyes, RMT",Laboratory
2024-07-18,Senior,Female,Face to Face Doctor Consultation,Clinic,Dr. Paolo Rivera,Check-up
2024-07-18,Adult,Female,Fever,Clinic,Dr. Ana Lopez,Check-up
2024-07-18,Senior,Female,Gastritis,Clinic,Dr. Elena Bautista,Check-up
2024-07-18,Child,Female,Gastritis,Clinic,Dr. Elena Bautista,Check-up
2024-07-18,Senior,Male,Hypertension Monitoring,Clinic,Dr. Victor Manuel,Check-up
2024-07-18,Child,Male,Immunology/Serology,Laboratory,"Joanna Lim, RMT",Laboratory
2024-07-18,Adult,Female,Paps Smear (7 days),Laboratory,"Joanna Lim, RMT",Laboratory
2024-07-18,Child,Male,Sodium (Na),Laboratory,"Angela Reyes, RMT",Laboratory
2024-07-18,Senior,Female,Upper Respiratory Infection,Clinic,Dr. Ana Lopez,Check-up
2024-07-19,Senior,Female,2D Echo: Plain with Doppler (Adult),Cardiology,Dr. Camille Tan,Cardiology
2024-07-19,Senior,Female,Carotid Duplex Scan (by appointment),Radiology,Dr. Henry Ong,Imaging
2024-07-19,Senior,Male,Diabetes Mellitus Monitoring,Clinic,Dr. Victor Manuel,Check-up
2024-07-19,Adult,Female,Fever,Clinic,Dr. Camille Tan,Check-up
2024-07-19,Senior,Female,General chest X-Ray,Radiology,Dr. Andrea Sy,Imaging
2024-07-19,Senior,Female,Hypertension Monitoring,Clinic,Dr. Victor Manuel,Check-up
2024-07-19,Adult,Male,Paps Smear (7 days),Laboratory,"Joanna Lim, RMT",Laboratory
2024-07-19,Adult,Female,Upper Respiratory Infection,Clinic,Dr. Miguel Fernandez,Check-up
2024-07-19,Adult,Female,Upper Respiratory Infection,Clinic,Dr. Ana Lopez,Check-up
2024-07-20,Senior,Male,2D Echo w/ Doppler,Cardiology,Dr. Miguel Fernandez,Cardiology
2024-07-20,Adult,Male,Abdominal Pain,Clinic,Dr. Victor Manuel,Check-up
2024-07-20,Child,Male,DTAP Vaccine (pedia),Clinic,Dr. Ana Lopez,Vaccination
2024-07-20,Adult,Female,Dermatitis and Allergy,Clinic,Dr. Paolo Rivera,Check-up
2024-07-20,Adult,Female,Hypertension Monitoring,Clinic,Dr. Elena Bautista,Check-up
2024-07-20,Adult,Female,Protein,Laboratory,"Patricia Mendoza, RMT",Laboratory
2024-07-20,Adult,Female,VDRL/Syphilis Screening,Laboratory,"Patricia Mendoza, RMT",Laboratory
2024-07-21,Senior,Male,ANA Screening,Laboratory,"Patricia Mendoza, RMT",Laboratory
2024-07-21,Adult,Male,Anti-HAV IgM,Laboratory,"Carlo Navarro, RMT",Laboratory
2024-07-21,Adult,Female,Anti-HCV Titer,Laboratory,"Mark Villanueva, RMT",Laboratory
2024-07-21,Senior,Male,Diabetes Mellitus Monitoring,Clinic,Dr. Elena Bautista,Check-up
2024-07-21,Senior,Male,Estradiol/Estrogen,Laboratory,"Mark Villanueva, RMT",Laboratory
2024-07-21,Senior,Male,Fever,Clinic,Dr. Camille Tan,Check-up
2024-07-21,Senior,Female,H. Pylori Igm (Quali)-serum,Laboratory,"Angela Reyes, RMT",Laboratory
2024-07-21,Adult,Male,HDL,Laboratory,"Patricia Mendoza, RMT",Laboratory
2024-07-21,Adult,Male,Pregnancy Test (Serum),Laboratory,"Mark Villanueva, RMT",Laboratory
2024-07-22,Adult,Male,ANA Titer,Laboratory,"Mark Villanueva, RMT",Laboratory
2024-07-22,Adult,Male,Actual Platelet Count,Laboratory,"Carlo Navarro, RMT",Laboratory
2024-07-22,Senior,Male,Asthma Monitoring,Clinic,Dr. Elena Bautista,Check-up
2024-07-22,Adult,Male,Dermatitis and Allergy,Clinic,Dr. Paolo Rivera,Check-up
2024-07-22,Adult,Female,Dermatitis and Allergy,Clinic,Dr. Paolo Rivera,Check-up
2024-07-22,Child,Male,Dermatitis and Allergy,Clinic,Dr. Camille Tan,Check-up
2024-07-22,Adult,Male,Gram Stain,Laboratory,"Carlo Navarro, RMT",Laboratory
2024-07-22,Senior,Male,Hypertension Monitoring,Clinic,Dr. Victor Manuel,Check-up
2024-07-22,Adult,Female,Immunology/Serology,Laboratory,"Mark Villanueva, RMT",Laboratory
2024-07-22,Adult,Female,Troponin I Quantitative,Laboratory,"Joanna Lim, RMT",Laboratory
2024-07-22,Adult,Female,Upper Respiratory Infection,Clinic,Dr. Camille Tan,Check-up
2024-07-22,Adult,Male,Upper Respiratory Infection,Clinic,Dr. Ana Lopez,Check-up
2024-07-22,Adult,Male,Urinary Tract Infection,Clinic,Dr. Paolo Rivera,Check-up
2024-07-23,Adult,Female,2D Echo (Plain),Cardiology,Dr. Ana Lopez,Cardiology
2024-07-23,Adult,Female,Amylase,Laboratory,"Angela Reyes, RMT",Laboratory
2024-07-23,Senior,Female,Anti-HBe,Laboratory,"Carlo Navarro, RMT",Laboratory
2024-07-23,Child,Male,Gastritis,Clinic,Dr. Elena Bautista,Check-up
2024-07-23,Adult,Male,Glucose,Laboratory,"Rafael Torres, RMT",Laboratory
2024-07-23,Adult,Female,Troponin T Qualitive,Laboratory,"Angela Reyes, RMT",Laboratory
2024-07-24,Adult,Male,Chest PA for Pregnant,Radiology,Dr. Sofia Mercado,Imaging
2024-07-24,Adult,Male,GGTP,Laboratory,"Mark Villanueva, RMT",Laboratory
2024-07-24,Adult,Female,Hypertension Monitoring,Clinic,Dr. Victor Manuel,Check-up
2024-07-24,Adult,Female,Hypertension Monitoring,Clinic,Dr. Elena Bautista,Check-up
2024-07-24,Adult,Female,LH,Laboratory,"Rafael Torres, RMT",Laboratory
2024-07-24,Adult,Female,RBC Morphology (Urine),Laboratory,"Angela Reyes, RMT",Laboratory
2024-07-24,Adult,Female,TBIC (Total Iron Binding Capacity),Laboratory,"Rafael Torres, RMT",Laboratory
2024-07-25,Senior,Female,ANA Screening,Laboratory,"Angela Reyes, RMT",Laboratory
2024-07-25,Adult,Male,Anti-HBc IgG,Laboratory,"Joanna Lim, RMT",Laboratory
2024-07-25,Adult,Female,Diabetes Mellitus Monitoring,Clinic,Dr. Elena Bautista,Check-up
2024-07-25,Child,Female,Fever,Clinic,Dr. Camille Tan,Check-up
2024-07-25,Child,Female,Lipase,Laboratory,"Patricia Mendoza, RMT",Laboratory
2024-07-25,Child,Male,Preventive Health Check-up,Clinic,Dr. Paolo Rivera,Check-up
2024-07-25,Adult,Male,Preventive Health Check-up,Clinic,Dr. Camille Tan,Check-up
2024-07-25,Child,Female,Preventive Health Check-up,Clinic,Dr. Ana Lopez,Check-up
2024-07-25,Adult,Female,X-Ray,Clinic,Dr. Ana Lopez,Pre-Employment Checkup
2024-07-26,Senior,Male,Diabetes Mellitus Monitoring,Clinic,Dr. Elena Bautista,Check-up
2024-07-26,Adult,Male,Diabetes Mellitus Monitoring,Clinic,Dr. Elena Bautista,Check-up
2024-07-26,Senior,Female,Hypertension Monitoring,Clinic,Dr. Elena Bautista,Check-up
2024-07-26,Adult,Male,Hypertension Monitoring,Clinic,Dr. Victor Manuel,Check-up
2024-07-26,Adult,Male,Hypertension Monitoring,Clinic,Dr. Elena Bautista,Check-up
2024-07-26,Adult,Female,RBC Morphology (Urine),Laboratory,"Carlo Navarro, RMT",Laboratory
2024-07-26,Adult,Male,"TPAG (Total Protein, Albumin, AG)",Laboratory,"Patricia Mendoza, RMT",Laboratory
2024-07-26,Senior,Male,TSH,Laboratory,"Joanna Lim, RMT",Laboratory
2024-07-26,Adult,Female,Upper Respiratory Infection,Clinic,Dr. Ana Lopez,Check-up
2024-07-27,Child,Female,Blood Cs (2 site),Laboratory,"Angela Reyes, RMT",Laboratory
2024-07-27,Adult,Female,Duplex Scan,Radiology,Dr. Henry Ong,Imaging
2024-07-27,Adult,Male,Gastritis,Clinic,Dr. Victor Manuel,Check-up
2024-07-27,Adult,Male,Hypertension Monitoring,Clinic,Dr. Elena Bautista,Check-up
2024-07-27,Adult,Female,Inorganic Phosphorus (IPO4),Laboratory,"Mark Villanueva, RMT",Laboratory
2024-07-27,Adult,Male,Preventive Health Check-up,Clinic,Dr. Ana Lopez,Check-up
2024-07-28,Adult,Male,Hypertension Monitoring,Clinic,Dr. Victor Manuel,Check-up
2024-07-28,Adult,Female,Hypertension Monitoring,Clinic,Dr. Victor Manuel,Check-up
2024-07-28,Senior,Female,Online Doctor Consultation,Clinic,Dr. Camille Tan,Check-up
2024-07-28,Adult,Male,Routine Medical Consultation,Clinic,Dr. Ana Lopez,Check-up
2024-07-29,Senior,Female,HBeAg,Laboratory,"Mark Villanueva, RMT",Laboratory
2024-07-29,Adult,Male,Hypertension Monitoring,Clinic,Dr. Victor Manuel,Check-up
2024-07-29,Adult,Male,Routine Medical Consultation,Clinic,Dr. Camille Tan,Check-up
2024-07-29,Child,Male,TPPA Qualitative,Laboratory,"Carlo Navarro, RMT",Laboratory
2024-07-29,Adult,Male,TT4 (Toal Thyroxine),Laboratory,"Mark Villanueva, RMT",Laboratory
2024-07-29,Adult,Female,Upper Respiratory Infection,Clinic,Dr. Ana Lopez,Check-up
2024-07-29,Senior,Female,Upper Respiratory Infection,Clinic,Dr. Ana Lopez,Check-up
2024-07-29,Adult,Female,Urinalysis 10P,Laboratory,"Carlo Navarro, RMT",Laboratory
2024-07-29,Adult,Male,Urinary Tract Infection,Clinic,Dr. Miguel Fernandez,Check-up
2024-07-30,Child,Female,Asthma Monitoring,Clinic,Dr. Elena Bautista,Check-up
2024-07-30,Adult,Female,Estrogen,Laboratory,"Rafael Torres, RMT",Laboratory
2024-07-30,Senior,Female,Gastritis,Clinic,Dr. Elena Bautista,Check-up
2024-07-30,Adult,Female,Headache,Clinic,Dr. Miguel Fernandez,Check-up
2024-07-30,Adult,Male,"Iron Studies (TI, TIBC, Ferritin)",Laboratory,"Joanna Lim, RMT",Laboratory
2024-07-30,Adult,Male,"OGCT Pregnant (100g, 75g)",Laboratory,"Mark Villanueva, RMT",Laboratory
2024-07-30,Senior,Male,Routine Medical Consultation,Clinic,Dr. Ana Lopez,Check-up
2024-07-31,Adult,Male,Cortisol,Laboratory,"Rafael Torres, RMT",Laboratory
2024-07-31,Adult,Male,Diabetes Mellitus Monitoring,Clinic,Dr. Elena Bautista,Check-up
2024-07-31,Senior,Male,"Hepa A,B,C",Laboratory,"Patricia Mendoza, RMT",Laboratory
2024-07-31,Adult,Female,Hypertension Monitoring,Clinic,Dr. Victor Manuel,Check-up
2024-07-31,Adult,Female,Liver,Radiology,Dr. Henry Ong,Imaging
2024-08-01,Adult,Male,Asthma Monitoring,Clinic,Dr. Elena Bautista,Check-up
2024-08-01,Adult,Male,Drug Test,Clinic,Dr. Miguel Fernandez,Pre-Employment Checkup
2024-08-01,Adult,Female,Hand AP/OBLIQUE or AP/L (each),Radiology,Dr. Sofia Mercado,Imaging
2024-08-01,Adult,Female,Hepa A&B profile,Laboratory,"Patricia Mendoza, RMT",Laboratory
2024-08-01,Adult,Female,Hypertension Monitoring,Clinic,Dr. Victor Manuel,Check-up
2024-08-01,Adult,Female,Upper Respiratory Infection,Clinic,Dr. Miguel Fernandez,Check-up
2024-08-02,Adult,Female,Chloride (CI),Laboratory,"Joanna Lim, RMT",Laboratory
2024-08-02,Adult,Female,Upper Respiratory Infection,Clinic,Dr. Ana Lopez,Check-up
2024-08-02,Senior,Male,Upper and lower extremities,Radiology,Dr. Henry Ong,Imaging
2024-08-03,Adult,Female,Face to Face Doctor Consultation,Clinic,Dr. Camille Tan,Check-up
2024-08-03,Adult,Male,Fever,Clinic,Dr. Miguel Fernandez,Check-up
2024-08-03,Senior,Female,Fever,Clinic,Dr. Camille Tan,Check-up
2024-08-03,Adult,Male,HCV-RNA,Laboratory,"Mark Villanueva, RMT",Laboratory
2024-08-03,Senior,Female,Neck,Radiology,Dr. Henry Ong,Imaging
2024-08-03,Adult,Female,Routine Medical Consultation,Clinic,Dr. Miguel Fernandez,Check-up
2024-08-04,Senior,Male,Albumin (Protein) Creatinine Ratio,Laboratory,"Carlo Navarro, RMT",Laboratory
2024-08-04,Child,Female,Anti-Tetanus,Clinic,Dr. Ana Lopez,Vaccination
2024-08-04,Senior,Female,HIV (Screening),Laboratory,"Joanna Lim, RMT",Laboratory
2024-08-04,Adult,Male,KOH,Laboratory,"Angela Reyes, RMT",Laboratory
2024-08-04,Senior,Male,Sodium (Na),Laboratory,"Carlo Navarro, RMT",Laboratory
2024-08-05,Adult,Male,Amylase,Laboratory,"Patricia Mendoza, RMT",Laboratory
2024-08-05,Adult,Male,Asthma Monitoring,Clinic,Dr. Elena Bautista,Check-up
2024-08-05,Adult,Male,CBC w/ Actual Platelet Count,Laboratory,"Joanna Lim, RMT",Laboratory
2024-08-05,Adult,Male,CPK-MB,Laboratory,"Mark Villanueva, RMT",Laboratory
2024-08-05,Senior,Female,Diabetes Mellitus Monitoring,Clinic,Dr. Elena Bautista,Check-up
2024-08-05,Adult,Male,EGFR,Laboratory,"Joanna Lim, RMT",Laboratory
2024-08-05,Adult,Female,Fever,Clinic,Dr. Camille Tan,Check-up
2024-08-05,Senior,Male,HCV-RNA,Laboratory,"Rafael Torres, RMT",Laboratory
2024-08-05,Adult,Female,Hypertension Monitoring,Clinic,Dr. Elena Bautista,Check-up
2024-08-05,Adult,Male,Upper Respiratory Infection,Clinic,Dr. Miguel Fernandez,Check-up
2024-08-06,Adult,Female,ANA Screening,Laboratory,"Angela Reyes, RMT",Laboratory
2024-08-06,Adult,Female,Blood Uric Acid,Laboratory,"Patricia Mendoza, RMT",Laboratory
2024-08-06,Adult,Female,Routine Medical Consultation,Clinic,Dr. Ana Lopez,Check-up
2024-08-06,Child,Female,Total Protein,Laboratory,"Angela Reyes, RMT",Laboratory
2024-08-06,Adult,Male,Upper Respiratory Infection,Clinic,Dr. Miguel Fernandez,Check-up
2024-08-07,Senior,Female,2D Echo (Plain),Cardiology,Dr. Paolo Rivera,Cardiology
2024-08-07,Senior,Female,2D Echo: Plain with Doppler (Adult),Cardiology,Dr. Camille Tan,Cardiology
2024-08-07,Adult,Male,Abdominal Aorta,Radiology,Dr. Andrea Sy,Imaging
2024-08-07,Senior,Male,Asthma Monitoring,Clinic,Dr. Victor Manuel,Check-up
2024-08-07,Adult,Male,Diabetes Mellitus Monitoring,Clinic,Dr. Victor Manuel,Check-up
2024-08-07,Child,Male,Headache,Clinic,Dr. Ana Lopez,Check-up
2024-08-07,Senior,Female,Pregnancy Test (Serum),Laboratory,"Mark Villanueva, RMT",Laboratory
2024-08-07,Adult,Male,RT-PCR 4-6HRS,Laboratory,"Joanna Lim, RMT",Laboratory
2024-08-07,Adult,Male,THC (Marijuana),Drug Testing,"Joanna Lim, RMT",Drug Testing
2024-08-08,Adult,Female,2D Echo w/ Doppler,Cardiology,Dr. Ana Lopez,Cardiology
2024-08-08,Adult,Female,ASO Screening,Laboratory,"Angela Reyes, RMT",Laboratory
2024-08-08,Adult,Male,Asthma Monitoring,Clinic,Dr. Victor Manuel,Check-up
2024-08-08,Senior,Male,Dengue Combo,Laboratory,"Angela Reyes, RMT",Laboratory
2024-08-08,Adult,Male,Dermatitis and Allergy,Clinic,Dr. Miguel Fernandez,Check-up
2024-08-08,Adult,Female,Ferritin,Laboratory,"Mark Villanueva, RMT",Laboratory
2024-08-08,Adult,Male,H. Pylori Stool,Laboratory,"Joanna Lim, RMT",Laboratory
2024-08-08,Adult,Female,Hematology,Laboratory,"Patricia Mendoza, RMT",Laboratory
2024-08-08,Senior,Female,Hypertension Monitoring,Clinic,Dr. Victor Manuel,Check-up
2024-08-08,Adult,Female,Scoliosis Series,Radiology,Dr. Henry Ong,Imaging
2024-08-09,Adult,Female,Asthma Monitoring,Clinic,Dr. Elena Bautista,Check-up
2024-08-09,Adult,Male,Asthma Monitoring,Clinic,Dr. Victor Manuel,Check-up
2024-08-09,Adult,Female,Fever,Clinic,Dr. Miguel Fernandez,Check-up
2024-08-09,Child,Male,Fever,Clinic,Dr. Ana Lopez,Check-up
2024-08-09,Adult,Male,GGTP,Laboratory,"Joanna Lim, RMT",Laboratory
2024-08-09,Senior,Female,Hypertension Monitoring,Clinic,Dr. Victor Manuel,Check-up
2024-08-09,Adult,Female,TPHA Screening,Laboratory,"Joanna Lim, RMT",Laboratory
2024-08-09,Adult,Female,Upper Respiratory Infection,Clinic,Dr. Paolo Rivera,Check-up
2024-08-09,Senior,Male,Urinary Tract Infection,Clinic,Dr. Miguel Fernandez,Check-up
2024-08-10,Child,Male,2D Echo Pedia,Cardiology,Dr. Ana Lopez,Cardiology
2024-08-10,Senior,Male,Dermatitis and Allergy,Clinic,Dr. Miguel Fernandez,Check-up
2024-08-10,Adult,Female,Diabetes Mellitus Monitoring,Clinic,Dr. Elena Bautista,Check-up
2024-08-10,Adult,Female,GGTP,Laboratory,"Carlo Navarro, RMT",Laboratory
2024-08-10,Adult,Female,Hypertension Monitoring,Clinic,Dr. Elena Bautista,Check-up
2024-08-10,Child,Female,Potassium (K),Laboratory,"Rafael Torres, RMT",Laboratory
2024-08-10,Adult,Female,Preventive Health Check-up,Clinic,Dr. Paolo Rivera,Check-up
2024-08-10,Adult,Female,Ultrasound,Radiology,Dr. Henry Ong,Imaging
2024-08-10,Senior,Female,Upper Respiratory Infection,Clinic,Dr. Ana Lopez,Check-up
2024-08-10,Adult,Male,Venous Duplex Scan (Unilateral),Radiology,Dr. Henry Ong,Imaging
2024-08-11,Senior,Female,Amylase,Laboratory,"Patricia Mendoza, RMT",Laboratory
2024-08-11,Child,Male,Fecal Occult Blood,Laboratory,"Patricia Mendoza, RMT",Laboratory
2024-08-11,Adult,Male,Rubella IgG,Laboratory,"Angela Reyes, RMT",Laboratory
2024-08-11,Adult,Female,Rubella IgG,Laboratory,"Rafael Torres, RMT",Laboratory
2024-08-11,Adult,Male,THC (Marijuana),Drug Testing,"Joanna Lim, RMT",Drug Testing
2024-08-12,Adult,Male,Blood Uric Acid,Laboratory,"Carlo Navarro, RMT",Laboratory
2024-08-12,Adult,Male,Blood Uric Acid,Laboratory,"Rafael Torres, RMT",Laboratory
2024-08-12,Adult,Female,Clinical Microscopy,Laboratory,"Mark Villanueva, RMT",Laboratory
2024-08-12,Adult,Female,"Iron Studies (TI, TIBC, Ferritin)",Laboratory,"Rafael Torres, RMT",Laboratory
2024-08-12,Senior,Female,Lower Abdomen,Radiology,Dr. Sofia Mercado,Imaging
2024-08-12,Adult,Female,Protein,Laboratory,"Rafael Torres, RMT",Laboratory
2024-08-12,Adult,Male,Routine Medical Consultation,Clinic,Dr. Camille Tan,Check-up
2024-08-12,Child,Female,Sodium (Na),Laboratory,"Patricia Mendoza, RMT",Laboratory
2024-08-13,Adult,Male,Asthma Monitoring,Clinic,Dr. Victor Manuel,Check-up
2024-08-13,Senior,Female,Diabetes Mellitus Monitoring,Clinic,Dr. Elena Bautista,Check-up
2024-08-13,Adult,Female,FSH,Laboratory,"Rafael Torres, RMT",Laboratory
2024-08-14,Adult,Female,Actual Platelet Count,Laboratory,"Carlo Navarro, RMT",Laboratory
2024-08-14,Adult,Male,Diabetes Mellitus Monitoring,Clinic,Dr. Victor Manuel,Check-up
2024-08-14,Adult,Male,Total Calcium (TCa),Laboratory,"Angela Reyes, RMT",Laboratory
2024-08-14,Adult,Female,Troponin I Quantitative,Laboratory,"Patricia Mendoza, RMT",Laboratory
2024-08-14,Adult,Female,Typhil Dot,Laboratory,"Patricia Mendoza, RMT",Laboratory
2024-08-14,Child,Female,Upper Respiratory Infection,Clinic,Dr. Paolo Rivera,Check-up
2024-08-14,Adult,Male,Upper Respiratory Infection,Clinic,Dr. Miguel Fernandez,Check-up
2024-08-15,Adult,Male,Blood Cs with ARD (2 site),Laboratory,"Patricia Mendoza, RMT",Laboratory
2024-08-15,Senior,Male,Breast,Radiology,Dr. Andrea Sy,Imaging
2024-08-15,Adult,Male,Dengue Duo IgM/IgG,Laboratory,"Mark Villanueva, RMT",Laboratory
2024-08-15,Adult,Male,Diabetes Mellitus Monitoring,Clinic,Dr. Victor Manuel,Check-up
2024-08-15,Senior,Male,Diabetes Mellitus Monitoring,Clinic,Dr. Victor Manuel,Check-up
2024-08-15,Adult,Female,Headache,Clinic,Dr. Ana Lopez,Check-up
2024-08-15,Adult,Male,Kidney,Radiology,Dr. Henry Ong,Imaging
2024-08-15,Adult,Female,Physical Exam,Clinic,Dr. Paolo Rivera,Pre-Employment Checkup
2024-08-15,Senior,Male,Ultrasound,Radiology,Dr. Henry Ong,Imaging
2024-08-15,Adult,Male,X-Ray,Clinic,Dr. Camille Tan,Pre-Employment Checkup
2024-08-16,Adult,Male,FT4,Laboratory,"Patricia Mendoza, RMT",Laboratory
2024-08-16,Adult,Male,Routine Medical Consultation,Clinic,Dr. Camille Tan,Check-up
2024-08-16,Adult,Male,Sperm Analysis WHO,Laboratory,"Carlo Navarro, RMT",Laboratory
2024-08-16,Adult,Male,Testosterone,Laboratory,"Rafael Torres, RMT",Laboratory
2024-08-16,Senior,Male,Whole Abdomen,Radiology,Dr. Henry Ong,Imaging
2024-08-17,Adult,Female,Asthma Monitoring,Clinic,Dr. Victor Manuel,Check-up
2024-08-17,Adult,Male,Diabetes Mellitus Monitoring,Clinic,Dr. Elena Bautista,Check-up
2024-08-17,Child,Female,FT4,Laboratory,"Patricia Mendoza, RMT",Laboratory
2024-08-17,Child,Male,Fever,Clinic,Dr. Camille Tan,Check-up
2024-08-17,Adult,Female,Gastritis,Clinic,Dr. Victor Manuel,Check-up
2024-08-17,Adult,Female,Rubella Igm,Laboratory,"Rafael Torres, RMT",Laboratory
2024-08-17,Child,Female,Upper Respiratory Infection,Clinic,Dr. Camille Tan,Check-up
2024-08-18,Adult,Male,Blood Cs (2 site),Laboratory,"Carlo Navarro, RMT",Laboratory
2024-08-18,Child,Male,CPK-MB,Laboratory,"Joanna Lim, RMT",Laboratory
2024-08-18,Adult,Female,Headache,Clinic,Dr. Ana Lopez,Check-up
2024-08-18,Adult,Male,RBS,Laboratory,"Joanna Lim, RMT",Laboratory
2024-08-19,Adult,Male,ASO Titer,Laboratory,"Rafael Torres, RMT",Laboratory
2024-08-19,Adult,Female,Acid Phosphatase,Laboratory,"Joanna Lim, RMT",Laboratory
2024-08-19,Adult,Male,Asthma Monitoring,Clinic,Dr. Elena Bautista,Check-up
2024-08-19,Adult,Male,C3,Laboratory,"Rafael Torres, RMT",Laboratory
2024-08-19,Adult,Female,Dermatitis and Allergy,Clinic,Dr. Camille Tan,Check-up
2024-08-19,Child,Male,Fit Stool Test,Laboratory,"Joanna Lim, RMT",Laboratory
2024-08-19,Adult,Male,Gastritis,Clinic,Dr. Elena Bautista,Check-up
2024-08-19,Adult,Female,Hepa A&B profile,Laboratory,"Patricia Mendoza, RMT",Laboratory
2024-08-19,Senior,Male,Hypertension Monitoring,Clinic,Dr. Elena Bautista,Check-up
2024-08-19,Adult,Female,Peripheral Blood Smear ( 7 Days),Laboratory,"Mark Villanueva, RMT",Laboratory
2024-08-19,Adult,Male,Upper Respiratory Infection,Clinic,Dr. Camille Tan,Check-up
2024-08-20,Adult,Female,Abdominal Aorta,Radiology,Dr. Andrea Sy,Imaging
2024-08-20,Child,Female,Asthma Monitoring,Clinic,Dr. Victor Manuel,Check-up
2024-08-20,Adult,Male,Asthma Monitoring,Clinic,Dr. Elena Bautista,Check-up
2024-08-20,Adult,Male,Blood Urea Nitrogen,Laboratory,"Mark Villanueva, RMT",Laboratory
2024-08-20,Adult,Female,Duplex Scan,Radiology,Dr. Henry Ong,Imaging
2024-08-20,Senior,Female,EBV Igg,Laboratory,"Patricia Mendoza, RMT",Laboratory
2024-08-20,Adult,Male,Headache,Clinic,Dr. Miguel Fernandez,Check-up
2024-08-20,Child,Female,Headache,Clinic,Dr. Ana Lopez,Check-up
2024-08-20,Adult,Female,Hypertension Monitoring,Clinic,Dr. Elena Bautista,Check-up
2024-08-20,Child,Female,Pregnancy Test (Serum),Laboratory,"Joanna Lim, RMT",Laboratory
2024-08-20,Adult,Male,Upper Respiratory Infection,Clinic,Dr. Paolo Rivera,Check-up
2024-08-20,Child,Female,Upper Respiratory Infection,Clinic,Dr. Camille Tan,Check-up
2024-08-21,Adult,Male,Abdominal Pain,Clinic,Dr. Victor Manuel,Check-up
2024-08-21,Adult,Female,Asthma Monitoring,Clinic,Dr. Elena Bautista,Check-up
2024-08-21,Adult,Female,CBC w/ Actual Platelet Count,Laboratory,"Mark Villanueva, RMT",Laboratory
2024-08-21,Adult,Female,CPK-MM,Laboratory,"Angela Reyes, RMT",Laboratory
2024-08-21,Senior,Male,Femur AP/LAT,Radiology,Dr. Sofia Mercado,Imaging
2024-08-21,Adult,Male,Fever,Clinic,Dr. Camille Tan,Check-up
2024-08-21,Adult,Male,Gastritis,Clinic,Dr. Victor Manuel,Check-up
2024-08-21,Adult,Female,Hand AP/OBLIQUE/Lateral,Radiology,Dr. Henry Ong,Imaging
2024-08-21,Adult,Male,Hypertension Monitoring,Clinic,Dr. Victor Manuel,Check-up
2024-08-21,Adult,Female,Routine Medical Consultation,Clinic,Dr. Camille Tan,Check-up
2024-08-21,Adult,Male,Upper Respiratory Infection,Clinic,Dr. Paolo Rivera,Check-up
2024-08-22,Senior,Female,Blood Cs with ARD (1 site),Laboratory,"Mark Villanueva, RMT",Laboratory
2024-08-22,Adult,Male,CBC,Annual Physical Examination,Dr. Camille Tan,Annual Physical Examination
2024-08-22,Adult,Female,Dermatitis and Allergy,Clinic,Dr. Camille Tan,Check-up
2024-08-22,Child,Male,Headache,Clinic,Dr. Miguel Fernandez,Check-up
2024-08-22,Adult,Male,Headache,Clinic,Dr. Paolo Rivera,Check-up
2024-08-22,Adult,Female,Hypertension Monitoring,Clinic,Dr. Victor Manuel,Check-up
2024-08-22,Adult,Male,Upper Respiratory Infection,Clinic,Dr. Paolo Rivera,Check-up
2024-08-22,Adult,Female,Upper Respiratory Infection,Clinic,Dr. Camille Tan,Check-up
2024-08-23,Adult,Female,Gastritis,Clinic,Dr. Elena Bautista,Check-up
2024-08-23,Adult,Female,Protein,Laboratory,"Carlo Navarro, RMT",Laboratory
2024-08-23,Child,Male,TT4 (Toal Thyroxine),Laboratory,"Joanna Lim, RMT",Laboratory
2024-08-23,Senior,Female,Upper Respiratory Infection,Clinic,Dr. Miguel Fernandez,Check-up
2024-08-23,Senior,Female,Upper Respiratory Infection,Clinic,Dr. Camille Tan,Check-up
2024-08-23,Adult,Male,Upper Respiratory Infection,Clinic,Dr. Miguel Fernandez,Check-up
2024-08-23,Child,Male,Urinary Tract Infection,Clinic,Dr. Miguel Fernandez,Check-up
2024-08-23,Adult,Male,X-Ray,Clinic,Dr. Ana Lopez,Pre-Employment Checkup
2024-08-24,Senior,Female,Blood Urea Nitrogen,Laboratory,"Joanna Lim, RMT",Laboratory
2024-08-24,Senior,Male,Glucose,Laboratory,"Patricia Mendoza, RMT",Laboratory
2024-08-24,Adult,Female,H. Pylori Stool,Laboratory,"Rafael Torres, RMT",Laboratory
2024-08-24,Adult,Female,Potassium (K),Laboratory,"Rafael Torres, RMT",Laboratory
2024-08-24,Senior,Female,Shoulder AP/LAT,Radiology,Dr. Sofia Mercado,Imaging
2024-08-25,Senior,Female,15L-ECG (Electrocardiogram) 15L,Cardiology,Dr. Camille Tan,Cardiology
2024-08-25,Adult,Male,Amylase,Laboratory,"Joanna Lim, RMT",Laboratory
2024-08-25,Senior,Female,Dermatitis and Allergy,Clinic,Dr. Paolo Rivera,Check-up
2024-08-25,Senior,Female,Diabetes Mellitus Monitoring,Clinic,Dr. Elena Bautista,Check-up
2024-08-25,Senior,Male,Diabetes Mellitus Monitoring,Clinic,Dr. Elena Bautista,Check-up
2024-08-25,Adult,Male,Drug Test (Urine),Laboratory,"Joanna Lim, RMT",Laboratory
2024-08-25,Adult,Male,H. Pylori Stool,Laboratory,"Carlo Navarro, RMT",Laboratory
2024-08-25,Senior,Female,Hypertension Monitoring,Clinic,Dr. Elena Bautista,Check-up
2024-08-25,Senior,Male,RA/RF Latex (Rheumatoid Factor),Laboratory,"Carlo Navarro, RMT",Laboratory
2024-08-25,Adult,Male,Routine Medical Consultation,Clinic,Dr. Miguel Fernandez,Check-up
2024-08-26,Adult,Female,AFB Stain,Laboratory,"Mark Villanueva, RMT",Laboratory
2024-08-26,Senior,Female,Anti-HBs,Laboratory,"Rafael Torres, RMT",Laboratory
2024-08-26,Adult,Female,Asthma Monitoring,Clinic,Dr. Elena Bautista,Check-up
2024-08-26,Senior,Male,Cortisol,Laboratory,"Patricia Mendoza, RMT",Laboratory
2024-08-26,Adult,Female,Fever,Clinic,Dr. Ana Lopez,Check-up
2024-08-26,Adult,Female,Hypertension Monitoring,Clinic,Dr. Victor Manuel,Check-up
2024-08-26,Adult,Male,Upper Respiratory Infection,Clinic,Dr. Ana Lopez,Check-up
2024-08-26,Adult,Female,Upper Respiratory Infection,Clinic,Dr. Camille Tan,Check-up
2024-08-26,Adult,Female,Urinalysis & Fecalysis,Annual Physical Examination,Dr. Ana Lopez,Annual Physical Examination
2024-08-27,Adult,Male,Alkaline Phosphates,Laboratory,"Rafael Torres, RMT",Laboratory
2024-08-27,Adult,Male,Ankle – Brachial Index (by appointment),Radiology,Dr. Henry Ong,Imaging
2024-08-27,Adult,Female,Diabetes Mellitus Monitoring,Clinic,Dr. Elena Bautista,Check-up
2024-08-27,Adult,Female,Drug Test,Clinic,Dr. Ana Lopez,Pre-Employment Checkup
2024-08-27,Adult,Male,Fever,Clinic,Dr. Miguel Fernandez,Check-up
2024-08-27,Adult,Male,Prolactin,Laboratory,"Mark Villanueva, RMT",Laboratory
2024-08-27,Senior,Female,Soft Tissue,Radiology,Dr. Sofia Mercado,Imaging
2024-08-27,Adult,Male,Total Calcium (TCa),Laboratory,"Joanna Lim, RMT",Laboratory
2024-08-28,Senior,Male,Anti-HAV Screening,Laboratory,"Mark Villanueva, RMT",Laboratory
2024-08-28,Adult,Male,CRP,Laboratory,"Angela Reyes, RMT",Laboratory
2024-08-28,Adult,Male,Dengue Combo,Laboratory,"Mark Villanueva, RMT",Laboratory
2024-08-28,Adult,Female,Headache,Clinic,Dr. Paolo Rivera,Check-up
2024-08-28,Adult,Female,Hypertension Monitoring,Clinic,Dr. Elena Bautista,Check-up
2024-08-28,Adult,Male,Thoracic AP/LAT/OBLIQUE,Radiology,Dr. Sofia Mercado,Imaging
2024-08-29,Adult,Female,ASO Titer,Laboratory,"Carlo Navarro, RMT",Laboratory
2024-08-29,Adult,Male,Abdominal Pain,Clinic,Dr. Elena Bautista,Check-up
2024-08-29,Adult,Female,Diabetes Mellitus Monitoring,Clinic,Dr. Victor Manuel,Check-up
2024-08-29,Adult,Male,Face to Face Doctor Consultation,Clinic,Dr. Miguel Fernandez,Check-up
2024-08-29,Adult,Female,Headache,Clinic,Dr. Ana Lopez,Check-up
2024-08-29,Adult,Male,Hemodialysis Kinetics (pre & post BUN),Laboratory,"Angela Reyes, RMT",Laboratory
2024-08-29,Senior,Male,Magnesium,Laboratory,"Patricia Mendoza, RMT",Laboratory
2024-08-29,Adult,Male,Upper Respiratory Infection,Clinic,Dr. Paolo Rivera,Check-up
2024-08-30,Senior,Male,Diabetes Mellitus Monitoring,Clinic,Dr. Elena Bautista,Check-up
2024-08-30,Child,Female,Drug Test (Urine),Laboratory,"Angela Reyes, RMT",Laboratory
2024-08-30,Adult,Female,Gastritis,Clinic,Dr. Victor Manuel,Check-up
2024-08-30,Adult,Female,H. Pylori Igm (Quali)-serum,Laboratory,"Joanna Lim, RMT",Laboratory
2024-08-30,Senior,Female,Hepa C profile,Laboratory,"Mark Villanueva, RMT",Laboratory
2024-08-30,Child,Male,Magnesium,Laboratory,"Carlo Navarro, RMT",Laboratory
2024-08-30,Adult,Female,Pregnancy Test (Serum),Laboratory,"Joanna Lim, RMT",Laboratory
2024-08-30,Adult,Male,Upper Respiratory Infection,Clinic,Dr. Miguel Fernandez,Check-up
2024-08-31,Adult,Male,Calcium (C),Laboratory,"Carlo Navarro, RMT",Laboratory
2024-08-31,Senior,Female,Diabetes Mellitus Monitoring,Clinic,Dr. Elena Bautista,Check-up
2024-08-31,Senior,Male,Fever,Clinic,Dr. Camille Tan,Check-up
2024-08-31,Adult,Male,Gastritis,Clinic,Dr. Victor Manuel,Check-up
2024-08-31,Adult,Female,MET (Shabu),Drug Testing,"Angela Reyes, RMT",Drug Testing
2024-08-31,Senior,Female,Online Doctor Consultation,Clinic,Dr. Paolo Rivera,Check-up
2024-08-31,Adult,Female,Preventive Health Check-up,Clinic,Dr. Ana Lopez,Check-up
2024-08-31,Adult,Female,RT-PCR 12HRS,Laboratory,"Mark Villanueva, RMT",Laboratory
2024-09-01,Child,Female,Bloodtype and RH Typing,Laboratory,"Joanna Lim, RMT",Laboratory
2024-09-01,Adult,Female,FSH,Laboratory,"Rafael Torres, RMT",Laboratory
2024-09-01,Adult,Female,Gram Stain,Laboratory,"Carlo Navarro, RMT",Laboratory
2024-09-01,Child,Female,Intact-PTH,Laboratory,"Carlo Navarro, RMT",Laboratory
2024-09-01,Senior,Male,Knee Joint AP/LAT,Radiology,Dr. Sofia Mercado,Imaging
2024-09-01,Adult,Female,Upper Respiratory Infection,Clinic,Dr. Camille Tan,Check-up
2024-09-02,Senior,Male,15L-ECG (Electrocardiogram) 15L,Cardiology,Dr. Paolo Rivera,Cardiology
2024-09-02,Adult,Female,Dermatitis and Allergy,Clinic,Dr. Camille Tan,Check-up
2024-09-02,Adult,Male,Gastritis,Clinic,Dr. Elena Bautista,Check-up
2024-09-02,Adult,Female,HBsAg Screening,Laboratory,"Mark Villanueva, RMT",Laboratory
2024-09-02,Adult,Male,Physical Exam,Clinic,Dr. Ana Lopez,Pre-Employment Checkup
2024-09-02,Adult,Male,Preventive Health Check-up,Clinic,Dr. Miguel Fernandez,Check-up
2024-09-02,Adult,Male,Thoraco Lumbar,Radiology,Dr. Sofia Mercado,Imaging
2024-09-02,Adult,Male,Upper Respiratory Infection,Clinic,Dr. Miguel Fernandez,Check-up
2024-09-02,Adult,Male,Upper Respiratory Infection,Clinic,Dr. Camille Tan,Check-up
2024-09-03,Adult,Male,Blood Uric Acid,Laboratory,"Patricia Mendoza, RMT",Laboratory
2024-09-03,Adult,Male,Clinical Chemistry,Laboratory,"Patricia Mendoza, RMT",Laboratory
2024-09-03,Senior,Female,Diabetes Mellitus Monitoring,Clinic,Dr. Elena Bautista,Check-up
2024-09-03,Adult,Male,FT4,Laboratory,"Carlo Navarro, RMT",Laboratory
2024-09-03,Adult,Female,TPHA Titer,Laboratory,"Rafael Torres, RMT",Laboratory
2024-09-03,Adult,Female,Upper Respiratory Infection,Clinic,Dr. Camille Tan,Check-up
2024-09-03,Adult,Female,Upper Respiratory Infection,Clinic,Dr. Miguel Fernandez,Check-up
2024-09-04,Child,Female,Fever,Clinic,Dr. Camille Tan,Check-up
2024-09-04,Adult,Male,Fever,Clinic,Dr. Camille Tan,Check-up
2024-09-04,Adult,Male,Total Protein,Laboratory,"Mark Villanueva, RMT",Laboratory
2024-09-05,Senior,Female,Anti-HAV IgM,Laboratory,"Angela Reyes, RMT",Laboratory
2024-09-05,Senior,Male,CPK-MB,Laboratory,"Patricia Mendoza, RMT",Laboratory
2024-09-05,Child,Female,Chloride (C),Laboratory,"Mark Villanueva, RMT",Laboratory
2024-09-05,Adult,Female,FSH,Laboratory,"Carlo Navarro, RMT",Laboratory
2024-09-05,Adult,Male,Pelvic,Radiology,Dr. Sofia Mercado,Imaging
2024-09-05,Adult,Male,Reticulocyte Count,Laboratory,"Carlo Navarro, RMT",Laboratory
2024-09-05,Senior,Male,Scapular Y View,Radiology,Dr. Sofia Mercado,Imaging
2024-09-05,Senior,Male,Total Calcium (TCa),Laboratory,"Joanna Lim, RMT",Laboratory
2024-09-05,Adult,Female,Upper Respiratory Infection,Clinic,Dr. Camille Tan,Check-up
2024-09-06,Adult,Male,AFB Stain,Laboratory,"Patricia Mendoza, RMT",Laboratory
2024-09-06,Adult,Male,CPK Total,Laboratory,"Mark Villanueva, RMT",Laboratory
2024-09-06,Adult,Male,HCV-Genotyping,Laboratory,"Rafael Torres, RMT",Laboratory
2024-09-06,Adult,Male,Routine Medical Consultation,Clinic,Dr. Miguel Fernandez,Check-up
2024-09-06,Adult,Male,Routine Medical Consultation,Clinic,Dr. Paolo Rivera,Check-up
2024-09-06,Adult,Female,Upper Respiratory Infection,Clinic,Dr. Ana Lopez,Check-up
2024-09-07,Adult,Male,2D Echo: Plain with Doppler (Adult),Cardiology,Dr. Miguel Fernandez,Cardiology
2024-09-07,Child,Male,Asthma Monitoring,Clinic,Dr. Victor Manuel,Check-up
2024-09-07,Child,Male,Asthma Monitoring,Clinic,Dr. Elena Bautista,Check-up
2024-09-07,Adult,Male,Creatinine,Laboratory,"Mark Villanueva, RMT",Laboratory
2024-09-07,Adult,Female,Hypertension Monitoring,Clinic,Dr. Victor Manuel,Check-up
2024-09-07,Adult,Female,Hypertension Monitoring,Clinic,Dr. Elena Bautista,Check-up
2024-09-07,Senior,Female,Hypertension Monitoring,Clinic,Dr. Elena Bautista,Check-up
2024-09-07,Child,Female,Malarial Smear,Laboratory,"Carlo Navarro, RMT",Laboratory
2024-09-07,Adult,Male,RA/RF Latex (Rheumatoid Factor),Laboratory,"Mark Villanueva, RMT",Laboratory
2024-09-07,Adult,Female,Total Protein,Laboratory,"Angela Reyes, RMT",Laboratory
2024-09-07,Adult,Female,Upper Respiratory Infection,Clinic,Dr. Paolo Rivera,Check-up
2024-09-08,Adult,Male,Asthma Monitoring,Clinic,Dr. Victor Manuel,Check-up
2024-09-08,Senior,Male,Body Fluid LDH,Laboratory,"Angela Reyes, RMT",Laboratory
2024-09-08,Adult,Female,CPK-MB,Laboratory,"Carlo Navarro, RMT",Laboratory
2024-09-08,Adult,Female,FT3,Laboratory,"Angela Reyes, RMT",Laboratory
2024-09-08,Adult,Male,Fever,Clinic,Dr. Camille Tan,Check-up
2024-09-08,Adult,Male,Fever,Clinic,Dr. Paolo Rivera,Check-up
2024-09-08,Adult,Female,Magnesium,Laboratory,"Patricia Mendoza, RMT",Laboratory
2024-09-08,Senior,Male,Reticulocyte Count,Laboratory,"Rafael Torres, RMT",Laboratory
2024-09-08,Child,Male,TPHA Titer,Laboratory,"Joanna Lim, RMT",Laboratory
2024-09-09,Adult,Male,Amylase,Laboratory,"Carlo Navarro, RMT",Laboratory
2024-09-09,Adult,Female,Hypertension Monitoring,Clinic,Dr. Elena Bautista,Check-up
2024-09-09,Adult,Male,RT-PCR 4-6HRS,Laboratory,"Patricia Mendoza, RMT",Laboratory
2024-09-09,Adult,Male,Routine Medical Consultation,Clinic,Dr. Miguel Fernandez,Check-up
2024-09-09,Senior,Male,Sodium (Na),Laboratory,"Angela Reyes, RMT",Laboratory
2024-09-09,Adult,Female,TSH,Laboratory,"Joanna Lim, RMT",Laboratory
2024-09-09,Adult,Female,Upper Respiratory Infection,Clinic,Dr. Camille Tan,Check-up
2024-09-10,Adult,Male,Abdominal Pain,Clinic,Dr. Elena Bautista,Check-up
2024-09-10,Child,Male,Body Fluid LDH,Laboratory,"Angela Reyes, RMT",Laboratory
2024-09-10,Senior,Male,Diabetes Mellitus Monitoring,Clinic,Dr. Elena Bautista,Check-up
2024-09-10,Child,Female,Fever,Clinic,Dr. Ana Lopez,Check-up
2024-09-10,Adult,Female,Headache,Clinic,Dr. Paolo Rivera,Check-up
2024-09-10,Senior,Female,Lipid Profile,Laboratory,"Rafael Torres, RMT",Laboratory
2024-09-10,Adult,Male,RT-PCR 12HRS,Laboratory,"Rafael Torres, RMT",Laboratory
2024-09-11,Child,Male,Dermatitis and Allergy,Clinic,Dr. Miguel Fernandez,Check-up
2024-09-11,Adult,Female,Diabetes Mellitus Monitoring,Clinic,Dr. Victor Manuel,Check-up
2024-09-11,Adult,Male,Face to Face Doctor Consultation,Clinic,Dr. Miguel Fernandez,Check-up
2024-09-11,Adult,Male,Gastritis,Clinic,Dr. Victor Manuel,Check-up
2024-09-11,Adult,Female,Pancreas,Radiology,Dr. Sofia Mercado,Imaging
2024-09-11,Adult,Female,Rubella Igm,Laboratory,"Patricia Mendoza, RMT",Laboratory
2024-09-11,Adult,Male,Urinalysis,Laboratory,"Mark Villanueva, RMT",Laboratory
2024-09-11,Adult,Male,Whole Abdomen,Radiology,Dr. Sofia Mercado,Imaging
2024-09-12,Adult,Male,Blood Cs with ARD (2 site),Laboratory,"Rafael Torres, RMT",Laboratory
2024-09-12,Adult,Male,Ferritin,Laboratory,"Joanna Lim, RMT",Laboratory
2024-09-12,Adult,Male,Gastritis,Clinic,Dr. Victor Manuel,Check-up
2024-09-13,Adult,Female,Amylase,Laboratory,"Rafael Torres, RMT",Laboratory
2024-09-13,Senior,Male,Asthma Monitoring,Clinic,Dr. Victor Manuel,Check-up
2024-09-13,Adult,Male,Diabetes Mellitus Monitoring,Clinic,Dr. Elena Bautista,Check-up
2024-09-13,Senior,Female,Hepa A profile,Laboratory,"Patricia Mendoza, RMT",Laboratory
2024-09-13,Adult,Male,Ionized Calcium (Ica),Laboratory,"Joanna Lim, RMT",Laboratory
2024-09-13,Adult,Male,OB-Congenital Scan,Radiology,Dr. Andrea Sy,Imaging
2024-09-13,Child,Female,SGPT (ALT),Laboratory,"Mark Villanueva, RMT",Laboratory
2024-09-13,Adult,Female,Urinary Tract Infection,Clinic,Dr. Paolo Rivera,Check-up
2024-09-14,Adult,Male,CPK Total,Laboratory,"Rafael Torres, RMT",Laboratory
2024-09-14,Adult,Female,Glucose,Laboratory,"Patricia Mendoza, RMT",Laboratory
2024-09-14,Adult,Female,Headache,Clinic,Dr. Ana Lopez,Check-up
2024-09-14,Senior,Female,Hypertension Monitoring,Clinic,Dr. Elena Bautista,Check-up
2024-09-14,Adult,Male,Preventive Health Check-up,Clinic,Dr. Ana Lopez,Check-up
2024-09-15,Adult,Male,Asthma Monitoring,Clinic,Dr. Victor Manuel,Check-up
2024-09-15,Adult,Female,Breast,Radiology,Dr. Sofia Mercado,Imaging
2024-09-15,Adult,Male,Calcium (C),Laboratory,"Joanna Lim, RMT",Laboratory
2024-09-15,Adult,Female,Diabetes Mellitus Monitoring,Clinic,Dr. Victor Manuel,Check-up
2024-09-15,Adult,Male,Gallbladder,Radiology,Dr. Andrea Sy,Imaging
2024-09-15,Adult,Male,Hypertension Monitoring,Clinic,Dr. Elena Bautista,Check-up
2024-09-15,Child,Male,LH,Laboratory,"Patricia Mendoza, RMT",Laboratory
2024-09-15,Adult,Female,OGCT,Laboratory,"Carlo Navarro, RMT",Laboratory
2024-09-15,Adult,Female,Routine Medical Consultation,Clinic,Dr. Paolo Rivera,Check-up
2024-09-15,Adult,Male,Sperm Analysis WHO,Laboratory,"Angela Reyes, RMT",Laboratory
2024-09-15,Adult,Male,Troponin T Qualitive,Laboratory,"Joanna Lim, RMT",Laboratory
2024-09-15,Adult,Male,Upper Respiratory Infection,Clinic,Dr. Miguel Fernandez,Check-up
2024-09-16,Senior,Male,Carotid Duplex Scan,Radiology,Dr. Sofia Mercado,Imaging
2024-09-16,Adult,Female,Knee Joint AP/LAT,Radiology,Dr. Henry Ong,Imaging
2024-09-16,Adult,Male,Preventive Health Check-up,Clinic,Dr. Paolo Rivera,Check-up
2024-09-16,Senior,Female,Rib Cage,Radiology,Dr. Henry Ong,Imaging
2024-09-16,Child,Female,Routine Medical Consultation,Clinic,Dr. Camille Tan,Check-up
2024-09-16,Senior,Female,Upper Respiratory Infection,Clinic,Dr. Ana Lopez,Check-up
2024-09-16,Senior,Male,Urinary Bladder,Radiology,Dr. Henry Ong,Imaging
2024-09-17,Adult,Female,Diabetes Mellitus Monitoring,Clinic,Dr. Elena Bautista,Check-up
2024-09-17,Adult,Male,Gastritis,Clinic,Dr. Elena Bautista,Check-up
2024-09-17,Adult,Female,H. Pylori Stool,Laboratory,"Carlo Navarro, RMT",Laboratory
2024-09-17,Adult,Female,Hepa C profile,Laboratory,"Joanna Lim, RMT",Laboratory
2024-09-17,Adult,Female,Hypertension Monitoring,Clinic,Dr. Elena Bautista,Check-up
2024-09-17,Child,Male,"Iron Studies (TI, TIBC, Ferritin)",Laboratory,"Rafael Torres, RMT",Laboratory
2024-09-17,Adult,Male,Lipase,Laboratory,"Rafael Torres, RMT",Laboratory
2024-09-17,Adult,Female,Preventive Health Check-up,Clinic,Dr. Paolo Rivera,Check-up
2024-09-17,Child,Female,Preventive Health Check-up,Clinic,Dr. Camille Tan,Check-up
2024-09-17,Adult,Male,Preventive Health Check-up,Clinic,Dr. Ana Lopez,Check-up
2024-09-17,Senior,Female,TPHA Screening,Laboratory,"Angela Reyes, RMT",Laboratory
2024-09-17,Adult,Male,Upper Respiratory Infection,Clinic,Dr. Ana Lopez,Check-up
2024-09-18,Adult,Female,Asthma Monitoring,Clinic,Dr. Victor Manuel,Check-up
2024-09-18,Adult,Female,Diabetes Mellitus Monitoring,Clinic,Dr. Victor Manuel,Check-up
2024-09-18,Adult,Female,Ferritin,Laboratory,"Patricia Mendoza, RMT",Laboratory
2024-09-18,Adult,Male,Hypertension Monitoring,Clinic,Dr. Elena Bautista,Check-up
2024-09-18,Adult,Male,Hypertension Monitoring,Clinic,Dr. Victor Manuel,Check-up
2024-09-18,Child,Female,Pleural/CSF Fluid Analysis,Laboratory,"Patricia Mendoza, RMT",Laboratory
2024-09-18,Adult,Female,Preventive Health Check-up,Clinic,Dr. Miguel Fernandez,Check-up
2024-09-18,Adult,Male,Routine Medical Consultation,Clinic,Dr. Paolo Rivera,Check-up
2024-09-19,Adult,Male,Abdominal Pain,Clinic,Dr. Victor Manuel,Check-up
2024-09-19,Child,Female,Asthma Monitoring,Clinic,Dr. Victor Manuel,Check-up
2024-09-19,Adult,Female,Asthma Monitoring,Clinic,Dr. Victor Manuel,Check-up
2024-09-19,Adult,Female,Blood Cs (2 site),Laboratory,"Patricia Mendoza, RMT",Laboratory
2024-09-19,Adult,Female,Chloride (CI),Laboratory,"Joanna Lim, RMT",Laboratory
2024-09-19,Adult,Male,"Hepa A,B,C",Laboratory,"Patricia Mendoza, RMT",Laboratory
2024-09-19,Adult,Female,Magnesium,Laboratory,"Angela Reyes, RMT",Laboratory
2024-09-20,Adult,Female,Abdominal Pain,Clinic,Dr. Victor Manuel,Check-up
2024-09-20,Senior,Male,Diabetes Mellitus Monitoring,Clinic,Dr. Victor Manuel,Check-up
2024-09-20,Adult,Male,Gastritis,Clinic,Dr. Elena Bautista,Check-up
2024-09-20,Adult,Female,Gastritis,Clinic,Dr. Victor Manuel,Check-up
2024-09-20,Adult,Male,Physical Exam,Clinic,Dr. Ana Lopez,Pre-Employment Checkup
2024-09-20,Adult,Male,Pleural/CSF Fluid Analysis,Laboratory,"Carlo Navarro, RMT",Laboratory
2024-09-20,Adult,Female,RT-PCR 4-6HRS,Laboratory,"Joanna Lim, RMT",Laboratory
2024-09-20,Adult,Female,"Special Ultrasound (Abdominal, Aorta, Adrenal, Breast, Chest, Inguinal, Musculoskeletal, Neck, Parot",Radiology,Dr. Andrea Sy,Imaging
2024-09-21,Senior,Male,Actual Platelet Count,Laboratory,"Rafael Torres, RMT",Laboratory
2024-09-21,Senior,Female,Ankle AP/LAT,Radiology,Dr. Henry Ong,Imaging
2024-09-21,Adult,Female,Asthma Monitoring,Clinic,Dr. Victor Manuel,Check-up
2024-09-21,Adult,Male,Gastritis,Clinic,Dr. Victor Manuel,Check-up
2024-09-21,Adult,Male,Magnesium,Laboratory,"Patricia Mendoza, RMT",Laboratory
2024-09-21,Adult,Female,Physical Exam,Annual Physical Examination,Dr. Miguel Fernandez,Annual Physical Examination
2024-09-21,Adult,Male,Pregnancy Test (Serum),Laboratory,"Rafael Torres, RMT",Laboratory
2024-09-21,Adult,Female,Routine Medical Consultation,Clinic,Dr. Camille Tan,Check-up
2024-09-21,Adult,Female,Scapular Y View,Radiology,Dr. Sofia Mercado,Imaging
2024-09-21,Adult,Female,Serum LDH,Laboratory,"Mark Villanueva, RMT",Laboratory
2024-09-21,Adult,Female,TBIC (Total Iron Binding Capacity),Laboratory,"Rafael Torres, RMT",Laboratory
2024-09-21,Adult,Female,Upper Extremities (By appointment),Radiology,Dr. Sofia Mercado,Imaging
2024-09-22,Adult,Male,C4,Laboratory,"Patricia Mendoza, RMT",Laboratory
2024-09-22,Adult,Male,EBV Igm,Laboratory,"Joanna Lim, RMT",Laboratory
2024-09-22,Adult,Female,Hypertension Monitoring,Clinic,Dr. Elena Bautista,Check-up
2024-09-22,Senior,Male,Liver & Gallbladder,Radiology,Dr. Andrea Sy,Imaging
2024-09-22,Senior,Female,TPPA Quantitative,Laboratory,"Rafael Torres, RMT",Laboratory
2024-09-22,Child,Male,Upper Respiratory Infection,Clinic,Dr. Camille Tan,Check-up
2024-09-23,Child,Female,Asthma Monitoring,Clinic,Dr. Elena Bautista,Check-up
2024-09-23,Adult,Female,Breast,Radiology,Dr. Sofia Mercado,Imaging
2024-09-23,Adult,Male,Diabetes Mellitus Monitoring,Clinic,Dr. Elena Bautista,Check-up
2024-09-23,Child,Female,Routine Medical Consultation,Clinic,Dr. Camille Tan,Check-up
2024-09-23,Child,Female,Sodium (Na),Laboratory,"Angela Reyes, RMT",Laboratory
2024-09-23,Adult,Male,Upper Respiratory Infection,Clinic,Dr. Miguel Fernandez,Check-up
2024-09-23,Adult,Male,Urinalysis & Fecalysis,Annual Physical Examination,Dr. Ana Lopez,Annual Physical Examination
2024-09-24,Child,Male,Fit Stool Test,Laboratory,"Carlo Navarro, RMT",Laboratory
2024-09-24,Adult,Male,Fit Stool Test,Laboratory,"Rafael Torres, RMT",Laboratory
2024-09-24,Adult,Male,H. Pylori (Quali)-serum,Laboratory,"Patricia Mendoza, RMT",Laboratory
2024-09-24,Child,Male,Headache,Clinic,Dr. Miguel Fernandez,Check-up
2024-09-24,Adult,Male,Lipase,Laboratory,"Carlo Navarro, RMT",Laboratory
2024-09-24,Adult,Female,Preventive Health Check-up,Clinic,Dr. Camille Tan,Check-up
2024-09-25,Adult,Female,CPK-MM,Laboratory,"Rafael Torres, RMT",Laboratory
2024-09-25,Adult,Male,Dermatitis and Allergy,Clinic,Dr. Camille Tan,Check-up
2024-09-25,Adult,Female,Diabetes Mellitus Monitoring,Clinic,Dr. Victor Manuel,Check-up
2024-09-25,Adult,Female,Gastritis,Clinic,Dr. Elena Bautista,Check-up
2024-09-25,Adult,Female,HDL,Laboratory,"Patricia Mendoza, RMT",Laboratory
2024-09-25,Adult,Female,Hypertension Monitoring,Clinic,Dr. Victor Manuel,Check-up
2024-09-25,Senior,Female,Hypertension Monitoring,Clinic,Dr. Victor Manuel,Check-up
2024-09-25,Senior,Male,Liver & Pancreas,Radiology,Dr. Henry Ong,Imaging
2024-09-25,Adult,Female,"OGCT Pregnant (100g, 75g)",Laboratory,"Joanna Lim, RMT",Laboratory
2024-09-25,Child,Female,Preventive Health Check-up,Clinic,Dr. Miguel Fernandez,Check-up
2024-09-25,Adult,Male,Routine Medical Consultation,Clinic,Dr. Miguel Fernandez,Check-up
2024-09-25,Adult,Male,TT4 (Toal Thyroxine),Laboratory,"Rafael Torres, RMT",Laboratory
2024-09-25,Adult,Male,Total Iron,Laboratory,"Rafael Torres, RMT",Laboratory
2024-09-25,Adult,Male,Upper Respiratory Infection,Clinic,Dr. Camille Tan,Check-up
2024-09-25,Child,Male,Upper Respiratory Infection,Clinic,Dr. Camille Tan,Check-up
2024-09-26,Adult,Male,ASO Titer,Laboratory,"Mark Villanueva, RMT",Laboratory
2024-09-26,Adult,Female,C4,Laboratory,"Carlo Navarro, RMT",Laboratory
2024-09-26,Adult,Female,Hematology,Laboratory,"Carlo Navarro, RMT",Laboratory
2024-09-26,Adult,Male,Urinary Tract Infection,Clinic,Dr. Camille Tan,Check-up
2024-09-27,Adult,Female,ANA Titer,Laboratory,"Carlo Navarro, RMT",Laboratory
2024-09-27,Adult,Male,GGTP,Laboratory,"Angela Reyes, RMT",Laboratory
2024-09-27,Adult,Male,Hepa A&B profile,Laboratory,"Carlo Navarro, RMT",Laboratory
2024-09-27,Adult,Male,Hepa B profile,Laboratory,"Angela Reyes, RMT",Laboratory
2024-09-27,Adult,Female,Hypertension Monitoring,Clinic,Dr. Victor Manuel,Check-up
2024-09-27,Adult,Male,Hypertension Monitoring,Clinic,Dr. Elena Bautista,Check-up
2024-09-27,Adult,Male,PPD Skin Test,Clinic,Dr. Camille Tan,Vaccination
2024-09-27,Adult,Male,Preventive Health Check-up,Clinic,Dr. Paolo Rivera,Check-up
2024-09-28,Adult,Male,Asthma Monitoring,Clinic,Dr. Elena Bautista,Check-up
2024-09-28,Child,Female,Clinical Chemistry,Laboratory,"Joanna Lim, RMT",Laboratory
2024-09-28,Adult,Female,H. Pylori Igm (Quali)-serum,Laboratory,"Rafael Torres, RMT",Laboratory
2024-09-28,Adult,Female,Preventive Health Check-up,Clinic,Dr. Paolo Rivera,Check-up
2024-09-28,Senior,Female,Upper Respiratory Infection,Clinic,Dr. Paolo Rivera,Check-up
2024-09-28,Adult,Female,VDRL/Syphilis Screening,Laboratory,"Patricia Mendoza, RMT",Laboratory
2024-09-29,Senior,Male,Diabetes Mellitus Monitoring,Clinic,Dr. Victor Manuel,Check-up
2024-09-29,Adult,Female,Hypertension Monitoring,Clinic,Dr. Victor Manuel,Check-up
2024-09-29,Child,Female,"OGCT Post-Pregnant (100g, 75g)​",Laboratory,"Carlo Navarro, RMT",Laboratory
2024-09-29,Senior,Male,Preventive Health Check-up,Clinic,Dr. Camille Tan,Check-up
2024-09-29,Adult,Female,RBS,Laboratory,"Mark Villanueva, RMT",Laboratory
2024-09-29,Adult,Male,Thoracic Spine AP/LAT,Radiology,Dr. Sofia Mercado,Imaging
2024-09-29,Adult,Male,Upper Respiratory Infection,Clinic,Dr. Ana Lopez,Check-up
2024-09-29,Senior,Female,Upper Respiratory Infection,Clinic,Dr. Miguel Fernandez,Check-up
2024-09-30,Adult,Male,Body Fluid LDH,Laboratory,"Carlo Navarro, RMT",Laboratory
2024-09-30,Senior,Male,C3,Laboratory,"Mark Villanueva, RMT",Laboratory
2024-09-30,Adult,Female,Gastritis,Clinic,Dr. Victor Manuel,Check-up
2024-09-30,Adult,Female,"Iron Studies (TI, TIBC, Ferritin)",Laboratory,"Mark Villanueva, RMT",Laboratory
2024-09-30,Adult,Female,Physical Exam,Clinic,Dr. Miguel Fernandez,Pre-Employment Checkup
2024-09-30,Senior,Male,Protein,Laboratory,"Rafael Torres, RMT",Laboratory
2024-09-30,Adult,Male,Upper Respiratory Infection,Clinic,Dr. Camille Tan,Check-up
2024-09-30,Senior,Male,Upper Respiratory Infection,Clinic,Dr. Paolo Rivera,Check-up
2024-10-01,Adult,Female,Creatinine,Laboratory,"Carlo Navarro, RMT",Laboratory
2024-10-01,Adult,Female,Diabetes Mellitus Monitoring,Clinic,Dr. Elena Bautista,Check-up
2024-10-01,Senior,Female,Hypertension Monitoring,Clinic,Dr. Victor Manuel,Check-up
2024-10-01,Adult,Male,Hypertension Monitoring,Clinic,Dr. Victor Manuel,Check-up
2024-10-01,Adult,Female,MET (Shabu),Drug Testing,"Angela Reyes, RMT",Drug Testing
2024-10-01,Adult,Male,Preventive Health Check-up,Clinic,Dr. Camille Tan,Check-up
2024-10-01,Adult,Male,RT-PCR 12HRS,Laboratory,"Patricia Mendoza, RMT",Laboratory
2024-10-01,Adult,Female,Routine Medical Consultation,Clinic,Dr. Miguel Fernandez,Check-up
2024-10-01,Senior,Female,Troponin I Quantitative,Laboratory,"Mark Villanueva, RMT",Laboratory
2024-10-01,Child,Male,Upper Respiratory Infection,Clinic,Dr. Ana Lopez,Check-up
2024-10-02,Adult,Female,Anti-HBe,Laboratory,"Rafael Torres, RMT",Laboratory
2024-10-02,Adult,Male,CBC,Clinic,Dr. Ana Lopez,Pre-Employment Checkup
2024-10-02,Adult,Male,Clinical Microscopy,Laboratory,"Patricia Mendoza, RMT",Laboratory
2024-10-02,Senior,Male,H. Pylori (Quali)-serum,Laboratory,"Rafael Torres, RMT",Laboratory
2024-10-02,Adult,Female,Routine Medical Consultation,Clinic,Dr. Camille Tan,Check-up
2024-10-02,Child,Male,TPPA Qualitative,Laboratory,"Patricia Mendoza, RMT",Laboratory
2024-10-03,Adult,Female,Fever,Clinic,Dr. Ana Lopez,Check-up
2024-10-03,Adult,Male,Prothrombin Time,Laboratory,"Carlo Navarro, RMT",Laboratory
2024-10-03,Senior,Female,Testosterone,Laboratory,"Mark Villanueva, RMT",Laboratory
2024-10-03,Adult,Male,Urinalysis & Fecalysis,Annual Physical Examination,Dr. Ana Lopez,Annual Physical Examination
2024-10-04,Adult,Male,Breast,Radiology,Dr. Andrea Sy,Imaging
2024-10-04,Adult,Male,C4,Laboratory,"Patricia Mendoza, RMT",Laboratory
2024-10-04,Adult,Male,Diabetes Mellitus Monitoring,Clinic,Dr. Victor Manuel,Check-up
2024-10-04,Senior,Female,Diabetes Mellitus Monitoring,Clinic,Dr. Victor Manuel,Check-up
2024-10-04,Adult,Male,Gallbladder & Pancreas,Radiology,Dr. Sofia Mercado,Imaging
2024-10-04,Adult,Male,"Special Ultrasound (Abdominal, Aorta, Adrenal, Breast, Chest, Inguinal, Musculoskeletal, Neck, Parot",Radiology,Dr. Andrea Sy,Imaging
2024-10-04,Child,Male,Upper Respiratory Infection,Clinic,Dr. Miguel Fernandez,Check-up
2024-10-04,Child,Female,Upper Respiratory Infection,Clinic,Dr. Miguel Fernandez,Check-up
2024-10-05,Child,Female,ANA Screening,Laboratory,"Carlo Navarro, RMT",Laboratory
2024-10-05,Senior,Male,Face to Face Doctor Consultation,Clinic,Dr. Camille Tan,Check-up
2024-10-05,Adult,Male,General Ultrasound (Abdomen),Radiology,Dr. Andrea Sy,Imaging
2024-10-05,Adult,Male,Whole Abdomen,Radiology,Dr. Andrea Sy,Imaging
2024-10-06,Adult,Male,ASO Screening,Laboratory,"Angela Reyes, RMT",Laboratory
2024-10-06,Adult,Male,Blood Cs with ARD (1 site),Laboratory,"Rafael Torres, RMT",Laboratory
2024-10-06,Adult,Female,Diabetes Mellitus Monitoring,Clinic,Dr. Elena Bautista,Check-up
2024-10-06,Adult,Male,Pleural/CSF Fluid Analysis,Laboratory,"Joanna Lim, RMT",Laboratory
2024-10-06,Adult,Female,Preventive Health Check-up,Clinic,Dr. Ana Lopez,Check-up
2024-10-06,Child,Female,Upper Respiratory Infection,Clinic,Dr. Miguel Fernandez,Check-up
2024-10-06,Adult,Female,Urinary Tract Infection,Clinic,Dr. Miguel Fernandez,Check-up
2024-10-07,Senior,Female,Anti-HAV Screening,Laboratory,"Carlo Navarro, RMT",Laboratory
2024-10-07,Adult,Male,Antigen Swab Test,Laboratory,"Rafael Torres, RMT",Laboratory
2024-10-07,Senior,Male,CPK-MB,Laboratory,"Rafael Torres, RMT",Laboratory
2024-10-07,Adult,Female,Hypertension Monitoring,Clinic,Dr. Elena Bautista,Check-up
2024-10-07,Senior,Male,Hypertension Monitoring,Clinic,Dr. Elena Bautista,Check-up
2024-10-07,Senior,Female,Immunology/Serology,Laboratory,"Mark Villanueva, RMT",Laboratory
2024-10-07,Adult,Female,Laboratory Testing,Home Service,"Patricia Mendoza, RMT",Home Service
2024-10-07,Child,Female,Routine Medical Consultation,Clinic,Dr. Ana Lopez,Check-up
2024-10-08,Adult,Female,Diabetes Mellitus Monitoring,Clinic,Dr. Victor Manuel,Check-up
2024-10-08,Adult,Female,Gastritis,Clinic,Dr. Elena Bautista,Check-up
2024-10-08,Adult,Female,Headache,Clinic,Dr. Miguel Fernandez,Check-up
2024-10-08,Adult,Male,Hypertension Monitoring,Clinic,Dr. Elena Bautista,Check-up
2024-10-08,Senior,Female,TPHA Screening,Laboratory,"Patricia Mendoza, RMT",Laboratory
2024-10-09,Adult,Female,Abdominal Pain,Clinic,Dr. Elena Bautista,Check-up
2024-10-09,Adult,Male,Abdominal Pain,Clinic,Dr. Elena Bautista,Check-up
2024-10-09,Adult,Male,Ankle Brachial Index (ABI),Radiology,Dr. Sofia Mercado,Imaging
2024-10-09,Adult,Female,HCV-Genotyping,Laboratory,"Angela Reyes, RMT",Laboratory
2024-10-09,Adult,Female,Troponin T Qualitive,Laboratory,"Rafael Torres, RMT",Laboratory
2024-10-10,Adult,Female,CBC,Laboratory,"Mark Villanueva, RMT",Laboratory
2024-10-10,Adult,Male,Diabetes Mellitus Monitoring,Clinic,Dr. Elena Bautista,Check-up
2024-10-10,Adult,Male,Routine Medical Consultation,Clinic,Dr. Camille Tan,Check-up
2024-10-10,Adult,Male,Upper Respiratory Infection,Clinic,Dr. Paolo Rivera,Check-up
2024-10-10,Adult,Female,Urinary Tract Infection,Clinic,Dr. Miguel Fernandez,Check-up
2024-10-11,Adult,Male,Diabetes Mellitus Monitoring,Clinic,Dr. Elena Bautista,Check-up
2024-10-11,Adult,Female,Estrogen,Laboratory,"Carlo Navarro, RMT",Laboratory
2024-10-11,Adult,Male,FT4 RIA,Laboratory,"Rafael Torres, RMT",Laboratory
2024-10-11,Adult,Female,Fever,Clinic,Dr. Miguel Fernandez,Check-up
2024-10-11,Adult,Female,Hypertension Monitoring,Clinic,Dr. Victor Manuel,Check-up
2024-10-11,Senior,Male,Hypertension Monitoring,Clinic,Dr. Elena Bautista,Check-up
2024-10-11,Adult,Female,Hypertension Monitoring,Clinic,Dr. Elena Bautista,Check-up
2024-10-11,Senior,Male,Preventive Health Check-up,Clinic,Dr. Paolo Rivera,Check-up
2024-10-12,Senior,Male,Asthma Monitoring,Clinic,Dr. Elena Bautista,Check-up
2024-10-12,Adult,Female,Dermatitis and Allergy,Clinic,Dr. Ana Lopez,Check-up
2024-10-12,Child,Male,Estradiol/Estrogen,Laboratory,"Joanna Lim, RMT",Laboratory
2024-10-12,Adult,Male,FT4,Laboratory,"Mark Villanueva, RMT",Laboratory
2024-10-12,Adult,Female,Gastritis,Clinic,Dr. Elena Bautista,Check-up
2024-10-12,Senior,Male,Headache,Clinic,Dr. Miguel Fernandez,Check-up
2024-10-12,Adult,Male,Headache,Clinic,Dr. Camille Tan,Check-up
2024-10-12,Adult,Male,Wrist AP/L,Radiology,Dr. Sofia Mercado,Imaging
2024-10-13,Adult,Female,Asthma Monitoring,Clinic,Dr. Victor Manuel,Check-up
2024-10-13,Adult,Male,Cholesterol,Laboratory,"Joanna Lim, RMT",Laboratory
2024-10-13,Adult,Female,Gastritis,Clinic,Dr. Elena Bautista,Check-up
2024-10-13,Child,Female,Gastritis,Clinic,Dr. Victor Manuel,Check-up
2024-10-13,Adult,Female,Hypertension Monitoring,Clinic,Dr. Victor Manuel,Check-up
2024-10-13,Child,Female,Pleural/CSF Fluid Analysis,Laboratory,"Mark Villanueva, RMT",Laboratory
2024-10-13,Senior,Male,TPHA Titer,Laboratory,"Joanna Lim, RMT",Laboratory
2024-10-14,Adult,Female,Anti-Tetanus,Clinic,Dr. Camille Tan,Vaccination
2024-10-14,Adult,Male,Dermatitis and Allergy,Clinic,Dr. Camille Tan,Check-up
2024-10-14,Adult,Female,Diabetes Mellitus Monitoring,Clinic,Dr. Elena Bautista,Check-up
2024-10-14,Adult,Male,Gastritis,Clinic,Dr. Elena Bautista,Check-up
2024-10-14,Adult,Female,Headache,Clinic,Dr. Camille Tan,Check-up
2024-10-15,Adult,Female,2D Echo (Plain),Cardiology,Dr. Paolo Rivera,Cardiology
2024-10-15,Adult,Male,Cholesterol,Laboratory,"Carlo Navarro, RMT",Laboratory
2024-10-15,Adult,Male,Dermatitis and Allergy,Clinic,Dr. Ana Lopez,Check-up
2024-10-15,Senior,Female,Diabetes Mellitus Monitoring,Clinic,Dr. Victor Manuel,Check-up
2024-10-15,Adult,Male,Protein,Laboratory,"Carlo Navarro, RMT",Laboratory
2024-10-15,Child,Male,Sodium (Na),Laboratory,"Patricia Mendoza, RMT",Laboratory
2024-10-15,Child,Female,TDaP Vaccine (Adult),Clinic,Dr. Camille Tan,Vaccination
2024-10-15,Adult,Male,Upper Respiratory Infection,Clinic,Dr. Ana Lopez,Check-up
2024-10-16,Adult,Male,D-DIMER Test,Laboratory,"Mark Villanueva, RMT",Laboratory
2024-10-16,Child,Male,Fever,Clinic,Dr. Miguel Fernandez,Check-up
2024-10-16,Child,Male,Gastritis,Clinic,Dr. Elena Bautista,Check-up
2024-10-16,Adult,Male,Physical Exam,Annual Physical Examination,Dr. Miguel Fernandez,Annual Physical Examination
2024-10-16,Adult,Male,Sodium (Na),Laboratory,"Mark Villanueva, RMT",Laboratory
2024-10-16,Child,Male,Typhil Dot,Laboratory,"Carlo Navarro, RMT",Laboratory
2024-10-17,Adult,Male,Abdominal Pain,Clinic,Dr. Victor Manuel,Check-up
2024-10-17,Adult,Female,Acid Phosphatase,Laboratory,"Mark Villanueva, RMT",Laboratory
2024-10-17,Adult,Female,Anti-HBc IgM,Laboratory,"Rafael Torres, RMT",Laboratory
2024-10-17,Adult,Female,FBS,Laboratory,"Carlo Navarro, RMT",Laboratory
2024-10-17,Adult,Female,HCV Screening,Laboratory,"Rafael Torres, RMT",Laboratory
2024-10-17,Adult,Male,Hypertension Monitoring,Clinic,Dr. Victor Manuel,Check-up
2024-10-17,Senior,Male,Leg AP/LAT (unilateral/bilateral),Radiology,Dr. Andrea Sy,Imaging
2024-10-17,Child,Female,Routine Medical Consultation,Clinic,Dr. Ana Lopez,Check-up
2024-10-18,Adult,Male,Dermatitis and Allergy,Clinic,Dr. Ana Lopez,Check-up
2024-10-18,Adult,Female,Inorganic Phosphorus (IPO4),Laboratory,"Joanna Lim, RMT",Laboratory
2024-10-18,Adult,Male,TDaP Vaccine (Adult),Clinic,Dr. Ana Lopez,Vaccination
2024-10-18,Adult,Female,Upper Respiratory Infection,Clinic,Dr. Miguel Fernandez,Check-up
2024-10-19,Adult,Male,APTT,Laboratory,"Mark Villanueva, RMT",Laboratory
2024-10-19,Adult,Male,Cervical APOL,Radiology,Dr. Henry Ong,Imaging
2024-10-19,Adult,Female,Fever,Clinic,Dr. Paolo Rivera,Check-up
2024-10-19,Adult,Female,Gastritis,Clinic,Dr. Victor Manuel,Check-up
2024-10-19,Adult,Female,Preventive Health Check-up,Clinic,Dr. Paolo Rivera,Check-up
2024-10-19,Adult,Female,Routine Medical Consultation,Clinic,Dr. Ana Lopez,Check-up
2024-10-19,Senior,Male,Upper Respiratory Infection,Clinic,Dr. Camille Tan,Check-up
2024-10-20,Adult,Female,Cervical AP/ LAT,Radiology,Dr. Andrea Sy,Imaging
2024-10-20,Adult,Male,Diabetes Mellitus Monitoring,Clinic,Dr. Elena Bautista,Check-up
2024-10-20,Adult,Male,Estradiol/Estrogen,Laboratory,"Patricia Mendoza, RMT",Laboratory
2024-10-20,Senior,Female,Gastritis,Clinic,Dr. Elena Bautista,Check-up
2024-10-20,Adult,Female,Gastritis,Clinic,Dr. Victor Manuel,Check-up
2024-10-20,Adult,Male,H. Pylori (Quali)-serum,Laboratory,"Carlo Navarro, RMT",Laboratory
2024-10-20,Child,Female,HBC-DNA,Laboratory,"Angela Reyes, RMT",Laboratory
2024-10-20,Adult,Female,Hypertension Monitoring,Clinic,Dr. Elena Bautista,Check-up
2024-10-20,Senior,Female,Hypertension Monitoring,Clinic,Dr. Victor Manuel,Check-up
2024-10-20,Adult,Male,"OGCT Pregnant (100g, 75g)",Laboratory,"Angela Reyes, RMT",Laboratory
2024-10-20,Child,Female,Paps Smear (7 days),Laboratory,"Angela Reyes, RMT",Laboratory
2024-10-21,Adult,Male,ApicoLordotic View,Radiology,Dr. Andrea Sy,Imaging
2024-10-21,Adult,Female,Asthma Monitoring,Clinic,Dr. Victor Manuel,Check-up
2024-10-21,Adult,Male,FTA-ABS,Laboratory,"Patricia Mendoza, RMT",Laboratory
2024-10-21,Adult,Female,Potassium (K),Laboratory,"Angela Reyes, RMT",Laboratory
2024-10-21,Adult,Female,Protein,Laboratory,"Patricia Mendoza, RMT",Laboratory
2024-10-21,Adult,Female,TDaP Vaccine (Adult),Clinic,Dr. Camille Tan,Vaccination
2024-10-21,Adult,Male,Ultrasound,Radiology,Dr. Henry Ong,Imaging
2024-10-22,Adult,Male,Ankle Brachial Index (ABI),Radiology,Dr. Sofia Mercado,Imaging
2024-10-22,Senior,Male,Pancreas & Spleen,Radiology,Dr. Andrea Sy,Imaging
2024-10-22,Adult,Male,TPHA Titer,Laboratory,"Joanna Lim, RMT",Laboratory
2024-10-22,Adult,Male,Upper and lower extremities,Radiology,Dr. Sofia Mercado,Imaging
2024-10-23,Adult,Female,Asthma Monitoring,Clinic,Dr. Elena Bautista,Check-up
2024-10-23,Child,Female,Calcium (C),Laboratory,"Carlo Navarro, RMT",Laboratory
2024-10-23,Adult,Female,Diabetes Mellitus Monitoring,Clinic,Dr. Elena Bautista,Check-up
2024-10-23,Adult,Male,ESR,Laboratory,"Joanna Lim, RMT",Laboratory
2024-10-23,Adult,Male,Gastritis,Clinic,Dr. Elena Bautista,Check-up
2024-10-23,Senior,Male,Hypertension Monitoring,Clinic,Dr. Elena Bautista,Check-up
2024-10-23,Child,Female,Malarial Smear,Laboratory,"Angela Reyes, RMT",Laboratory
2024-10-23,Adult,Female,Sperm Analysis WHO,Laboratory,"Angela Reyes, RMT",Laboratory
2024-10-23,Adult,Female,TBIC (Total Iron Binding Capacity),Laboratory,"Mark Villanueva, RMT",Laboratory
2024-10-24,Child,Male,Alkaline Phosphates,Laboratory,"Patricia Mendoza, RMT",Laboratory
2024-10-24,Senior,Male,Diabetes Mellitus Monitoring,Clinic,Dr. Victor Manuel,Check-up
2024-10-24,Adult,Male,Hepa B profile,Laboratory,"Angela Reyes, RMT",Laboratory
2024-10-24,Senior,Female,Hypertension Monitoring,Clinic,Dr. Victor Manuel,Check-up
2024-10-24,Adult,Female,Malarial Smear,Laboratory,"Rafael Torres, RMT",Laboratory
2024-10-24,Adult,Female,Pancreas & Spleen,Radiology,Dr. Henry Ong,Imaging
2024-10-24,Adult,Male,TT4 (Toal Thyroxine),Laboratory,"Rafael Torres, RMT",Laboratory
2024-10-25,Adult,Female,Amylase,Laboratory,"Mark Villanueva, RMT",Laboratory
2024-10-25,Adult,Male,Asthma Monitoring,Clinic,Dr. Victor Manuel,Check-up
2024-10-25,Adult,Male,Gastritis,Clinic,Dr. Elena Bautista,Check-up
2024-10-25,Adult,Male,HBsAg Screening,Laboratory,"Patricia Mendoza, RMT",Laboratory
2024-10-25,Adult,Female,Hypertension Monitoring,Clinic,Dr. Victor Manuel,Check-up
2024-10-25,Child,Male,Preventive Health Check-up,Clinic,Dr. Camille Tan,Check-up
2024-10-26,Adult,Male,Blood Cs (1 site),Laboratory,"Carlo Navarro, RMT",Laboratory
2024-10-26,Adult,Female,Bloodtype and RH Typing,Laboratory,"Carlo Navarro, RMT",Laboratory
2024-10-26,Adult,Female,Gastritis,Clinic,Dr. Victor Manuel,Check-up
2024-10-26,Adult,Male,Headache,Clinic,Dr. Paolo Rivera,Check-up
2024-10-26,Child,Female,Pregnancy Test (Urine),Laboratory,"Angela Reyes, RMT",Laboratory
2024-10-26,Adult,Male,Preventive Health Check-up,Clinic,Dr. Paolo Rivera,Check-up
2024-10-26,Child,Female,Routine Medical Consultation,Clinic,Dr. Ana Lopez,Check-up
2024-10-26,Adult,Female,T4,Laboratory,"Joanna Lim, RMT",Laboratory
2024-10-26,Adult,Female,Troponin T Qualitive,Laboratory,"Patricia Mendoza, RMT",Laboratory
2024-10-27,Child,Female,Anti-HBc IgG,Laboratory,"Patricia Mendoza, RMT",Laboratory
2024-10-27,Adult,Female,Chloride (CI),Laboratory,"Rafael Torres, RMT",Laboratory
2024-10-27,Adult,Female,Drug Test (Urine),Laboratory,"Rafael Torres, RMT",Laboratory
2024-10-27,Adult,Female,FTA-ABS,Laboratory,"Angela Reyes, RMT",Laboratory
2024-10-27,Senior,Female,Gastritis,Clinic,Dr. Elena Bautista,Check-up
2024-10-27,Adult,Male,Gastritis,Clinic,Dr. Elena Bautista,Check-up
2024-10-27,Senior,Male,Hypertension Monitoring,Clinic,Dr. Elena Bautista,Check-up
2024-10-27,Adult,Male,Hypertension Monitoring,Clinic,Dr. Victor Manuel,Check-up
2024-10-28,Senior,Male,ApicoLordotic View,Radiology,Dr. Sofia Mercado,Imaging
2024-10-28,Adult,Male,Asthma Monitoring,Clinic,Dr. Elena Bautista,Check-up
2024-10-28,Child,Male,Face to Face Doctor Consultation,Clinic,Dr. Paolo Rivera,Check-up
2024-10-28,Adult,Male,GGTP,Laboratory,"Mark Villanueva, RMT",Laboratory
2024-10-28,Senior,Female,Hypertension Monitoring,Clinic,Dr. Victor Manuel,Check-up
2024-10-28,Adult,Female,Malarial Smear,Laboratory,"Patricia Mendoza, RMT",Laboratory
2024-10-28,Adult,Male,Routine Medical Consultation,Clinic,Dr. Ana Lopez,Check-up
2024-10-28,Senior,Male,Upper Respiratory Infection,Clinic,Dr. Camille Tan,Check-up
2024-10-28,Adult,Female,Upper Respiratory Infection,Clinic,Dr. Camille Tan,Check-up
2024-10-28,Adult,Male,Upper Respiratory Infection,Clinic,Dr. Paolo Rivera,Check-up
2024-10-28,Child,Female,Urinary Tract Infection,Clinic,Dr. Ana Lopez,Check-up
2024-10-29,Adult,Female,Abdominal Pain,Clinic,Dr. Elena Bautista,Check-up
2024-10-29,Child,Female,Dermatitis and Allergy,Clinic,Dr. Ana Lopez,Check-up
2024-10-29,Senior,Male,Diabetes Mellitus Monitoring,Clinic,Dr. Victor Manuel,Check-up
2024-10-29,Adult,Male,Diabetes Mellitus Monitoring,Clinic,Dr. Elena Bautista,Check-up
2024-10-29,Child,Male,EBV Igg,Laboratory,"Joanna Lim, RMT",Laboratory
2024-10-29,Adult,Male,Gastritis,Clinic,Dr. Victor Manuel,Check-up
2024-10-29,Senior,Male,HBsAg Titer,Laboratory,"Mark Villanueva, RMT",Laboratory
2024-10-29,Adult,Female,Headache,Clinic,Dr. Ana Lopez,Check-up
2024-10-29,Child,Female,Ionized Calcium (Ica),Laboratory,"Rafael Torres, RMT",Laboratory
2024-10-29,Adult,Male,Reticulocyte Count,Laboratory,"Patricia Mendoza, RMT",Laboratory
2024-10-29,Adult,Female,TPPA Quantitative,Laboratory,"Mark Villanueva, RMT",Laboratory
2024-10-29,Adult,Female,VFRL RPR Titer,Laboratory,"Angela Reyes, RMT",Laboratory
2024-10-30,Adult,Female,ASO Titer,Laboratory,"Angela Reyes, RMT",Laboratory
2024-10-30,Adult,Female,Asthma Monitoring,Clinic,Dr. Elena Bautista,Check-up
2024-10-30,Adult,Male,Body Fluid LDH,Laboratory,"Mark Villanueva, RMT",Laboratory
2024-10-30,Adult,Female,FTA-ABS,Laboratory,"Angela Reyes, RMT",Laboratory
2024-10-30,Adult,Male,Fit Stool Test,Laboratory,"Angela Reyes, RMT",Laboratory
2024-10-30,Senior,Female,Gastritis,Clinic,Dr. Victor Manuel,Check-up
2024-10-30,Adult,Male,Hypertension Monitoring,Clinic,Dr. Victor Manuel,Check-up
2024-10-30,Adult,Male,Lipase,Laboratory,"Carlo Navarro, RMT",Laboratory
2024-10-30,Adult,Male,Routine Medical Consultation,Clinic,Dr. Paolo Rivera,Check-up
2024-10-30,Adult,Male,Upper Respiratory Infection,Clinic,Dr. Ana Lopez,Check-up
2024-10-31,Adult,Female,Abdominal Pain,Clinic,Dr. Victor Manuel,Check-up
2024-10-31,Child,Female,Fever,Clinic,Dr. Paolo Rivera,Check-up
2024-10-31,Senior,Male,Fever,Clinic,Dr. Camille Tan,Check-up
2024-10-31,Adult,Male,Gastritis,Clinic,Dr. Elena Bautista,Check-up
2024-10-31,Adult,Female,Liver & Spleen,Radiology,Dr. Henry Ong,Imaging
2024-10-31,Adult,Male,Protein,Laboratory,"Rafael Torres, RMT",Laboratory
2024-10-31,Child,Male,Upper Respiratory Infection,Clinic,Dr. Paolo Rivera,Check-up
2024-11-01,Child,Male,Anti-HBc Total,Laboratory,"Angela Reyes, RMT",Laboratory
2024-11-01,Adult,Male,Asthma Monitoring,Clinic,Dr. Victor Manuel,Check-up
2024-11-01,Child,Female,Calcium (C),Laboratory,"Joanna Lim, RMT",Laboratory
2024-11-01,Adult,Female,Gastritis,Clinic,Dr. Elena Bautista,Check-up
2024-11-01,Senior,Female,Glucose,Laboratory,"Mark Villanueva, RMT",Laboratory
2024-11-01,Adult,Male,Upper Respiratory Infection,Clinic,Dr. Ana Lopez,Check-up
2024-11-01,Adult,Male,Urinalysis,Laboratory,"Patricia Mendoza, RMT",Laboratory
2024-11-02,Adult,Female,CBC w/ Actual Platelet Count,Laboratory,"Rafael Torres, RMT",Laboratory
2024-11-02,Adult,Male,Duplex Scan,Radiology,Dr. Sofia Mercado,Imaging
2024-11-02,Senior,Female,Glucose,Laboratory,"Mark Villanueva, RMT",Laboratory
2024-11-02,Adult,Female,Headache,Clinic,Dr. Miguel Fernandez,Check-up
2024-11-02,Adult,Female,Hypertension Monitoring,Clinic,Dr. Elena Bautista,Check-up
2024-11-02,Senior,Female,Hypertension Monitoring,Clinic,Dr. Victor Manuel,Check-up
2024-11-02,Adult,Female,Online Doctor Consultation,Clinic,Dr. Paolo Rivera,Check-up
2024-11-02,Adult,Female,Routine Medical Consultation,Clinic,Dr. Miguel Fernandez,Check-up
2024-11-03,Adult,Female,Chloride (C),Laboratory,"Rafael Torres, RMT",Laboratory
2024-11-03,Child,Female,ECG,Home Service,"Mark Villanueva, RMT",Home Service
2024-11-03,Child,Female,Fecalysis,Laboratory,"Angela Reyes, RMT",Laboratory
2024-11-03,Adult,Female,Fit Stool Test,Laboratory,"Carlo Navarro, RMT",Laboratory
2024-11-03,Adult,Female,H. Pylori Igm (Quali)-serum,Laboratory,"Carlo Navarro, RMT",Laboratory
2024-11-03,Adult,Female,Headache,Clinic,Dr. Ana Lopez,Check-up
2024-11-03,Adult,Female,Hypertension Monitoring,Clinic,Dr. Elena Bautista,Check-up
2024-11-03,Adult,Female,Whole Abdomen,Radiology,Dr. Sofia Mercado,Imaging
2024-11-04,Adult,Female,Abdominal Pain,Clinic,Dr. Elena Bautista,Check-up
2024-11-04,Adult,Male,Asthma Monitoring,Clinic,Dr. Victor Manuel,Check-up
2024-11-04,Adult,Female,C4,Laboratory,"Carlo Navarro, RMT",Laboratory
2024-11-04,Adult,Female,CBC,Clinic,Dr. Camille Tan,Pre-Employment Checkup
2024-11-04,Adult,Male,Dermatitis and Allergy,Clinic,Dr. Paolo Rivera,Check-up
2024-11-04,Senior,Male,Diabetes Mellitus Monitoring,Clinic,Dr. Elena Bautista,Check-up
2024-11-04,Adult,Male,Fever,Clinic,Dr. Paolo Rivera,Check-up
2024-11-04,Adult,Male,Prolactin,Laboratory,"Mark Villanueva, RMT",Laboratory
2024-11-04,Child,Male,Protein,Laboratory,"Patricia Mendoza, RMT",Laboratory
2024-11-04,Adult,Female,Protein,Laboratory,"Carlo Navarro, RMT",Laboratory
2024-11-04,Senior,Female,Rubella IgG,Laboratory,"Angela Reyes, RMT",Laboratory
2024-11-05,Adult,Female,Abdominal Pain,Clinic,Dr. Elena Bautista,Check-up
2024-11-05,Child,Male,Amylase,Laboratory,"Angela Reyes, RMT",Laboratory
2024-11-05,Child,Female,Dermatitis and Allergy,Clinic,Dr. Ana Lopez,Check-up
2024-11-05,Senior,Female,Diabetes Mellitus Monitoring,Clinic,Dr. Victor Manuel,Check-up
2024-11-05,Adult,Female,Gastritis,Clinic,Dr. Elena Bautista,Check-up
2024-11-05,Adult,Female,Hypertension Monitoring,Clinic,Dr. Victor Manuel,Check-up
2024-11-05,Adult,Female,"TPAG (Total Protein, Albumin, AG)",Laboratory,"Joanna Lim, RMT",Laboratory
2024-11-05,Senior,Female,Upper Abdomen,Radiology,Dr. Sofia Mercado,Imaging
2024-11-05,Adult,Male,Upper Respiratory Infection,Clinic,Dr. Ana Lopez,Check-up
2024-11-06,Senior,Female,Chest (Need CXR PA),Radiology,Dr. Andrea Sy,Imaging
2024-11-06,Senior,Female,Chest PA for Pregnant,Radiology,Dr. Andrea Sy,Imaging
2024-11-06,Senior,Female,Online Doctor Consultation,Clinic,Dr. Paolo Rivera,Check-up
2024-11-06,Adult,Male,Triglyceride,Laboratory,"Joanna Lim, RMT",Laboratory
2024-11-06,Senior,Male,X-Ray,Radiology,Dr. Sofia Mercado,Imaging
2024-11-07,Adult,Male,Anti-HBs,Laboratory,"Carlo Navarro, RMT",Laboratory
2024-11-07,Adult,Male,Diabetes Mellitus Monitoring,Clinic,Dr. Elena Bautista,Check-up
2024-11-07,Adult,Female,Hand AP/OBLIQUE/Lateral,Radiology,Dr. Andrea Sy,Imaging
2024-11-07,Adult,Female,Hypertension Monitoring,Clinic,Dr. Victor Manuel,Check-up
2024-11-07,Child,Male,Routine Medical Consultation,Clinic,Dr. Ana Lopez,Check-up
2024-11-08,Adult,Female,CBC,Laboratory,"Angela Reyes, RMT",Laboratory
2024-11-08,Adult,Female,CPK-MM,Laboratory,"Mark Villanueva, RMT",Laboratory
2024-11-08,Adult,Female,Dermatitis and Allergy,Clinic,Dr. Paolo Rivera,Check-up
2024-11-08,Adult,Female,Gastritis,Clinic,Dr. Victor Manuel,Check-up
2024-11-08,Adult,Male,Hypertension Monitoring,Clinic,Dr. Victor Manuel,Check-up
2024-11-08,Senior,Female,Physical Exam,Annual Physical Examination,Dr. Ana Lopez,Annual Physical Examination
2024-11-08,Adult,Female,Routine Medical Consultation,Clinic,Dr. Miguel Fernandez,Check-up
2024-11-08,Adult,Female,Routine Medical Consultation,Clinic,Dr. Ana Lopez,Check-up
2024-11-08,Adult,Male,Upper Respiratory Infection,Clinic,Dr. Paolo Rivera,Check-up
2024-11-08,Adult,Female,Urinary Tract Infection,Clinic,Dr. Miguel Fernandez,Check-up
2024-11-09,Senior,Female,Alkaline Phosphates,Laboratory,"Mark Villanueva, RMT",Laboratory
2024-11-09,Adult,Male,Gastritis,Clinic,Dr. Victor Manuel,Check-up
2024-11-09,Adult,Male,Physical Exam,Annual Physical Examination,Dr. Camille Tan,Annual Physical Examination
2024-11-09,Adult,Female,Urinalysis,Laboratory,"Angela Reyes, RMT",Laboratory
2024-11-10,Senior,Male,Arterial Duplex Scan (Unilateral),Radiology,Dr. Andrea Sy,Imaging
2024-11-10,Adult,Male,Asthma Monitoring,Clinic,Dr. Elena Bautista,Check-up
2024-11-10,Adult,Female,Dermatitis and Allergy,Clinic,Dr. Paolo Rivera,Check-up
2024-11-10,Adult,Female,Diabetes Mellitus Monitoring,Clinic,Dr. Elena Bautista,Check-up
2024-11-10,Senior,Female,Diabetes Mellitus Monitoring,Clinic,Dr. Victor Manuel,Check-up
2024-11-10,Adult,Female,Flu Vaccine,Clinic,Dr. Camille Tan,Vaccination
2024-11-10,Senior,Female,Headache,Clinic,Dr. Miguel Fernandez,Check-up
2024-11-10,Adult,Female,Routine Medical Consultation,Clinic,Dr. Ana Lopez,Check-up
2024-11-10,Adult,Male,Typhil Dot,Laboratory,"Mark Villanueva, RMT",Laboratory
2024-11-10,Adult,Female,Upper Respiratory Infection,Clinic,Dr. Miguel Fernandez,Check-up
2024-11-11,Child,Female,CRP Qualitative,Laboratory,"Rafael Torres, RMT",Laboratory
2024-11-11,Adult,Male,Chloride (CI),Laboratory,"Mark Villanueva, RMT",Laboratory
2024-11-11,Adult,Female,Fecalysis,Laboratory,"Joanna Lim, RMT",Laboratory
2024-11-11,Adult,Male,Fever,Clinic,Dr. Miguel Fernandez,Check-up
2024-11-11,Senior,Male,Gastritis,Clinic,Dr. Victor Manuel,Check-up
2024-11-11,Adult,Male,Gastritis,Clinic,Dr. Elena Bautista,Check-up
2024-11-11,Adult,Male,Hypertension Monitoring,Clinic,Dr. Elena Bautista,Check-up
2024-11-11,Senior,Female,Hypertension Monitoring,Clinic,Dr. Victor Manuel,Check-up
2024-11-11,Adult,Male,Progesterone,Laboratory,"Angela Reyes, RMT",Laboratory
2024-11-12,Senior,Male,Dermatitis and Allergy,Clinic,Dr. Paolo Rivera,Check-up
2024-11-12,Adult,Female,Diabetes Mellitus Monitoring,Clinic,Dr. Elena Bautista,Check-up
2024-11-12,Adult,Female,Gastritis,Clinic,Dr. Elena Bautista,Check-up
2024-11-12,Adult,Female,Headache,Clinic,Dr. Camille Tan,Check-up
2024-11-12,Adult,Female,Preventive Health Check-up,Clinic,Dr. Miguel Fernandez,Check-up
2024-11-12,Adult,Male,Ultrasound,Radiology,Dr. Henry Ong,Imaging
2024-11-12,Adult,Female,X-Ray,Annual Physical Examination,Dr. Miguel Fernandez,Annual Physical Examination
2024-11-13,Adult,Male,C3,Laboratory,"Carlo Navarro, RMT",Laboratory
2024-11-13,Senior,Female,Hypertension Monitoring,Clinic,Dr. Elena Bautista,Check-up
2024-11-13,Adult,Male,Pelvic Ultrasound,Radiology,Dr. Andrea Sy,Imaging
2024-11-13,Adult,Female,TSH,Laboratory,"Joanna Lim, RMT",Laboratory
2024-11-13,Adult,Female,Upper Respiratory Infection,Clinic,Dr. Ana Lopez,Check-up
2024-11-13,Adult,Male,X-Ray,Radiology,Dr. Henry Ong,Imaging
2024-11-14,Adult,Male,Abdominal Pain,Clinic,Dr. Elena Bautista,Check-up
2024-11-14,Adult,Male,Body Fluid Analysis (Package),Laboratory,"Joanna Lim, RMT",Laboratory
2024-11-14,Adult,Male,Diabetes Mellitus Monitoring,Clinic,Dr. Victor Manuel,Check-up
2024-11-15,Senior,Male,Ankle AP/LAT,Radiology,Dr. Andrea Sy,Imaging
2024-11-15,Adult,Male,Diabetes Mellitus Monitoring,Clinic,Dr. Elena Bautista,Check-up
2024-11-15,Child,Female,Fever,Clinic,Dr. Camille Tan,Check-up
2024-11-15,Adult,Male,Upper Respiratory Infection,Clinic,Dr. Miguel Fernandez,Check-up
2024-11-16,Adult,Female,Dermatitis and Allergy,Clinic,Dr. Miguel Fernandez,Check-up
2024-11-16,Adult,Female,HBA1C (edta),Laboratory,"Mark Villanueva, RMT",Laboratory
2024-11-16,Senior,Male,Hypertension Monitoring,Clinic,Dr. Victor Manuel,Check-up
2024-11-16,Adult,Female,LH,Laboratory,"Mark Villanueva, RMT",Laboratory
2024-11-16,Adult,Male,PPD Skin Test,Clinic,Dr. Paolo Rivera,Vaccination
2024-11-16,Senior,Male,Paranasal Sinus,Radiology,Dr. Andrea Sy,Imaging
2024-11-16,Adult,Male,Preventive Health Check-up,Clinic,Dr. Miguel Fernandez,Check-up
2024-11-16,Adult,Female,Shoulder AP/LAT,Radiology,Dr. Andrea Sy,Imaging
2024-11-16,Child,Female,Troponin I Quantitative,Laboratory,"Carlo Navarro, RMT",Laboratory
2024-11-16,Child,Male,Upper Respiratory Infection,Clinic,Dr. Miguel Fernandez,Check-up
2024-11-16,Adult,Female,Upper Respiratory Infection,Clinic,Dr. Paolo Rivera,Check-up
2024-11-16,Child,Male,Urinary Tract Infection,Clinic,Dr. Paolo Rivera,Check-up
2024-11-17,Adult,Male,Chloride (CI),Laboratory,"Rafael Torres, RMT",Laboratory
2024-11-17,Senior,Female,Headache,Clinic,Dr. Ana Lopez,Check-up
2024-11-17,Child,Female,Magnesium,Laboratory,"Joanna Lim, RMT",Laboratory
2024-11-17,Adult,Male,Preventive Health Check-up,Clinic,Dr. Camille Tan,Check-up
2024-11-17,Child,Female,TPPA Qualitative,Laboratory,"Patricia Mendoza, RMT",Laboratory
2024-11-17,Adult,Male,Urinalysis,Laboratory,"Angela Reyes, RMT",Laboratory
2024-11-17,Adult,Male,Urinalysis 10P,Laboratory,"Mark Villanueva, RMT",Laboratory
2024-11-18,Adult,Male,Chloride (C),Laboratory,"Angela Reyes, RMT",Laboratory
2024-11-18,Child,Female,Fever,Clinic,Dr. Ana Lopez,Check-up
2024-11-18,Adult,Female,Headache,Clinic,Dr. Paolo Rivera,Check-up
2024-11-18,Senior,Male,Liver,Radiology,Dr. Sofia Mercado,Imaging
2024-11-18,Adult,Female,Malarial Smear,Laboratory,"Mark Villanueva, RMT",Laboratory
2024-11-18,Adult,Male,TPPA Qualitative,Laboratory,"Joanna Lim, RMT",Laboratory
2024-11-18,Adult,Female,Thoraco Lumbar,Radiology,Dr. Sofia Mercado,Imaging
2024-11-19,Adult,Male,Anti-HAV Screening,Laboratory,"Carlo Navarro, RMT",Laboratory
2024-11-19,Adult,Male,Blood Cs with ARD (2 site),Laboratory,"Rafael Torres, RMT",Laboratory
2024-11-19,Adult,Male,Body Fluid LDH,Laboratory,"Rafael Torres, RMT",Laboratory
2024-11-19,Child,Male,Fever,Clinic,Dr. Camille Tan,Check-up
2024-11-19,Adult,Female,Hematology,Laboratory,"Mark Villanueva, RMT",Laboratory
2024-11-19,Senior,Female,Hypertension Monitoring,Clinic,Dr. Victor Manuel,Check-up
2024-11-19,Adult,Female,"Iron Studies (TI, TIBC, Ferritin)",Laboratory,"Joanna Lim, RMT",Laboratory
2024-11-19,Adult,Female,Rubella Igm,Laboratory,"Mark Villanueva, RMT",Laboratory
2024-11-20,Child,Male,Gram Stain,Laboratory,"Carlo Navarro, RMT",Laboratory
2024-11-20,Adult,Male,Sperm Analysis WHO,Laboratory,"Angela Reyes, RMT",Laboratory
2024-11-20,Child,Male,Upper Respiratory Infection,Clinic,Dr. Ana Lopez,Check-up
2024-11-20,Adult,Male,Upper Respiratory Infection,Clinic,Dr. Camille Tan,Check-up
2024-11-20,Adult,Female,X-Ray,Annual Physical Examination,Dr. Camille Tan,Annual Physical Examination
2024-11-21,Senior,Female,Hypertension Monitoring,Clinic,Dr. Victor Manuel,Check-up
2024-11-21,Senior,Male,Thoracic Spine AP/LAT,Radiology,Dr. Andrea Sy,Imaging
2024-11-22,Adult,Male,Blood Uric Acid,Laboratory,"Mark Villanueva, RMT",Laboratory
2024-11-22,Adult,Male,CBC,Laboratory,"Patricia Mendoza, RMT",Laboratory
2024-11-22,Adult,Female,Diabetes Mellitus Monitoring,Clinic,Dr. Elena Bautista,Check-up
2024-11-22,Adult,Male,Potassium (K),Laboratory,"Carlo Navarro, RMT",Laboratory
2024-11-22,Adult,Male,Routine Medical Consultation,Clinic,Dr. Miguel Fernandez,Check-up
2024-11-23,Senior,Male,Acid Phosphatase,Laboratory,"Carlo Navarro, RMT",Laboratory
2024-11-23,Senior,Female,Ankle – Brachial Index (by appointment),Radiology,Dr. Henry Ong,Imaging
2024-11-23,Senior,Female,Asthma Monitoring,Clinic,Dr. Elena Bautista,Check-up
2024-11-23,Adult,Male,Diabetes Mellitus Monitoring,Clinic,Dr. Elena Bautista,Check-up
2024-11-23,Adult,Female,Gastritis,Clinic,Dr. Elena Bautista,Check-up
2024-11-23,Adult,Male,Upper Respiratory Infection,Clinic,Dr. Camille Tan,Check-up
2024-11-23,Adult,Female,Urinary Tract Infection,Clinic,Dr. Paolo Rivera,Check-up
2024-11-24,Adult,Female,APTT,Laboratory,"Mark Villanueva, RMT",Laboratory
2024-11-24,Adult,Female,Abdominal Pain,Clinic,Dr. Elena Bautista,Check-up
2024-11-24,Child,Female,Abdominal Pain,Clinic,Dr. Victor Manuel,Check-up
2024-11-24,Adult,Male,Coombs Test,Laboratory,"Carlo Navarro, RMT",Laboratory
2024-11-24,Child,Female,Dermatitis and Allergy,Clinic,Dr. Miguel Fernandez,Check-up
2024-11-24,Adult,Male,Diabetes Mellitus Monitoring,Clinic,Dr. Elena Bautista,Check-up
2024-11-24,Adult,Male,EGFR,Laboratory,"Mark Villanueva, RMT",Laboratory
2024-11-24,Adult,Male,HBeAg,Laboratory,"Rafael Torres, RMT",Laboratory
2024-11-24,Adult,Female,Hypertension Monitoring,Clinic,Dr. Victor Manuel,Check-up
2024-11-24,Senior,Female,Hypertension Monitoring,Clinic,Dr. Victor Manuel,Check-up
2024-11-24,Adult,Female,Urinary Tract Infection,Clinic,Dr. Miguel Fernandez,Check-up
2024-11-25,Adult,Female,2D Echo: Pedia (by appointment),Cardiology,Dr. Paolo Rivera,Cardiology
2024-11-25,Adult,Male,Asthma Monitoring,Clinic,Dr. Victor Manuel,Check-up
2024-11-25,Adult,Female,D-DIMER Test,Laboratory,"Angela Reyes, RMT",Laboratory
2024-11-25,Child,Male,Gastritis,Clinic,Dr. Victor Manuel,Check-up
2024-11-25,Child,Female,Malarial Smear,Laboratory,"Rafael Torres, RMT",Laboratory
2024-11-25,Adult,Female,Protein,Laboratory,"Carlo Navarro, RMT",Laboratory
2024-11-26,Senior,Male,Gastritis,Clinic,Dr. Victor Manuel,Check-up
2024-11-26,Adult,Female,Liver & Pancreas,Radiology,Dr. Sofia Mercado,Imaging
2024-11-26,Adult,Male,Magnesium,Laboratory,"Rafael Torres, RMT",Laboratory
2024-11-26,Child,Female,Urinary Tract Infection,Clinic,Dr. Camille Tan,Check-up
2024-11-27,Adult,Female,2D Echo Cardiogram,Cardiology,Dr. Miguel Fernandez,Cardiology
2024-11-27,Adult,Female,Amylase,Laboratory,"Angela Reyes, RMT",Laboratory
2024-11-27,Child,Male,CRP Qualitative,Laboratory,"Joanna Lim, RMT",Laboratory
2024-11-27,Adult,Female,Chloride (C),Laboratory,"Patricia Mendoza, RMT",Laboratory
2024-11-27,Senior,Female,Hypertension Monitoring,Clinic,Dr. Victor Manuel,Check-up
2024-11-27,Adult,Female,Lipid Profile,Laboratory,"Rafael Torres, RMT",Laboratory
2024-11-27,Adult,Male,Magnesium,Laboratory,"Joanna Lim, RMT",Laboratory
2024-11-27,Senior,Male,Online Doctor Consultation,Clinic,Dr. Ana Lopez,Check-up
2024-11-27,Adult,Female,Routine Medical Consultation,Clinic,Dr. Camille Tan,Check-up
2024-11-28,Child,Female,Abdominal Pain,Clinic,Dr. Victor Manuel,Check-up
2024-11-28,Child,Female,C3,Laboratory,"Mark Villanueva, RMT",Laboratory
2024-11-28,Adult,Female,Kidney,Radiology,Dr. Henry Ong,Imaging
2024-11-28,Adult,Female,Leg AP/LAT (unilateral/bilateral),Radiology,Dr. Henry Ong,Imaging
2024-11-28,Senior,Female,Lipase,Laboratory,"Rafael Torres, RMT",Laboratory
2024-11-28,Adult,Female,Preventive Health Check-up,Clinic,Dr. Paolo Rivera,Check-up
2024-11-28,Child,Female,Total Protein,Laboratory,"Angela Reyes, RMT",Laboratory
2024-11-29,Adult,Male,Body Fluid Analysis (Package),Laboratory,"Angela Reyes, RMT",Laboratory
2024-11-29,Adult,Male,Fever,Clinic,Dr. Camille Tan,Check-up
2024-11-29,Adult,Female,Headache,Clinic,Dr. Paolo Rivera,Check-up
2024-11-29,Adult,Male,Hypertension Monitoring,Clinic,Dr. Elena Bautista,Check-up
2024-11-29,Adult,Female,Sperm Analysis WHO,Laboratory,"Patricia Mendoza, RMT",Laboratory
2024-11-29,Adult,Male,Upper Respiratory Infection,Clinic,Dr. Miguel Fernandez,Check-up
2024-11-29,Adult,Female,VDRL/Syphilis Screening,Laboratory,"Angela Reyes, RMT",Laboratory
2024-11-30,Senior,Female,AFB Stain,Laboratory,"Rafael Torres, RMT",Laboratory
2024-11-30,Adult,Female,Abdominal Pain,Clinic,Dr. Victor Manuel,Check-up
2024-11-30,Senior,Female,Diabetes Mellitus Monitoring,Clinic,Dr. Victor Manuel,Check-up
2024-11-30,Adult,Female,T3,Laboratory,"Joanna Lim, RMT",Laboratory
2024-11-30,Adult,Female,Total Calcium (TCa),Laboratory,"Rafael Torres, RMT",Laboratory
2024-11-30,Senior,Male,Venous Duplex Scan (Unilateral),Radiology,Dr. Henry Ong,Imaging
2024-12-01,Adult,Female,Anti-HAV Screening,Laboratory,"Angela Reyes, RMT",Laboratory
2024-12-01,Adult,Male,Arterial Duplex Scan (Unilateral),Radiology,Dr. Andrea Sy,Imaging
2024-12-01,Child,Female,Asthma Monitoring,Clinic,Dr. Elena Bautista,Check-up
2024-12-01,Adult,Female,Hypertension Monitoring,Clinic,Dr. Victor Manuel,Check-up
2024-12-01,Adult,Male,Sperm Analysis WHO,Laboratory,"Mark Villanueva, RMT",Laboratory
2024-12-01,Child,Female,Urinary Tract Infection,Clinic,Dr. Camille Tan,Check-up
2024-12-02,Adult,Female,Anti-HAV Screening,Laboratory,"Joanna Lim, RMT",Laboratory
2024-12-02,Adult,Female,Asthma Monitoring,Clinic,Dr. Elena Bautista,Check-up
2024-12-02,Adult,Male,Coombs Test,Laboratory,"Rafael Torres, RMT",Laboratory
2024-12-02,Adult,Male,EBV Igm,Laboratory,"Carlo Navarro, RMT",Laboratory
2024-12-02,Adult,Female,Glucose,Laboratory,"Patricia Mendoza, RMT",Laboratory
2024-12-02,Adult,Female,Hepa A profile,Laboratory,"Patricia Mendoza, RMT",Laboratory
2024-12-02,Child,Female,Lipid Profile,Laboratory,"Carlo Navarro, RMT",Laboratory
2024-12-02,Adult,Male,"OGCT Non-Pregnant (100g, 75g)",Laboratory,"Mark Villanueva, RMT",Laboratory
2024-12-02,Adult,Male,Potassium (K),Laboratory,"Angela Reyes, RMT",Laboratory
2024-12-02,Senior,Male,Preventive Health Check-up,Clinic,Dr. Ana Lopez,Check-up
2024-12-02,Senior,Male,Routine Medical Consultation,Clinic,Dr. Camille Tan,Check-up
2024-12-03,Adult,Female,Asthma Monitoring,Clinic,Dr. Victor Manuel,Check-up
2024-12-03,Adult,Male,Asthma Monitoring,Clinic,Dr. Elena Bautista,Check-up
2024-12-03,Child,Male,Headache,Clinic,Dr. Miguel Fernandez,Check-up
2024-12-03,Senior,Female,Pregnancy Test (Urine),Laboratory,"Joanna Lim, RMT",Laboratory
2024-12-04,Adult,Female,Anti-HBc IgM,Laboratory,"Angela Reyes, RMT",Laboratory
2024-12-04,Adult,Female,Dermatitis and Allergy,Clinic,Dr. Miguel Fernandez,Check-up
2024-12-04,Adult,Female,Diabetes Mellitus Monitoring,Clinic,Dr. Elena Bautista,Check-up
2024-12-04,Child,Male,H. Pylori Stool,Laboratory,"Angela Reyes, RMT",Laboratory
2024-12-04,Adult,Female,Laboratory Testing,Home Service,"Joanna Lim, RMT",Home Service
2024-12-05,Adult,Female,Anti-HAV IgM,Laboratory,"Carlo Navarro, RMT",Laboratory
2024-12-05,Child,Male,Asthma Monitoring,Clinic,Dr. Victor Manuel,Check-up
2024-12-05,Child,Female,Asthma Monitoring,Clinic,Dr. Elena Bautista,Check-up
2024-12-05,Child,Male,Dengue NS1,Laboratory,"Rafael Torres, RMT",Laboratory
2024-12-05,Senior,Female,Diabetes Mellitus Monitoring,Clinic,Dr. Victor Manuel,Check-up
2024-12-05,Senior,Male,"Hepa A,B,C",Laboratory,"Patricia Mendoza, RMT",Laboratory
2024-12-05,Senior,Male,Hypertension Monitoring,Clinic,Dr. Victor Manuel,Check-up
2024-12-05,Adult,Male,Upper Respiratory Infection,Clinic,Dr. Ana Lopez,Check-up
2024-12-06,Adult,Female,Asthma Monitoring,Clinic,Dr. Victor Manuel,Check-up
2024-12-06,Child,Female,Bleeding Time,Laboratory,"Joanna Lim, RMT",Laboratory
2024-12-06,Adult,Female,Dermatitis and Allergy,Clinic,Dr. Ana Lopez,Check-up
2024-12-06,Adult,Male,Gastritis,Clinic,Dr. Victor Manuel,Check-up
2024-12-06,Senior,Male,Hypertension Monitoring,Clinic,Dr. Victor Manuel,Check-up
2024-12-07,Adult,Male,Abdominal Pain,Clinic,Dr. Victor Manuel,Check-up
2024-12-07,Adult,Female,Amylase,Laboratory,"Patricia Mendoza, RMT",Laboratory
2024-12-07,Adult,Female,Chloride (CI),Laboratory,"Rafael Torres, RMT",Laboratory
2024-12-07,Adult,Male,Cholesterol,Laboratory,"Joanna Lim, RMT",Laboratory
2024-12-07,Child,Female,Fever,Clinic,Dr. Paolo Rivera,Check-up
2024-12-07,Senior,Female,Gastritis,Clinic,Dr. Elena Bautista,Check-up
2024-12-07,Adult,Male,"OGCT Non-Pregnant (100g, 75g)",Laboratory,"Mark Villanueva, RMT",Laboratory
2024-12-07,Adult,Male,Pregnancy Test (Serum),Laboratory,"Mark Villanueva, RMT",Laboratory
2024-12-07,Adult,Male,Preventive Health Check-up,Clinic,Dr. Ana Lopez,Check-up
2024-12-08,Senior,Male,Anti-HBe,Laboratory,"Mark Villanueva, RMT",Laboratory
2024-12-08,Adult,Female,Bicarbonate,Laboratory,"Joanna Lim, RMT",Laboratory
2024-12-08,Senior,Male,Diabetes Mellitus Monitoring,Clinic,Dr. Elena Bautista,Check-up
2024-12-08,Adult,Female,Fever,Clinic,Dr. Miguel Fernandez,Check-up
2024-12-08,Adult,Male,Ionized Calcium (Ica),Laboratory,"Rafael Torres, RMT",Laboratory
2024-12-08,Senior,Female,Preventive Health Check-up,Clinic,Dr. Miguel Fernandez,Check-up
2024-12-08,Adult,Male,Preventive Health Check-up,Clinic,Dr. Camille Tan,Check-up
2024-12-08,Adult,Female,Urinalysis & Fecalysis,Clinic,Dr. Ana Lopez,Pre-Employment Checkup
2024-12-09,Adult,Male,Abdominal Aorta,Radiology,Dr. Henry Ong,Imaging
2024-12-09,Child,Male,CRP,Laboratory,"Angela Reyes, RMT",Laboratory
2024-12-09,Adult,Male,Diabetes Mellitus Monitoring,Clinic,Dr. Elena Bautista,Check-up
2024-12-09,Adult,Female,Rubella IgG,Laboratory,"Mark Villanueva, RMT",Laboratory
2024-12-10,Senior,Male,Arterial & Venous Duplex Lower Extremities Scan (by appointment),Radiology,Dr. Henry Ong,Imaging
2024-12-10,Child,Female,Estradiol/Estrogen,Laboratory,"Mark Villanueva, RMT",Laboratory
2024-12-10,Adult,Female,FT3,Laboratory,"Angela Reyes, RMT",Laboratory
2024-12-10,Adult,Male,Hypertension Monitoring,Clinic,Dr. Victor Manuel,Check-up
2024-12-10,Adult,Male,Hypertension Monitoring,Clinic,Dr. Elena Bautista,Check-up
2024-12-10,Senior,Female,Immunology/Serology,Laboratory,"Angela Reyes, RMT",Laboratory
2024-12-10,Child,Female,Ionized Calcium (Ica),Laboratory,"Mark Villanueva, RMT",Laboratory
2024-12-10,Adult,Female,Neck,Radiology,Dr. Sofia Mercado,Imaging
2024-12-10,Adult,Female,Preventive Health Check-up,Clinic,Dr. Miguel Fernandez,Check-up
2024-12-10,Senior,Male,Routine Medical Consultation,Clinic,Dr. Camille Tan,Check-up
2024-12-11,Senior,Female,Gastritis,Clinic,Dr. Victor Manuel,Check-up
2024-12-11,Senior,Female,Hepa A profile,Laboratory,"Angela Reyes, RMT",Laboratory
2024-12-11,Adult,Male,Magnesium,Laboratory,"Carlo Navarro, RMT",Laboratory
2024-12-11,Adult,Female,Troponin T Qualitive,Laboratory,"Mark Villanueva, RMT",Laboratory
2024-12-12,Adult,Female,Asthma Monitoring,Clinic,Dr. Victor Manuel,Check-up
2024-12-12,Adult,Female,"Bilirubin (B1, B2)",Laboratory,"Angela Reyes, RMT",Laboratory
2024-12-12,Adult,Female,Blood Uric Acid,Laboratory,"Mark Villanueva, RMT",Laboratory
2024-12-12,Senior,Female,Diabetes Mellitus Monitoring,Clinic,Dr. Elena Bautista,Check-up
2024-12-12,Adult,Male,TPPA Quantitative,Laboratory,"Joanna Lim, RMT",Laboratory
2024-12-13,Senior,Female,Diabetes Mellitus Monitoring,Clinic,Dr. Elena Bautista,Check-up
2024-12-13,Adult,Female,Fever,Clinic,Dr. Camille Tan,Check-up
2024-12-13,Adult,Male,Hypertension Monitoring,Clinic,Dr. Victor Manuel,Check-up
2024-12-13,Adult,Female,Rubella Igm,Laboratory,"Mark Villanueva, RMT",Laboratory
2024-12-13,Adult,Female,Urinalysis,Laboratory,"Carlo Navarro, RMT",Laboratory
2024-12-14,Adult,Female,2 Hours Post Prandial,Laboratory,"Mark Villanueva, RMT",Laboratory
2024-12-14,Adult,Female,Dermatitis and Allergy,Clinic,Dr. Camille Tan,Check-up
2024-12-14,Adult,Male,Fever,Clinic,Dr. Ana Lopez,Check-up
2024-12-14,Child,Male,Gastritis,Clinic,Dr. Victor Manuel,Check-up
2024-12-14,Adult,Male,Hepa A profile,Laboratory,"Mark Villanueva, RMT",Laboratory
2024-12-14,Senior,Male,Hypertension Monitoring,Clinic,Dr. Victor Manuel,Check-up
2024-12-14,Adult,Female,Upper Respiratory Infection,Clinic,Dr. Ana Lopez,Check-up
2024-12-14,Adult,Male,Urinalysis,Laboratory,"Mark Villanueva, RMT",Laboratory
2024-12-15,Child,Female,Anti-HAV Screening,Laboratory,"Mark Villanueva, RMT",Laboratory
2024-12-15,Adult,Male,Asthma Monitoring,Clinic,Dr. Elena Bautista,Check-up
2024-12-15,Adult,Female,CPK-MM,Laboratory,"Joanna Lim, RMT",Laboratory
2024-12-15,Adult,Female,Dermatitis and Allergy,Clinic,Dr. Ana Lopez,Check-up
2024-12-15,Senior,Male,Diabetes Mellitus Monitoring,Clinic,Dr. Victor Manuel,Check-up
2024-12-15,Senior,Female,Estrogen,Laboratory,"Carlo Navarro, RMT",Laboratory
2024-12-15,Child,Female,FTA-ABS,Laboratory,"Angela Reyes, RMT",Laboratory
2024-12-15,Adult,Male,HCV-Genotyping,Laboratory,"Mark Villanueva, RMT",Laboratory
2024-12-15,Senior,Female,Liver & Gallbladder,Radiology,Dr. Henry Ong,Imaging
2024-12-15,Adult,Male,RBS,Laboratory,"Joanna Lim, RMT",Laboratory
2024-12-15,Adult,Female,Routine Medical Consultation,Clinic,Dr. Paolo Rivera,Check-up
2024-12-15,Adult,Male,Upper and lower extremities,Radiology,Dr. Henry Ong,Imaging
2024-12-15,Adult,Female,Urinalysis 10P,Laboratory,"Joanna Lim, RMT",Laboratory
2024-12-16,Adult,Male,Abdominal Pain,Clinic,Dr. Elena Bautista,Check-up
2024-12-16,Senior,Female,CBC,Laboratory,"Mark Villanueva, RMT",Laboratory
2024-12-16,Adult,Male,Chloride (CI),Laboratory,"Mark Villanueva, RMT",Laboratory
2024-12-16,Adult,Female,Dermatitis and Allergy,Clinic,Dr. Paolo Rivera,Check-up
2024-12-16,Adult,Female,Diabetes Mellitus Monitoring,Clinic,Dr. Elena Bautista,Check-up
2024-12-16,Senior,Female,Diabetes Mellitus Monitoring,Clinic,Dr. Victor Manuel,Check-up
2024-12-16,Child,Male,Gastritis,Clinic,Dr. Elena Bautista,Check-up
2024-12-16,Senior,Male,Headache,Clinic,Dr. Ana Lopez,Check-up
2024-12-16,Adult,Male,Hypertension Monitoring,Clinic,Dr. Victor Manuel,Check-up
2024-12-16,Adult,Male,Inorganic Phosphorus (IPO4),Laboratory,"Angela Reyes, RMT",Laboratory
2024-12-16,Senior,Female,Preventive Health Check-up,Clinic,Dr. Paolo Rivera,Check-up
2024-12-16,Child,Male,Routine Medical Consultation,Clinic,Dr. Miguel Fernandez,Check-up
2024-12-16,Adult,Male,Troponin I Quantitative,Laboratory,"Carlo Navarro, RMT",Laboratory
2024-12-16,Adult,Male,Upper Respiratory Infection,Clinic,Dr. Camille Tan,Check-up
2024-12-17,Adult,Male,Asthma Monitoring,Clinic,Dr. Victor Manuel,Check-up
2024-12-17,Adult,Female,CBC w/ Actual Platelet Count,Laboratory,"Carlo Navarro, RMT",Laboratory
2024-12-17,Child,Female,EBV Igg,Laboratory,"Mark Villanueva, RMT",Laboratory
2024-12-17,Adult,Female,EBV Igm,Laboratory,"Patricia Mendoza, RMT",Laboratory
2024-12-17,Adult,Female,Headache,Clinic,Dr. Paolo Rivera,Check-up
2024-12-17,Senior,Female,Liver,Radiology,Dr. Sofia Mercado,Imaging
2024-12-17,Child,Female,RT-PCR 12HRS,Laboratory,"Joanna Lim, RMT",Laboratory
2024-12-18,Child,Male,Dermatitis and Allergy,Clinic,Dr. Miguel Fernandez,Check-up
2024-12-18,Child,Female,HCV-RNA,Laboratory,"Angela Reyes, RMT",Laboratory
2024-12-18,Adult,Female,Headache,Clinic,Dr. Miguel Fernandez,Check-up
2024-12-18,Adult,Female,Hepa C profile,Laboratory,"Angela Reyes, RMT",Laboratory
2024-12-18,Adult,Female,Hepa C profile,Laboratory,"Rafael Torres, RMT",Laboratory
2024-12-18,Adult,Male,Hypertension Monitoring,Clinic,Dr. Elena Bautista,Check-up
2024-12-18,Adult,Female,Lipid Profile,Laboratory,"Joanna Lim, RMT",Laboratory
2024-12-18,Adult,Male,Upper Respiratory Infection,Clinic,Dr. Ana Lopez,Check-up
2024-12-18,Adult,Female,Urinalysis 10P,Laboratory,"Rafael Torres, RMT",Laboratory
2024-12-19,Senior,Female,Abdominal Pain,Clinic,Dr. Elena Bautista,Check-up
2024-12-19,Senior,Female,Hypertension Monitoring,Clinic,Dr. Elena Bautista,Check-up
2024-12-19,Adult,Male,Liver & Gallbladder,Radiology,Dr. Andrea Sy,Imaging
2024-12-19,Senior,Female,Upper Respiratory Infection,Clinic,Dr. Paolo Rivera,Check-up
2024-12-20,Senior,Female,Diabetes Mellitus Monitoring,Clinic,Dr. Victor Manuel,Check-up
2024-12-20,Adult,Male,H. Pylori Stool,Laboratory,"Patricia Mendoza, RMT",Laboratory
2024-12-20,Adult,Female,Preventive Health Check-up,Clinic,Dr. Ana Lopez,Check-up
2024-12-20,Senior,Female,Routine Medical Consultation,Clinic,Dr. Paolo Rivera,Check-up
2024-12-20,Adult,Male,Troponin I Quantitative,Laboratory,"Carlo Navarro, RMT",Laboratory
2024-12-20,Adult,Female,Upper Respiratory Infection,Clinic,Dr. Camille Tan,Check-up
2024-12-20,Adult,Male,Upper Respiratory Infection,Clinic,Dr. Paolo Rivera,Check-up
2024-12-20,Adult,Male,Urinary Tract Infection,Clinic,Dr. Ana Lopez,Check-up
2024-12-21,Senior,Female,Ankle AP/LAT,Radiology,Dr. Henry Ong,Imaging
2024-12-21,Child,Female,FTA-ABS,Laboratory,"Mark Villanueva, RMT",Laboratory
2024-12-21,Adult,Female,Fever,Clinic,Dr. Paolo Rivera,Check-up
2024-12-21,Child,Female,HCV-Genotyping,Laboratory,"Patricia Mendoza, RMT",Laboratory
2024-12-21,Adult,Male,Humerus AP/LAT,Radiology,Dr. Henry Ong,Imaging
2024-12-21,Adult,Female,Hypertension Monitoring,Clinic,Dr. Elena Bautista,Check-up
2024-12-21,Child,Female,Preventive Health Check-up,Clinic,Dr. Miguel Fernandez,Check-up
2024-12-21,Child,Male,Prolactin,Laboratory,"Rafael Torres, RMT",Laboratory
2024-12-21,Adult,Female,Sodium (Na),Laboratory,"Rafael Torres, RMT",Laboratory
2024-12-22,Adult,Female,ASO Screening,Laboratory,"Carlo Navarro, RMT",Laboratory
2024-12-22,Adult,Female,Anti-HBs,Laboratory,"Rafael Torres, RMT",Laboratory
2024-12-22,Adult,Male,Bicarbonate,Laboratory,"Mark Villanueva, RMT",Laboratory
2024-12-22,Adult,Female,Cortisol,Laboratory,"Mark Villanueva, RMT",Laboratory
2024-12-22,Adult,Female,HBeAg,Laboratory,"Angela Reyes, RMT",Laboratory
2024-12-22,Child,Female,RT-PCR 4-6HRS,Laboratory,"Carlo Navarro, RMT",Laboratory
2024-12-22,Adult,Male,Routine Medical Consultation,Clinic,Dr. Camille Tan,Check-up
2024-12-22,Adult,Male,Upper Respiratory Infection,Clinic,Dr. Ana Lopez,Check-up
2024-12-22,Adult,Male,Urinary Tract Infection,Clinic,Dr. Paolo Rivera,Check-up
2024-12-23,Child,Male,APTT,Laboratory,"Joanna Lim, RMT",Laboratory
2024-12-23,Adult,Female,Antigen Swab Test,Laboratory,"Angela Reyes, RMT",Laboratory
2024-12-23,Child,Male,Gastritis,Clinic,Dr. Elena Bautista,Check-up
2024-12-23,Adult,Female,Potassium (K),Laboratory,"Angela Reyes, RMT",Laboratory
2024-12-23,Adult,Male,Shoulder AP/LAT,Radiology,Dr. Andrea Sy,Imaging
2024-12-23,Adult,Female,Urinary Tract Infection,Clinic,Dr. Camille Tan,Check-up
2024-12-24,Adult,Male,ApicoLordotic View,Radiology,Dr. Sofia Mercado,Imaging
2024-12-24,Adult,Female,Flu Vaccine,Clinic,Dr. Ana Lopez,Vaccination
2024-12-24,Adult,Male,Rib Cage,Radiology,Dr. Henry Ong,Imaging
2024-12-24,Adult,Female,T4,Laboratory,"Rafael Torres, RMT",Laboratory
2024-12-24,Adult,Female,Upper Respiratory Infection,Clinic,Dr. Paolo Rivera,Check-up
2024-12-25,Adult,Male,Gastritis,Clinic,Dr. Victor Manuel,Check-up
2024-12-25,Senior,Female,Hypertension Monitoring,Clinic,Dr. Elena Bautista,Check-up
2024-12-25,Adult,Male,Magnesium,Laboratory,"Carlo Navarro, RMT",Laboratory
2024-12-25,Adult,Male,Routine Medical Consultation,Clinic,Dr. Paolo Rivera,Check-up
2024-12-26,Adult,Female,"Bilirubin (B1, B2)",Laboratory,"Carlo Navarro, RMT",Laboratory
2024-12-26,Child,Female,Glucose,Laboratory,"Joanna Lim, RMT",Laboratory
2024-12-26,Child,Male,Pregnancy Test (Urine),Laboratory,"Joanna Lim, RMT",Laboratory
2024-12-26,Child,Female,Pregnancy Test (Urine),Laboratory,"Mark Villanueva, RMT",Laboratory
2024-12-26,Adult,Female,Prolactin,Laboratory,"Mark Villanueva, RMT",Laboratory
2024-12-26,Child,Male,Urinary Tract Infection,Clinic,Dr. Camille Tan,Check-up
2024-12-27,Adult,Male,Anti-HBe,Laboratory,"Mark Villanueva, RMT",Laboratory
2024-12-27,Senior,Female,Bloodtype and RH Typing,Laboratory,"Rafael Torres, RMT",Laboratory
2024-12-27,Senior,Male,Dengue Duo IgM/IgG,Laboratory,"Joanna Lim, RMT",Laboratory
2024-12-27,Adult,Female,Dermatitis and Allergy,Clinic,Dr. Ana Lopez,Check-up
2024-12-27,Child,Male,Potassium (K),Laboratory,"Mark Villanueva, RMT",Laboratory
2024-12-27,Adult,Male,VDRL/Syphilis Screening,Laboratory,"Carlo Navarro, RMT",Laboratory
2024-12-28,Adult,Female,Abdominal Aorta,Radiology,Dr. Andrea Sy,Imaging
2024-12-28,Adult,Female,Asthma Monitoring,Clinic,Dr. Victor Manuel,Check-up
2024-12-28,Adult,Male,Blood Uric Acid,Laboratory,"Mark Villanueva, RMT",Laboratory
2024-12-28,Adult,Female,Dermatitis and Allergy,Clinic,Dr. Ana Lopez,Check-up
2024-12-28,Adult,Male,Hypertension Monitoring,Clinic,Dr. Elena Bautista,Check-up
2024-12-28,Adult,Male,Knee Joint AP/LAT,Radiology,Dr. Sofia Mercado,Imaging
2024-12-28,Adult,Male,Preventive Health Check-up,Clinic,Dr. Paolo Rivera,Check-up
2024-12-28,Senior,Male,Thyroid,Radiology,Dr. Andrea Sy,Imaging
2024-12-29,Child,Male,Blood Cs (1 site),Laboratory,"Patricia Mendoza, RMT",Laboratory
2024-12-29,Adult,Female,Diabetes Mellitus Monitoring,Clinic,Dr. Elena Bautista,Check-up
2024-12-29,Adult,Male,Headache,Clinic,Dr. Ana Lopez,Check-up
2024-12-29,Adult,Female,Hypertension Monitoring,Clinic,Dr. Elena Bautista,Check-up
2024-12-29,Adult,Male,Hypertension Monitoring,Clinic,Dr. Elena Bautista,Check-up
2024-12-29,Adult,Male,Malarial Smear,Laboratory,"Angela Reyes, RMT",Laboratory
2024-12-29,Child,Male,Paps Smear (7 days),Laboratory,"Mark Villanueva, RMT",Laboratory
2024-12-29,Child,Male,Troponin I Qualitive,Laboratory,"Angela Reyes, RMT",Laboratory
2024-12-30,Child,Male,Abdominal Pain,Clinic,Dr. Victor Manuel,Check-up
2024-12-30,Adult,Male,Abdominal Pain,Clinic,Dr. Victor Manuel,Check-up
2024-12-30,Adult,Male,Asthma Monitoring,Clinic,Dr. Elena Bautista,Check-up
2024-12-30,Adult,Female,FSH,Laboratory,"Patricia Mendoza, RMT",Laboratory
2024-12-30,Adult,Male,Headache,Clinic,Dr. Miguel Fernandez,Check-up
2024-12-30,Child,Male,Online Doctor Consultation,Clinic,Dr. Paolo Rivera,Check-up
2024-12-30,Child,Male,Preventive Health Check-up,Clinic,Dr. Paolo Rivera,Check-up
2024-12-30,Adult,Female,Upper Respiratory Infection,Clinic,Dr. Paolo Rivera,Check-up
2024-12-30,Adult,Male,Whole Abdomen,Radiology,Dr. Andrea Sy,Imaging
2024-12-31,Child,Female,Asthma Monitoring,Clinic,Dr. Elena Bautista,Check-up
2024-12-31,Child,Female,Body Fluid LDH,Laboratory,"Angela Reyes, RMT",Laboratory
2024-12-31,Adult,Male,Cholesterol,Laboratory,"Patricia Mendoza, RMT",Laboratory
2024-12-31,Adult,Female,D-DIMER Test,Laboratory,"Joanna Lim, RMT",Laboratory
2024-12-31,Adult,Male,Diabetes Mellitus Monitoring,Clinic,Dr. Victor Manuel,Check-up
2024-12-31,Adult,Male,Gastritis,Clinic,Dr. Victor Manuel,Check-up
2024-12-31,Adult,Male,Headache,Clinic,Dr. Camille Tan,Check-up
2024-12-31,Adult,Male,Hypertension Monitoring,Clinic,Dr. Elena Bautista,Check-up
2024-12-31,Adult,Female,Hypertension Monitoring,Clinic,Dr. Elena Bautista,Check-up
2024-12-31,Adult,Male,Pancreas,Radiology,Dr. Sofia Mercado,Imaging
2024-12-31,Adult,Male,Physical Exam,Clinic,Dr. Ana Lopez,Pre-Employment Checkup
2024-12-31,Adult,Female,Upper Respiratory Infection,Clinic,Dr. Ana Lopez,Check-up
2025-01-01,Adult,Female,Arm AP/L,Radiology,Dr. Andrea Sy,Imaging
2025-01-01,Senior,Male,Blood Urea Nitrogen,Laboratory,"Rafael Torres, RMT",Laboratory
2025-01-01,Child,Male,D-DIMER Test,Laboratory,"Mark Villanueva, RMT",Laboratory
2025-01-01,Adult,Male,Diabetes Mellitus Monitoring,Clinic,Dr. Victor Manuel,Check-up
2025-01-01,Adult,Male,Foot AP/L,Radiology,Dr. Andrea Sy,Imaging
2025-01-01,Adult,Female,Glucose,Laboratory,"Mark Villanueva, RMT",Laboratory
2025-01-01,Adult,Female,Prothrombin Time,Laboratory,"Angela Reyes, RMT",Laboratory
2025-01-01,Adult,Female,T4,Laboratory,"Carlo Navarro, RMT",Laboratory
2025-01-02,Adult,Female,2 Hours Post Prandial,Laboratory,"Patricia Mendoza, RMT",Laboratory
2025-01-02,Senior,Female,Anti-HBc IgM,Laboratory,"Joanna Lim, RMT",Laboratory
2025-01-02,Senior,Female,Body Fluid Analysis (Package),Laboratory,"Carlo Navarro, RMT",Laboratory
2025-01-02,Adult,Male,Carotid Duplex Scan,Radiology,Dr. Henry Ong,Imaging
2025-01-02,Adult,Female,Thoracic AP/LAT/OBLIQUE,Radiology,Dr. Sofia Mercado,Imaging
2025-01-03,Senior,Female,AFB Stain,Laboratory,"Carlo Navarro, RMT",Laboratory
2025-01-03,Adult,Male,Cortisol,Laboratory,"Rafael Torres, RMT",Laboratory
2025-01-03,Adult,Female,Hypertension Monitoring,Clinic,Dr. Victor Manuel,Check-up
2025-01-04,Adult,Male,GGTP,Laboratory,"Rafael Torres, RMT",Laboratory
2025-01-04,Child,Male,HBsAg Titer,Laboratory,"Carlo Navarro, RMT",Laboratory
2025-01-04,Adult,Female,HDL,Laboratory,"Mark Villanueva, RMT",Laboratory
2025-01-04,Adult,Male,Headache,Clinic,Dr. Camille Tan,Check-up
2025-01-04,Adult,Female,Hypertension Monitoring,Clinic,Dr. Victor Manuel,Check-up
2025-01-04,Adult,Male,MET (Shabu),Drug Testing,"Carlo Navarro, RMT",Drug Testing
2025-01-04,Senior,Male,Magnesium,Laboratory,"Angela Reyes, RMT",Laboratory
2025-01-04,Adult,Female,Online Doctor Consultation,Clinic,Dr. Paolo Rivera,Check-up
2025-01-04,Child,Male,Preventive Health Check-up,Clinic,Dr. Miguel Fernandez,Check-up
2025-01-04,Adult,Female,Total Protein,Laboratory,"Rafael Torres, RMT",Laboratory
2025-01-04,Adult,Male,Upper Respiratory Infection,Clinic,Dr. Paolo Rivera,Check-up
2025-01-04,Senior,Female,VFRL RPR Titer,Laboratory,"Angela Reyes, RMT",Laboratory
2025-01-05,Child,Female,CBC,Laboratory,"Rafael Torres, RMT",Laboratory
2025-01-05,Senior,Male,CRP,Laboratory,"Angela Reyes, RMT",Laboratory
2025-01-05,Adult,Female,Calcium (C),Laboratory,"Carlo Navarro, RMT",Laboratory
2025-01-05,Child,Female,D-DIMER Test,Laboratory,"Angela Reyes, RMT",Laboratory
2025-01-05,Senior,Male,Dermatitis and Allergy,Clinic,Dr. Ana Lopez,Check-up
2025-01-05,Adult,Female,HBA1C (edta),Laboratory,"Rafael Torres, RMT",Laboratory
2025-01-05,Child,Male,Headache,Clinic,Dr. Ana Lopez,Check-up
2025-01-05,Adult,Female,Hypertension Monitoring,Clinic,Dr. Victor Manuel,Check-up
2025-01-05,Child,Male,Inorganic Phosphorus (IPO4),Laboratory,"Joanna Lim, RMT",Laboratory
2025-01-05,Adult,Female,Protein,Laboratory,"Carlo Navarro, RMT",Laboratory
2025-01-05,Child,Female,Urinalysis,Laboratory,"Joanna Lim, RMT",Laboratory
2025-01-06,Adult,Female,Hypertension Monitoring,Clinic,Dr. Victor Manuel,Check-up
2025-01-06,Adult,Female,OGCT,Laboratory,"Rafael Torres, RMT",Laboratory
2025-01-06,Senior,Female,Pelvis Hip,Radiology,Dr. Andrea Sy,Imaging
2025-01-06,Child,Female,Preventive Health Check-up,Clinic,Dr. Ana Lopez,Check-up
2025-01-06,Senior,Female,Rubella IgG,Laboratory,"Mark Villanueva, RMT",Laboratory
2025-01-06,Adult,Male,Upper Respiratory Infection,Clinic,Dr. Paolo Rivera,Check-up
2025-01-06,Adult,Male,Urinary Tract Infection,Clinic,Dr. Camille Tan,Check-up
2025-01-07,Child,Female,Asthma Monitoring,Clinic,Dr. Victor Manuel,Check-up
2025-01-07,Adult,Female,Asthma Monitoring,Clinic,Dr. Elena Bautista,Check-up
2025-01-07,Adult,Male,CBC,Laboratory,"Mark Villanueva, RMT",Laboratory
2025-01-07,Adult,Male,Drug Test (Urine),Laboratory,"Rafael Torres, RMT",Laboratory
2025-01-07,Adult,Female,Fever,Clinic,Dr. Camille Tan,Check-up
2025-01-07,Adult,Male,"TPAG (Total Protein, Albumin, AG)",Laboratory,"Mark Villanueva, RMT",Laboratory
2025-01-07,Senior,Male,Troponin T Qualitive,Laboratory,"Patricia Mendoza, RMT",Laboratory
2025-01-08,Senior,Male,2D Echo: Plain with Doppler (Adult),Cardiology,Dr. Camille Tan,Cardiology
2025-01-08,Adult,Female,Asthma Monitoring,Clinic,Dr. Elena Bautista,Check-up
2025-01-08,Senior,Male,Dermatitis and Allergy,Clinic,Dr. Ana Lopez,Check-up
2025-01-08,Adult,Female,Gastritis,Clinic,Dr. Victor Manuel,Check-up
2025-01-08,Adult,Male,HCV Screening,Laboratory,"Rafael Torres, RMT",Laboratory
2025-01-08,Adult,Male,HSCRP,Laboratory,"Carlo Navarro, RMT",Laboratory
2025-01-08,Child,Male,Pleural/CSF Fluid Analysis,Laboratory,"Rafael Torres, RMT",Laboratory
2025-01-08,Senior,Female,Urinalysis 10P,Laboratory,"Patricia Mendoza, RMT",Laboratory
2025-01-09,Adult,Male,Anti-HBs,Laboratory,"Joanna Lim, RMT",Laboratory
2025-01-09,Adult,Female,Asthma Monitoring,Clinic,Dr. Elena Bautista,Check-up
2025-01-09,Senior,Male,Asthma Monitoring,Clinic,Dr. Victor Manuel,Check-up
2025-01-09,Adult,Female,Asthma Monitoring,Clinic,Dr. Victor Manuel,Check-up
2025-01-09,Adult,Male,Body Fluid LDH,Laboratory,"Carlo Navarro, RMT",Laboratory
2025-01-09,Adult,Female,Diabetes Mellitus Monitoring,Clinic,Dr. Victor Manuel,Check-up
2025-01-09,Adult,Male,HBsAg Screening,Laboratory,"Carlo Navarro, RMT",Laboratory
2025-01-09,Child,Male,Headache,Clinic,Dr. Miguel Fernandez,Check-up
2025-01-09,Adult,Female,"OGCT Non-Pregnant (100g, 75g)",Laboratory,"Rafael Torres, RMT",Laboratory
2025-01-09,Child,Male,PRO-BNP/NT Pro-BNP(each),Laboratory,"Mark Villanueva, RMT",Laboratory
2025-01-09,Adult,Male,Progesterone,Laboratory,"Rafael Torres, RMT",Laboratory
2025-01-09,Adult,Female,RT-PCR 4-6HRS,Laboratory,"Patricia Mendoza, RMT",Laboratory
2025-01-09,Adult,Female,Upper Respiratory Infection,Clinic,Dr. Camille Tan,Check-up
2025-01-09,Adult,Male,Urinary Tract Infection,Clinic,Dr. Miguel Fernandez,Check-up
2025-01-10,Adult,Female,CRP Qualitative,Laboratory,"Mark Villanueva, RMT",Laboratory
2025-01-10,Adult,Female,Gastritis,Clinic,Dr. Victor Manuel,Check-up
2025-01-10,Adult,Female,Hypertension Monitoring,Clinic,Dr. Victor Manuel,Check-up
2025-01-10,Adult,Female,Neck,Radiology,Dr. Sofia Mercado,Imaging
2025-01-10,Adult,Female,Routine Medical Consultation,Clinic,Dr. Ana Lopez,Check-up
2025-01-10,Child,Female,Routine Medical Consultation,Clinic,Dr. Camille Tan,Check-up
2025-01-10,Child,Female,Upper Respiratory Infection,Clinic,Dr. Ana Lopez,Check-up
2025-01-11,Adult,Female,"Bilirubin (B1, B2)",Laboratory,"Angela Reyes, RMT",Laboratory
2025-01-11,Adult,Male,Glucose,Laboratory,"Angela Reyes, RMT",Laboratory
2025-01-11,Child,Female,HCV-Genotyping,Laboratory,"Patricia Mendoza, RMT",Laboratory
2025-01-11,Senior,Female,Hypertension Monitoring,Clinic,Dr. Elena Bautista,Check-up
2025-01-11,Adult,Female,Preventive Health Check-up,Clinic,Dr. Paolo Rivera,Check-up
2025-01-11,Senior,Male,Routine Medical Consultation,Clinic,Dr. Ana Lopez,Check-up
2025-01-11,Adult,Female,Sodium (Na),Laboratory,"Angela Reyes, RMT",Laboratory
2025-01-11,Senior,Male,Typhil Dot,Laboratory,"Angela Reyes, RMT",Laboratory
2025-01-12,Child,Male,Coombs Test,Laboratory,"Mark Villanueva, RMT",Laboratory
2025-01-12,Senior,Female,Diabetes Mellitus Monitoring,Clinic,Dr. Victor Manuel,Check-up
2025-01-12,Adult,Male,Diabetes Mellitus Monitoring,Clinic,Dr. Elena Bautista,Check-up
2025-01-12,Senior,Female,Gastritis,Clinic,Dr. Elena Bautista,Check-up
2025-01-12,Adult,Male,HCV Screening,Laboratory,"Angela Reyes, RMT",Laboratory
2025-01-12,Adult,Female,HCV Screening,Laboratory,"Rafael Torres, RMT",Laboratory
2025-01-12,Senior,Male,Lower Abdomen,Radiology,Dr. Andrea Sy,Imaging
2025-01-12,Adult,Male,Protein,Laboratory,"Rafael Torres, RMT",Laboratory
2025-01-12,Adult,Male,Total Protein,Laboratory,"Joanna Lim, RMT",Laboratory
2025-01-13,Adult,Male,Abdominal Pain,Clinic,Dr. Victor Manuel,Check-up
2025-01-13,Child,Female,CBC,Laboratory,"Angela Reyes, RMT",Laboratory
2025-01-13,Adult,Male,Cholesterol,Laboratory,"Patricia Mendoza, RMT",Laboratory
2025-01-13,Child,Female,Cholesterol,Laboratory,"Patricia Mendoza, RMT",Laboratory
2025-01-13,Adult,Male,Diabetes Mellitus Monitoring,Clinic,Dr. Elena Bautista,Check-up
2025-01-13,Adult,Male,Gastritis,Clinic,Dr. Victor Manuel,Check-up
2025-01-13,Adult,Female,HIV (Screening),Laboratory,"Joanna Lim, RMT",Laboratory
2025-01-13,Senior,Female,Hypertension Monitoring,Clinic,Dr. Elena Bautista,Check-up
2025-01-14,Adult,Male,ANA Screening,Laboratory,"Patricia Mendoza, RMT",Laboratory
2025-01-14,Adult,Female,Bicarbonate,Laboratory,"Patricia Mendoza, RMT",Laboratory
2025-01-14,Adult,Female,Dengue Duo IgM/IgG,Laboratory,"Mark Villanueva, RMT",Laboratory
2025-01-14,Senior,Female,Diabetes Mellitus Monitoring,Clinic,Dr. Victor Manuel,Check-up
2025-01-14,Adult,Female,ESR,Laboratory,"Joanna Lim, RMT",Laboratory
2025-01-14,Adult,Female,Fever,Clinic,Dr. Miguel Fernandez,Check-up
2025-01-14,Senior,Male,Gastritis,Clinic,Dr. Victor Manuel,Check-up
2025-01-14,Adult,Female,Gram Stain,Laboratory,"Mark Villanueva, RMT",Laboratory
2025-01-14,Adult,Male,HSCRP,Laboratory,"Carlo Navarro, RMT",Laboratory
2025-01-14,Adult,Female,Headache,Clinic,Dr. Paolo Rivera,Check-up
2025-01-14,Adult,Male,Magnesium,Laboratory,"Mark Villanueva, RMT",Laboratory
2025-01-14,Adult,Female,Potassium (K),Laboratory,"Carlo Navarro, RMT",Laboratory
2025-01-14,Adult,Female,Routine Medical Consultation,Clinic,Dr. Ana Lopez,Check-up
2025-01-14,Adult,Female,Upper Respiratory Infection,Clinic,Dr. Paolo Rivera,Check-up
2025-01-14,Adult,Male,Upper Respiratory Infection,Clinic,Dr. Miguel Fernandez,Check-up
2025-01-15,Adult,Male,AFB Stain,Laboratory,"Carlo Navarro, RMT",Laboratory
2025-01-15,Adult,Female,Hypertension Monitoring,Clinic,Dr. Victor Manuel,Check-up
2025-01-15,Adult,Female,Magnesium,Laboratory,"Patricia Mendoza, RMT",Laboratory
2025-01-15,Adult,Male,Routine Medical Consultation,Clinic,Dr. Miguel Fernandez,Check-up
2025-01-16,Senior,Male,Asthma Monitoring,Clinic,Dr. Elena Bautista,Check-up
2025-01-16,Adult,Female,Diabetes Mellitus Monitoring,Clinic,Dr. Victor Manuel,Check-up
2025-01-16,Senior,Female,Gastritis,Clinic,Dr. Victor Manuel,Check-up
2025-01-16,Senior,Female,Hypertension Monitoring,Clinic,Dr. Victor Manuel,Check-up
2025-01-16,Adult,Male,Lower Abdomen,Radiology,Dr. Henry Ong,Imaging
2025-01-16,Adult,Male,Upper Respiratory Infection,Clinic,Dr. Miguel Fernandez,Check-up
2025-01-16,Adult,Female,Upper Respiratory Infection,Clinic,Dr. Miguel Fernandez,Check-up
2025-01-16,Child,Female,Upper Respiratory Infection,Clinic,Dr. Miguel Fernandez,Check-up
2025-01-16,Adult,Male,Urinary Tract Infection,Clinic,Dr. Camille Tan,Check-up
2025-01-17,Child,Male,ANA Titer,Laboratory,"Rafael Torres, RMT",Laboratory
2025-01-17,Adult,Male,Bicarbonate,Laboratory,"Joanna Lim, RMT",Laboratory
2025-01-17,Adult,Female,Dermatitis and Allergy,Clinic,Dr. Camille Tan,Check-up
2025-01-17,Adult,Female,Gram Stain,Laboratory,"Rafael Torres, RMT",Laboratory
2025-01-17,Adult,Female,Headache,Clinic,Dr. Miguel Fernandez,Check-up
2025-01-17,Adult,Male,Hypertension Monitoring,Clinic,Dr. Victor Manuel,Check-up
2025-01-17,Adult,Male,Upper Respiratory Infection,Clinic,Dr. Camille Tan,Check-up
2025-01-18,Adult,Female,Fecal Occult Blood,Laboratory,"Angela Reyes, RMT",Laboratory
2025-01-18,Adult,Male,Gastritis,Clinic,Dr. Victor Manuel,Check-up
2025-01-18,Adult,Male,HBA1C (edta),Laboratory,"Rafael Torres, RMT",Laboratory
2025-01-18,Adult,Male,Paranasal Sinus,Radiology,Dr. Sofia Mercado,Imaging
2025-01-18,Adult,Male,Routine Medical Consultation,Clinic,Dr. Paolo Rivera,Check-up
2025-01-18,Adult,Male,TT4 (Toal Thyroxine),Laboratory,"Joanna Lim, RMT",Laboratory
2025-01-19,Adult,Female,Blood Cs (2 site),Laboratory,"Joanna Lim, RMT",Laboratory
2025-01-19,Senior,Male,Diabetes Mellitus Monitoring,Clinic,Dr. Elena Bautista,Check-up
2025-01-19,Senior,Female,Fecalysis,Laboratory,"Patricia Mendoza, RMT",Laboratory
2025-01-19,Adult,Female,Foot AP/OBLIQUE/Lateral,Radiology,Dr. Henry Ong,Imaging
2025-01-19,Adult,Female,Gastritis,Clinic,Dr. Elena Bautista,Check-up
2025-01-19,Adult,Male,Hypertension Monitoring,Clinic,Dr. Victor Manuel,Check-up
2025-01-19,Adult,Male,Sperm Analysis WHO,Laboratory,"Joanna Lim, RMT",Laboratory
2025-01-19,Adult,Female,Urine C/S,Laboratory,"Carlo Navarro, RMT",Laboratory
2025-01-20,Adult,Female,Asthma Monitoring,Clinic,Dr. Elena Bautista,Check-up
2025-01-20,Adult,Female,Dermatitis and Allergy,Clinic,Dr. Paolo Rivera,Check-up
2025-01-20,Adult,Female,Diabetes Mellitus Monitoring,Clinic,Dr. Elena Bautista,Check-up
2025-01-20,Adult,Male,Foot AP/L,Radiology,Dr. Henry Ong,Imaging
2025-01-20,Senior,Female,Hypertension Monitoring,Clinic,Dr. Victor Manuel,Check-up
2025-01-20,Senior,Male,Liver & Pancreas,Radiology,Dr. Sofia Mercado,Imaging
2025-01-20,Adult,Female,MET (Shabu),Drug Testing,"Mark Villanueva, RMT",Drug Testing
2025-01-20,Adult,Male,Routine Medical Consultation,Clinic,Dr. Ana Lopez,Check-up
2025-01-20,Senior,Male,TT4 (Toal Thyroxine),Laboratory,"Carlo Navarro, RMT",Laboratory
2025-01-20,Adult,Female,Urinary Tract Infection,Clinic,Dr. Ana Lopez,Check-up
2025-01-21,Adult,Male,15L-ECG,Cardiology,Dr. Camille Tan,Cardiology
2025-01-21,Child,Female,Calcium (C),Laboratory,"Joanna Lim, RMT",Laboratory
2025-01-21,Senior,Male,Gallbladder,Radiology,Dr. Henry Ong,Imaging
2025-01-21,Adult,Female,H. Pylori Stool,Laboratory,"Carlo Navarro, RMT",Laboratory
2025-01-21,Child,Male,"OGCT Pregnant (100g, 75g)",Laboratory,"Patricia Mendoza, RMT",Laboratory
2025-01-21,Child,Male,Potassium (K),Laboratory,"Carlo Navarro, RMT",Laboratory
2025-01-21,Adult,Male,Routine Medical Consultation,Clinic,Dr. Paolo Rivera,Check-up
2025-01-22,Child,Female,Albumin (Protein) Creatinine Ratio,Laboratory,"Carlo Navarro, RMT",Laboratory
2025-01-22,Adult,Male,Asthma Monitoring,Clinic,Dr. Victor Manuel,Check-up
2025-01-22,Senior,Female,FBS,Laboratory,"Patricia Mendoza, RMT",Laboratory
2025-01-22,Senior,Female,Fever,Clinic,Dr. Miguel Fernandez,Check-up
2025-01-22,Adult,Female,Headache,Clinic,Dr. Ana Lopez,Check-up
2025-01-22,Adult,Female,Routine Medical Consultation,Clinic,Dr. Camille Tan,Check-up
2025-01-22,Child,Female,Upper Respiratory Infection,Clinic,Dr. Miguel Fernandez,Check-up
2025-01-23,Adult,Male,2D Echo (Plain),Cardiology,Dr. Miguel Fernandez,Cardiology
2025-01-23,Adult,Male,Abdominal Pain,Clinic,Dr. Victor Manuel,Check-up
2025-01-23,Adult,Female,Asthma Monitoring,Clinic,Dr. Victor Manuel,Check-up
2025-01-23,Child,Female,Asthma Monitoring,Clinic,Dr. Elena Bautista,Check-up
2025-01-23,Child,Male,Drug Test (Urine),Laboratory,"Rafael Torres, RMT",Laboratory
2025-01-23,Adult,Male,Gastritis,Clinic,Dr. Victor Manuel,Check-up
2025-01-23,Adult,Female,HCV Screening,Laboratory,"Angela Reyes, RMT",Laboratory
2025-01-23,Child,Female,Headache,Clinic,Dr. Ana Lopez,Check-up
2025-01-23,Adult,Female,Upper Respiratory Infection,Clinic,Dr. Paolo Rivera,Check-up
2025-01-24,Adult,Female,Abdominal Pain,Clinic,Dr. Victor Manuel,Check-up
2025-01-24,Adult,Male,Asthma Monitoring,Clinic,Dr. Elena Bautista,Check-up
2025-01-24,Adult,Male,D-DIMER Test,Laboratory,"Rafael Torres, RMT",Laboratory
2025-01-24,Child,Male,FT3,Laboratory,"Joanna Lim, RMT",Laboratory
2025-01-24,Adult,Female,Gastritis,Clinic,Dr. Elena Bautista,Check-up
2025-01-24,Adult,Male,Hepa A&B profile,Laboratory,"Angela Reyes, RMT",Laboratory
2025-01-24,Adult,Male,Hypertension Monitoring,Clinic,Dr. Elena Bautista,Check-up
2025-01-24,Adult,Male,Hypertension Monitoring,Clinic,Dr. Victor Manuel,Check-up
2025-01-24,Adult,Male,Pregnancy Test (Serum),Laboratory,"Angela Reyes, RMT",Laboratory
2025-01-24,Senior,Male,Preventive Health Check-up,Clinic,Dr. Camille Tan,Check-up
2025-01-24,Child,Female,Routine Medical Consultation,Clinic,Dr. Miguel Fernandez,Check-up
2025-01-24,Adult,Male,Upper Respiratory Infection,Clinic,Dr. Ana Lopez,Check-up
2025-01-24,Adult,Male,Upper Respiratory Infection,Clinic,Dr. Paolo Rivera,Check-up
2025-01-25,Adult,Female,Asthma Monitoring,Clinic,Dr. Victor Manuel,Check-up
2025-01-25,Senior,Female,Dermatitis and Allergy,Clinic,Dr. Paolo Rivera,Check-up
2025-01-25,Adult,Male,Diabetes Mellitus Monitoring,Clinic,Dr. Elena Bautista,Check-up
2025-01-25,Child,Female,GGTP,Laboratory,"Carlo Navarro, RMT",Laboratory
2025-01-25,Adult,Male,HBsAg Screening,Laboratory,"Joanna Lim, RMT",Laboratory
2025-01-25,Child,Female,Potassium (K),Laboratory,"Angela Reyes, RMT",Laboratory
2025-01-25,Adult,Female,Sodium (Na),Laboratory,"Patricia Mendoza, RMT",Laboratory
2025-01-25,Adult,Male,Sodium (Na),Laboratory,"Rafael Torres, RMT",Laboratory
2025-01-25,Adult,Female,Upper Respiratory Infection,Clinic,Dr. Paolo Rivera,Check-up
2025-01-25,Adult,Female,Urinary Tract Infection,Clinic,Dr. Miguel Fernandez,Check-up
2025-01-25,Adult,Female,VFRL RPR Titer,Laboratory,"Carlo Navarro, RMT",Laboratory
2025-01-26,Senior,Male,2D Echo (Plain),Cardiology,Dr. Paolo Rivera,Cardiology
2025-01-26,Adult,Male,ASO Screening,Laboratory,"Patricia Mendoza, RMT",Laboratory
2025-01-26,Adult,Female,Dermatitis and Allergy,Clinic,Dr. Camille Tan,Check-up
2025-01-26,Adult,Male,Face to Face Doctor Consultation,Clinic,Dr. Paolo Rivera,Check-up
2025-01-26,Adult,Male,Hypertension Monitoring,Clinic,Dr. Victor Manuel,Check-up
2025-01-26,Adult,Female,Upper Respiratory Infection,Clinic,Dr. Camille Tan,Check-up
2025-01-27,Adult,Female,Albumin,Laboratory,"Joanna Lim, RMT",Laboratory
2025-01-27,Adult,Male,Diabetes Mellitus Monitoring,Clinic,Dr. Elena Bautista,Check-up
2025-01-27,Senior,Male,Diabetes Mellitus Monitoring,Clinic,Dr. Victor Manuel,Check-up
2025-01-27,Adult,Male,Fever,Clinic,Dr. Camille Tan,Check-up
2025-01-27,Adult,Male,LH,Laboratory,"Rafael Torres, RMT",Laboratory
2025-01-27,Adult,Male,Online Doctor Consultation,Clinic,Dr. Miguel Fernandez,Check-up
2025-01-27,Adult,Female,Progesterone,Laboratory,"Mark Villanueva, RMT",Laboratory
2025-01-27,Senior,Female,Upper Respiratory Infection,Clinic,Dr. Paolo Rivera,Check-up
2025-01-28,Adult,Male,Abdominal Pain,Clinic,Dr. Victor Manuel,Check-up
2025-01-28,Adult,Male,Asthma Monitoring,Clinic,Dr. Victor Manuel,Check-up
2025-01-28,Adult,Female,Dermatitis and Allergy,Clinic,Dr. Camille Tan,Check-up
2025-01-28,Adult,Female,Dermatitis and Allergy,Clinic,Dr. Ana Lopez,Check-up
2025-01-28,Adult,Female,Hypertension Monitoring,Clinic,Dr. Victor Manuel,Check-up
2025-01-28,Adult,Female,Troponin T Qualitive,Laboratory,"Mark Villanueva, RMT",Laboratory
2025-01-29,Adult,Male,Abdominal Pain,Clinic,Dr. Victor Manuel,Check-up
2025-01-29,Senior,Female,Abdominal Pain,Clinic,Dr. Elena Bautista,Check-up
2025-01-29,Senior,Male,Chest (Need CXR PA),Radiology,Dr. Andrea Sy,Imaging
2025-01-29,Senior,Female,Fever,Clinic,Dr. Miguel Fernandez,Check-up
2025-01-29,Adult,Female,Gastritis,Clinic,Dr. Victor Manuel,Check-up
2025-01-29,Senior,Male,TPHA Screening,Laboratory,"Rafael Torres, RMT",Laboratory
2025-01-30,Adult,Male,Asthma Monitoring,Clinic,Dr. Elena Bautista,Check-up
2025-01-30,Adult,Male,CBC,Clinic,Dr. Paolo Rivera,Pre-Employment Checkup
2025-01-30,Child,Female,Dermatitis and Allergy,Clinic,Dr. Paolo Rivera,Check-up
2025-01-30,Senior,Female,Hypertension Monitoring,Clinic,Dr. Victor Manuel,Check-up
2025-01-30,Senior,Female,Serum LDH,Laboratory,"Carlo Navarro, RMT",Laboratory
2025-01-30,Adult,Male,Testosterone,Laboratory,"Joanna Lim, RMT",Laboratory
2025-01-30,Child,Male,Urinalysis & Fecalysis,Annual Physical Examination,Dr. Paolo Rivera,Annual Physical Examination
2025-01-31,Adult,Female,ANA Titer,Laboratory,"Angela Reyes, RMT",Laboratory
2025-01-31,Senior,Male,Chloride (CI),Laboratory,"Mark Villanueva, RMT",Laboratory
2025-01-31,Adult,Male,Hypertension Monitoring,Clinic,Dr. Elena Bautista,Check-up
2025-01-31,Child,Male,OGCT,Laboratory,"Carlo Navarro, RMT",Laboratory
2025-01-31,Adult,Male,Preventive Health Check-up,Clinic,Dr. Camille Tan,Check-up
2025-01-31,Senior,Male,Skull AP/LAT,Radiology,Dr. Andrea Sy,Imaging
2025-01-31,Senior,Male,Sodium (Na),Laboratory,"Joanna Lim, RMT",Laboratory
2025-02-01,Adult,Female,Anti-HAV IgM,Laboratory,"Mark Villanueva, RMT",Laboratory
2025-02-01,Adult,Female,CBC,Clinic,Dr. Camille Tan,Pre-Employment Checkup
2025-02-01,Adult,Male,Dermatitis and Allergy,Clinic,Dr. Ana Lopez,Check-up
2025-02-01,Adult,Female,Fever,Clinic,Dr. Ana Lopez,Check-up
2025-02-01,Adult,Female,Headache,Clinic,Dr. Miguel Fernandez,Check-up
2025-02-01,Adult,Male,Magnesium,Laboratory,"Angela Reyes, RMT",Laboratory
2025-02-01,Senior,Male,Pregnancy Test (Urine),Laboratory,"Joanna Lim, RMT",Laboratory
2025-02-01,Child,Female,Routine Medical Consultation,Clinic,Dr. Ana Lopez,Check-up
2025-02-01,Adult,Female,Upper Respiratory Infection,Clinic,Dr. Ana Lopez,Check-up
2025-02-01,Adult,Male,Upper Respiratory Infection,Clinic,Dr. Ana Lopez,Check-up
2025-02-02,Adult,Male,Anti-HAV Screening,Laboratory,"Joanna Lim, RMT",Laboratory
2025-02-02,Adult,Male,Anti-HBc IgG,Laboratory,"Patricia Mendoza, RMT",Laboratory
2025-02-02,Adult,Female,Arterial & Venous Duplex Lower Extremities Scan (by appointment),Radiology,Dr. Henry Ong,Imaging
2025-02-02,Adult,Male,Chloride (C),Laboratory,"Carlo Navarro, RMT",Laboratory
2025-02-02,Child,Male,Fit Stool Test,Laboratory,"Angela Reyes, RMT",Laboratory
2025-02-02,Adult,Male,Glucose,Laboratory,"Rafael Torres, RMT",Laboratory
2025-02-02,Adult,Female,"Hepa A,B,C",Laboratory,"Patricia Mendoza, RMT",Laboratory
2025-02-02,Adult,Male,Immunology/Serology,Laboratory,"Rafael Torres, RMT",Laboratory
2025-02-02,Adult,Male,Prolactin,Laboratory,"Mark Villanueva, RMT",Laboratory
2025-02-02,Adult,Male,Sperm Analysis WHO,Laboratory,"Joanna Lim, RMT",Laboratory
2025-02-03,Adult,Female,Blood Cs with ARD (2 site),Laboratory,"Patricia Mendoza, RMT",Laboratory
2025-02-03,Adult,Male,FT3 RIA,Laboratory,"Carlo Navarro, RMT",Laboratory
2025-02-03,Child,Male,GGTP,Laboratory,"Mark Villanueva, RMT",Laboratory
2025-02-03,Adult,Female,Gastritis,Clinic,Dr. Victor Manuel,Check-up
2025-02-03,Child,Male,H. Pylori Igm (Quali)-serum,Laboratory,"Rafael Torres, RMT",Laboratory
2025-02-03,Adult,Male,Hypertension Monitoring,Clinic,Dr. Elena Bautista,Check-up
2025-02-03,Senior,Male,Hypertension Monitoring,Clinic,Dr. Elena Bautista,Check-up
2025-02-03,Adult,Female,Pregnancy Test (Serum),Laboratory,"Patricia Mendoza, RMT",Laboratory
2025-02-03,Senior,Female,Upper Respiratory Infection,Clinic,Dr. Camille Tan,Check-up
2025-02-03,Adult,Male,Upper Respiratory Infection,Clinic,Dr. Miguel Fernandez,Check-up
2025-02-04,Adult,Male,Anti-HBe,Laboratory,"Mark Villanueva, RMT",Laboratory
2025-02-04,Adult,Female,Clotting Time,Laboratory,"Mark Villanueva, RMT",Laboratory
2025-02-04,Child,Male,DTAP Vaccine (pedia),Clinic,Dr. Ana Lopez,Vaccination
2025-02-04,Adult,Female,EBV Igg,Laboratory,"Angela Reyes, RMT",Laboratory
2025-02-04,Child,Male,Gastritis,Clinic,Dr. Victor Manuel,Check-up
2025-02-04,Child,Female,Gastritis,Clinic,Dr. Victor Manuel,Check-up
2025-02-04,Adult,Male,Hypertension Monitoring,Clinic,Dr. Victor Manuel,Check-up
2025-02-04,Adult,Female,KOH,Laboratory,"Rafael Torres, RMT",Laboratory
2025-02-04,Adult,Female,Peripheral Blood Smear ( 7 Days),Laboratory,"Joanna Lim, RMT",Laboratory
2025-02-04,Senior,Female,Upper Respiratory Infection,Clinic,Dr. Paolo Rivera,Check-up
2025-02-05,Adult,Female,Potassium (K),Laboratory,"Rafael Torres, RMT",Laboratory
2025-02-05,Senior,Male,Preventive Health Check-up,Clinic,Dr. Miguel Fernandez,Check-up
2025-02-05,Adult,Female,Preventive Health Check-up,Clinic,Dr. Ana Lopez,Check-up
2025-02-05,Adult,Female,Routine Medical Consultation,Clinic,Dr. Ana Lopez,Check-up
2025-02-05,Adult,Female,Rubella IgG,Laboratory,"Mark Villanueva, RMT",Laboratory
2025-02-05,Adult,Female,TSH,Laboratory,"Joanna Lim, RMT",Laboratory
2025-02-05,Adult,Male,Upper Respiratory Infection,Clinic,Dr. Ana Lopez,Check-up
2025-02-06,Child,Male,Calcium (C),Laboratory,"Patricia Mendoza, RMT",Laboratory
2025-02-06,Senior,Male,Diabetes Mellitus Monitoring,Clinic,Dr. Elena Bautista,Check-up
2025-02-06,Adult,Male,Gastritis,Clinic,Dr. Victor Manuel,Check-up
2025-02-06,Child,Male,HBA1C (edta),Laboratory,"Carlo Navarro, RMT",Laboratory
2025-02-06,Senior,Female,HBC-DNA,Laboratory,"Angela Reyes, RMT",Laboratory
2025-02-06,Adult,Male,Headache,Clinic,Dr. Paolo Rivera,Check-up
2025-02-06,Senior,Male,Hypertension Monitoring,Clinic,Dr. Victor Manuel,Check-up
2025-02-06,Adult,Female,Preventive Health Check-up,Clinic,Dr. Ana Lopez,Check-up
2025-02-06,Adult,Female,RBC Morphology (Urine),Laboratory,"Mark Villanueva, RMT",Laboratory
2025-02-06,Adult,Female,Sodium (Na),Laboratory,"Angela Reyes, RMT",Laboratory
2025-02-06,Adult,Male,TT4 (Toal Thyroxine),Laboratory,"Rafael Torres, RMT",Laboratory
2025-02-06,Adult,Female,Troponin T Qualitive,Laboratory,"Mark Villanueva, RMT",Laboratory
2025-02-06,Adult,Male,Upper Respiratory Infection,Clinic,Dr. Miguel Fernandez,Check-up
2025-02-06,Adult,Female,Urinary Tract Infection,Clinic,Dr. Miguel Fernandez,Check-up
2025-02-07,Adult,Female,Anti-HBc Total,Laboratory,"Joanna Lim, RMT",Laboratory
2025-02-07,Adult,Female,Cholesterol,Laboratory,"Angela Reyes, RMT",Laboratory
2025-02-07,Adult,Female,Cholesterol,Laboratory,"Joanna Lim, RMT",Laboratory
2025-02-07,Senior,Female,Hypertension Monitoring,Clinic,Dr. Victor Manuel,Check-up
2025-02-07,Adult,Male,KUB,Radiology,Dr. Sofia Mercado,Imaging
2025-02-07,Adult,Male,RT-PCR 4-6HRS,Laboratory,"Carlo Navarro, RMT",Laboratory
2025-02-07,Child,Male,Upper Respiratory Infection,Clinic,Dr. Paolo Rivera,Check-up
2025-02-07,Adult,Female,Upper and lower extremities,Radiology,Dr. Henry Ong,Imaging
2025-02-08,Adult,Male,Clinical Microscopy,Laboratory,"Joanna Lim, RMT",Laboratory
2025-02-08,Adult,Male,Diabetes Mellitus Monitoring,Clinic,Dr. Elena Bautista,Check-up
2025-02-08,Senior,Male,ECG,Cardiology,Dr. Camille Tan,Cardiology
2025-02-08,Adult,Female,Fever,Clinic,Dr. Miguel Fernandez,Check-up
2025-02-08,Adult,Female,Fever,Clinic,Dr. Camille Tan,Check-up
2025-02-08,Senior,Female,Gastritis,Clinic,Dr. Elena Bautista,Check-up
2025-02-08,Senior,Female,Glucose,Laboratory,"Mark Villanueva, RMT",Laboratory
2025-02-08,Senior,Female,Hand AP/OBLIQUE/Lateral,Radiology,Dr. Henry Ong,Imaging
2025-02-08,Adult,Male,Hepa B profile,Laboratory,"Rafael Torres, RMT",Laboratory
2025-02-08,Child,Male,Preventive Health Check-up,Clinic,Dr. Ana Lopez,Check-up
2025-02-08,Adult,Female,Sperm Analysis WHO,Laboratory,"Angela Reyes, RMT",Laboratory
2025-02-08,Adult,Male,Urinalysis & Fecalysis,Clinic,Dr. Miguel Fernandez,Pre-Employment Checkup
2025-02-08,Child,Female,Urinalysis 10P,Laboratory,"Patricia Mendoza, RMT",Laboratory
2025-02-09,Adult,Female,Asthma Monitoring,Clinic,Dr. Elena Bautista,Check-up
2025-02-09,Adult,Female,Drug Testing,Home Service,"Mark Villanueva, RMT",Home Service
2025-02-09,Adult,Female,Fever,Clinic,Dr. Paolo Rivera,Check-up
2025-02-09,Child,Male,HBC-DNA,Laboratory,"Mark Villanueva, RMT",Laboratory
2025-02-09,Senior,Female,Hypertension Monitoring,Clinic,Dr. Elena Bautista,Check-up
2025-02-09,Child,Female,RT-PCR 4-6HRS,Laboratory,"Angela Reyes, RMT",Laboratory
2025-02-09,Child,Male,Routine Medical Consultation,Clinic,Dr. Camille Tan,Check-up
2025-02-09,Senior,Female,Upper Respiratory Infection,Clinic,Dr. Miguel Fernandez,Check-up
2025-02-09,Child,Male,Upper Respiratory Infection,Clinic,Dr. Miguel Fernandez,Check-up
2025-02-10,Senior,Female,Albumin (Protein) Creatinine Ratio,Laboratory,"Joanna Lim, RMT",Laboratory
2025-02-10,Adult,Male,Asthma Monitoring,Clinic,Dr. Victor Manuel,Check-up
2025-02-10,Senior,Male,Cervical APOL,Radiology,Dr. Sofia Mercado,Imaging
2025-02-10,Senior,Male,Diabetes Mellitus Monitoring,Clinic,Dr. Elena Bautista,Check-up
2025-02-10,Senior,Male,Diabetes Mellitus Monitoring,Clinic,Dr. Victor Manuel,Check-up
2025-02-10,Adult,Female,Drug Test (Urine),Laboratory,"Angela Reyes, RMT",Laboratory
2025-02-10,Child,Male,FBS,Laboratory,"Rafael Torres, RMT",Laboratory
2025-02-10,Adult,Female,Upper Respiratory Infection,Clinic,Dr. Paolo Rivera,Check-up
2025-02-10,Senior,Male,Venous Duplex Scan (Unilateral),Radiology,Dr. Sofia Mercado,Imaging
2025-02-11,Senior,Female,Abdominal Pain,Clinic,Dr. Victor Manuel,Check-up
2025-02-11,Adult,Female,Body Fluid Analysis (Package),Laboratory,"Carlo Navarro, RMT",Laboratory
2025-02-11,Child,Female,Calcium (C),Laboratory,"Carlo Navarro, RMT",Laboratory
2025-02-11,Adult,Female,Dengue Combo,Laboratory,"Joanna Lim, RMT",Laboratory
2025-02-11,Adult,Male,Diabetes Mellitus Monitoring,Clinic,Dr. Victor Manuel,Check-up
2025-02-11,Adult,Female,GGTP,Laboratory,"Angela Reyes, RMT",Laboratory
2025-02-11,Child,Male,Hepa C profile,Laboratory,"Angela Reyes, RMT",Laboratory
2025-02-11,Senior,Female,Liver & Spleen,Radiology,Dr. Henry Ong,Imaging
2025-02-11,Child,Female,Preventive Health Check-up,Clinic,Dr. Paolo Rivera,Check-up
2025-02-11,Adult,Male,Routine Medical Consultation,Clinic,Dr. Camille Tan,Check-up
2025-02-11,Adult,Female,Sodium (Na),Laboratory,"Mark Villanueva, RMT",Laboratory
2025-02-11,Child,Female,Upper Respiratory Infection,Clinic,Dr. Ana Lopez,Check-up
2025-02-12,Adult,Male,CRP,Laboratory,"Joanna Lim, RMT",Laboratory
2025-02-12,Adult,Female,Chloride (CI),Laboratory,"Carlo Navarro, RMT",Laboratory
2025-02-12,Adult,Male,Clinical Microscopy,Laboratory,"Joanna Lim, RMT",Laboratory
2025-02-12,Adult,Female,Diabetes Mellitus Monitoring,Clinic,Dr. Victor Manuel,Check-up
2025-02-12,Child,Female,Gastritis,Clinic,Dr. Victor Manuel,Check-up
2025-02-12,Adult,Male,HBsAg Screening,Laboratory,"Patricia Mendoza, RMT",Laboratory
2025-02-12,Adult,Male,Headache,Clinic,Dr. Ana Lopez,Check-up
2025-02-12,Adult,Male,"Hepa A,B,C",Laboratory,"Mark Villanueva, RMT",Laboratory
2025-02-12,Adult,Female,Potassium (K),Laboratory,"Rafael Torres, RMT",Laboratory
2025-02-13,Adult,Male,2D Echo Cardiogram,Cardiology,Dr. Camille Tan,Cardiology
2025-02-13,Adult,Female,Abdominal Pain,Clinic,Dr. Elena Bautista,Check-up
2025-02-13,Adult,Male,Asthma Monitoring,Clinic,Dr. Elena Bautista,Check-up
2025-02-13,Adult,Female,Asthma Monitoring,Clinic,Dr. Victor Manuel,Check-up
2025-02-13,Adult,Female,Asthma Monitoring,Clinic,Dr. Elena Bautista,Check-up
2025-02-13,Child,Male,Dengue Duo IgM/IgG,Laboratory,"Carlo Navarro, RMT",Laboratory
2025-02-13,Adult,Male,ESR,Laboratory,"Carlo Navarro, RMT",Laboratory
2025-02-13,Adult,Female,Total Protein,Laboratory,"Angela Reyes, RMT",Laboratory
2025-02-14,Adult,Male,Abdominal Pain,Clinic,Dr. Victor Manuel,Check-up
2025-02-14,Child,Female,Asthma Monitoring,Clinic,Dr. Victor Manuel,Check-up
2025-02-14,Adult,Male,CPK Total,Laboratory,"Joanna Lim, RMT",Laboratory
2025-02-14,Adult,Female,Calcium (C),Laboratory,"Rafael Torres, RMT",Laboratory
2025-02-14,Adult,Male,Gastritis,Clinic,Dr. Victor Manuel,Check-up
2025-02-14,Senior,Male,Hypertension Monitoring,Clinic,Dr. Elena Bautista,Check-up
2025-02-14,Adult,Female,Online Doctor Consultation,Clinic,Dr. Camille Tan,Check-up
2025-02-14,Adult,Male,Upper Respiratory Infection,Clinic,Dr. Camille Tan,Check-up
2025-02-14,Adult,Female,Upper Respiratory Infection,Clinic,Dr. Paolo Rivera,Check-up
2025-02-14,Adult,Male,Upper Respiratory Infection,Clinic,Dr. Ana Lopez,Check-up
2025-02-14,Adult,Female,Urinary Tract Infection,Clinic,Dr. Ana Lopez,Check-up
2025-02-15,Child,Female,AFB Stain,Laboratory,"Mark Villanueva, RMT",Laboratory
2025-02-15,Child,Male,Blood Uric Acid,Laboratory,"Patricia Mendoza, RMT",Laboratory
2025-02-15,Child,Male,DTAP Vaccine (pedia),Clinic,Dr. Paolo Rivera,Vaccination
2025-02-15,Child,Female,HCV-Genotyping,Laboratory,"Rafael Torres, RMT",Laboratory
2025-02-15,Adult,Male,OGCT,Laboratory,"Joanna Lim, RMT",Laboratory
2025-02-15,Child,Male,Protein,Laboratory,"Mark Villanueva, RMT",Laboratory
2025-02-15,Adult,Male,SGOT (AST),Laboratory,"Carlo Navarro, RMT",Laboratory
2025-02-15,Adult,Male,Urinalysis,Laboratory,"Patricia Mendoza, RMT",Laboratory
2025-02-16,Adult,Male,ANA Screening,Laboratory,"Angela Reyes, RMT",Laboratory
2025-02-16,Adult,Female,Asthma Monitoring,Clinic,Dr. Elena Bautista,Check-up
2025-02-16,Adult,Male,CRP Qualitative,Laboratory,"Angela Reyes, RMT",Laboratory
2025-02-16,Adult,Female,Calcium (C),Laboratory,"Rafael Torres, RMT",Laboratory
2025-02-16,Child,Female,Dengue Combo,Laboratory,"Angela Reyes, RMT",Laboratory
2025-02-16,Child,Female,Glucose,Laboratory,"Carlo Navarro, RMT",Laboratory
2025-02-16,Senior,Female,HBC-DNA,Laboratory,"Angela Reyes, RMT",Laboratory
2025-02-16,Adult,Female,HCV Screening,Laboratory,"Angela Reyes, RMT",Laboratory
2025-02-17,Child,Female,Amylase,Laboratory,"Carlo Navarro, RMT",Laboratory
2025-02-17,Child,Female,CRP,Laboratory,"Patricia Mendoza, RMT",Laboratory
2025-02-17,Adult,Female,Gastritis,Clinic,Dr. Victor Manuel,Check-up
2025-02-17,Senior,Male,Hypertension Monitoring,Clinic,Dr. Victor Manuel,Check-up
2025-02-17,Adult,Female,Upper Respiratory Infection,Clinic,Dr. Paolo Rivera,Check-up
2025-02-18,Senior,Female,Anti-HAV IgM,Laboratory,"Carlo Navarro, RMT",Laboratory
2025-02-18,Adult,Male,Fever,Clinic,Dr. Ana Lopez,Check-up
2025-02-18,Senior,Female,HBC-DNA,Laboratory,"Mark Villanueva, RMT",Laboratory
2025-02-18,Adult,Male,Hypertension Monitoring,Clinic,Dr. Victor Manuel,Check-up
2025-02-18,Adult,Female,Magnesium,Laboratory,"Patricia Mendoza, RMT",Laboratory
2025-02-18,Adult,Female,Urinalysis 10P,Laboratory,"Angela Reyes, RMT",Laboratory
2025-02-19,Senior,Male,ApicoLordotic View,Radiology,Dr. Sofia Mercado,Imaging
2025-02-19,Senior,Female,Asthma Monitoring,Clinic,Dr. Elena Bautista,Check-up
2025-02-19,Adult,Male,Gastritis,Clinic,Dr. Elena Bautista,Check-up
2025-02-19,Adult,Male,Hypertension Monitoring,Clinic,Dr. Victor Manuel,Check-up
2025-02-19,Adult,Female,Prostate,Radiology,Dr. Andrea Sy,Imaging
2025-02-20,Adult,Female,Dermatitis and Allergy,Clinic,Dr. Miguel Fernandez,Check-up
2025-02-20,Adult,Female,Fever,Clinic,Dr. Ana Lopez,Check-up
2025-02-20,Adult,Female,Lipid Profile,Laboratory,"Rafael Torres, RMT",Laboratory
2025-02-20,Adult,Male,MET (Shabu),Drug Testing,"Angela Reyes, RMT",Drug Testing
2025-02-20,Senior,Female,Urinalysis 10P,Laboratory,"Mark Villanueva, RMT",Laboratory
2025-02-20,Adult,Female,VDRL/Syphilis Screening,Laboratory,"Mark Villanueva, RMT",Laboratory
2025-02-21,Adult,Female,Arterial Duplex Scan (Unilateral),Radiology,Dr. Henry Ong,Imaging
2025-02-21,Child,Female,"Bilirubin (B1, B2)",Laboratory,"Rafael Torres, RMT",Laboratory
2025-02-21,Senior,Female,Bloodtype and RH Typing,Laboratory,"Angela Reyes, RMT",Laboratory
2025-02-21,Adult,Female,Body Fluid LDH,Laboratory,"Patricia Mendoza, RMT",Laboratory
2025-02-21,Senior,Female,Diabetes Mellitus Monitoring,Clinic,Dr. Victor Manuel,Check-up
2025-02-21,Child,Female,HBA1C (edta),Laboratory,"Carlo Navarro, RMT",Laboratory
2025-02-21,Child,Male,KOH,Laboratory,"Rafael Torres, RMT",Laboratory
2025-02-21,Senior,Male,Liver & Spleen,Radiology,Dr. Sofia Mercado,Imaging
2025-02-21,Adult,Male,Typhil Dot,Laboratory,"Patricia Mendoza, RMT",Laboratory
2025-02-22,Adult,Male,Asthma Monitoring,Clinic,Dr. Victor Manuel,Check-up
2025-02-22,Adult,Female,Body Fluid LDH,Laboratory,"Joanna Lim, RMT",Laboratory
2025-02-22,Child,Male,Estrogen,Laboratory,"Angela Reyes, RMT",Laboratory
2025-02-22,Adult,Male,Gastritis,Clinic,Dr. Elena Bautista,Check-up
2025-02-22,Adult,Male,H. Pylori Stool,Laboratory,"Patricia Mendoza, RMT",Laboratory
2025-02-22,Child,Female,Hepa C profile,Laboratory,"Patricia Mendoza, RMT",Laboratory
2025-02-22,Adult,Male,Inguino-Scrotal,Radiology,Dr. Sofia Mercado,Imaging
2025-02-22,Senior,Male,Pelvis Hip,Radiology,Dr. Henry Ong,Imaging
2025-02-23,Adult,Male,Cortisol,Laboratory,"Mark Villanueva, RMT",Laboratory
2025-02-23,Adult,Female,Diabetes Mellitus Monitoring,Clinic,Dr. Victor Manuel,Check-up
2025-02-23,Child,Male,Fit Stool Test,Laboratory,"Angela Reyes, RMT",Laboratory
2025-02-23,Child,Male,Gastritis,Clinic,Dr. Elena Bautista,Check-up
2025-02-23,Adult,Female,Gastritis,Clinic,Dr. Elena Bautista,Check-up
2025-02-23,Adult,Male,Hand AP/OBLIQUE/Lateral,Radiology,Dr. Andrea Sy,Imaging
2025-02-23,Adult,Female,THC (Marijuana),Drug Testing,"Mark Villanueva, RMT",Drug Testing
2025-02-24,Adult,Female,Anti-HBc IgG,Laboratory,"Angela Reyes, RMT",Laboratory
2025-02-24,Adult,Male,CPK-MM,Laboratory,"Angela Reyes, RMT",Laboratory
2025-02-24,Adult,Male,Chloride (C),Laboratory,"Mark Villanueva, RMT",Laboratory
2025-02-24,Senior,Male,Diabetes Mellitus Monitoring,Clinic,Dr. Elena Bautista,Check-up
2025-02-24,Adult,Male,Diabetes Mellitus Monitoring,Clinic,Dr. Victor Manuel,Check-up
2025-02-24,Adult,Female,Fit Stool Test,Laboratory,"Joanna Lim, RMT",Laboratory
2025-02-24,Adult,Male,Gastritis,Clinic,Dr. Victor Manuel,Check-up
2025-02-24,Adult,Female,HCV-Genotyping,Laboratory,"Joanna Lim, RMT",Laboratory
2025-02-24,Senior,Female,Hypertension Monitoring,Clinic,Dr. Elena Bautista,Check-up
2025-02-25,Adult,Male,Amylase,Laboratory,"Angela Reyes, RMT",Laboratory
2025-02-25,Child,Female,Blood Cs with ARD (1 site),Laboratory,"Rafael Torres, RMT",Laboratory
2025-02-25,Adult,Female,Chloride (CI),Laboratory,"Mark Villanueva, RMT",Laboratory
2025-02-25,Senior,Male,Diabetes Mellitus Monitoring,Clinic,Dr. Victor Manuel,Check-up
2025-02-25,Adult,Male,Drug Test,Clinic,Dr. Camille Tan,Pre-Employment Checkup
2025-02-25,Senior,Male,Prostate,Radiology,Dr. Henry Ong,Imaging
2025-02-25,Adult,Female,Reticulocyte Count,Laboratory,"Patricia Mendoza, RMT",Laboratory
2025-02-26,Adult,Female,Arterial Duplex Scan (Bilateral),Radiology,Dr. Henry Ong,Imaging
2025-02-26,Adult,Female,Asthma Monitoring,Clinic,Dr. Victor Manuel,Check-up
2025-02-26,Adult,Male,Blood Urea Nitrogen,Laboratory,"Carlo Navarro, RMT",Laboratory
2025-02-26,Adult,Female,Dengue Duo IgM/IgG,Laboratory,"Angela Reyes, RMT",Laboratory
2025-02-26,Senior,Female,Diabetes Mellitus Monitoring,Clinic,Dr. Victor Manuel,Check-up
2025-02-26,Adult,Female,Diabetes Mellitus Monitoring,Clinic,Dr. Elena Bautista,Check-up
2025-02-26,Adult,Female,Gastritis,Clinic,Dr. Elena Bautista,Check-up
2025-02-26,Child,Male,Gastritis,Clinic,Dr. Victor Manuel,Check-up
2025-02-26,Adult,Female,Headache,Clinic,Dr. Ana Lopez,Check-up
2025-02-26,Senior,Female,Inguino-Scrotal,Radiology,Dr. Henry Ong,Imaging
2025-02-26,Adult,Male,Upper Respiratory Infection,Clinic,Dr. Miguel Fernandez,Check-up
2025-02-26,Child,Male,Urinary Tract Infection,Clinic,Dr. Ana Lopez,Check-up
2025-02-27,Senior,Female,Headache,Clinic,Dr. Camille Tan,Check-up
2025-02-27,Adult,Male,Routine Medical Consultation,Clinic,Dr. Paolo Rivera,Check-up
2025-02-27,Adult,Male,TSH,Laboratory,"Joanna Lim, RMT",Laboratory
2025-02-28,Adult,Female,Asthma Monitoring,Clinic,Dr. Elena Bautista,Check-up
2025-02-28,Child,Female,CPK Total,Laboratory,"Joanna Lim, RMT",Laboratory
2025-02-28,Child,Female,Calcium (C),Laboratory,"Mark Villanueva, RMT",Laboratory
2025-02-28,Adult,Female,Fecalysis,Laboratory,"Carlo Navarro, RMT",Laboratory
2025-02-28,Adult,Female,Gastritis,Clinic,Dr. Victor Manuel,Check-up
2025-02-28,Adult,Male,Hypertension Monitoring,Clinic,Dr. Elena Bautista,Check-up
2025-02-28,Senior,Female,Hypertension Monitoring,Clinic,Dr. Victor Manuel,Check-up
2025-02-28,Child,Male,Paps Smear (7 days),Laboratory,"Angela Reyes, RMT",Laboratory
2025-02-28,Adult,Female,Prostate,Radiology,Dr. Sofia Mercado,Imaging
2025-02-28,Adult,Male,Routine Medical Consultation,Clinic,Dr. Camille Tan,Check-up
2025-02-28,Adult,Male,Ultrasound,Radiology,Dr. Sofia Mercado,Imaging
2025-02-28,Adult,Male,Upper Respiratory Infection,Clinic,Dr. Miguel Fernandez,Check-up
2025-02-28,Adult,Female,Upper Respiratory Infection,Clinic,Dr. Paolo Rivera,Check-up
2025-02-28,Senior,Male,Urine C/S,Laboratory,"Rafael Torres, RMT",Laboratory
2025-03-01,Child,Male,HBsAg Titer,Laboratory,"Mark Villanueva, RMT",Laboratory
2025-03-01,Adult,Male,KOH,Laboratory,"Joanna Lim, RMT",Laboratory
2025-03-01,Adult,Male,Preventive Health Check-up,Clinic,Dr. Ana Lopez,Check-up
2025-03-01,Adult,Male,Typhil Dot,Laboratory,"Carlo Navarro, RMT",Laboratory
2025-03-01,Adult,Female,Upper Respiratory Infection,Clinic,Dr. Camille Tan,Check-up
2025-03-02,Child,Female,2D Echo Pedia,Cardiology,Dr. Miguel Fernandez,Cardiology
2025-03-02,Adult,Male,C3,Laboratory,"Patricia Mendoza, RMT",Laboratory
2025-03-02,Senior,Male,Clavicle AP,Radiology,Dr. Andrea Sy,Imaging
2025-03-02,Adult,Female,Hemodialysis Kinetics (pre & post BUN),Laboratory,"Rafael Torres, RMT",Laboratory
2025-03-02,Adult,Male,Hepa C profile,Laboratory,"Angela Reyes, RMT",Laboratory
2025-03-02,Senior,Male,Hypertension Monitoring,Clinic,Dr. Elena Bautista,Check-up
2025-03-02,Adult,Male,Progesterone,Laboratory,"Rafael Torres, RMT",Laboratory
2025-03-02,Adult,Male,RT-PCR 12HRS,Laboratory,"Joanna Lim, RMT",Laboratory
2025-03-02,Adult,Female,Upper Respiratory Infection,Clinic,Dr. Camille Tan,Check-up
2025-03-03,Adult,Male,Amylase,Laboratory,"Patricia Mendoza, RMT",Laboratory
2025-03-03,Senior,Male,Arterial & Venous Duplex Scan,Radiology,Dr. Andrea Sy,Imaging
2025-03-03,Adult,Male,CBC w/ Actual Platelet Count,Laboratory,"Carlo Navarro, RMT",Laboratory
2025-03-03,Adult,Male,Dermatitis and Allergy,Clinic,Dr. Paolo Rivera,Check-up
2025-03-03,Senior,Female,Hypertension Monitoring,Clinic,Dr. Victor Manuel,Check-up
2025-03-03,Adult,Male,"OGCT Post-Pregnant (100g, 75g)​",Laboratory,"Angela Reyes, RMT",Laboratory
2025-03-03,Adult,Female,Soft Tissue,Radiology,Dr. Sofia Mercado,Imaging
2025-03-03,Adult,Male,Typhil Dot,Laboratory,"Angela Reyes, RMT",Laboratory
2025-03-03,Adult,Male,Upper Respiratory Infection,Clinic,Dr. Camille Tan,Check-up
2025-03-04,Senior,Female,Arm AP/L,Radiology,Dr. Henry Ong,Imaging
2025-03-04,Adult,Male,Asthma Monitoring,Clinic,Dr. Victor Manuel,Check-up
2025-03-04,Child,Female,Bleeding Time,Laboratory,"Angela Reyes, RMT",Laboratory
2025-03-04,Adult,Male,GGTP,Laboratory,"Carlo Navarro, RMT",Laboratory
2025-03-04,Senior,Male,Hypertension Monitoring,Clinic,Dr. Victor Manuel,Check-up
2025-03-04,Senior,Male,Upper Respiratory Infection,Clinic,Dr. Camille Tan,Check-up
2025-03-05,Adult,Male,Abdominal Pain,Clinic,Dr. Victor Manuel,Check-up
2025-03-05,Adult,Female,Dermatitis and Allergy,Clinic,Dr. Ana Lopez,Check-up
2025-03-05,Adult,Male,Diabetes Mellitus Monitoring,Clinic,Dr. Elena Bautista,Check-up
2025-03-05,Adult,Male,RBC Morphology (Urine),Laboratory,"Rafael Torres, RMT",Laboratory
2025-03-05,Adult,Male,Routine Medical Consultation,Clinic,Dr. Camille Tan,Check-up
2025-03-05,Senior,Female,Upper Respiratory Infection,Clinic,Dr. Paolo Rivera,Check-up
2025-03-06,Child,Male,ANA Screening,Laboratory,"Carlo Navarro, RMT",Laboratory
2025-03-06,Senior,Female,CRP Qualitative,Laboratory,"Angela Reyes, RMT",Laboratory
2025-03-06,Adult,Female,Diabetes Mellitus Monitoring,Clinic,Dr. Elena Bautista,Check-up
2025-03-06,Adult,Male,GGTP,Laboratory,"Rafael Torres, RMT",Laboratory
2025-03-06,Child,Female,Gastritis,Clinic,Dr. Elena Bautista,Check-up
2025-03-06,Adult,Female,Gastritis,Clinic,Dr. Elena Bautista,Check-up
2025-03-06,Senior,Male,Hypertension Monitoring,Clinic,Dr. Victor Manuel,Check-up
2025-03-06,Senior,Male,Hypertension Monitoring,Clinic,Dr. Elena Bautista,Check-up
2025-03-06,Adult,Male,Prothrombin Time,Laboratory,"Patricia Mendoza, RMT",Laboratory
2025-03-06,Adult,Male,RT-PCR 12HRS,Laboratory,"Patricia Mendoza, RMT",Laboratory
2025-03-06,Adult,Male,Testosterone,Laboratory,"Joanna Lim, RMT",Laboratory
2025-03-06,Adult,Female,Urinary Tract Infection,Clinic,Dr. Paolo Rivera,Check-up
2025-03-07,Adult,Male,Anti-HBs,Laboratory,"Mark Villanueva, RMT",Laboratory
2025-03-07,Adult,Male,Blood Cs with ARD (1 site),Laboratory,"Mark Villanueva, RMT",Laboratory
2025-03-07,Adult,Male,Blood Urea Nitrogen,Laboratory,"Carlo Navarro, RMT",Laboratory
2025-03-07,Child,Male,CRP Qualitative,Laboratory,"Rafael Torres, RMT",Laboratory
2025-03-07,Adult,Female,Fever,Clinic,Dr. Paolo Rivera,Check-up
2025-03-07,Adult,Male,Fever,Clinic,Dr. Camille Tan,Check-up
2025-03-07,Child,Female,HBeAg,Laboratory,"Patricia Mendoza, RMT",Laboratory
2025-03-07,Adult,Male,Potassium (K),Laboratory,"Carlo Navarro, RMT",Laboratory
2025-03-08,Child,Male,CPK Total,Laboratory,"Patricia Mendoza, RMT",Laboratory
2025-03-08,Adult,Male,Femur AP/LAT,Radiology,Dr. Andrea Sy,Imaging
2025-03-08,Child,Male,Headache,Clinic,Dr. Miguel Fernandez,Check-up
2025-03-08,Child,Female,Hepa B profile,Laboratory,"Joanna Lim, RMT",Laboratory
2025-03-08,Adult,Female,Hypertension Monitoring,Clinic,Dr. Victor Manuel,Check-up
2025-03-08,Adult,Male,Online Doctor Consultation,Clinic,Dr. Miguel Fernandez,Check-up
2025-03-08,Senior,Male,Potassium (K),Laboratory,"Joanna Lim, RMT",Laboratory
2025-03-08,Child,Female,Routine Medical Consultation,Clinic,Dr. Miguel Fernandez,Check-up
2025-03-08,Child,Female,Urinary Tract Infection,Clinic,Dr. Miguel Fernandez,Check-up
2025-03-09,Adult,Female,2D Echo: Plain with Doppler (Adult),Cardiology,Dr. Ana Lopez,Cardiology
2025-03-09,Adult,Female,ASO Screening,Laboratory,"Carlo Navarro, RMT",Laboratory
2025-03-09,Adult,Female,Blood Cs with ARD (1 site),Laboratory,"Patricia Mendoza, RMT",Laboratory
2025-03-09,Senior,Male,Diabetes Mellitus Monitoring,Clinic,Dr. Elena Bautista,Check-up
2025-03-09,Senior,Male,Diabetes Mellitus Monitoring,Clinic,Dr. Victor Manuel,Check-up
2025-03-09,Adult,Male,Fever,Clinic,Dr. Camille Tan,Check-up
2025-03-09,Senior,Female,Gastritis,Clinic,Dr. Elena Bautista,Check-up
2025-03-09,Adult,Male,Gastritis,Clinic,Dr. Victor Manuel,Check-up
2025-03-09,Adult,Female,Hypertension Monitoring,Clinic,Dr. Victor Manuel,Check-up
2025-03-09,Senior,Female,Hypertension Monitoring,Clinic,Dr. Elena Bautista,Check-up
2025-03-09,Adult,Male,Physical Exam,Clinic,Dr. Camille Tan,Pre-Employment Checkup
2025-03-09,Child,Male,Routine Medical Consultation,Clinic,Dr. Miguel Fernandez,Check-up
2025-03-09,Adult,Male,TPHA Screening,Laboratory,"Rafael Torres, RMT",Laboratory
2025-03-09,Senior,Male,Upper Respiratory Infection,Clinic,Dr. Camille Tan,Check-up
2025-03-10,Adult,Male,Asthma Monitoring,Clinic,Dr. Victor Manuel,Check-up
2025-03-10,Adult,Female,EBV Igg,Laboratory,"Mark Villanueva, RMT",Laboratory
2025-03-10,Adult,Male,Gastritis,Clinic,Dr. Elena Bautista,Check-up
2025-03-10,Child,Male,Headache,Clinic,Dr. Paolo Rivera,Check-up
2025-03-10,Child,Male,Routine Medical Consultation,Clinic,Dr. Ana Lopez,Check-up
2025-03-11,Adult,Male,Anti-Tetanus,Clinic,Dr. Paolo Rivera,Vaccination
2025-03-11,Senior,Female,Asthma Monitoring,Clinic,Dr. Elena Bautista,Check-up
2025-03-11,Adult,Male,CBC,Laboratory,"Angela Reyes, RMT",Laboratory
2025-03-11,Adult,Male,Diabetes Mellitus Monitoring,Clinic,Dr. Elena Bautista,Check-up
2025-03-11,Senior,Male,Face to Face Doctor Consultation,Clinic,Dr. Camille Tan,Check-up
2025-03-11,Adult,Female,Routine Medical Consultation,Clinic,Dr. Miguel Fernandez,Check-up
2025-03-11,Adult,Female,Upper Respiratory Infection,Clinic,Dr. Camille Tan,Check-up
2025-03-11,Adult,Male,Upper Respiratory Infection,Clinic,Dr. Ana Lopez,Check-up
2025-03-11,Child,Female,Upper Respiratory Infection,Clinic,Dr. Miguel Fernandez,Check-up
2025-03-12,Adult,Female,Asthma Monitoring,Clinic,Dr. Elena Bautista,Check-up
2025-03-12,Child,Female,Calcium (C),Laboratory,"Joanna Lim, RMT",Laboratory
2025-03-12,Senior,Female,Chest PA/LAT,Radiology,Dr. Henry Ong,Imaging
2025-03-12,Adult,Female,Diabetes Mellitus Monitoring,Clinic,Dr. Elena Bautista,Check-up
2025-03-12,Adult,Male,Diabetes Mellitus Monitoring,Clinic,Dr. Elena Bautista,Check-up
2025-03-12,Adult,Female,Hypertension Monitoring,Clinic,Dr. Elena Bautista,Check-up
2025-03-12,Senior,Female,Hypertension Monitoring,Clinic,Dr. Victor Manuel,Check-up
2025-03-12,Senior,Female,Potassium (K),Laboratory,"Angela Reyes, RMT",Laboratory
2025-03-12,Adult,Male,Upper Respiratory Infection,Clinic,Dr. Paolo Rivera,Check-up
2025-03-13,Adult,Male,Abdominal Pain,Clinic,Dr. Victor Manuel,Check-up
2025-03-13,Senior,Female,Bicarbonate,Laboratory,"Patricia Mendoza, RMT",Laboratory
2025-03-13,Adult,Female,C4,Laboratory,"Angela Reyes, RMT",Laboratory
2025-03-13,Adult,Male,Cholesterol,Laboratory,"Carlo Navarro, RMT",Laboratory
2025-03-13,Child,Male,Estrogen (RIA),Laboratory,"Mark Villanueva, RMT",Laboratory
2025-03-13,Adult,Female,Headache,Clinic,Dr. Miguel Fernandez,Check-up
2025-03-13,Adult,Female,Ionized Calcium (Ica),Laboratory,"Patricia Mendoza, RMT",Laboratory
2025-03-13,Senior,Female,Pancreas,Radiology,Dr. Sofia Mercado,Imaging
2025-03-13,Adult,Female,RBC Morphology (Urine),Laboratory,"Angela Reyes, RMT",Laboratory
2025-03-13,Senior,Male,Skull AP/LAT,Radiology,Dr. Henry Ong,Imaging
2025-03-13,Adult,Female,Upper Respiratory Infection,Clinic,Dr. Camille Tan,Check-up
2025-03-14,Child,Female,CBC,Annual Physical Examination,Dr. Camille Tan,Annual Physical Examination
2025-03-14,Adult,Male,Fever,Clinic,Dr. Miguel Fernandez,Check-up
2025-03-14,Adult,Female,HBsAg Screening,Laboratory,"Joanna Lim, RMT",Laboratory
2025-03-14,Adult,Female,Hypertension Monitoring,Clinic,Dr. Elena Bautista,Check-up
2025-03-14,Adult,Female,Potassium (K),Laboratory,"Joanna Lim, RMT",Laboratory
2025-03-14,Child,Male,Upper Respiratory Infection,Clinic,Dr. Camille Tan,Check-up
2025-03-14,Senior,Female,Upper Respiratory Infection,Clinic,Dr. Camille Tan,Check-up
2025-03-14,Adult,Male,Urinary Tract Infection,Clinic,Dr. Paolo Rivera,Check-up
2025-03-15,Adult,Male,CPK Total,Laboratory,"Patricia Mendoza, RMT",Laboratory
2025-03-15,Senior,Female,Cholesterol,Laboratory,"Rafael Torres, RMT",Laboratory
2025-03-15,Adult,Female,Diabetes Mellitus Monitoring,Clinic,Dr. Victor Manuel,Check-up
2025-03-15,Senior,Male,Diabetes Mellitus Monitoring,Clinic,Dr. Elena Bautista,Check-up
2025-03-15,Adult,Female,LH,Laboratory,"Mark Villanueva, RMT",Laboratory
2025-03-15,Adult,Female,Preventive Health Check-up,Clinic,Dr. Camille Tan,Check-up
2025-03-15,Adult,Male,T4,Laboratory,"Rafael Torres, RMT",Laboratory
2025-03-15,Adult,Male,Upper Extremities (By appointment),Radiology,Dr. Henry Ong,Imaging
2025-03-15,Child,Female,Upper Respiratory Infection,Clinic,Dr. Ana Lopez,Check-up
2025-03-16,Adult,Female,ASO Screening,Laboratory,"Patricia Mendoza, RMT",Laboratory
2025-03-16,Adult,Female,Asthma Monitoring,Clinic,Dr. Elena Bautista,Check-up
2025-03-16,Adult,Female,Asthma Monitoring,Clinic,Dr. Victor Manuel,Check-up
2025-03-16,Adult,Female,Chloride (C),Laboratory,"Joanna Lim, RMT",Laboratory
2025-03-16,Adult,Female,Clinical Microscopy,Laboratory,"Rafael Torres, RMT",Laboratory
2025-03-16,Adult,Female,Estradiol/Estrogen,Laboratory,"Carlo Navarro, RMT",Laboratory
2025-03-16,Adult,Female,Glucose,Laboratory,"Rafael Torres, RMT",Laboratory
2025-03-16,Adult,Male,Hand AP/OBLIQUE/Lateral,Radiology,Dr. Andrea Sy,Imaging
2025-03-16,Child,Male,Hepa C profile,Laboratory,"Mark Villanueva, RMT",Laboratory
2025-03-16,Senior,Female,Hypertension Monitoring,Clinic,Dr. Victor Manuel,Check-up
2025-03-16,Adult,Female,Pregnancy Test (Serum),Laboratory,"Joanna Lim, RMT",Laboratory
2025-03-16,Adult,Female,Preventive Health Check-up,Clinic,Dr. Camille Tan,Check-up
2025-03-16,Adult,Male,Urinary Tract Infection,Clinic,Dr. Paolo Rivera,Check-up
2025-03-17,Adult,Female,ANA Titer,Laboratory,"Carlo Navarro, RMT",Laboratory
2025-03-17,Senior,Female,Anti-Tetanus,Clinic,Dr. Miguel Fernandez,Vaccination
2025-03-17,Adult,Female,Bicarbonate,Laboratory,"Carlo Navarro, RMT",Laboratory
2025-03-17,Adult,Female,Malarial Smear,Laboratory,"Carlo Navarro, RMT",Laboratory
2025-03-17,Adult,Female,Scapular Y View,Radiology,Dr. Henry Ong,Imaging
2025-03-17,Adult,Female,Sodium (Na),Laboratory,"Carlo Navarro, RMT",Laboratory
2025-03-17,Adult,Female,Upper Abdomen & Kidney,Radiology,Dr. Sofia Mercado,Imaging
2025-03-17,Adult,Male,X-Ray,Clinic,Dr. Miguel Fernandez,Pre-Employment Checkup
2025-03-18,Adult,Male,12L-ECG,Cardiology,Dr. Camille Tan,Cardiology
2025-03-18,Senior,Female,Cervical APOL,Radiology,Dr. Sofia Mercado,Imaging
2025-03-18,Senior,Female,D-DIMER Test,Laboratory,"Carlo Navarro, RMT",Laboratory
2025-03-18,Adult,Female,Dermatitis and Allergy,Clinic,Dr. Paolo Rivera,Check-up
2025-03-18,Adult,Female,Hypertension Monitoring,Clinic,Dr. Victor Manuel,Check-up
2025-03-18,Adult,Female,Upper Respiratory Infection,Clinic,Dr. Paolo Rivera,Check-up
2025-03-18,Adult,Male,Urinary Tract Infection,Clinic,Dr. Paolo Rivera,Check-up
2025-03-19,Senior,Female,Dengue Duo IgM/IgG,Laboratory,"Joanna Lim, RMT",Laboratory
2025-03-19,Senior,Male,Diabetes Mellitus Monitoring,Clinic,Dr. Victor Manuel,Check-up
2025-03-19,Adult,Female,Fever,Clinic,Dr. Camille Tan,Check-up
2025-03-19,Adult,Male,Routine Medical Consultation,Clinic,Dr. Ana Lopez,Check-up
2025-03-20,Adult,Female,Asthma Monitoring,Clinic,Dr. Victor Manuel,Check-up
2025-03-20,Senior,Female,Diabetes Mellitus Monitoring,Clinic,Dr. Elena Bautista,Check-up
2025-03-20,Adult,Female,HBeAg,Laboratory,"Carlo Navarro, RMT",Laboratory
2025-03-20,Adult,Female,Headache,Clinic,Dr. Camille Tan,Check-up
2025-03-20,Adult,Female,Headache,Clinic,Dr. Ana Lopez,Check-up
2025-03-20,Senior,Female,Hypertension Monitoring,Clinic,Dr. Victor Manuel,Check-up
2025-03-20,Adult,Male,Hypertension Monitoring,Clinic,Dr. Victor Manuel,Check-up
2025-03-20,Adult,Male,KOH,Laboratory,"Joanna Lim, RMT",Laboratory
2025-03-20,Senior,Male,Urinary Tract Infection,Clinic,Dr. Paolo Rivera,Check-up
2025-03-21,Adult,Male,CPK-MM,Laboratory,"Mark Villanueva, RMT",Laboratory
2025-03-21,Adult,Male,Dermatitis and Allergy,Clinic,Dr. Miguel Fernandez,Check-up
2025-03-21,Senior,Male,Diabetes Mellitus Monitoring,Clinic,Dr. Victor Manuel,Check-up
2025-03-21,Adult,Female,Diabetes Mellitus Monitoring,Clinic,Dr. Elena Bautista,Check-up
2025-03-21,Senior,Female,Hypertension Monitoring,Clinic,Dr. Victor Manuel,Check-up
2025-03-21,Senior,Male,Hypertension Monitoring,Clinic,Dr. Elena Bautista,Check-up
2025-03-21,Adult,Female,KOH,Laboratory,"Angela Reyes, RMT",Laboratory
2025-03-21,Adult,Male,RBC Morphology (Urine),Laboratory,"Joanna Lim, RMT",Laboratory
2025-03-21,Adult,Male,Routine Medical Consultation,Clinic,Dr. Camille Tan,Check-up
2025-03-21,Adult,Female,Total Protein,Laboratory,"Rafael Torres, RMT",Laboratory
2025-03-21,Adult,Female,VFRL RPR Titer,Laboratory,"Angela Reyes, RMT",Laboratory
2025-03-22,Adult,Male,Abdominal Pain,Clinic,Dr. Elena Bautista,Check-up
2025-03-22,Adult,Male,Arterial Duplex Scan (Unilateral),Radiology,Dr. Sofia Mercado,Imaging
2025-03-22,Adult,Female,Bloodtype and RH Typing,Laboratory,"Rafael Torres, RMT",Laboratory
2025-03-22,Adult,Male,Dermatitis and Allergy,Clinic,Dr. Ana Lopez,Check-up
2025-03-22,Child,Female,Gram Stain,Laboratory,"Rafael Torres, RMT",Laboratory
2025-03-22,Adult,Male,"Hepa A,B,C",Laboratory,"Mark Villanueva, RMT",Laboratory
2025-03-22,Senior,Female,Lower Abdomen,Radiology,Dr. Andrea Sy,Imaging
2025-03-22,Adult,Male,RBC Morphology (Urine),Laboratory,"Joanna Lim, RMT",Laboratory
2025-03-22,Senior,Male,Reticulocyte Count,Laboratory,"Angela Reyes, RMT",Laboratory
2025-03-22,Adult,Female,Routine Medical Consultation,Clinic,Dr. Paolo Rivera,Check-up
2025-03-22,Adult,Female,Upper Respiratory Infection,Clinic,Dr. Camille Tan,Check-up
2025-03-22,Adult,Male,Upper Respiratory Infection,Clinic,Dr. Ana Lopez,Check-up
2025-03-23,Adult,Female,Dermatitis and Allergy,Clinic,Dr. Miguel Fernandez,Check-up
2025-03-23,Adult,Male,Dermatitis and Allergy,Clinic,Dr. Paolo Rivera,Check-up
2025-03-23,Senior,Female,Gastritis,Clinic,Dr. Victor Manuel,Check-up
2025-03-23,Adult,Female,Upper Respiratory Infection,Clinic,Dr. Paolo Rivera,Check-up
2025-03-24,Adult,Male,2D Echo w/ Doppler,Cardiology,Dr. Paolo Rivera,Cardiology
2025-03-24,Adult,Male,Asthma Monitoring,Clinic,Dr. Elena Bautista,Check-up
2025-03-24,Senior,Female,Diabetes Mellitus Monitoring,Clinic,Dr. Victor Manuel,Check-up
2025-03-24,Child,Female,Fecal Occult Blood,Laboratory,"Carlo Navarro, RMT",Laboratory
2025-03-24,Adult,Male,"Iron Studies (TI, TIBC, Ferritin)",Laboratory,"Patricia Mendoza, RMT",Laboratory
2025-03-24,Senior,Female,Protein,Laboratory,"Carlo Navarro, RMT",Laboratory
2025-03-24,Adult,Female,Protein,Laboratory,"Joanna Lim, RMT",Laboratory
2025-03-24,Adult,Male,Rib Cage,Radiology,Dr. Sofia Mercado,Imaging
2025-03-24,Child,Female,Routine Medical Consultation,Clinic,Dr. Ana Lopez,Check-up
2025-03-25,Senior,Female,Antigen Swab Test,Laboratory,"Angela Reyes, RMT",Laboratory
2025-03-25,Adult,Male,Asthma Monitoring,Clinic,Dr. Elena Bautista,Check-up
2025-03-25,Senior,Female,Diabetes Mellitus Monitoring,Clinic,Dr. Elena Bautista,Check-up
2025-03-25,Adult,Male,Fever,Clinic,Dr. Ana Lopez,Check-up
2025-03-25,Adult,Female,Hepa B profile,Laboratory,"Joanna Lim, RMT",Laboratory
2025-03-25,Adult,Female,Upper Respiratory Infection,Clinic,Dr. Miguel Fernandez,Check-up
2025-03-26,Adult,Male,Fever,Clinic,Dr. Paolo Rivera,Check-up
2025-03-26,Adult,Female,Gastritis,Clinic,Dr. Victor Manuel,Check-up
2025-03-26,Adult,Female,"Hepa A,B,C",Laboratory,"Rafael Torres, RMT",Laboratory
2025-03-26,Adult,Female,Prothrombin Time,Laboratory,"Angela Reyes, RMT",Laboratory
2025-03-26,Adult,Female,SGPT (ALT),Laboratory,"Patricia Mendoza, RMT",Laboratory
2025-03-27,Adult,Female,Body Fluid Analysis (Package),Laboratory,"Joanna Lim, RMT",Laboratory
2025-03-27,Child,Female,Dermatitis and Allergy,Clinic,Dr. Ana Lopez,Check-up
2025-03-27,Adult,Female,Fever,Clinic,Dr. Paolo Rivera,Check-up
2025-03-27,Adult,Male,Gastritis,Clinic,Dr. Elena Bautista,Check-up
2025-03-27,Adult,Female,Hypertension Monitoring,Clinic,Dr. Elena Bautista,Check-up
2025-03-27,Senior,Male,Rubella Igm,Laboratory,"Rafael Torres, RMT",Laboratory
2025-03-27,Adult,Male,Upper Respiratory Infection,Clinic,Dr. Camille Tan,Check-up
2025-03-28,Adult,Female,Dermatitis and Allergy,Clinic,Dr. Paolo Rivera,Check-up
2025-03-28,Adult,Male,Diabetes Mellitus Monitoring,Clinic,Dr. Elena Bautista,Check-up
2025-03-28,Adult,Male,Fever,Clinic,Dr. Miguel Fernandez,Check-up
2025-03-28,Child,Male,Headache,Clinic,Dr. Ana Lopez,Check-up
2025-03-28,Adult,Male,Hypertension Monitoring,Clinic,Dr. Victor Manuel,Check-up
2025-03-28,Senior,Female,Hypertension Monitoring,Clinic,Dr. Victor Manuel,Check-up
2025-03-28,Child,Male,Magnesium,Laboratory,"Joanna Lim, RMT",Laboratory
2025-03-29,Adult,Female,Anti-HBc IgM,Laboratory,"Rafael Torres, RMT",Laboratory
2025-03-29,Adult,Female,Asthma Monitoring,Clinic,Dr. Elena Bautista,Check-up
2025-03-29,Adult,Male,Cholesterol,Laboratory,"Rafael Torres, RMT",Laboratory
2025-03-29,Adult,Female,Diabetes Mellitus Monitoring,Clinic,Dr. Victor Manuel,Check-up
2025-03-29,Adult,Female,Gastritis,Clinic,Dr. Elena Bautista,Check-up
2025-03-29,Adult,Male,Hypertension Monitoring,Clinic,Dr. Victor Manuel,Check-up
2025-03-29,Adult,Female,Hypertension Monitoring,Clinic,Dr. Victor Manuel,Check-up
2025-03-29,Adult,Female,KUB & Prostatae,Radiology,Dr. Sofia Mercado,Imaging
2025-03-30,Senior,Female,2D Echo: Plain with Doppler (Adult),Cardiology,Dr. Miguel Fernandez,Cardiology
2025-03-30,Adult,Male,ANA Titer,Laboratory,"Mark Villanueva, RMT",Laboratory
2025-03-30,Adult,Female,Asthma Monitoring,Clinic,Dr. Victor Manuel,Check-up
2025-03-30,Senior,Female,Bleeding Time,Laboratory,"Joanna Lim, RMT",Laboratory
2025-03-30,Child,Male,Clinical Chemistry,Laboratory,"Mark Villanueva, RMT",Laboratory
2025-03-30,Senior,Male,Diabetes Mellitus Monitoring,Clinic,Dr. Elena Bautista,Check-up
2025-03-30,Adult,Female,HBeAg,Laboratory,"Patricia Mendoza, RMT",Laboratory
2025-03-30,Senior,Male,Hypertension Monitoring,Clinic,Dr. Victor Manuel,Check-up
2025-03-30,Senior,Male,Urinary Bladder,Radiology,Dr. Andrea Sy,Imaging
2025-03-31,Child,Female,Creatinine,Laboratory,"Mark Villanueva, RMT",Laboratory
2025-03-31,Adult,Male,Diabetes Mellitus Monitoring,Clinic,Dr. Elena Bautista,Check-up
2025-03-31,Senior,Male,Diabetes Mellitus Monitoring,Clinic,Dr. Victor Manuel,Check-up
2025-03-31,Senior,Female,Diabetes Mellitus Monitoring,Clinic,Dr. Victor Manuel,Check-up
2025-03-31,Adult,Male,Diabetes Mellitus Monitoring,Clinic,Dr. Victor Manuel,Check-up
2025-03-31,Adult,Male,Kidney,Radiology,Dr. Henry Ong,Imaging
2025-03-31,Child,Female,Lipid Profile,Laboratory,"Rafael Torres, RMT",Laboratory
2025-03-31,Senior,Male,Neck,Radiology,Dr. Sofia Mercado,Imaging
2025-03-31,Adult,Male,Preventive Health Check-up,Clinic,Dr. Paolo Rivera,Check-up
2025-03-31,Senior,Male,Scoliosis Series,Radiology,Dr. Henry Ong,Imaging
2025-03-31,Adult,Female,TBIC (Total Iron Binding Capacity),Laboratory,"Rafael Torres, RMT",Laboratory
2025-03-31,Adult,Male,Troponin I Qualitive,Laboratory,"Mark Villanueva, RMT",Laboratory
2025-03-31,Child,Male,Upper Respiratory Infection,Clinic,Dr. Ana Lopez,Check-up
2025-03-31,Adult,Female,X-Ray,Clinic,Dr. Camille Tan,Pre-Employment Checkup
2025-04-01,Adult,Female,"Bilirubin (B1, B2)",Laboratory,"Mark Villanueva, RMT",Laboratory
2025-04-01,Child,Female,Blood Urea Nitrogen,Laboratory,"Joanna Lim, RMT",Laboratory
2025-04-01,Adult,Male,C4,Laboratory,"Joanna Lim, RMT",Laboratory
2025-04-01,Adult,Female,C4,Laboratory,"Patricia Mendoza, RMT",Laboratory
2025-04-01,Adult,Female,HDL,Laboratory,"Mark Villanueva, RMT",Laboratory
2025-04-01,Adult,Male,OGCT,Laboratory,"Mark Villanueva, RMT",Laboratory
2025-04-01,Child,Female,Serum LDH,Laboratory,"Angela Reyes, RMT",Laboratory
2025-04-02,Adult,Male,Dermatitis and Allergy,Clinic,Dr. Paolo Rivera,Check-up
2025-04-02,Adult,Female,Diabetes Mellitus Monitoring,Clinic,Dr. Victor Manuel,Check-up
2025-04-02,Adult,Female,Drug Test,Clinic,Dr. Camille Tan,Pre-Employment Checkup
2025-04-02,Adult,Female,Elbow AP/LAT,Radiology,Dr. Sofia Mercado,Imaging
2025-04-02,Senior,Male,Hypertension Monitoring,Clinic,Dr. Victor Manuel,Check-up
2025-04-02,Senior,Female,Hypertension Monitoring,Clinic,Dr. Elena Bautista,Check-up
2025-04-02,Adult,Female,Malarial Smear,Laboratory,"Carlo Navarro, RMT",Laboratory
2025-04-02,Child,Female,RT-PCR 4-6HRS,Laboratory,"Rafael Torres, RMT",Laboratory
2025-04-02,Adult,Male,TSH,Laboratory,"Joanna Lim, RMT",Laboratory
2025-04-02,Adult,Female,Venous Duplex Scan (Unilateral),Radiology,Dr. Sofia Mercado,Imaging
2025-04-03,Child,Male,Acid Phosphatase,Laboratory,"Joanna Lim, RMT",Laboratory
2025-04-03,Adult,Female,Ankle Brachial Index (ABI),Radiology,Dr. Andrea Sy,Imaging
2025-04-03,Adult,Female,Bloodtype and RH Typing,Laboratory,"Carlo Navarro, RMT",Laboratory
2025-04-03,Senior,Male,Diabetes Mellitus Monitoring,Clinic,Dr. Victor Manuel,Check-up
2025-04-03,Adult,Male,Ferritin,Laboratory,"Patricia Mendoza, RMT",Laboratory
2025-04-03,Adult,Female,Hypertension Monitoring,Clinic,Dr. Elena Bautista,Check-up
2025-04-03,Child,Female,Prolactin,Laboratory,"Rafael Torres, RMT",Laboratory
2025-04-03,Adult,Female,Routine Medical Consultation,Clinic,Dr. Ana Lopez,Check-up
2025-04-03,Adult,Female,SGOT (AST),Laboratory,"Mark Villanueva, RMT",Laboratory
2025-04-03,Adult,Male,Upper Respiratory Infection,Clinic,Dr. Camille Tan,Check-up
2025-04-04,Child,Male,2 Hours Post Prandial,Laboratory,"Patricia Mendoza, RMT",Laboratory
2025-04-04,Child,Female,Albumin,Laboratory,"Carlo Navarro, RMT",Laboratory
2025-04-04,Senior,Male,Ankle – Brachial Index (by appointment),Radiology,Dr. Henry Ong,Imaging
2025-04-04,Adult,Male,Arterial Duplex Scan (Bilateral),Radiology,Dr. Andrea Sy,Imaging
2025-04-04,Child,Female,CPK Total,Laboratory,"Mark Villanueva, RMT",Laboratory
2025-04-04,Child,Male,Dermatitis and Allergy,Clinic,Dr. Miguel Fernandez,Check-up
2025-04-04,Adult,Male,Fit Stool Test,Laboratory,"Angela Reyes, RMT",Laboratory
2025-04-04,Adult,Female,Gastritis,Clinic,Dr. Elena Bautista,Check-up
2025-04-04,Adult,Female,Gastritis,Clinic,Dr. Victor Manuel,Check-up
2025-04-04,Adult,Male,General chest X-Ray,Radiology,Dr. Sofia Mercado,Imaging
2025-04-04,Adult,Male,Pregnancy Test (Serum),Laboratory,"Rafael Torres, RMT",Laboratory
2025-04-04,Child,Male,Routine Medical Consultation,Clinic,Dr. Paolo Rivera,Check-up
2025-04-04,Adult,Male,Scoliosis Series,Radiology,Dr. Henry Ong,Imaging
2025-04-04,Adult,Female,TBIC (Total Iron Binding Capacity),Laboratory,"Angela Reyes, RMT",Laboratory
2025-04-04,Adult,Female,TDaP Vaccine (Adult),Clinic,Dr. Miguel Fernandez,Vaccination
2025-04-05,Adult,Male,Bloodtype and RH Typing,Laboratory,"Rafael Torres, RMT",Laboratory
2025-04-05,Senior,Female,HDL,Laboratory,"Patricia Mendoza, RMT",Laboratory
2025-04-05,Adult,Male,Hypertension Monitoring,Clinic,Dr. Elena Bautista,Check-up
2025-04-05,Child,Female,Inorganic Phosphorus (IPO4),Laboratory,"Angela Reyes, RMT",Laboratory
2025-04-05,Adult,Male,SGOT (AST),Laboratory,"Rafael Torres, RMT",Laboratory
2025-04-05,Senior,Male,X-Ray,Radiology,Dr. Andrea Sy,Imaging
2025-04-06,Child,Male,Anti-HAV IgM,Laboratory,"Angela Reyes, RMT",Laboratory
2025-04-06,Adult,Male,Asthma Monitoring,Clinic,Dr. Victor Manuel,Check-up
2025-04-06,Adult,Female,Dermatitis and Allergy,Clinic,Dr. Ana Lopez,Check-up
2025-04-06,Adult,Male,Gastritis,Clinic,Dr. Victor Manuel,Check-up
2025-04-06,Adult,Male,Neck,Radiology,Dr. Henry Ong,Imaging
2025-04-06,Senior,Male,Plain Abdomen Upright/Spine,Radiology,Dr. Sofia Mercado,Imaging
2025-04-06,Adult,Female,Total Calcium (TCa),Laboratory,"Angela Reyes, RMT",Laboratory
2025-04-07,Senior,Male,12L-ECG,Cardiology,Dr. Miguel Fernandez,Cardiology
2025-04-07,Child,Female,2D Echo: Pedia (by appointment),Cardiology,Dr. Camille Tan,Cardiology
2025-04-07,Adult,Male,Dermatitis and Allergy,Clinic,Dr. Ana Lopez,Check-up
2025-04-07,Child,Male,Dermatitis and Allergy,Clinic,Dr. Ana Lopez,Check-up
2025-04-07,Adult,Female,Gastritis,Clinic,Dr. Victor Manuel,Check-up
2025-04-07,Adult,Female,HIV (Screening),Laboratory,"Carlo Navarro, RMT",Laboratory
2025-04-07,Adult,Male,Headache,Clinic,Dr. Paolo Rivera,Check-up
2025-04-07,Adult,Female,KUB & Prostatae,Radiology,Dr. Andrea Sy,Imaging
2025-04-07,Adult,Female,Progesterone,Laboratory,"Patricia Mendoza, RMT",Laboratory
2025-04-07,Adult,Male,Routine Medical Consultation,Clinic,Dr. Camille Tan,Check-up
2025-04-07,Adult,Female,Upper Respiratory Infection,Clinic,Dr. Ana Lopez,Check-up
2025-04-08,Adult,Female,Amylase,Laboratory,"Carlo Navarro, RMT",Laboratory
2025-04-08,Adult,Male,Anti-HBc Total,Laboratory,"Mark Villanueva, RMT",Laboratory
2025-04-08,Senior,Male,Blood Cs with ARD (2 site),Laboratory,"Carlo Navarro, RMT",Laboratory
2025-04-08,Adult,Male,Dermatitis and Allergy,Clinic,Dr. Miguel Fernandez,Check-up
2025-04-08,Adult,Male,HBsAg Screening,Laboratory,"Angela Reyes, RMT",Laboratory
2025-04-09,Adult,Female,Abdominal Pain,Clinic,Dr. Victor Manuel,Check-up
2025-04-09,Senior,Female,Abdominal Pain,Clinic,Dr. Elena Bautista,Check-up
2025-04-09,Senior,Male,Asthma Monitoring,Clinic,Dr. Victor Manuel,Check-up
2025-04-09,Child,Female,Body Fluid LDH,Laboratory,"Joanna Lim, RMT",Laboratory
2025-04-09,Adult,Male,Diabetes Mellitus Monitoring,Clinic,Dr. Victor Manuel,Check-up
2025-04-09,Adult,Male,Fever,Clinic,Dr. Camille Tan,Check-up
2025-04-09,Child,Male,Fever,Clinic,Dr. Ana Lopez,Check-up
2025-04-09,Adult,Female,Hypertension Monitoring,Clinic,Dr. Victor Manuel,Check-up
2025-04-09,Senior,Male,Thoracic Spine AP/LAT,Radiology,Dr. Henry Ong,Imaging
2025-04-09,Adult,Male,Upper and lower extremities,Radiology,Dr. Henry Ong,Imaging
2025-04-09,Child,Male,Urine C/S,Laboratory,"Joanna Lim, RMT",Laboratory
2025-04-10,Adult,Male,Flu Vaccine,Clinic,Dr. Paolo Rivera,Vaccination
2025-04-10,Adult,Female,Hypertension Monitoring,Clinic,Dr. Victor Manuel,Check-up
2025-04-10,Adult,Male,Sodium (Na),Laboratory,"Patricia Mendoza, RMT",Laboratory
2025-04-11,Adult,Male,Abdominal Pain,Clinic,Dr. Elena Bautista,Check-up
2025-04-11,Adult,Male,Dengue NS1,Laboratory,"Angela Reyes, RMT",Laboratory
2025-04-11,Senior,Male,Dermatitis and Allergy,Clinic,Dr. Ana Lopez,Check-up
2025-04-11,Adult,Female,Diabetes Mellitus Monitoring,Clinic,Dr. Victor Manuel,Check-up
2025-04-11,Adult,Male,Fever,Clinic,Dr. Miguel Fernandez,Check-up
2025-04-11,Adult,Male,Gastritis,Clinic,Dr. Victor Manuel,Check-up
2025-04-11,Senior,Female,Hypertension Monitoring,Clinic,Dr. Elena Bautista,Check-up
2025-04-11,Adult,Female,Hypertension Monitoring,Clinic,Dr. Elena Bautista,Check-up
2025-04-11,Adult,Male,Routine Medical Consultation,Clinic,Dr. Camille Tan,Check-up
2025-04-11,Child,Female,Upper Respiratory Infection,Clinic,Dr. Camille Tan,Check-up
2025-04-12,Senior,Female,Arterial & Venous Duplex Scan,Radiology,Dr. Henry Ong,Imaging
2025-04-12,Child,Female,Dermatitis and Allergy,Clinic,Dr. Paolo Rivera,Check-up
2025-04-12,Adult,Male,Diabetes Mellitus Monitoring,Clinic,Dr. Victor Manuel,Check-up
2025-04-12,Adult,Male,ECG,Cardiology,Dr. Miguel Fernandez,Cardiology
2025-04-13,Child,Female,Abdominal Pain,Clinic,Dr. Elena Bautista,Check-up
2025-04-13,Child,Male,Chloride (C),Laboratory,"Angela Reyes, RMT",Laboratory
2025-04-13,Child,Male,Plain Abdomen AP/LAT (Pedia),Radiology,Dr. Sofia Mercado,Imaging
2025-04-13,Adult,Male,Preventive Health Check-up,Clinic,Dr. Miguel Fernandez,Check-up
2025-04-14,Adult,Female,Dermatitis and Allergy,Clinic,Dr. Camille Tan,Check-up
2025-04-14,Adult,Male,Diabetes Mellitus Monitoring,Clinic,Dr. Victor Manuel,Check-up
2025-04-14,Adult,Female,Fever,Clinic,Dr. Miguel Fernandez,Check-up
2025-04-14,Adult,Male,Gastritis,Clinic,Dr. Elena Bautista,Check-up
2025-04-14,Adult,Female,Sodium (Na),Laboratory,"Rafael Torres, RMT",Laboratory
2025-04-14,Adult,Male,Troponin I Quantitative,Laboratory,"Joanna Lim, RMT",Laboratory
2025-04-15,Adult,Female,HBsAg Titer,Laboratory,"Carlo Navarro, RMT",Laboratory
2025-04-15,Adult,Female,Hypertension Monitoring,Clinic,Dr. Victor Manuel,Check-up
2025-04-15,Adult,Female,Upper Respiratory Infection,Clinic,Dr. Camille Tan,Check-up
2025-04-16,Adult,Female,Abdominal Pain,Clinic,Dr. Victor Manuel,Check-up
2025-04-16,Adult,Male,Hypertension Monitoring,Clinic,Dr. Elena Bautista,Check-up
2025-04-16,Senior,Male,Online Doctor Consultation,Clinic,Dr. Miguel Fernandez,Check-up
2025-04-16,Adult,Male,Routine Medical Consultation,Clinic,Dr. Ana Lopez,Check-up
2025-04-16,Child,Male,TT4 (Toal Thyroxine),Laboratory,"Mark Villanueva, RMT",Laboratory
2025-04-16,Senior,Female,Ultrasound,Radiology,Dr. Henry Ong,Imaging
2025-04-16,Adult,Male,Upper Respiratory Infection,Clinic,Dr. Ana Lopez,Check-up
2025-04-17,Adult,Female,Antigen Swab Test,Laboratory,"Mark Villanueva, RMT",Laboratory
2025-04-17,Adult,Female,D-DIMER Test,Laboratory,"Joanna Lim, RMT",Laboratory
2025-04-17,Adult,Female,Fever,Clinic,Dr. Ana Lopez,Check-up
2025-04-17,Adult,Female,Hematology,Laboratory,"Mark Villanueva, RMT",Laboratory
2025-04-17,Adult,Female,Prostate,Radiology,Dr. Sofia Mercado,Imaging
2025-04-17,Adult,Male,RBC Morphology (Urine),Laboratory,"Angela Reyes, RMT",Laboratory
2025-04-17,Senior,Male,Shoulder AP/LAT,Radiology,Dr. Andrea Sy,Imaging
2025-04-17,Adult,Male,Sodium (Na),Laboratory,"Angela Reyes, RMT",Laboratory
2025-04-17,Child,Female,Upper Respiratory Infection,Clinic,Dr. Miguel Fernandez,Check-up
2025-04-18,Adult,Male,APTT,Laboratory,"Mark Villanueva, RMT",Laboratory
2025-04-18,Adult,Female,Dermatitis and Allergy,Clinic,Dr. Miguel Fernandez,Check-up
2025-04-18,Child,Male,EGFR,Laboratory,"Angela Reyes, RMT",Laboratory
2025-04-18,Child,Female,Gastritis,Clinic,Dr. Victor Manuel,Check-up
2025-04-18,Adult,Male,Pleural/CSF Fluid Analysis,Laboratory,"Rafael Torres, RMT",Laboratory
2025-04-18,Adult,Female,Preventive Health Check-up,Clinic,Dr. Ana Lopez,Check-up
2025-04-19,Adult,Male,Face to Face Doctor Consultation,Clinic,Dr. Paolo Rivera,Check-up
2025-04-19,Child,Male,Fever,Clinic,Dr. Miguel Fernandez,Check-up
2025-04-19,Senior,Female,HDL,Laboratory,"Mark Villanueva, RMT",Laboratory
2025-04-19,Adult,Female,Hypertension Monitoring,Clinic,Dr. Victor Manuel,Check-up
2025-04-19,Child,Female,RT-PCR 12HRS,Laboratory,"Angela Reyes, RMT",Laboratory
2025-04-20,Adult,Female,Gastritis,Clinic,Dr. Elena Bautista,Check-up
2025-04-20,Adult,Female,Hypertension Monitoring,Clinic,Dr. Elena Bautista,Check-up
2025-04-20,Adult,Male,Hypertension Monitoring,Clinic,Dr. Victor Manuel,Check-up
2025-04-20,Adult,Male,Intact-PTH,Laboratory,"Patricia Mendoza, RMT",Laboratory
2025-04-20,Adult,Female,Physical Exam,Clinic,Dr. Ana Lopez,Pre-Employment Checkup
2025-04-20,Senior,Female,TPHA Screening,Laboratory,"Patricia Mendoza, RMT",Laboratory
2025-04-21,Adult,Male,Fever,Clinic,Dr. Camille Tan,Check-up
2025-04-21,Adult,Female,Fit Stool Test,Laboratory,"Mark Villanueva, RMT",Laboratory
2025-04-21,Senior,Male,Hand AP/OBLIQUE or AP/L (each),Radiology,Dr. Henry Ong,Imaging
2025-04-21,Adult,Male,Prolactin,Laboratory,"Mark Villanueva, RMT",Laboratory
2025-04-21,Senior,Female,Skull AP/LAT,Radiology,Dr. Sofia Mercado,Imaging
2025-04-21,Adult,Male,Upper Abdomen & Kidney,Radiology,Dr. Henry Ong,Imaging
2025-04-21,Adult,Female,Upper Respiratory Infection,Clinic,Dr. Camille Tan,Check-up
2025-04-22,Senior,Female,Asthma Monitoring,Clinic,Dr. Elena Bautista,Check-up
2025-04-22,Senior,Female,CBC,Laboratory,"Rafael Torres, RMT",Laboratory
2025-04-22,Adult,Male,Diabetes Mellitus Monitoring,Clinic,Dr. Victor Manuel,Check-up
2025-04-22,Adult,Female,EGFR,Laboratory,"Angela Reyes, RMT",Laboratory
2025-04-22,Adult,Female,Face to Face Doctor Consultation,Clinic,Dr. Ana Lopez,Check-up
2025-04-22,Adult,Female,Fever,Clinic,Dr. Paolo Rivera,Check-up
2025-04-22,Adult,Female,Gastritis,Clinic,Dr. Victor Manuel,Check-up
2025-04-22,Senior,Female,Hypertension Monitoring,Clinic,Dr. Victor Manuel,Check-up
2025-04-22,Child,Female,"OGCT Non-Pregnant (100g, 75g)",Laboratory,"Rafael Torres, RMT",Laboratory
2025-04-22,Child,Male,Preventive Health Check-up,Clinic,Dr. Miguel Fernandez,Check-up
2025-04-22,Adult,Male,Routine Medical Consultation,Clinic,Dr. Miguel Fernandez,Check-up
2025-04-22,Adult,Male,Upper Respiratory Infection,Clinic,Dr. Miguel Fernandez,Check-up
2025-04-22,Senior,Female,Upper and lower extremities,Radiology,Dr. Henry Ong,Imaging
2025-04-23,Adult,Male,Abdominal Pain,Clinic,Dr. Victor Manuel,Check-up
2025-04-23,Child,Female,Anti-Tetanus,Clinic,Dr. Ana Lopez,Vaccination
2025-04-23,Adult,Female,Blood Urea Nitrogen,Laboratory,"Carlo Navarro, RMT",Laboratory
2025-04-23,Adult,Male,Dermatitis and Allergy,Clinic,Dr. Ana Lopez,Check-up
2025-04-23,Adult,Male,Diabetes Mellitus Monitoring,Clinic,Dr. Victor Manuel,Check-up
2025-04-23,Adult,Female,Face to Face Doctor Consultation,Clinic,Dr. Miguel Fernandez,Check-up
2025-04-23,Adult,Female,Fever,Clinic,Dr. Miguel Fernandez,Check-up
2025-04-23,Adult,Male,Hepa C profile,Laboratory,"Rafael Torres, RMT",Laboratory
2025-04-23,Senior,Female,LH,Laboratory,"Mark Villanueva, RMT",Laboratory
2025-04-23,Senior,Male,Lumbosacral Spine AP/LAT,Radiology,Dr. Henry Ong,Imaging
2025-04-23,Senior,Male,T3,Laboratory,"Rafael Torres, RMT",Laboratory
2025-04-23,Adult,Female,TPHA Screening,Laboratory,"Joanna Lim, RMT",Laboratory
2025-04-23,Adult,Female,Upper Respiratory Infection,Clinic,Dr. Miguel Fernandez,Check-up
2025-04-23,Child,Male,Upper Respiratory Infection,Clinic,Dr. Camille Tan,Check-up
2025-04-24,Adult,Female,Anti-HBc IgM,Laboratory,"Patricia Mendoza, RMT",Laboratory
2025-04-24,Child,Male,Blood Cs with ARD (1 site),Laboratory,"Rafael Torres, RMT",Laboratory
2025-04-24,Adult,Male,Diabetes Mellitus Monitoring,Clinic,Dr. Victor Manuel,Check-up
2025-04-24,Adult,Male,Fecal Occult Blood,Laboratory,"Carlo Navarro, RMT",Laboratory
2025-04-24,Senior,Male,HCV-RNA,Laboratory,"Mark Villanueva, RMT",Laboratory
2025-04-24,Child,Female,Upper Respiratory Infection,Clinic,Dr. Paolo Rivera,Check-up
2025-04-25,Senior,Female,12L-ECG,Cardiology,Dr. Ana Lopez,Cardiology
2025-04-25,Child,Female,FSH,Laboratory,"Angela Reyes, RMT",Laboratory
2025-04-25,Adult,Male,Fever,Clinic,Dr. Miguel Fernandez,Check-up
2025-04-25,Adult,Female,Gastritis,Clinic,Dr. Elena Bautista,Check-up
2025-04-25,Child,Male,Inorganic Phosphorus (IPO4),Laboratory,"Carlo Navarro, RMT",Laboratory
2025-04-25,Adult,Male,Preventive Health Check-up,Clinic,Dr. Paolo Rivera,Check-up
2025-04-25,Adult,Female,RBS,Laboratory,"Mark Villanueva, RMT",Laboratory
2025-04-25,Child,Male,Routine Medical Consultation,Clinic,Dr. Paolo Rivera,Check-up
2025-04-26,Child,Female,Abdominal Pain,Clinic,Dr. Victor Manuel,Check-up
2025-04-26,Adult,Female,Glucose,Laboratory,"Joanna Lim, RMT",Laboratory
2025-04-26,Adult,Female,HBsAg Titer,Laboratory,"Rafael Torres, RMT",Laboratory
2025-04-26,Adult,Female,Physical Exam,Clinic,Dr. Ana Lopez,Pre-Employment Checkup
2025-04-26,Child,Male,RBC Morphology (Urine),Laboratory,"Patricia Mendoza, RMT",Laboratory
2025-04-26,Adult,Female,Scapular Y View,Radiology,Dr. Andrea Sy,Imaging
2025-04-26,Adult,Male,TPHA Screening,Laboratory,"Carlo Navarro, RMT",Laboratory
2025-04-26,Adult,Male,Upper Respiratory Infection,Clinic,Dr. Ana Lopez,Check-up
2025-04-27,Senior,Male,Hypertension Monitoring,Clinic,Dr. Elena Bautista,Check-up
2025-04-27,Adult,Female,Hypertension Monitoring,Clinic,Dr. Elena Bautista,Check-up
2025-04-27,Adult,Male,Protein,Laboratory,"Mark Villanueva, RMT",Laboratory
2025-04-27,Adult,Female,Typhil Dot,Laboratory,"Mark Villanueva, RMT",Laboratory
2025-04-27,Adult,Female,Urinalysis & Fecalysis,Annual Physical Examination,Dr. Camille Tan,Annual Physical Examination
2025-04-28,Adult,Male,Abdominal Pain,Clinic,Dr. Elena Bautista,Check-up
2025-04-28,Adult,Female,Abdominal Pain,Clinic,Dr. Victor Manuel,Check-up
2025-04-28,Child,Female,Anti-HAV Screening,Laboratory,"Angela Reyes, RMT",Laboratory
2025-04-28,Adult,Female,Anti-HBc Total,Laboratory,"Carlo Navarro, RMT",Laboratory
2025-04-28,Adult,Male,Asthma Monitoring,Clinic,Dr. Victor Manuel,Check-up
2025-04-28,Adult,Male,Dermatitis and Allergy,Clinic,Dr. Paolo Rivera,Check-up
2025-04-28,Adult,Female,Diabetes Mellitus Monitoring,Clinic,Dr. Elena Bautista,Check-up
2025-04-28,Adult,Female,EBV Igm,Laboratory,"Joanna Lim, RMT",Laboratory
2025-04-29,Senior,Male,Amylase,Laboratory,"Rafael Torres, RMT",Laboratory
2025-04-29,Adult,Female,EBV Igg,Laboratory,"Carlo Navarro, RMT",Laboratory
2025-04-29,Child,Male,HCV-Genotyping,Laboratory,"Rafael Torres, RMT",Laboratory
2025-04-29,Adult,Male,Hypertension Monitoring,Clinic,Dr. Elena Bautista,Check-up
2025-04-29,Adult,Female,Hypertension Monitoring,Clinic,Dr. Victor Manuel,Check-up
2025-04-29,Senior,Female,KUB & Prostatae,Radiology,Dr. Sofia Mercado,Imaging
2025-04-29,Senior,Female,Lipase,Laboratory,"Rafael Torres, RMT",Laboratory
2025-04-29,Senior,Male,Urinary Tract Infection,Clinic,Dr. Camille Tan,Check-up
2025-04-29,Senior,Male,Venous Duplex Scan (Unilateral),Radiology,Dr. Andrea Sy,Imaging
2025-04-30,Adult,Female,Dermatitis and Allergy,Clinic,Dr. Camille Tan,Check-up
2025-04-30,Adult,Female,Diabetes Mellitus Monitoring,Clinic,Dr. Elena Bautista,Check-up
2025-04-30,Adult,Male,Ferritin,Laboratory,"Joanna Lim, RMT",Laboratory
2025-04-30,Senior,Male,Fever,Clinic,Dr. Ana Lopez,Check-up
2025-04-30,Child,Male,Headache,Clinic,Dr. Paolo Rivera,Check-up
2025-04-30,Adult,Female,Pregnancy Test (Urine),Laboratory,"Joanna Lim, RMT",Laboratory
2025-04-30,Adult,Female,RBS,Laboratory,"Carlo Navarro, RMT",Laboratory
2025-04-30,Adult,Female,Reticulocyte Count,Laboratory,"Angela Reyes, RMT",Laboratory
2025-04-30,Adult,Female,THC (Marijuana),Drug Testing,"Angela Reyes, RMT",Drug Testing
2025-04-30,Senior,Female,Troponin I Quantitative,Laboratory,"Joanna Lim, RMT",Laboratory
2025-04-30,Adult,Male,Urinary Tract Infection,Clinic,Dr. Camille Tan,Check-up
2025-05-01,Senior,Female,Ankle Brachial Index (ABI),Radiology,Dr. Henry Ong,Imaging
2025-05-01,Adult,Male,Dermatitis and Allergy,Clinic,Dr. Ana Lopez,Check-up
2025-05-01,Adult,Female,Estrogen (RIA),Laboratory,"Patricia Mendoza, RMT",Laboratory
2025-05-01,Adult,Female,Gastritis,Clinic,Dr. Elena Bautista,Check-up
2025-05-01,Senior,Female,Gastritis,Clinic,Dr. Victor Manuel,Check-up
2025-05-01,Adult,Female,Headache,Clinic,Dr. Camille Tan,Check-up
2025-05-01,Adult,Male,Hypertension Monitoring,Clinic,Dr. Elena Bautista,Check-up
2025-05-01,Adult,Female,Micro Albumin (Micral Test),Laboratory,"Angela Reyes, RMT",Laboratory
2025-05-01,Adult,Female,Pelvic Ultrasound,Radiology,Dr. Henry Ong,Imaging
2025-05-01,Adult,Female,Upper Respiratory Infection,Clinic,Dr. Camille Tan,Check-up
2025-05-02,Adult,Male,Blood Cs (1 site),Laboratory,"Joanna Lim, RMT",Laboratory
2025-05-02,Adult,Male,Dermatitis and Allergy,Clinic,Dr. Camille Tan,Check-up
2025-05-02,Senior,Female,Diabetes Mellitus Monitoring,Clinic,Dr. Victor Manuel,Check-up
2025-05-02,Adult,Male,HBC-DNA,Laboratory,"Mark Villanueva, RMT",Laboratory
2025-05-02,Adult,Female,Hypertension Monitoring,Clinic,Dr. Elena Bautista,Check-up
2025-05-02,Adult,Female,TT4 (Toal Thyroxine),Laboratory,"Joanna Lim, RMT",Laboratory
2025-05-02,Adult,Female,Typhil Dot,Laboratory,"Joanna Lim, RMT",Laboratory
2025-05-02,Senior,Female,Urine C/S,Laboratory,"Joanna Lim, RMT",Laboratory
2025-05-03,Adult,Female,Asthma Monitoring,Clinic,Dr. Elena Bautista,Check-up
2025-05-03,Child,Male,Sodium (Na),Laboratory,"Joanna Lim, RMT",Laboratory
2025-05-03,Adult,Male,Urinalysis & Fecalysis,Clinic,Dr. Camille Tan,Pre-Employment Checkup
2025-05-04,Adult,Female,Anti-HBc IgM,Laboratory,"Angela Reyes, RMT",Laboratory
2025-05-04,Adult,Male,Asthma Monitoring,Clinic,Dr. Elena Bautista,Check-up
2025-05-04,Adult,Female,Dermatitis and Allergy,Clinic,Dr. Ana Lopez,Check-up
2025-05-04,Adult,Female,Diabetes Mellitus Monitoring,Clinic,Dr. Elena Bautista,Check-up
2025-05-04,Senior,Female,Diabetes Mellitus Monitoring,Clinic,Dr. Elena Bautista,Check-up
2025-05-04,Adult,Male,Gastritis,Clinic,Dr. Victor Manuel,Check-up
2025-05-04,Senior,Female,Kidney,Radiology,Dr. Sofia Mercado,Imaging
2025-05-04,Adult,Female,Protein,Laboratory,"Mark Villanueva, RMT",Laboratory
2025-05-04,Adult,Male,Total Iron,Laboratory,"Carlo Navarro, RMT",Laboratory
2025-05-05,Senior,Male,Arterial Duplex Scan (Unilateral),Radiology,Dr. Andrea Sy,Imaging
2025-05-05,Adult,Female,Dengue NS1,Laboratory,"Joanna Lim, RMT",Laboratory
2025-05-05,Child,Female,Fever,Clinic,Dr. Camille Tan,Check-up
2025-05-05,Child,Male,Gastritis,Clinic,Dr. Victor Manuel,Check-up
2025-05-05,Senior,Male,Hypertension Monitoring,Clinic,Dr. Elena Bautista,Check-up
2025-05-05,Adult,Female,Pregnancy Test (Serum),Laboratory,"Carlo Navarro, RMT",Laboratory
2025-05-05,Senior,Male,Rib Cage,Radiology,Dr. Andrea Sy,Imaging
2025-05-05,Adult,Male,Upper Respiratory Infection,Clinic,Dr. Miguel Fernandez,Check-up
2025-05-05,Adult,Male,Urinalysis & Fecalysis,Clinic,Dr. Ana Lopez,Pre-Employment Checkup
2025-05-06,Adult,Male,Abdominal Pain,Clinic,Dr. Elena Bautista,Check-up
2025-05-06,Adult,Female,Albumin (Protein) Creatinine Ratio,Laboratory,"Angela Reyes, RMT",Laboratory
2025-05-06,Child,Male,Asthma Monitoring,Clinic,Dr. Victor Manuel,Check-up
2025-05-06,Adult,Female,Dermatitis and Allergy,Clinic,Dr. Ana Lopez,Check-up
2025-05-06,Adult,Female,Fecal Occult Blood,Laboratory,"Rafael Torres, RMT",Laboratory
2025-05-06,Adult,Male,Forearm AP/LAT,Radiology,Dr. Sofia Mercado,Imaging
2025-05-06,Adult,Male,H. Pylori Igm (Quali)-serum,Laboratory,"Patricia Mendoza, RMT",Laboratory
2025-05-06,Adult,Male,Humerus AP/LAT,Radiology,Dr. Andrea Sy,Imaging
2025-05-06,Adult,Male,RA/RF Latex (Rheumatoid Factor),Laboratory,"Patricia Mendoza, RMT",Laboratory
2025-05-06,Adult,Male,RT-PCR 4-6HRS,Laboratory,"Angela Reyes, RMT",Laboratory
2025-05-07,Adult,Female,Ankle AP/LAT,Radiology,Dr. Sofia Mercado,Imaging
2025-05-07,Adult,Female,Asthma Monitoring,Clinic,Dr. Elena Bautista,Check-up
2025-05-07,Adult,Female,FT3 RIA,Laboratory,"Angela Reyes, RMT",Laboratory
2025-05-07,Adult,Male,Preventive Health Check-up,Clinic,Dr. Camille Tan,Check-up
2025-05-07,Adult,Male,Routine Medical Consultation,Clinic,Dr. Paolo Rivera,Check-up
2025-05-07,Adult,Male,TT4 (Toal Thyroxine),Laboratory,"Joanna Lim, RMT",Laboratory
2025-05-07,Adult,Male,Upper Abdomen,Radiology,Dr. Andrea Sy,Imaging
2025-05-07,Adult,Male,Urinary Tract Infection,Clinic,Dr. Paolo Rivera,Check-up
2025-05-08,Adult,Male,Asthma Monitoring,Clinic,Dr. Victor Manuel,Check-up
2025-05-08,Senior,Female,Asthma Monitoring,Clinic,Dr. Victor Manuel,Check-up
2025-05-08,Adult,Male,Diabetes Mellitus Monitoring,Clinic,Dr. Elena Bautista,Check-up
2025-05-08,Adult,Female,Diabetes Mellitus Monitoring,Clinic,Dr. Victor Manuel,Check-up
2025-05-08,Adult,Female,Fever,Clinic,Dr. Ana Lopez,Check-up
2025-05-08,Senior,Male,Gastritis,Clinic,Dr. Elena Bautista,Check-up
2025-05-08,Adult,Male,H. Pylori Igm (Quali)-serum,Laboratory,"Rafael Torres, RMT",Laboratory
2025-05-08,Adult,Male,HBA1C (edta),Laboratory,"Carlo Navarro, RMT",Laboratory
2025-05-08,Senior,Male,Hypertension Monitoring,Clinic,Dr. Victor Manuel,Check-up
2025-05-08,Adult,Male,Preventive Health Check-up,Clinic,Dr. Miguel Fernandez,Check-up
2025-05-08,Adult,Female,Routine Medical Consultation,Clinic,Dr. Paolo Rivera,Check-up
2025-05-09,Adult,Male,Calcium (C),Laboratory,"Mark Villanueva, RMT",Laboratory
2025-05-09,Senior,Male,Dermatitis and Allergy,Clinic,Dr. Ana Lopez,Check-up
2025-05-09,Senior,Male,Diabetes Mellitus Monitoring,Clinic,Dr. Victor Manuel,Check-up
2025-05-09,Adult,Female,HBsAg Titer,Laboratory,"Patricia Mendoza, RMT",Laboratory
2025-05-09,Child,Male,HCV-RNA,Laboratory,"Angela Reyes, RMT",Laboratory
2025-05-09,Adult,Female,Headache,Clinic,Dr. Miguel Fernandez,Check-up
2025-05-09,Child,Male,Typhil Dot,Laboratory,"Carlo Navarro, RMT",Laboratory
2025-05-09,Adult,Male,Upper Respiratory Infection,Clinic,Dr. Camille Tan,Check-up
2025-05-10,Child,Female,D-DIMER Test,Laboratory,"Patricia Mendoza, RMT",Laboratory
2025-05-10,Adult,Male,Dermatitis and Allergy,Clinic,Dr. Paolo Rivera,Check-up
2025-05-10,Adult,Male,Diabetes Mellitus Monitoring,Clinic,Dr. Elena Bautista,Check-up
2025-05-10,Senior,Male,Hypertension Monitoring,Clinic,Dr. Elena Bautista,Check-up
2025-05-10,Adult,Male,Sodium (Na),Laboratory,"Patricia Mendoza, RMT",Laboratory
2025-05-10,Adult,Female,Upper Respiratory Infection,Clinic,Dr. Ana Lopez,Check-up
2025-05-11,Child,Male,AFB Stain,Laboratory,"Joanna Lim, RMT",Laboratory
2025-05-11,Adult,Female,"Bilirubin (B1, B2)",Laboratory,"Angela Reyes, RMT",Laboratory
2025-05-11,Adult,Female,Blood Cs (1 site),Laboratory,"Joanna Lim, RMT",Laboratory
2025-05-11,Adult,Female,Dermatitis and Allergy,Clinic,Dr. Ana Lopez,Check-up
2025-05-11,Adult,Male,Paps Smear (7 days),Laboratory,"Angela Reyes, RMT",Laboratory
2025-05-12,Senior,Female,2D Echo (Plain),Cardiology,Dr. Miguel Fernandez,Cardiology
2025-05-12,Adult,Female,APTT,Laboratory,"Joanna Lim, RMT",Laboratory
2025-05-12,Senior,Male,Abdominal Pain,Clinic,Dr. Elena Bautista,Check-up
2025-05-12,Adult,Female,Asthma Monitoring,Clinic,Dr. Victor Manuel,Check-up
2025-05-12,Adult,Male,CPK-MM,Laboratory,"Mark Villanueva, RMT",Laboratory
2025-05-12,Adult,Female,CRP,Laboratory,"Patricia Mendoza, RMT",Laboratory
2025-05-12,Adult,Male,Dermatitis and Allergy,Clinic,Dr. Miguel Fernandez,Check-up
2025-05-12,Adult,Male,Inorganic Phosphorus (IPO4),Laboratory,"Patricia Mendoza, RMT",Laboratory
2025-05-12,Senior,Female,Tranvaginal,Radiology,Dr. Henry Ong,Imaging
2025-05-12,Adult,Male,Upper Respiratory Infection,Clinic,Dr. Ana Lopez,Check-up
2025-05-13,Adult,Male,CRP,Laboratory,"Rafael Torres, RMT",Laboratory
2025-05-13,Senior,Male,Dermatitis and Allergy,Clinic,Dr. Ana Lopez,Check-up
2025-05-13,Adult,Male,Diabetes Mellitus Monitoring,Clinic,Dr. Victor Manuel,Check-up
2025-05-13,Senior,Female,Diabetes Mellitus Monitoring,Clinic,Dr. Elena Bautista,Check-up
2025-05-13,Adult,Male,Diabetes Mellitus Monitoring,Clinic,Dr. Elena Bautista,Check-up
2025-05-13,Senior,Female,Gallbladder & Pancreas,Radiology,Dr. Sofia Mercado,Imaging
2025-05-13,Adult,Female,Headache,Clinic,Dr. Camille Tan,Check-up
2025-05-13,Senior,Female,Lower Abdomen,Radiology,Dr. Sofia Mercado,Imaging
2025-05-13,Adult,Female,Micro Albumin (Micral Test),Laboratory,"Carlo Navarro, RMT",Laboratory
2025-05-13,Adult,Male,Preventive Health Check-up,Clinic,Dr. Paolo Rivera,Check-up
2025-05-13,Adult,Female,TPHA Screening,Laboratory,"Rafael Torres, RMT",Laboratory
2025-05-13,Adult,Male,Total Protein,Laboratory,"Carlo Navarro, RMT",Laboratory
2025-05-13,Adult,Female,Wrist AP/L,Radiology,Dr. Andrea Sy,Imaging
2025-05-14,Adult,Female,ANA Screening,Laboratory,"Rafael Torres, RMT",Laboratory
2025-05-14,Adult,Female,Asthma Monitoring,Clinic,Dr. Victor Manuel,Check-up
2025-05-14,Adult,Male,Blood Uric Acid,Laboratory,"Rafael Torres, RMT",Laboratory
2025-05-14,Adult,Female,Chloride (CI),Laboratory,"Mark Villanueva, RMT",Laboratory
2025-05-14,Senior,Female,Intact-PTH,Laboratory,"Carlo Navarro, RMT",Laboratory
2025-05-14,Adult,Male,Rib Cage,Radiology,Dr. Henry Ong,Imaging
2025-05-14,Child,Male,Routine Medical Consultation,Clinic,Dr. Miguel Fernandez,Check-up
2025-05-14,Child,Female,Upper Respiratory Infection,Clinic,Dr. Ana Lopez,Check-up
2025-05-15,Child,Female,Antigen Swab Test,Laboratory,"Patricia Mendoza, RMT",Laboratory
2025-05-15,Adult,Male,CBC w/ Actual Platelet Count,Laboratory,"Angela Reyes, RMT",Laboratory
2025-05-15,Senior,Male,Diabetes Mellitus Monitoring,Clinic,Dr. Elena Bautista,Check-up
2025-05-15,Child,Male,Gastritis,Clinic,Dr. Victor Manuel,Check-up
2025-05-15,Adult,Male,Headache,Clinic,Dr. Ana Lopez,Check-up
2025-05-15,Adult,Female,Physical Exam,Annual Physical Examination,Dr. Ana Lopez,Annual Physical Examination
2025-05-15,Adult,Female,Progesterone,Laboratory,"Patricia Mendoza, RMT",Laboratory
2025-05-15,Senior,Female,Upper Respiratory Infection,Clinic,Dr. Camille Tan,Check-up
2025-05-16,Child,Female,Abdominal Pain,Clinic,Dr. Victor Manuel,Check-up
2025-05-16,Adult,Male,Asthma Monitoring,Clinic,Dr. Victor Manuel,Check-up
2025-05-16,Senior,Male,Carotid Duplex Scan (by appointment),Radiology,Dr. Sofia Mercado,Imaging
2025-05-16,Child,Male,Creatinine,Laboratory,"Rafael Torres, RMT",Laboratory
2025-05-16,Child,Female,Estrogen,Laboratory,"Rafael Torres, RMT",Laboratory
2025-05-16,Adult,Male,Glucose,Laboratory,"Mark Villanueva, RMT",Laboratory
2025-05-16,Senior,Female,Hypertension Monitoring,Clinic,Dr. Elena Bautista,Check-up
2025-05-16,Adult,Female,Intact-PTH,Laboratory,"Rafael Torres, RMT",Laboratory
2025-05-16,Adult,Male,Neck,Radiology,Dr. Andrea Sy,Imaging
2025-05-16,Adult,Female,Pregnancy Test (Urine),Laboratory,"Rafael Torres, RMT",Laboratory
2025-05-16,Adult,Male,Sperm Analysis WHO,Laboratory,"Joanna Lim, RMT",Laboratory
2025-05-17,Adult,Female,Anti-HBs,Laboratory,"Carlo Navarro, RMT",Laboratory
2025-05-17,Adult,Male,Blood Cs with ARD (1 site),Laboratory,"Angela Reyes, RMT",Laboratory
2025-05-17,Adult,Female,Dermatitis and Allergy,Clinic,Dr. Miguel Fernandez,Check-up
2025-05-17,Adult,Female,Fever,Clinic,Dr. Miguel Fernandez,Check-up
2025-05-17,Adult,Male,Gastritis,Clinic,Dr. Victor Manuel,Check-up
2025-05-17,Senior,Female,H. Pylori Stool,Laboratory,"Angela Reyes, RMT",Laboratory
2025-05-17,Adult,Female,Hypertension Monitoring,Clinic,Dr. Elena Bautista,Check-up
2025-05-17,Child,Female,Urinary Tract Infection,Clinic,Dr. Camille Tan,Check-up
2025-05-18,Adult,Male,Body Fluid Analysis (Package),Laboratory,"Rafael Torres, RMT",Laboratory
2025-05-18,Child,Male,Dermatitis and Allergy,Clinic,Dr. Camille Tan,Check-up
2025-05-18,Adult,Female,Gastritis,Clinic,Dr. Victor Manuel,Check-up
2025-05-18,Adult,Female,Routine Medical Consultation,Clinic,Dr. Paolo Rivera,Check-up
2025-05-18,Adult,Male,Routine Medical Consultation,Clinic,Dr. Miguel Fernandez,Check-up
2025-05-18,Adult,Female,SGOT (AST),Laboratory,"Rafael Torres, RMT",Laboratory
2025-05-18,Adult,Female,Tranvaginal,Radiology,Dr. Andrea Sy,Imaging
2025-05-19,Senior,Male,15L-ECG,Cardiology,Dr. Camille Tan,Cardiology
2025-05-19,Adult,Female,ASO Screening,Laboratory,"Carlo Navarro, RMT",Laboratory
2025-05-19,Adult,Male,"Bilirubin (B1, B2)",Laboratory,"Angela Reyes, RMT",Laboratory
2025-05-19,Adult,Male,Dermatitis and Allergy,Clinic,Dr. Paolo Rivera,Check-up
2025-05-19,Adult,Female,Dermatitis and Allergy,Clinic,Dr. Miguel Fernandez,Check-up
2025-05-19,Child,Female,FSH,Laboratory,"Patricia Mendoza, RMT",Laboratory
2025-05-19,Child,Female,Gastritis,Clinic,Dr. Victor Manuel,Check-up
2025-05-20,Adult,Male,Diabetes Mellitus Monitoring,Clinic,Dr. Victor Manuel,Check-up
2025-05-20,Senior,Male,Diabetes Mellitus Monitoring,Clinic,Dr. Elena Bautista,Check-up
2025-05-20,Adult,Female,Diabetes Mellitus Monitoring,Clinic,Dr. Victor Manuel,Check-up
2025-05-20,Adult,Male,Hypertension Monitoring,Clinic,Dr. Elena Bautista,Check-up
2025-05-20,Child,Female,Prothrombin Time,Laboratory,"Angela Reyes, RMT",Laboratory
2025-05-20,Adult,Female,RBC Morphology (Urine),Laboratory,"Joanna Lim, RMT",Laboratory
2025-05-20,Adult,Male,TSH,Laboratory,"Patricia Mendoza, RMT",Laboratory
2025-05-20,Adult,Male,Upper Respiratory Infection,Clinic,Dr. Camille Tan,Check-up
2025-05-20,Adult,Female,Upper Respiratory Infection,Clinic,Dr. Camille Tan,Check-up
2025-05-20,Child,Female,Urinalysis,Laboratory,"Patricia Mendoza, RMT",Laboratory
2025-05-21,Child,Male,Gastritis,Clinic,Dr. Victor Manuel,Check-up
2025-05-21,Senior,Male,Hypertension Monitoring,Clinic,Dr. Victor Manuel,Check-up
2025-05-21,Senior,Female,Routine Medical Consultation,Clinic,Dr. Miguel Fernandez,Check-up
2025-05-21,Senior,Male,T4,Laboratory,"Mark Villanueva, RMT",Laboratory
2025-05-22,Adult,Female,Calcium (C),Laboratory,"Joanna Lim, RMT",Laboratory
2025-05-22,Senior,Male,Diabetes Mellitus Monitoring,Clinic,Dr. Victor Manuel,Check-up
2025-05-22,Adult,Female,Diabetes Mellitus Monitoring,Clinic,Dr. Victor Manuel,Check-up
2025-05-22,Adult,Female,Diabetes Mellitus Monitoring,Clinic,Dr. Elena Bautista,Check-up
2025-05-22,Adult,Male,Diabetes Mellitus Monitoring,Clinic,Dr. Elena Bautista,Check-up
2025-05-22,Adult,Male,FBS,Laboratory,"Patricia Mendoza, RMT",Laboratory
2025-05-22,Adult,Female,Fever,Clinic,Dr. Miguel Fernandez,Check-up
2025-05-22,Child,Male,Fit Stool Test,Laboratory,"Mark Villanueva, RMT",Laboratory
2025-05-22,Adult,Female,Hypertension Monitoring,Clinic,Dr. Elena Bautista,Check-up
2025-05-22,Adult,Male,Hypertension Monitoring,Clinic,Dr. Victor Manuel,Check-up
2025-05-22,Adult,Female,Immunology/Serology,Laboratory,"Rafael Torres, RMT",Laboratory
2025-05-22,Senior,Female,Neck,Radiology,Dr. Sofia Mercado,Imaging
2025-05-22,Senior,Female,Pancreas & Spleen,Radiology,Dr. Henry Ong,Imaging
2025-05-22,Adult,Female,Routine Medical Consultation,Clinic,Dr. Paolo Rivera,Check-up
2025-05-22,Adult,Female,TBIC (Total Iron Binding Capacity),Laboratory,"Carlo Navarro, RMT",Laboratory
2025-05-22,Adult,Female,Urinary Tract Infection,Clinic,Dr. Miguel Fernandez,Check-up
2025-05-23,Adult,Female,Abdominal Pain,Clinic,Dr. Elena Bautista,Check-up
2025-05-23,Adult,Female,Gastritis,Clinic,Dr. Elena Bautista,Check-up
2025-05-23,Adult,Female,MET (Shabu),Drug Testing,"Mark Villanueva, RMT",Drug Testing
2025-05-23,Adult,Female,Online Doctor Consultation,Clinic,Dr. Ana Lopez,Check-up
2025-05-23,Child,Male,RT-PCR 12HRS,Laboratory,"Angela Reyes, RMT",Laboratory
2025-05-24,Adult,Male,Abdominal Pain,Clinic,Dr. Elena Bautista,Check-up
2025-05-24,Senior,Female,Dermatitis and Allergy,Clinic,Dr. Miguel Fernandez,Check-up
2025-05-24,Adult,Female,Headache,Clinic,Dr. Camille Tan,Check-up
2025-05-24,Adult,Female,Nasal Bone AP/LAT,Radiology,Dr. Andrea Sy,Imaging
2025-05-24,Child,Male,Total Iron,Laboratory,"Patricia Mendoza, RMT",Laboratory
2025-05-24,Adult,Male,Venous Duplex Scan (Bilateral),Radiology,Dr. Henry Ong,Imaging
2025-05-25,Adult,Female,Body Fluid Analysis (Package),Laboratory,"Rafael Torres, RMT",Laboratory
2025-05-25,Adult,Female,Dengue NS1,Laboratory,"Angela Reyes, RMT",Laboratory
2025-05-25,Child,Male,Fever,Clinic,Dr. Camille Tan,Check-up
2025-05-25,Adult,Male,Glucose,Laboratory,"Patricia Mendoza, RMT",Laboratory
2025-05-25,Adult,Male,Hypertension Monitoring,Clinic,Dr. Elena Bautista,Check-up
2025-05-25,Adult,Male,Urinalysis & Fecalysis,Clinic,Dr. Miguel Fernandez,Pre-Employment Checkup
2025-05-26,Adult,Female,ANA Screening,Laboratory,"Patricia Mendoza, RMT",Laboratory
2025-05-26,Adult,Male,Physical Exam,Annual Physical Examination,Dr. Paolo Rivera,Annual Physical Examination
2025-05-26,Senior,Female,Preventive Health Check-up,Clinic,Dr. Miguel Fernandez,Check-up
2025-05-26,Adult,Male,Urinalysis,Laboratory,"Rafael Torres, RMT",Laboratory
2025-05-27,Senior,Male,Blood Uric Acid,Laboratory,"Patricia Mendoza, RMT",Laboratory
2025-05-27,Adult,Male,CRP Qualitative,Laboratory,"Angela Reyes, RMT",Laboratory
2025-05-27,Senior,Male,Dengue NS1,Laboratory,"Angela Reyes, RMT",Laboratory
2025-05-27,Child,Female,Dermatitis and Allergy,Clinic,Dr. Ana Lopez,Check-up
2025-05-27,Senior,Female,Diabetes Mellitus Monitoring,Clinic,Dr. Victor Manuel,Check-up
2025-05-27,Adult,Female,Gallbladder & Pancreas,Radiology,Dr. Andrea Sy,Imaging
2025-05-27,Adult,Male,Routine Medical Consultation,Clinic,Dr. Ana Lopez,Check-up
2025-05-27,Adult,Female,Routine Medical Consultation,Clinic,Dr. Paolo Rivera,Check-up
2025-05-27,Adult,Male,Sodium (Na),Laboratory,"Joanna Lim, RMT",Laboratory
2025-05-27,Adult,Male,Troponin T Qualitive,Laboratory,"Carlo Navarro, RMT",Laboratory
2025-05-28,Child,Male,2D Echo Pedia,Cardiology,Dr. Camille Tan,Cardiology
2025-05-28,Adult,Male,ANA Titer,Laboratory,"Rafael Torres, RMT",Laboratory
2025-05-28,Adult,Male,Asthma Monitoring,Clinic,Dr. Victor Manuel,Check-up
2025-05-28,Adult,Female,Dermatitis and Allergy,Clinic,Dr. Paolo Rivera,Check-up
2025-05-28,Adult,Male,Diabetes Mellitus Monitoring,Clinic,Dr. Elena Bautista,Check-up
2025-05-28,Adult,Male,Drug Test (Urine),Laboratory,"Rafael Torres, RMT",Laboratory
2025-05-28,Adult,Male,Fecalysis,Laboratory,"Joanna Lim, RMT",Laboratory
2025-05-28,Adult,Female,Routine Medical Consultation,Clinic,Dr. Camille Tan,Check-up
2025-05-29,Adult,Female,Chloride (CI),Laboratory,"Carlo Navarro, RMT",Laboratory
2025-05-29,Senior,Female,Diabetes Mellitus Monitoring,Clinic,Dr. Elena Bautista,Check-up
2025-05-29,Adult,Male,EBV Igg,Laboratory,"Angela Reyes, RMT",Laboratory
2025-05-29,Senior,Male,ECG (12 Lead) Adult,Cardiology,Dr. Miguel Fernandez,Cardiology
2025-05-29,Adult,Male,Gastritis,Clinic,Dr. Elena Bautista,Check-up
2025-05-29,Adult,Female,Headache,Clinic,Dr. Paolo Rivera,Check-up
2025-05-29,Senior,Male,Liver & Gallbladder,Radiology,Dr. Sofia Mercado,Imaging
2025-05-29,Senior,Male,RT-PCR 12HRS,Laboratory,"Mark Villanueva, RMT",Laboratory
2025-05-29,Child,Male,Total Calcium (TCa),Laboratory,"Rafael Torres, RMT",Laboratory
2025-05-29,Child,Male,Urinalysis & Fecalysis,Annual Physical Examination,Dr. Paolo Rivera,Annual Physical Examination
2025-05-29,Senior,Female,Urinalysis & Fecalysis,Annual Physical Examination,Dr. Ana Lopez,Annual Physical Examination
2025-05-30,Adult,Male,Albumin (Protein) Creatinine Ratio,Laboratory,"Rafael Torres, RMT",Laboratory
2025-05-30,Adult,Female,Blood Cs with ARD (1 site),Laboratory,"Patricia Mendoza, RMT",Laboratory
2025-05-30,Adult,Female,C4,Laboratory,"Patricia Mendoza, RMT",Laboratory
2025-05-30,Adult,Male,Calcium (C),Laboratory,"Carlo Navarro, RMT",Laboratory
2025-05-30,Adult,Male,Clotting Time,Laboratory,"Joanna Lim, RMT",Laboratory
2025-05-30,Adult,Female,Dermatitis and Allergy,Clinic,Dr. Miguel Fernandez,Check-up
2025-05-30,Adult,Female,H. Pylori Stool,Laboratory,"Angela Reyes, RMT",Laboratory
2025-05-30,Child,Male,Headache,Clinic,Dr. Miguel Fernandez,Check-up
2025-05-30,Adult,Male,Hypertension Monitoring,Clinic,Dr. Victor Manuel,Check-up
2025-05-30,Child,Female,Sodium (Na),Laboratory,"Rafael Torres, RMT",Laboratory
2025-05-30,Adult,Female,Sperm Analysis WHO,Laboratory,"Carlo Navarro, RMT",Laboratory
2025-05-30,Adult,Female,Tranvaginal,Radiology,Dr. Sofia Mercado,Imaging
2025-05-30,Adult,Male,Urinary Tract Infection,Clinic,Dr. Miguel Fernandez,Check-up
2025-05-31,Adult,Male,Fever,Clinic,Dr. Paolo Rivera,Check-up
2025-05-31,Adult,Male,Fever,Clinic,Dr. Camille Tan,Check-up
2025-05-31,Senior,Male,Hypertension Monitoring,Clinic,Dr. Elena Bautista,Check-up
2025-05-31,Adult,Female,Hypertension Monitoring,Clinic,Dr. Victor Manuel,Check-up
2025-05-31,Adult,Male,Scoliosis Series,Radiology,Dr. Henry Ong,Imaging
2025-05-31,Adult,Male,Thoraco Lumbar,Radiology,Dr. Henry Ong,Imaging
2025-06-01,Adult,Male,HBA1C (edta),Laboratory,"Angela Reyes, RMT",Laboratory
2025-06-01,Adult,Female,Hypertension Monitoring,Clinic,Dr. Elena Bautista,Check-up
2025-06-01,Adult,Male,Inorganic Phosphorus (IPO4),Laboratory,"Rafael Torres, RMT",Laboratory
2025-06-01,Adult,Male,Neck,Radiology,Dr. Henry Ong,Imaging
2025-06-01,Child,Male,Prothrombin Time,Laboratory,"Mark Villanueva, RMT",Laboratory
2025-06-01,Adult,Female,Routine Medical Consultation,Clinic,Dr. Miguel Fernandez,Check-up
2025-06-01,Adult,Male,Upper Respiratory Infection,Clinic,Dr. Paolo Rivera,Check-up
2025-06-02,Adult,Female,Estradiol/Estrogen,Laboratory,"Patricia Mendoza, RMT",Laboratory
2025-06-02,Senior,Male,Hypertension Monitoring,Clinic,Dr. Victor Manuel,Check-up
2025-06-02,Senior,Male,Prostate,Radiology,Dr. Sofia Mercado,Imaging
2025-06-03,Senior,Male,Diabetes Mellitus Monitoring,Clinic,Dr. Elena Bautista,Check-up
2025-06-03,Adult,Female,HBC-DNA,Laboratory,"Carlo Navarro, RMT",Laboratory
2025-06-03,Child,Female,Hepa C profile,Laboratory,"Joanna Lim, RMT",Laboratory
2025-06-03,Adult,Male,Hypertension Monitoring,Clinic,Dr. Victor Manuel,Check-up
2025-06-03,Adult,Female,Urinalysis,Laboratory,"Carlo Navarro, RMT",Laboratory
2025-06-04,Child,Female,Asthma Monitoring,Clinic,Dr. Elena Bautista,Check-up
2025-06-04,Adult,Male,Dermatitis and Allergy,Clinic,Dr. Camille Tan,Check-up
2025-06-04,Senior,Female,Diabetes Mellitus Monitoring,Clinic,Dr. Elena Bautista,Check-up
2025-06-04,Adult,Female,FTA-ABS,Laboratory,"Angela Reyes, RMT",Laboratory
2025-06-04,Child,Male,Fever,Clinic,Dr. Miguel Fernandez,Check-up
2025-06-04,Adult,Male,Gastritis,Clinic,Dr. Victor Manuel,Check-up
2025-06-04,Adult,Male,Hypertension Monitoring,Clinic,Dr. Elena Bautista,Check-up
2025-06-04,Adult,Male,Immunology/Serology,Laboratory,"Patricia Mendoza, RMT",Laboratory
2025-06-04,Adult,Male,"OGCT Post-Pregnant (100g, 75g)​",Laboratory,"Patricia Mendoza, RMT",Laboratory
2025-06-04,Child,Female,Upper Respiratory Infection,Clinic,Dr. Miguel Fernandez,Check-up
2025-06-04,Adult,Male,Urinary Tract Infection,Clinic,Dr. Ana Lopez,Check-up
2025-06-05,Adult,Male,FT3 RIA,Laboratory,"Angela Reyes, RMT",Laboratory
2025-06-05,Child,Female,HIV (Screening),Laboratory,"Mark Villanueva, RMT",Laboratory
2025-06-05,Adult,Female,Hepa C profile,Laboratory,"Carlo Navarro, RMT",Laboratory
2025-06-05,Senior,Female,Hypertension Monitoring,Clinic,Dr. Elena Bautista,Check-up
2025-06-05,Adult,Female,Protein,Laboratory,"Mark Villanueva, RMT",Laboratory
2025-06-05,Adult,Female,Upper Respiratory Infection,Clinic,Dr. Paolo Rivera,Check-up
2025-06-06,Child,Female,Alkaline Phosphates,Laboratory,"Rafael Torres, RMT",Laboratory
2025-06-06,Adult,Male,Breast,Radiology,Dr. Henry Ong,Imaging
2025-06-06,Adult,Male,CRP,Laboratory,"Carlo Navarro, RMT",Laboratory
2025-06-06,Adult,Female,EBV Igm,Laboratory,"Patricia Mendoza, RMT",Laboratory
2025-06-06,Child,Male,HCV-RNA,Laboratory,"Angela Reyes, RMT",Laboratory
2025-06-06,Adult,Male,"Iron Studies (TI, TIBC, Ferritin)",Laboratory,"Angela Reyes, RMT",Laboratory
2025-06-06,Adult,Male,TT4 (Toal Thyroxine),Laboratory,"Rafael Torres, RMT",Laboratory
2025-06-06,Adult,Female,Troponin I Qualitive,Laboratory,"Rafael Torres, RMT",Laboratory
2025-06-06,Adult,Female,Upper Respiratory Infection,Clinic,Dr. Camille Tan,Check-up
2025-06-07,Child,Male,ANA Screening,Laboratory,"Angela Reyes, RMT",Laboratory
2025-06-07,Child,Female,Creatinine,Laboratory,"Rafael Torres, RMT",Laboratory
2025-06-07,Adult,Male,Diabetes Mellitus Monitoring,Clinic,Dr. Elena Bautista,Check-up
2025-06-07,Child,Male,H. Pylori Igm (Quali)-serum,Laboratory,"Angela Reyes, RMT",Laboratory
2025-06-07,Adult,Female,Hypertension Monitoring,Clinic,Dr. Elena Bautista,Check-up
2025-06-07,Adult,Male,Inorganic Phosphorus (IPO4),Laboratory,"Joanna Lim, RMT",Laboratory
2025-06-07,Child,Male,Urinary Tract Infection,Clinic,Dr. Miguel Fernandez,Check-up
2025-06-08,Adult,Male,Asthma Monitoring,Clinic,Dr. Elena Bautista,Check-up
2025-06-08,Adult,Female,Asthma Monitoring,Clinic,Dr. Elena Bautista,Check-up
2025-06-08,Child,Male,Chloride (CI),Laboratory,"Patricia Mendoza, RMT",Laboratory
2025-06-08,Adult,Male,Clinical Chemistry,Laboratory,"Carlo Navarro, RMT",Laboratory
2025-06-08,Senior,Male,Diabetes Mellitus Monitoring,Clinic,Dr. Victor Manuel,Check-up
2025-06-08,Child,Male,FT3 RIA,Laboratory,"Angela Reyes, RMT",Laboratory
2025-06-08,Adult,Male,GGTP,Laboratory,"Joanna Lim, RMT",Laboratory
2025-06-08,Adult,Male,Potassium (K),Laboratory,"Rafael Torres, RMT",Laboratory
2025-06-08,Adult,Female,Thyroid,Radiology,Dr. Sofia Mercado,Imaging
2025-06-08,Adult,Male,Total Calcium (TCa),Laboratory,"Rafael Torres, RMT",Laboratory
2025-06-09,Adult,Male,AFB Stain,Laboratory,"Mark Villanueva, RMT",Laboratory
2025-06-09,Adult,Male,Micro Albumin (Micral Test),Laboratory,"Patricia Mendoza, RMT",Laboratory
2025-06-09,Adult,Female,Preventive Health Check-up,Clinic,Dr. Paolo Rivera,Check-up
2025-06-09,Child,Female,Upper Respiratory Infection,Clinic,Dr. Camille Tan,Check-up
2025-06-10,Adult,Female,Abdominal Pain,Clinic,Dr. Victor Manuel,Check-up
2025-06-10,Adult,Female,Calcium (C),Laboratory,"Patricia Mendoza, RMT",Laboratory
2025-06-10,Child,Female,GGTP,Laboratory,"Patricia Mendoza, RMT",Laboratory
2025-06-10,Adult,Female,Glucose,Laboratory,"Carlo Navarro, RMT",Laboratory
2025-06-10,Adult,Male,HCV Screening,Laboratory,"Rafael Torres, RMT",Laboratory
2025-06-10,Child,Male,Prolactin,Laboratory,"Angela Reyes, RMT",Laboratory
2025-06-10,Senior,Male,Routine Medical Consultation,Clinic,Dr. Ana Lopez,Check-up
2025-06-10,Adult,Male,Transrectal Ultrasound (Male),Radiology,Dr. Andrea Sy,Imaging
2025-06-10,Child,Male,Upper Respiratory Infection,Clinic,Dr. Paolo Rivera,Check-up
2025-06-10,Adult,Male,Upper Respiratory Infection,Clinic,Dr. Miguel Fernandez,Check-up
2025-06-11,Senior,Female,CRP,Laboratory,"Carlo Navarro, RMT",Laboratory
2025-06-11,Adult,Male,Dermatitis and Allergy,Clinic,Dr. Paolo Rivera,Check-up
2025-06-11,Senior,Female,Diabetes Mellitus Monitoring,Clinic,Dr. Elena Bautista,Check-up
2025-06-11,Adult,Female,Gram Stain,Laboratory,"Carlo Navarro, RMT",Laboratory
2025-06-11,Adult,Male,Routine Medical Consultation,Clinic,Dr. Ana Lopez,Check-up
2025-06-11,Adult,Female,Troponin I Qualitive,Laboratory,"Angela Reyes, RMT",Laboratory
2025-06-11,Senior,Female,Upper Respiratory Infection,Clinic,Dr. Ana Lopez,Check-up
2025-06-12,Adult,Female,Abdominal Pain,Clinic,Dr. Elena Bautista,Check-up
2025-06-12,Adult,Female,Albumin (Protein) Creatinine Ratio,Laboratory,"Joanna Lim, RMT",Laboratory
2025-06-12,Adult,Male,Diabetes Mellitus Monitoring,Clinic,Dr. Victor Manuel,Check-up
2025-06-12,Senior,Male,Diabetes Mellitus Monitoring,Clinic,Dr. Elena Bautista,Check-up
2025-06-12,Adult,Female,Diabetes Mellitus Monitoring,Clinic,Dr. Victor Manuel,Check-up
2025-06-12,Adult,Male,EGFR,Laboratory,"Rafael Torres, RMT",Laboratory
2025-06-12,Adult,Female,Knee Joint AP/LAT,Radiology,Dr. Sofia Mercado,Imaging
2025-06-12,Adult,Female,Urinary Tract Infection,Clinic,Dr. Ana Lopez,Check-up
2025-06-13,Adult,Female,Diabetes Mellitus Monitoring,Clinic,Dr. Victor Manuel,Check-up
2025-06-13,Senior,Male,Diabetes Mellitus Monitoring,Clinic,Dr. Elena Bautista,Check-up
2025-06-13,Adult,Male,Glucose,Laboratory,"Rafael Torres, RMT",Laboratory
2025-06-13,Adult,Female,Hepa A&B profile,Laboratory,"Patricia Mendoza, RMT",Laboratory
2025-06-13,Senior,Female,Hypertension Monitoring,Clinic,Dr. Victor Manuel,Check-up
2025-06-13,Adult,Female,Soft Tissue,Radiology,Dr. Henry Ong,Imaging
2025-06-13,Child,Male,TSH,Laboratory,"Mark Villanueva, RMT",Laboratory
2025-06-13,Child,Female,Upper Respiratory Infection,Clinic,Dr. Miguel Fernandez,Check-up
2025-06-14,Adult,Female,Clinical Chemistry,Laboratory,"Rafael Torres, RMT",Laboratory
2025-06-14,Adult,Female,Dermatitis and Allergy,Clinic,Dr. Ana Lopez,Check-up
2025-06-14,Child,Male,TPPA Qualitative,Laboratory,"Joanna Lim, RMT",Laboratory
2025-06-14,Adult,Female,Urinalysis & Fecalysis,Annual Physical Examination,Dr. Miguel Fernandez,Annual Physical Examination
2025-06-15,Adult,Female,ANA Titer,Laboratory,"Joanna Lim, RMT",Laboratory
2025-06-15,Adult,Male,Amylase,Laboratory,"Rafael Torres, RMT",Laboratory
2025-06-15,Adult,Male,Chloride (CI),Laboratory,"Rafael Torres, RMT",Laboratory
2025-06-15,Adult,Male,Dermatitis and Allergy,Clinic,Dr. Camille Tan,Check-up
2025-06-15,Adult,Male,Diabetes Mellitus Monitoring,Clinic,Dr. Elena Bautista,Check-up
2025-06-15,Senior,Male,EBV Igg,Laboratory,"Patricia Mendoza, RMT",Laboratory
2025-06-15,Adult,Male,Fecal Occult Blood,Laboratory,"Carlo Navarro, RMT",Laboratory
2025-06-15,Adult,Female,Gastritis,Clinic,Dr. Victor Manuel,Check-up
2025-06-15,Adult,Male,Gastritis,Clinic,Dr. Victor Manuel,Check-up
2025-06-15,Adult,Male,Gram Stain,Laboratory,"Rafael Torres, RMT",Laboratory
2025-06-15,Adult,Male,Headache,Clinic,Dr. Paolo Rivera,Check-up
2025-06-15,Child,Male,Hemodialysis Kinetics (pre & post BUN),Laboratory,"Mark Villanueva, RMT",Laboratory
2025-06-15,Senior,Male,Hypertension Monitoring,Clinic,Dr. Victor Manuel,Check-up
2025-06-15,Adult,Female,Hypertension Monitoring,Clinic,Dr. Victor Manuel,Check-up
2025-06-15,Adult,Male,Hypertension Monitoring,Clinic,Dr. Elena Bautista,Check-up
2025-06-15,Adult,Female,Urinary Tract Infection,Clinic,Dr. Paolo Rivera,Check-up
2025-06-15,Adult,Male,Urinary Tract Infection,Clinic,Dr. Paolo Rivera,Check-up
2025-06-16,Adult,Female,Asthma Monitoring,Clinic,Dr. Victor Manuel,Check-up
2025-06-16,Adult,Male,Blood Urea Nitrogen,Laboratory,"Angela Reyes, RMT",Laboratory
2025-06-16,Adult,Female,Face to Face Doctor Consultation,Clinic,Dr. Paolo Rivera,Check-up
2025-06-16,Senior,Male,General Ultrasound (Abdomen),Radiology,Dr. Sofia Mercado,Imaging
2025-06-16,Adult,Female,HBsAg Screening,Laboratory,"Mark Villanueva, RMT",Laboratory
2025-06-16,Senior,Male,Headache,Clinic,Dr. Miguel Fernandez,Check-up
2025-06-16,Adult,Female,Hypertension Monitoring,Clinic,Dr. Elena Bautista,Check-up
2025-06-17,Adult,Male,Asthma Monitoring,Clinic,Dr. Elena Bautista,Check-up
2025-06-17,Adult,Male,CPK-MM,Laboratory,"Angela Reyes, RMT",Laboratory
2025-06-17,Senior,Female,ECG,Home Service,"Mark Villanueva, RMT",Home Service
2025-06-17,Adult,Male,EGFR,Laboratory,"Mark Villanueva, RMT",Laboratory
2025-06-17,Adult,Female,Ferritin,Laboratory,"Angela Reyes, RMT",Laboratory
2025-06-17,Adult,Male,Headache,Clinic,Dr. Miguel Fernandez,Check-up
2025-06-17,Adult,Male,Hypertension Monitoring,Clinic,Dr. Victor Manuel,Check-up
2025-06-17,Senior,Female,Routine Medical Consultation,Clinic,Dr. Ana Lopez,Check-up
2025-06-17,Adult,Male,Typhil Dot,Laboratory,"Joanna Lim, RMT",Laboratory
2025-06-17,Adult,Male,Upper Respiratory Infection,Clinic,Dr. Camille Tan,Check-up
2025-06-17,Adult,Female,Urinary Tract Infection,Clinic,Dr. Ana Lopez,Check-up
2025-06-18,Adult,Male,ASO Screening,Laboratory,"Rafael Torres, RMT",Laboratory
2025-06-18,Adult,Female,Abdominal Pain,Clinic,Dr. Elena Bautista,Check-up
2025-06-18,Child,Male,Anti-HBe,Laboratory,"Mark Villanueva, RMT",Laboratory
2025-06-18,Child,Female,Body Fluid Analysis (Package),Laboratory,"Rafael Torres, RMT",Laboratory
2025-06-18,Adult,Male,Cholesterol,Laboratory,"Mark Villanueva, RMT",Laboratory
2025-06-18,Adult,Male,Diabetes Mellitus Monitoring,Clinic,Dr. Victor Manuel,Check-up
2025-06-18,Adult,Female,"Hepa A,B,C",Laboratory,"Angela Reyes, RMT",Laboratory
2025-06-18,Adult,Female,Ionized Calcium (Ica),Laboratory,"Mark Villanueva, RMT",Laboratory
2025-06-18,Adult,Male,Preventive Health Check-up,Clinic,Dr. Ana Lopez,Check-up
2025-06-19,Adult,Male,Bicarbonate,Laboratory,"Rafael Torres, RMT",Laboratory
2025-06-19,Adult,Female,Blood Uric Acid,Laboratory,"Patricia Mendoza, RMT",Laboratory
2025-06-19,Adult,Female,CBC,Annual Physical Examination,Dr. Paolo Rivera,Annual Physical Examination
2025-06-19,Adult,Male,Dermatitis and Allergy,Clinic,Dr. Miguel Fernandez,Check-up
2025-06-19,Senior,Male,FSH,Laboratory,"Patricia Mendoza, RMT",Laboratory
2025-06-19,Adult,Male,Fever,Clinic,Dr. Ana Lopez,Check-up
2025-06-19,Adult,Female,Gastritis,Clinic,Dr. Elena Bautista,Check-up
2025-06-19,Adult,Female,Skull AP/LAT,Radiology,Dr. Henry Ong,Imaging
2025-06-19,Adult,Female,TPHA Screening,Laboratory,"Carlo Navarro, RMT",Laboratory
2025-06-19,Adult,Male,Typhil Dot,Laboratory,"Angela Reyes, RMT",Laboratory
2025-06-20,Child,Male,ASO Titer,Laboratory,"Joanna Lim, RMT",Laboratory
2025-06-20,Adult,Female,CPK Total,Laboratory,"Carlo Navarro, RMT",Laboratory
2025-06-20,Adult,Male,Chloride (CI),Laboratory,"Patricia Mendoza, RMT",Laboratory
2025-06-20,Adult,Male,EBV Igm,Laboratory,"Mark Villanueva, RMT",Laboratory
2025-06-20,Adult,Female,ECG,Home Service,"Carlo Navarro, RMT",Home Service
2025-06-20,Child,Male,ECG (15 Lead) Pedia (0-17 years old),Cardiology,Dr. Miguel Fernandez,Cardiology
2025-06-20,Senior,Male,Fever,Clinic,Dr. Camille Tan,Check-up
2025-06-20,Adult,Female,Gastritis,Clinic,Dr. Elena Bautista,Check-up
2025-06-20,Senior,Female,Hand AP/OBLIQUE/Lateral,Radiology,Dr. Henry Ong,Imaging
2025-06-20,Adult,Female,Pelvic,Radiology,Dr. Henry Ong,Imaging
2025-06-20,Adult,Male,Pelvic,Radiology,Dr. Sofia Mercado,Imaging
2025-06-20,Adult,Female,Preventive Health Check-up,Clinic,Dr. Camille Tan,Check-up
2025-06-20,Child,Male,Routine Medical Consultation,Clinic,Dr. Paolo Rivera,Check-up
2025-06-20,Child,Male,Sodium (Na),Laboratory,"Mark Villanueva, RMT",Laboratory
2025-06-20,Adult,Female,TPHA Titer,Laboratory,"Rafael Torres, RMT",Laboratory
2025-06-21,Adult,Male,Abdominal Pain,Clinic,Dr. Victor Manuel,Check-up
2025-06-21,Adult,Female,Abdominal Pain,Clinic,Dr. Elena Bautista,Check-up
2025-06-21,Child,Male,Anti-HBs,Laboratory,"Patricia Mendoza, RMT",Laboratory
2025-06-21,Adult,Male,Asthma Monitoring,Clinic,Dr. Elena Bautista,Check-up
2025-06-21,Adult,Female,"Bilirubin (B1, B2)",Laboratory,"Carlo Navarro, RMT",Laboratory
2025-06-21,Adult,Female,Chloride (CI),Laboratory,"Angela Reyes, RMT",Laboratory
2025-06-21,Adult,Male,Dermatitis and Allergy,Clinic,Dr. Miguel Fernandez,Check-up
2025-06-21,Adult,Female,Diabetes Mellitus Monitoring,Clinic,Dr. Victor Manuel,Check-up
2025-06-21,Adult,Female,Immunology/Serology,Laboratory,"Mark Villanueva, RMT",Laboratory
2025-06-21,Adult,Female,Plain Abdomen Upright/Spine,Radiology,Dr. Andrea Sy,Imaging
2025-06-21,Child,Female,Upper Respiratory Infection,Clinic,Dr. Paolo Rivera,Check-up
2025-06-22,Adult,Male,Abdominal Pain,Clinic,Dr. Victor Manuel,Check-up
2025-06-22,Senior,Male,Diabetes Mellitus Monitoring,Clinic,Dr. Victor Manuel,Check-up
2025-06-22,Adult,Male,Fever,Clinic,Dr. Camille Tan,Check-up
2025-06-22,Child,Male,Gastritis,Clinic,Dr. Elena Bautista,Check-up
2025-06-22,Adult,Male,Hypertension Monitoring,Clinic,Dr. Victor Manuel,Check-up
2025-06-22,Adult,Female,Hypertension Monitoring,Clinic,Dr. Elena Bautista,Check-up
2025-06-22,Adult,Female,"Iron Studies (TI, TIBC, Ferritin)",Laboratory,"Rafael Torres, RMT",Laboratory
2025-06-22,Adult,Female,Thyroid,Radiology,Dr. Sofia Mercado,Imaging
2025-06-22,Child,Male,Upper Respiratory Infection,Clinic,Dr. Camille Tan,Check-up
2025-06-22,Adult,Male,Upper Respiratory Infection,Clinic,Dr. Paolo Rivera,Check-up
2025-06-23,Adult,Male,Abdominal Pain,Clinic,Dr. Elena Bautista,Check-up
2025-06-23,Adult,Male,Dermatitis and Allergy,Clinic,Dr. Camille Tan,Check-up
2025-06-23,Adult,Female,Online Doctor Consultation,Clinic,Dr. Paolo Rivera,Check-up
2025-06-23,Adult,Female,Routine Medical Consultation,Clinic,Dr. Ana Lopez,Check-up
2025-06-24,Adult,Female,Anti-HAV Screening,Laboratory,"Angela Reyes, RMT",Laboratory
2025-06-24,Adult,Male,Arterial & Venous Duplex Scan,Radiology,Dr. Andrea Sy,Imaging
2025-06-24,Adult,Male,Blood Uric Acid,Laboratory,"Patricia Mendoza, RMT",Laboratory
2025-06-24,Adult,Female,Breast,Radiology,Dr. Sofia Mercado,Imaging
2025-06-24,Adult,Male,CBC,Clinic,Dr. Paolo Rivera,Pre-Employment Checkup
2025-06-24,Adult,Male,Preventive Health Check-up,Clinic,Dr. Miguel Fernandez,Check-up
2025-06-24,Child,Male,TPPA Qualitative,Laboratory,"Joanna Lim, RMT",Laboratory
2025-06-24,Adult,Male,Upper Respiratory Infection,Clinic,Dr. Paolo Rivera,Check-up
2025-06-24,Senior,Female,VDRL/Syphilis Screening,Laboratory,"Carlo Navarro, RMT",Laboratory
2025-06-25,Child,Female,Amylase,Laboratory,"Joanna Lim, RMT",Laboratory
2025-06-25,Adult,Female,Anti-HAV Screening,Laboratory,"Patricia Mendoza, RMT",Laboratory
2025-06-25,Adult,Male,Chest PA for Pregnant,Radiology,Dr. Sofia Mercado,Imaging
2025-06-25,Adult,Female,Diabetes Mellitus Monitoring,Clinic,Dr. Victor Manuel,Check-up
2025-06-25,Adult,Male,Gastritis,Clinic,Dr. Elena Bautista,Check-up
2025-06-25,Adult,Female,Gastritis,Clinic,Dr. Elena Bautista,Check-up
2025-06-25,Adult,Male,Hypertension Monitoring,Clinic,Dr. Elena Bautista,Check-up
2025-06-25,Child,Female,Routine Medical Consultation,Clinic,Dr. Miguel Fernandez,Check-up
2025-06-25,Adult,Female,SGPT (ALT),Laboratory,"Carlo Navarro, RMT",Laboratory
2025-06-26,Adult,Female,Blood Urea Nitrogen,Laboratory,"Carlo Navarro, RMT",Laboratory
2025-06-26,Senior,Male,Fever,Clinic,Dr. Paolo Rivera,Check-up
2025-06-26,Adult,Male,Gastritis,Clinic,Dr. Elena Bautista,Check-up
2025-06-26,Adult,Female,Hypertension Monitoring,Clinic,Dr. Elena Bautista,Check-up
2025-06-26,Adult,Male,Rubella Igm,Laboratory,"Patricia Mendoza, RMT",Laboratory
2025-06-26,Adult,Male,Total Iron,Laboratory,"Mark Villanueva, RMT",Laboratory
2025-06-26,Adult,Female,X-Ray,Clinic,Dr. Miguel Fernandez,Pre-Employment Checkup
2025-06-26,Adult,Female,X-Ray,Radiology,Dr. Sofia Mercado,Imaging
2025-06-27,Child,Male,Actual Platelet Count,Laboratory,"Patricia Mendoza, RMT",Laboratory
2025-06-27,Adult,Male,Anti-HBc Total,Laboratory,"Angela Reyes, RMT",Laboratory
2025-06-27,Adult,Male,Drug Test,Clinic,Dr. Miguel Fernandez,Pre-Employment Checkup
2025-06-27,Adult,Female,Hepa A profile,Laboratory,"Patricia Mendoza, RMT",Laboratory
2025-06-27,Senior,Female,Hypertension Monitoring,Clinic,Dr. Elena Bautista,Check-up
2025-06-27,Senior,Male,Hypertension Monitoring,Clinic,Dr. Elena Bautista,Check-up
2025-06-27,Child,Female,RBC Morphology (Urine),Laboratory,"Rafael Torres, RMT",Laboratory
2025-06-27,Child,Female,Routine Medical Consultation,Clinic,Dr. Ana Lopez,Check-up
2025-06-27,Child,Female,Upper Respiratory Infection,Clinic,Dr. Miguel Fernandez,Check-up
2025-06-27,Child,Female,Urinalysis & Fecalysis,Annual Physical Examination,Dr. Camille Tan,Annual Physical Examination
2025-06-28,Adult,Female,Abdominal Pain,Clinic,Dr. Elena Bautista,Check-up
2025-06-28,Adult,Female,CBC,Clinic,Dr. Miguel Fernandez,Pre-Employment Checkup
2025-06-28,Senior,Male,Carotid Duplex Scan (by appointment),Radiology,Dr. Sofia Mercado,Imaging
2025-06-28,Adult,Female,Drug Test (Urine),Laboratory,"Patricia Mendoza, RMT",Laboratory
2025-06-28,Adult,Male,FBS,Laboratory,"Patricia Mendoza, RMT",Laboratory
2025-06-28,Senior,Female,Hypertension Monitoring,Clinic,Dr. Victor Manuel,Check-up
2025-06-28,Adult,Female,Ionized Calcium (Ica),Laboratory,"Joanna Lim, RMT",Laboratory
2025-06-28,Adult,Female,Reticulocyte Count,Laboratory,"Rafael Torres, RMT",Laboratory
2025-06-28,Adult,Female,Upper Respiratory Infection,Clinic,Dr. Paolo Rivera,Check-up
2025-06-29,Adult,Male,Blood Urea Nitrogen,Laboratory,"Angela Reyes, RMT",Laboratory
2025-06-29,Adult,Male,FT3 RIA,Laboratory,"Angela Reyes, RMT",Laboratory
2025-06-29,Adult,Female,Foot AP/OBLIQUE/Lateral,Radiology,Dr. Sofia Mercado,Imaging
2025-06-29,Adult,Female,Gastritis,Clinic,Dr. Victor Manuel,Check-up
2025-06-29,Adult,Male,HBeAg,Laboratory,"Angela Reyes, RMT",Laboratory
2025-06-29,Adult,Female,HSCRP,Laboratory,"Carlo Navarro, RMT",Laboratory
2025-06-29,Senior,Male,Headache,Clinic,Dr. Camille Tan,Check-up
2025-06-29,Child,Female,Magnesium,Laboratory,"Patricia Mendoza, RMT",Laboratory
2025-06-29,Adult,Female,Urinary Tract Infection,Clinic,Dr. Ana Lopez,Check-up
2025-06-30,Child,Male,Abdominal Pain,Clinic,Dr. Victor Manuel,Check-up
2025-06-30,Child,Female,Dermatitis and Allergy,Clinic,Dr. Camille Tan,Check-up
2025-06-30,Adult,Female,Diabetes Mellitus Monitoring,Clinic,Dr. Elena Bautista,Check-up
2025-06-30,Senior,Male,Diabetes Mellitus Monitoring,Clinic,Dr. Elena Bautista,Check-up
2025-06-30,Adult,Female,GGTP,Laboratory,"Patricia Mendoza, RMT",Laboratory
2025-06-30,Child,Male,Magnesium,Laboratory,"Patricia Mendoza, RMT",Laboratory
2025-06-30,Adult,Male,Routine Medical Consultation,Clinic,Dr. Paolo Rivera,Check-up
2025-06-30,Adult,Male,T4,Laboratory,"Patricia Mendoza, RMT",Laboratory
2025-06-30,Senior,Male,Urinary Tract Infection,Clinic,Dr. Paolo Rivera,Check-up
2025-07-01,Adult,Male,Clotting Time,Laboratory,"Patricia Mendoza, RMT",Laboratory
2025-07-01,Adult,Male,Dermatitis and Allergy,Clinic,Dr. Camille Tan,Check-up
2025-07-01,Adult,Female,Drug Test,Clinic,Dr. Paolo Rivera,Pre-Employment Checkup
2025-07-01,Senior,Female,Gallbladder & Pancreas,Radiology,Dr. Henry Ong,Imaging
2025-07-01,Adult,Female,Gram Stain,Laboratory,"Carlo Navarro, RMT",Laboratory
2025-07-01,Child,Female,H. Pylori Igm (Quali)-serum,Laboratory,"Rafael Torres, RMT",Laboratory
2025-07-01,Adult,Female,HBA1C (edta),Laboratory,"Mark Villanueva, RMT",Laboratory
2025-07-01,Adult,Male,Hypertension Monitoring,Clinic,Dr. Elena Bautista,Check-up
2025-07-01,Adult,Male,Rubella Igm,Laboratory,"Joanna Lim, RMT",Laboratory
2025-07-01,Adult,Female,Ultrasound,Radiology,Dr. Henry Ong,Imaging
2025-07-01,Adult,Male,Upper Respiratory Infection,Clinic,Dr. Ana Lopez,Check-up
2025-07-02,Adult,Female,Fecalysis,Laboratory,"Patricia Mendoza, RMT",Laboratory
2025-07-02,Adult,Male,HBC-DNA,Laboratory,"Patricia Mendoza, RMT",Laboratory
2025-07-02,Adult,Female,Hypertension Monitoring,Clinic,Dr. Elena Bautista,Check-up
2025-07-02,Adult,Female,OB-Congenital Scan,Radiology,Dr. Andrea Sy,Imaging
2025-07-02,Adult,Male,Online Doctor Consultation,Clinic,Dr. Camille Tan,Check-up
2025-07-02,Senior,Female,"Special Ultrasound (Abdominal, Aorta, Adrenal, Breast, Chest, Inguinal, Musculoskeletal, Neck, Parot",Radiology,Dr. Sofia Mercado,Imaging
2025-07-02,Senior,Male,Troponin I Quantitative,Laboratory,"Angela Reyes, RMT",Laboratory
2025-07-03,Adult,Female,Anti-HBe,Laboratory,"Joanna Lim, RMT",Laboratory
2025-07-03,Adult,Female,Asthma Monitoring,Clinic,Dr. Elena Bautista,Check-up
2025-07-03,Senior,Male,Diabetes Mellitus Monitoring,Clinic,Dr. Victor Manuel,Check-up
2025-07-03,Adult,Male,Gastritis,Clinic,Dr. Victor Manuel,Check-up
2025-07-03,Adult,Male,Hematology,Laboratory,"Rafael Torres, RMT",Laboratory
2025-07-03,Senior,Male,Hypertension Monitoring,Clinic,Dr. Victor Manuel,Check-up
2025-07-03,Adult,Female,Hypertension Monitoring,Clinic,Dr. Elena Bautista,Check-up
2025-07-03,Child,Male,Magnesium,Laboratory,"Joanna Lim, RMT",Laboratory
2025-07-04,Adult,Female,CPK Total,Laboratory,"Joanna Lim, RMT",Laboratory
2025-07-04,Adult,Male,HBA1C (edta),Laboratory,"Joanna Lim, RMT",Laboratory
2025-07-04,Senior,Female,LH,Laboratory,"Carlo Navarro, RMT",Laboratory
2025-07-04,Adult,Male,Prolactin,Laboratory,"Carlo Navarro, RMT",Laboratory
2025-07-04,Adult,Female,Triglyceride,Laboratory,"Mark Villanueva, RMT",Laboratory
2025-07-04,Adult,Female,Urinary Tract Infection,Clinic,Dr. Ana Lopez,Check-up
2025-07-05,Adult,Male,ASO Screening,Laboratory,"Carlo Navarro, RMT",Laboratory
2025-07-05,Adult,Male,Asthma Monitoring,Clinic,Dr. Elena Bautista,Check-up
2025-07-05,Adult,Female,Headache,Clinic,Dr. Ana Lopez,Check-up
2025-07-05,Adult,Female,Inguino-Scrotal,Radiology,Dr. Henry Ong,Imaging
2025-07-05,Adult,Female,Malarial Smear,Laboratory,"Angela Reyes, RMT",Laboratory
2025-07-05,Child,Female,RA/RF Latex (Rheumatoid Factor),Laboratory,"Angela Reyes, RMT",Laboratory
2025-07-05,Adult,Female,Scoliosis Series,Radiology,Dr. Henry Ong,Imaging
2025-07-05,Adult,Male,Urinary Tract Infection,Clinic,Dr. Camille Tan,Check-up
2025-07-06,Adult,Male,Asthma Monitoring,Clinic,Dr. Elena Bautista,Check-up
2025-07-06,Senior,Male,Gastritis,Clinic,Dr. Elena Bautista,Check-up
2025-07-06,Senior,Female,Knee Joint AP/LAT,Radiology,Dr. Sofia Mercado,Imaging
2025-07-06,Child,Female,Prothrombin Time,Laboratory,"Patricia Mendoza, RMT",Laboratory
2025-07-06,Senior,Male,Urinary Tract Infection,Clinic,Dr. Miguel Fernandez,Check-up
2025-07-07,Adult,Male,ASO Screening,Laboratory,"Joanna Lim, RMT",Laboratory
2025-07-07,Adult,Male,"Bilirubin (B1, B2)",Laboratory,"Mark Villanueva, RMT",Laboratory
2025-07-07,Adult,Female,Blood Uric Acid,Laboratory,"Mark Villanueva, RMT",Laboratory
2025-07-07,Adult,Male,Carotid Duplex Scan,Radiology,Dr. Andrea Sy,Imaging
2025-07-07,Adult,Female,Gastritis,Clinic,Dr. Victor Manuel,Check-up
2025-07-07,Adult,Male,PRO-BNP/NT Pro-BNP(each),Laboratory,"Angela Reyes, RMT",Laboratory
2025-07-07,Senior,Male,Thyroid,Radiology,Dr. Sofia Mercado,Imaging
2025-07-08,Adult,Male,Albumin,Laboratory,"Angela Reyes, RMT",Laboratory
2025-07-08,Senior,Male,Asthma Monitoring,Clinic,Dr. Elena Bautista,Check-up
2025-07-08,Senior,Male,Blood Cs with ARD (1 site),Laboratory,"Joanna Lim, RMT",Laboratory
2025-07-08,Adult,Female,Carotid Duplex Scan,Radiology,Dr. Sofia Mercado,Imaging
2025-07-08,Adult,Female,D-DIMER Test,Laboratory,"Joanna Lim, RMT",Laboratory
2025-07-08,Adult,Female,Fever,Clinic,Dr. Camille Tan,Check-up
2025-07-08,Adult,Male,Gastritis,Clinic,Dr. Elena Bautista,Check-up
2025-07-08,Senior,Male,Inguinal,Radiology,Dr. Sofia Mercado,Imaging
2025-07-08,Child,Female,Pleural/CSF Fluid Analysis,Laboratory,"Joanna Lim, RMT",Laboratory
2025-07-08,Adult,Female,Sodium (Na),Laboratory,"Rafael Torres, RMT",Laboratory
2025-07-08,Adult,Male,Upper Respiratory Infection,Clinic,Dr. Ana Lopez,Check-up
2025-07-08,Adult,Female,Upper and lower extremities,Radiology,Dr. Henry Ong,Imaging
2025-07-08,Adult,Female,X-Ray,Clinic,Dr. Miguel Fernandez,Pre-Employment Checkup
2025-07-09,Senior,Female,Asthma Monitoring,Clinic,Dr. Victor Manuel,Check-up
2025-07-10,Adult,Female,Chest (Need CXR PA),Radiology,Dr. Andrea Sy,Imaging
2025-07-10,Adult,Male,Creatinine,Laboratory,"Rafael Torres, RMT",Laboratory
2025-07-10,Adult,Male,Creatinine,Laboratory,"Angela Reyes, RMT",Laboratory
2025-07-10,Senior,Female,Dengue Duo IgM/IgG,Laboratory,"Rafael Torres, RMT",Laboratory
2025-07-10,Adult,Female,Diabetes Mellitus Monitoring,Clinic,Dr. Elena Bautista,Check-up
2025-07-10,Adult,Male,Hemodialysis Kinetics (pre & post BUN),Laboratory,"Angela Reyes, RMT",Laboratory
2025-07-10,Senior,Male,Hypertension Monitoring,Clinic,Dr. Victor Manuel,Check-up
2025-07-10,Senior,Female,Hypertension Monitoring,Clinic,Dr. Victor Manuel,Check-up
2025-07-10,Adult,Male,"OGCT Non-Pregnant (100g, 75g)",Laboratory,"Joanna Lim, RMT",Laboratory
2025-07-10,Child,Female,Sodium (Na),Laboratory,"Mark Villanueva, RMT",Laboratory
2025-07-11,Child,Male,Bicarbonate,Laboratory,"Joanna Lim, RMT",Laboratory
2025-07-11,Adult,Female,Dermatitis and Allergy,Clinic,Dr. Miguel Fernandez,Check-up
2025-07-11,Adult,Male,HCV-Genotyping,Laboratory,"Rafael Torres, RMT",Laboratory
2025-07-11,Adult,Female,Headache,Clinic,Dr. Paolo Rivera,Check-up
2025-07-11,Adult,Female,Upper Respiratory Infection,Clinic,Dr. Camille Tan,Check-up
2025-07-11,Adult,Female,Upper Respiratory Infection,Clinic,Dr. Ana Lopez,Check-up
2025-07-11,Adult,Female,VFRL RPR Titer,Laboratory,"Joanna Lim, RMT",Laboratory
2025-07-12,Adult,Male,Bloodtype and RH Typing,Laboratory,"Mark Villanueva, RMT",Laboratory
2025-07-12,Adult,Female,Diabetes Mellitus Monitoring,Clinic,Dr. Elena Bautista,Check-up
2025-07-12,Senior,Female,Diabetes Mellitus Monitoring,Clinic,Dr. Victor Manuel,Check-up
2025-07-12,Adult,Male,Diabetes Mellitus Monitoring,Clinic,Dr. Elena Bautista,Check-up
2025-07-12,Adult,Female,Fever,Clinic,Dr. Paolo Rivera,Check-up
2025-07-12,Child,Female,Gastritis,Clinic,Dr. Victor Manuel,Check-up
2025-07-12,Adult,Male,Gram Stain,Laboratory,"Rafael Torres, RMT",Laboratory
2025-07-12,Adult,Female,OGCT,Laboratory,"Rafael Torres, RMT",Laboratory
2025-07-12,Child,Male,Online Doctor Consultation,Clinic,Dr. Miguel Fernandez,Check-up
2025-07-12,Adult,Female,Routine Medical Consultation,Clinic,Dr. Camille Tan,Check-up
2025-07-12,Senior,Female,TPPA Qualitative,Laboratory,"Joanna Lim, RMT",Laboratory
2025-07-12,Senior,Male,TPPA Qualitative,Laboratory,"Mark Villanueva, RMT",Laboratory
2025-07-12,Child,Male,Troponin I Quantitative,Laboratory,"Mark Villanueva, RMT",Laboratory
2025-07-12,Child,Male,Urinalysis,Laboratory,"Carlo Navarro, RMT",Laboratory
2025-07-13,Child,Female,Albumin (Protein) Creatinine Ratio,Laboratory,"Mark Villanueva, RMT",Laboratory
2025-07-13,Adult,Female,Dengue Combo,Laboratory,"Angela Reyes, RMT",Laboratory
2025-07-13,Adult,Female,Dermatitis and Allergy,Clinic,Dr. Ana Lopez,Check-up
2025-07-13,Senior,Female,Diabetes Mellitus Monitoring,Clinic,Dr. Elena Bautista,Check-up
2025-07-13,Senior,Male,Hypertension Monitoring,Clinic,Dr. Victor Manuel,Check-up
2025-07-13,Child,Male,Urinary Tract Infection,Clinic,Dr. Miguel Fernandez,Check-up
2025-07-13,Adult,Female,Urinary Tract Infection,Clinic,Dr. Camille Tan,Check-up
2025-07-14,Senior,Female,Abdominal Pain,Clinic,Dr. Elena Bautista,Check-up
2025-07-14,Adult,Female,Anti-HAV IgM,Laboratory,"Rafael Torres, RMT",Laboratory
2025-07-14,Adult,Female,Body Fluid LDH,Laboratory,"Joanna Lim, RMT",Laboratory
2025-07-14,Adult,Male,Dermatitis and Allergy,Clinic,Dr. Paolo Rivera,Check-up
2025-07-14,Senior,Male,Estrogen,Laboratory,"Carlo Navarro, RMT",Laboratory
2025-07-14,Adult,Male,Hepa B profile,Laboratory,"Mark Villanueva, RMT",Laboratory
2025-07-14,Adult,Male,Pancreas,Radiology,Dr. Sofia Mercado,Imaging
2025-07-14,Adult,Male,Upper Respiratory Infection,Clinic,Dr. Ana Lopez,Check-up
2025-07-15,Child,Female,APTT,Laboratory,"Rafael Torres, RMT",Laboratory
2025-07-15,Child,Female,Asthma Monitoring,Clinic,Dr. Elena Bautista,Check-up
2025-07-15,Child,Male,Asthma Monitoring,Clinic,Dr. Elena Bautista,Check-up
2025-07-15,Adult,Male,Asthma Monitoring,Clinic,Dr. Elena Bautista,Check-up
2025-07-15,Child,Female,"OGCT Pregnant (100g, 75g)",Laboratory,"Patricia Mendoza, RMT",Laboratory
2025-07-15,Senior,Female,Pregnancy Test (Serum),Laboratory,"Patricia Mendoza, RMT",Laboratory
2025-07-15,Adult,Male,Pregnancy Test (Urine),Laboratory,"Mark Villanueva, RMT",Laboratory
2025-07-15,Adult,Male,THC (Marijuana),Drug Testing,"Patricia Mendoza, RMT",Drug Testing
2025-07-16,Adult,Male,ASO Titer,Laboratory,"Rafael Torres, RMT",Laboratory
2025-07-16,Child,Male,Albumin,Laboratory,"Carlo Navarro, RMT",Laboratory
2025-07-16,Adult,Female,Ankle AP/LAT,Radiology,Dr. Andrea Sy,Imaging
2025-07-16,Adult,Male,Asthma Monitoring,Clinic,Dr. Victor Manuel,Check-up
2025-07-16,Adult,Female,CRP,Laboratory,"Angela Reyes, RMT",Laboratory
2025-07-16,Adult,Male,Cholesterol,Laboratory,"Mark Villanueva, RMT",Laboratory
2025-07-16,Senior,Male,Diabetes Mellitus Monitoring,Clinic,Dr. Victor Manuel,Check-up
2025-07-16,Child,Male,ECG (15 Lead) Pedia (0-17 years old),Cardiology,Dr. Ana Lopez,Cardiology
2025-07-16,Adult,Male,FTA-ABS,Laboratory,"Mark Villanueva, RMT",Laboratory
2025-07-16,Adult,Male,Hypertension Monitoring,Clinic,Dr. Elena Bautista,Check-up
2025-07-16,Adult,Female,Shoulder AP/LAT,Radiology,Dr. Henry Ong,Imaging
2025-07-16,Adult,Male,Upper Respiratory Infection,Clinic,Dr. Paolo Rivera,Check-up
2025-07-16,Senior,Male,Urinalysis & Fecalysis,Annual Physical Examination,Dr. Miguel Fernandez,Annual Physical Examination
2025-07-17,Child,Male,Chloride (CI),Laboratory,"Rafael Torres, RMT",Laboratory
2025-07-17,Child,Female,Dengue Duo IgM/IgG,Laboratory,"Joanna Lim, RMT",Laboratory
2025-07-17,Adult,Male,Dermatitis and Allergy,Clinic,Dr. Paolo Rivera,Check-up
2025-07-17,Adult,Male,FSH,Laboratory,"Joanna Lim, RMT",Laboratory
2025-07-17,Adult,Male,Face to Face Doctor Consultation,Clinic,Dr. Ana Lopez,Check-up
2025-07-17,Senior,Female,HBA1C (edta),Laboratory,"Joanna Lim, RMT",Laboratory
2025-07-17,Adult,Male,HBC-DNA,Laboratory,"Rafael Torres, RMT",Laboratory
2025-07-17,Adult,Female,Headache,Clinic,Dr. Paolo Rivera,Check-up
2025-07-17,Child,Male,Hepa B Vaccine,Clinic,Dr. Miguel Fernandez,Vaccination
2025-07-17,Adult,Male,Kidney,Radiology,Dr. Sofia Mercado,Imaging
2025-07-17,Child,Female,Sperm Analysis WHO,Laboratory,"Joanna Lim, RMT",Laboratory
2025-07-17,Child,Female,Urinary Tract Infection,Clinic,Dr. Paolo Rivera,Check-up
2025-07-18,Adult,Female,ANA Titer,Laboratory,"Carlo Navarro, RMT",Laboratory
2025-07-18,Adult,Female,Asthma Monitoring,Clinic,Dr. Elena Bautista,Check-up
2025-07-18,Adult,Male,Diabetes Mellitus Monitoring,Clinic,Dr. Victor Manuel,Check-up
2025-07-18,Adult,Female,Hypertension Monitoring,Clinic,Dr. Elena Bautista,Check-up
2025-07-18,Adult,Male,Plain Abdomen Upright/Spine,Radiology,Dr. Andrea Sy,Imaging
2025-07-18,Adult,Male,Pleural/CSF Fluid Analysis,Laboratory,"Joanna Lim, RMT",Laboratory
2025-07-18,Adult,Female,Upper Respiratory Infection,Clinic,Dr. Paolo Rivera,Check-up
2025-07-18,Senior,Female,Upper Respiratory Infection,Clinic,Dr. Ana Lopez,Check-up
2025-07-19,Adult,Female,Amylase,Laboratory,"Mark Villanueva, RMT",Laboratory
2025-07-19,Adult,Female,Carotid Duplex Scan (by appointment),Radiology,Dr. Andrea Sy,Imaging
2025-07-19,Adult,Female,Headache,Clinic,Dr. Paolo Rivera,Check-up
2025-07-19,Adult,Male,Hypertension Monitoring,Clinic,Dr. Victor Manuel,Check-up
2025-07-19,Senior,Male,Hypertension Monitoring,Clinic,Dr. Elena Bautista,Check-up
2025-07-19,Adult,Male,Lipase,Laboratory,"Patricia Mendoza, RMT",Laboratory
2025-07-19,Adult,Male,Lumbosacral Spine AP/LAT,Radiology,Dr. Sofia Mercado,Imaging
2025-07-19,Adult,Male,"OGCT Post-Pregnant (100g, 75g)​",Laboratory,"Patricia Mendoza, RMT",Laboratory
2025-07-19,Senior,Male,RBC Morphology (Urine),Laboratory,"Patricia Mendoza, RMT",Laboratory
2025-07-19,Adult,Male,THC (Marijuana),Drug Testing,"Patricia Mendoza, RMT",Drug Testing
2025-07-19,Adult,Male,Upper Respiratory Infection,Clinic,Dr. Paolo Rivera,Check-up
2025-07-20,Adult,Male,Anti-HBs,Laboratory,"Carlo Navarro, RMT",Laboratory
2025-07-20,Adult,Female,Arterial Duplex Scan (Unilateral),Radiology,Dr. Andrea Sy,Imaging
2025-07-20,Adult,Male,Diabetes Mellitus Monitoring,Clinic,Dr. Elena Bautista,Check-up
2025-07-20,Senior,Male,Gastritis,Clinic,Dr. Victor Manuel,Check-up
2025-07-20,Adult,Female,HCV-RNA,Laboratory,"Mark Villanueva, RMT",Laboratory
2025-07-20,Senior,Female,HDL,Laboratory,"Rafael Torres, RMT",Laboratory
2025-07-20,Senior,Female,Hepa C profile,Laboratory,"Joanna Lim, RMT",Laboratory
2025-07-20,Senior,Male,Leg AP/LAT (unilateral/bilateral),Radiology,Dr. Sofia Mercado,Imaging
2025-07-20,Adult,Male,Preventive Health Check-up,Clinic,Dr. Paolo Rivera,Check-up
2025-07-20,Adult,Female,Protein,Laboratory,"Joanna Lim, RMT",Laboratory
2025-07-20,Adult,Male,Skull AP/LAT,Radiology,Dr. Andrea Sy,Imaging
2025-07-20,Adult,Male,Testosterone,Laboratory,"Rafael Torres, RMT",Laboratory
2025-07-20,Adult,Female,Upper Respiratory Infection,Clinic,Dr. Camille Tan,Check-up
2025-07-20,Adult,Female,Urinalysis,Laboratory,"Angela Reyes, RMT",Laboratory
2025-07-20,Adult,Female,Urinary Tract Infection,Clinic,Dr. Paolo Rivera,Check-up
2025-07-21,Adult,Male,ASO Titer,Laboratory,"Angela Reyes, RMT",Laboratory
2025-07-21,Adult,Female,Acid Phosphatase,Laboratory,"Patricia Mendoza, RMT",Laboratory
2025-07-21,Adult,Female,Blood Cs with ARD (2 site),Laboratory,"Joanna Lim, RMT",Laboratory
2025-07-21,Adult,Male,Blood Uric Acid,Laboratory,"Angela Reyes, RMT",Laboratory
2025-07-21,Adult,Male,Dermatitis and Allergy,Clinic,Dr. Paolo Rivera,Check-up
2025-07-21,Senior,Female,Diabetes Mellitus Monitoring,Clinic,Dr. Elena Bautista,Check-up
2025-07-21,Child,Female,Fever,Clinic,Dr. Camille Tan,Check-up
2025-07-21,Adult,Female,Gram Stain,Laboratory,"Mark Villanueva, RMT",Laboratory
2025-07-21,Child,Male,HBsAg Titer,Laboratory,"Joanna Lim, RMT",Laboratory
2025-07-21,Adult,Male,Hypertension Monitoring,Clinic,Dr. Elena Bautista,Check-up
2025-07-21,Adult,Female,PPD Skin Test,Clinic,Dr. Ana Lopez,Vaccination
2025-07-22,Senior,Female,Anti-HBc IgM,Laboratory,"Angela Reyes, RMT",Laboratory
2025-07-22,Child,Male,Ferritin,Laboratory,"Rafael Torres, RMT",Laboratory
2025-07-22,Adult,Male,Headache,Clinic,Dr. Miguel Fernandez,Check-up
2025-07-22,Adult,Female,Hemodialysis Kinetics (pre & post BUN),Laboratory,"Angela Reyes, RMT",Laboratory
2025-07-22,Adult,Female,Hypertension Monitoring,Clinic,Dr. Elena Bautista,Check-up
2025-07-22,Adult,Female,Peripheral Blood Smear ( 7 Days),Laboratory,"Mark Villanueva, RMT",Laboratory
2025-07-22,Adult,Female,TDaP Vaccine (Adult),Clinic,Dr. Paolo Rivera,Vaccination
2025-07-22,Senior,Female,TPHA Titer,Laboratory,"Patricia Mendoza, RMT",Laboratory
2025-07-23,Senior,Female,Diabetes Mellitus Monitoring,Clinic,Dr. Elena Bautista,Check-up
2025-07-23,Adult,Male,Elbow AP/LAT,Radiology,Dr. Henry Ong,Imaging
2025-07-24,Adult,Male,Anti-HCV Titer,Laboratory,"Mark Villanueva, RMT",Laboratory
2025-07-24,Adult,Female,Dermatitis and Allergy,Clinic,Dr. Camille Tan,Check-up
2025-07-24,Child,Female,RT-PCR 4-6HRS,Laboratory,"Mark Villanueva, RMT",Laboratory
2025-07-24,Adult,Female,Urinary Tract Infection,Clinic,Dr. Ana Lopez,Check-up
2025-07-24,Adult,Male,Urinary Tract Infection,Clinic,Dr. Miguel Fernandez,Check-up
2025-07-25,Adult,Male,Anti-HCV Titer,Laboratory,"Carlo Navarro, RMT",Laboratory
2025-07-25,Senior,Female,C4,Laboratory,"Angela Reyes, RMT",Laboratory
2025-07-25,Adult,Female,CBC w/ Actual Platelet Count,Laboratory,"Carlo Navarro, RMT",Laboratory
2025-07-25,Child,Male,CPK-MB,Laboratory,"Carlo Navarro, RMT",Laboratory
2025-07-25,Adult,Female,Fever,Clinic,Dr. Paolo Rivera,Check-up
2025-07-25,Child,Female,Gastritis,Clinic,Dr. Elena Bautista,Check-up
2025-07-25,Adult,Female,HBC-DNA,Laboratory,"Joanna Lim, RMT",Laboratory
2025-07-25,Child,Female,RBS,Laboratory,"Angela Reyes, RMT",Laboratory
2025-07-25,Senior,Male,"TPAG (Total Protein, Albumin, AG)",Laboratory,"Patricia Mendoza, RMT",Laboratory
2025-07-25,Adult,Female,Upper Respiratory Infection,Clinic,Dr. Miguel Fernandez,Check-up
2025-07-25,Adult,Male,Upper Respiratory Infection,Clinic,Dr. Miguel Fernandez,Check-up
2025-07-26,Adult,Female,Asthma Monitoring,Clinic,Dr. Victor Manuel,Check-up
2025-07-26,Adult,Male,Creatinine,Laboratory,"Patricia Mendoza, RMT",Laboratory
2025-07-26,Senior,Female,Diabetes Mellitus Monitoring,Clinic,Dr. Victor Manuel,Check-up
2025-07-26,Adult,Female,Gastritis,Clinic,Dr. Elena Bautista,Check-up
2025-07-26,Adult,Female,Glucose,Laboratory,"Rafael Torres, RMT",Laboratory
2025-07-26,Adult,Female,H. Pylori Stool,Laboratory,"Mark Villanueva, RMT",Laboratory
2025-07-26,Adult,Female,HCV-Genotyping,Laboratory,"Angela Reyes, RMT",Laboratory
2025-07-26,Senior,Male,Hypertension Monitoring,Clinic,Dr. Elena Bautista,Check-up
2025-07-26,Adult,Male,Hypertension Monitoring,Clinic,Dr. Elena Bautista,Check-up
2025-07-26,Adult,Female,Rubella IgG,Laboratory,"Angela Reyes, RMT",Laboratory
2025-07-26,Adult,Male,TPPA Qualitative,Laboratory,"Carlo Navarro, RMT",Laboratory
2025-07-26,Senior,Male,Thyroid,Radiology,Dr. Henry Ong,Imaging
2025-07-26,Senior,Female,Upper Respiratory Infection,Clinic,Dr. Paolo Rivera,Check-up
2025-07-27,Child,Female,Abdominal Pain,Clinic,Dr. Elena Bautista,Check-up
2025-07-27,Adult,Male,Diabetes Mellitus Monitoring,Clinic,Dr. Elena Bautista,Check-up
2025-07-27,Adult,Male,Fever,Clinic,Dr. Miguel Fernandez,Check-up
2025-07-27,Adult,Male,Gastritis,Clinic,Dr. Elena Bautista,Check-up
2025-07-27,Adult,Male,Gastritis,Clinic,Dr. Victor Manuel,Check-up
2025-07-27,Child,Male,Malarial Smear,Laboratory,"Mark Villanueva, RMT",Laboratory
2025-07-27,Adult,Female,Routine Medical Consultation,Clinic,Dr. Camille Tan,Check-up
2025-07-27,Senior,Female,Skull AP/LAT,Radiology,Dr. Sofia Mercado,Imaging
2025-07-27,Adult,Female,Upper Respiratory Infection,Clinic,Dr. Miguel Fernandez,Check-up
2025-07-27,Child,Female,Upper Respiratory Infection,Clinic,Dr. Paolo Rivera,Check-up
2025-07-27,Adult,Female,Urinary Tract Infection,Clinic,Dr. Ana Lopez,Check-up
2025-07-28,Adult,Female,Amylase,Laboratory,"Angela Reyes, RMT",Laboratory
2025-07-28,Adult,Male,Asthma Monitoring,Clinic,Dr. Victor Manuel,Check-up
2025-07-28,Adult,Female,Blood Cs (2 site),Laboratory,"Carlo Navarro, RMT",Laboratory
2025-07-28,Child,Male,Dermatitis and Allergy,Clinic,Dr. Ana Lopez,Check-up
2025-07-28,Adult,Female,General chest X-Ray,Radiology,Dr. Andrea Sy,Imaging
2025-07-28,Senior,Male,HCV-Genotyping,Laboratory,"Angela Reyes, RMT",Laboratory
2025-07-28,Adult,Female,Hypertension Monitoring,Clinic,Dr. Victor Manuel,Check-up
2025-07-28,Senior,Female,Hypertension Monitoring,Clinic,Dr. Victor Manuel,Check-up
2025-07-28,Adult,Female,Inguinal,Radiology,Dr. Sofia Mercado,Imaging
2025-07-28,Child,Female,Preventive Health Check-up,Clinic,Dr. Miguel Fernandez,Check-up
2025-07-28,Adult,Male,Shoulder AP/LAT,Radiology,Dr. Andrea Sy,Imaging
2025-07-29,Child,Male,Antigen Swab Test,Laboratory,"Rafael Torres, RMT",Laboratory
2025-07-29,Adult,Male,Creatinine,Laboratory,"Angela Reyes, RMT",Laboratory
2025-07-29,Senior,Female,Diabetes Mellitus Monitoring,Clinic,Dr. Victor Manuel,Check-up
2025-07-29,Adult,Female,HCV Screening,Laboratory,"Mark Villanueva, RMT",Laboratory
2025-07-29,Adult,Female,Headache,Clinic,Dr. Miguel Fernandez,Check-up
2025-07-29,Adult,Female,Hypertension Monitoring,Clinic,Dr. Victor Manuel,Check-up
2025-07-29,Senior,Male,Magnesium,Laboratory,"Carlo Navarro, RMT",Laboratory
2025-07-30,Adult,Male,Abdominal Pain,Clinic,Dr. Elena Bautista,Check-up
2025-07-30,Adult,Male,Fever,Clinic,Dr. Camille Tan,Check-up
2025-07-30,Adult,Female,Gram Stain,Laboratory,"Joanna Lim, RMT",Laboratory
2025-07-30,Child,Female,Magnesium,Laboratory,"Rafael Torres, RMT",Laboratory
2025-07-30,Adult,Female,Pregnancy Test (Serum),Laboratory,"Patricia Mendoza, RMT",Laboratory
2025-07-30,Adult,Male,TPHA Titer,Laboratory,"Joanna Lim, RMT",Laboratory
2025-07-31,Senior,Male,Diabetes Mellitus Monitoring,Clinic,Dr. Victor Manuel,Check-up
2025-07-31,Senior,Female,Diabetes Mellitus Monitoring,Clinic,Dr. Victor Manuel,Check-up
2025-07-31,Senior,Male,Duplex Scan,Radiology,Dr. Henry Ong,Imaging
2025-07-31,Adult,Female,"OGCT Pregnant (100g, 75g)",Laboratory,"Rafael Torres, RMT",Laboratory
2025-07-31,Adult,Female,RA/RF Latex (Rheumatoid Factor),Laboratory,"Joanna Lim, RMT",Laboratory
2025-07-31,Senior,Male,Testosterone,Laboratory,"Patricia Mendoza, RMT",Laboratory
2025-07-31,Adult,Male,Upper Respiratory Infection,Clinic,Dr. Miguel Fernandez,Check-up
2025-08-01,Senior,Female,Abdominal Aorta,Radiology,Dr. Andrea Sy,Imaging
2025-08-01,Senior,Female,Hypertension Monitoring,Clinic,Dr. Elena Bautista,Check-up
2025-08-01,Adult,Female,Hypertension Monitoring,Clinic,Dr. Victor Manuel,Check-up
2025-08-01,Adult,Male,Rubella Igm,Laboratory,"Patricia Mendoza, RMT",Laboratory
2025-08-01,Adult,Female,Upper and lower extremities,Radiology,Dr. Henry Ong,Imaging
2025-08-02,Adult,Male,Anti-HBc IgM,Laboratory,"Angela Reyes, RMT",Laboratory
2025-08-02,Child,Male,Body Fluid LDH,Laboratory,"Joanna Lim, RMT",Laboratory
2025-08-02,Adult,Female,CRP,Laboratory,"Angela Reyes, RMT",Laboratory
2025-08-02,Senior,Female,Fever,Clinic,Dr. Miguel Fernandez,Check-up
2025-08-02,Senior,Female,Headache,Clinic,Dr. Ana Lopez,Check-up
2025-08-02,Adult,Male,Hypertension Monitoring,Clinic,Dr. Elena Bautista,Check-up
2025-08-02,Adult,Female,Physical Exam,Clinic,Dr. Camille Tan,Pre-Employment Checkup
2025-08-02,Adult,Male,X-Ray,Clinic,Dr. Paolo Rivera,Pre-Employment Checkup
2025-08-03,Adult,Female,Bicarbonate,Laboratory,"Angela Reyes, RMT",Laboratory
2025-08-03,Adult,Male,Blood Cs with ARD (2 site),Laboratory,"Carlo Navarro, RMT",Laboratory
2025-08-03,Child,Male,C4,Laboratory,"Carlo Navarro, RMT",Laboratory
2025-08-03,Adult,Male,HCV Screening,Laboratory,"Joanna Lim, RMT",Laboratory
2025-08-03,Adult,Female,Hematology,Laboratory,"Joanna Lim, RMT",Laboratory
2025-08-03,Senior,Male,Pancreas,Radiology,Dr. Henry Ong,Imaging
2025-08-03,Adult,Female,RBS,Laboratory,"Carlo Navarro, RMT",Laboratory
2025-08-03,Adult,Female,Sperm Analysis WHO,Laboratory,"Joanna Lim, RMT",Laboratory
2025-08-03,Child,Female,Upper Respiratory Infection,Clinic,Dr. Camille Tan,Check-up
2025-08-04,Adult,Male,2 Hours Post Prandial,Laboratory,"Joanna Lim, RMT",Laboratory
2025-08-04,Child,Male,Asthma Monitoring,Clinic,Dr. Elena Bautista,Check-up
2025-08-04,Adult,Male,Bleeding Time,Laboratory,"Carlo Navarro, RMT",Laboratory
2025-08-04,Adult,Female,Coombs Test,Laboratory,"Rafael Torres, RMT",Laboratory
2025-08-04,Senior,Female,Diabetes Mellitus Monitoring,Clinic,Dr. Elena Bautista,Check-up
2025-08-04,Adult,Male,Face to Face Doctor Consultation,Clinic,Dr. Miguel Fernandez,Check-up
2025-08-04,Child,Female,Ferritin,Laboratory,"Angela Reyes, RMT",Laboratory
2025-08-04,Adult,Female,Physical Exam,Clinic,Dr. Camille Tan,Pre-Employment Checkup
2025-08-04,Child,Female,RBS,Laboratory,"Joanna Lim, RMT",Laboratory
2025-08-04,Adult,Female,Routine Medical Consultation,Clinic,Dr. Ana Lopez,Check-up
2025-08-04,Adult,Male,TPPA Quantitative,Laboratory,"Mark Villanueva, RMT",Laboratory
2025-08-05,Adult,Female,CBC w/ Actual Platelet Count,Laboratory,"Angela Reyes, RMT",Laboratory
2025-08-05,Child,Male,Dermatitis and Allergy,Clinic,Dr. Ana Lopez,Check-up
2025-08-05,Adult,Female,Hypertension Monitoring,Clinic,Dr. Elena Bautista,Check-up
2025-08-05,Adult,Male,Inorganic Phosphorus (IPO4),Laboratory,"Patricia Mendoza, RMT",Laboratory
2025-08-05,Senior,Female,Ionized Calcium (Ica),Laboratory,"Rafael Torres, RMT",Laboratory
2025-08-05,Adult,Male,Pregnancy Test (Urine),Laboratory,"Joanna Lim, RMT",Laboratory
2025-08-05,Adult,Male,TBIC (Total Iron Binding Capacity),Laboratory,"Carlo Navarro, RMT",Laboratory
2025-08-05,Adult,Male,TSH,Laboratory,"Patricia Mendoza, RMT",Laboratory
2025-08-05,Adult,Female,Troponin I Qualitive,Laboratory,"Rafael Torres, RMT",Laboratory
2025-08-05,Child,Female,Urinary Tract Infection,Clinic,Dr. Camille Tan,Check-up
2025-08-06,Adult,Female,Asthma Monitoring,Clinic,Dr. Elena Bautista,Check-up
2025-08-06,Adult,Male,EGFR,Laboratory,"Joanna Lim, RMT",Laboratory
2025-08-06,Adult,Male,HIV (Screening),Laboratory,"Carlo Navarro, RMT",Laboratory
2025-08-06,Adult,Male,Hepa B profile,Laboratory,"Mark Villanueva, RMT",Laboratory
2025-08-06,Adult,Male,Hypertension Monitoring,Clinic,Dr. Victor Manuel,Check-up
2025-08-06,Adult,Male,Hypertension Monitoring,Clinic,Dr. Elena Bautista,Check-up
2025-08-06,Adult,Female,Pregnancy Test (Urine),Laboratory,"Patricia Mendoza, RMT",Laboratory
2025-08-06,Adult,Female,Upper Respiratory Infection,Clinic,Dr. Miguel Fernandez,Check-up
2025-08-06,Senior,Female,Upper Respiratory Infection,Clinic,Dr. Camille Tan,Check-up
2025-08-06,Adult,Female,Urinalysis,Laboratory,"Carlo Navarro, RMT",Laboratory
2025-08-07,Adult,Female,C3,Laboratory,"Patricia Mendoza, RMT",Laboratory
2025-08-07,Adult,Female,Chest PA/LAT,Radiology,Dr. Sofia Mercado,Imaging
2025-08-07,Adult,Female,FT4,Laboratory,"Rafael Torres, RMT",Laboratory
2025-08-07,Adult,Female,Gastritis,Clinic,Dr. Elena Bautista,Check-up
2025-08-07,Adult,Female,HDL,Laboratory,"Carlo Navarro, RMT",Laboratory
2025-08-07,Senior,Female,Hypertension Monitoring,Clinic,Dr. Elena Bautista,Check-up
2025-08-07,Adult,Female,Hypertension Monitoring,Clinic,Dr. Elena Bautista,Check-up
2025-08-07,Senior,Male,Hypertension Monitoring,Clinic,Dr. Elena Bautista,Check-up
2025-08-07,Adult,Male,RA/RF Latex (Rheumatoid Factor),Laboratory,"Angela Reyes, RMT",Laboratory
2025-08-07,Adult,Male,Routine Medical Consultation,Clinic,Dr. Paolo Rivera,Check-up
2025-08-08,Adult,Female,CPK-MM,Laboratory,"Patricia Mendoza, RMT",Laboratory
2025-08-08,Adult,Male,Carotid Duplex Scan (by appointment),Radiology,Dr. Sofia Mercado,Imaging
2025-08-08,Adult,Female,Gastritis,Clinic,Dr. Victor Manuel,Check-up
2025-08-08,Adult,Male,Immunology/Serology,Laboratory,"Joanna Lim, RMT",Laboratory
2025-08-08,Adult,Female,Magnesium,Laboratory,"Carlo Navarro, RMT",Laboratory
2025-08-08,Adult,Male,Online Doctor Consultation,Clinic,Dr. Paolo Rivera,Check-up
2025-08-08,Adult,Male,Routine Medical Consultation,Clinic,Dr. Camille Tan,Check-up
2025-08-09,Child,Male,Asthma Monitoring,Clinic,Dr. Elena Bautista,Check-up
2025-08-09,Adult,Male,Blood Cs with ARD (1 site),Laboratory,"Mark Villanueva, RMT",Laboratory
2025-08-09,Senior,Female,OGCT,Laboratory,"Angela Reyes, RMT",Laboratory
2025-08-09,Adult,Female,Preventive Health Check-up,Clinic,Dr. Miguel Fernandez,Check-up
2025-08-10,Adult,Female,ASO Screening,Laboratory,"Joanna Lim, RMT",Laboratory
2025-08-10,Child,Male,ASO Titer,Laboratory,"Angela Reyes, RMT",Laboratory
2025-08-10,Adult,Female,Anti-HBc IgG,Laboratory,"Carlo Navarro, RMT",Laboratory
2025-08-10,Adult,Male,Asthma Monitoring,Clinic,Dr. Victor Manuel,Check-up
2025-08-10,Senior,Female,C3,Laboratory,"Angela Reyes, RMT",Laboratory
2025-08-10,Adult,Female,Clinical Microscopy,Laboratory,"Mark Villanueva, RMT",Laboratory
2025-08-10,Adult,Female,Diabetes Mellitus Monitoring,Clinic,Dr. Victor Manuel,Check-up
2025-08-10,Adult,Female,EBV Igg,Laboratory,"Mark Villanueva, RMT",Laboratory
2025-08-10,Adult,Male,LH,Laboratory,"Joanna Lim, RMT",Laboratory
2025-08-10,Child,Female,Preventive Health Check-up,Clinic,Dr. Ana Lopez,Check-up
2025-08-10,Senior,Male,Routine Medical Consultation,Clinic,Dr. Miguel Fernandez,Check-up
2025-08-10,Adult,Female,Testosterone,Laboratory,"Angela Reyes, RMT",Laboratory
2025-08-11,Adult,Female,Asthma Monitoring,Clinic,Dr. Victor Manuel,Check-up
2025-08-11,Senior,Female,Diabetes Mellitus Monitoring,Clinic,Dr. Elena Bautista,Check-up
2025-08-11,Adult,Male,Hypertension Monitoring,Clinic,Dr. Elena Bautista,Check-up
2025-08-11,Adult,Male,Preventive Health Check-up,Clinic,Dr. Miguel Fernandez,Check-up
2025-08-12,Senior,Male,15L-ECG (Electrocardiogram) 15L,Cardiology,Dr. Miguel Fernandez,Cardiology
2025-08-12,Adult,Male,Albumin (Protein) Creatinine Ratio,Laboratory,"Rafael Torres, RMT",Laboratory
2025-08-12,Adult,Male,Asthma Monitoring,Clinic,Dr. Elena Bautista,Check-up
2025-08-12,Senior,Male,Diabetes Mellitus Monitoring,Clinic,Dr. Victor Manuel,Check-up
2025-08-12,Senior,Female,Diabetes Mellitus Monitoring,Clinic,Dr. Elena Bautista,Check-up
2025-08-12,Adult,Male,Fecal Occult Blood,Laboratory,"Mark Villanueva, RMT",Laboratory
2025-08-12,Adult,Male,Fever,Clinic,Dr. Ana Lopez,Check-up
2025-08-12,Adult,Male,HCV-RNA,Laboratory,"Mark Villanueva, RMT",Laboratory
2025-08-12,Senior,Male,Headache,Clinic,Dr. Ana Lopez,Check-up
2025-08-12,Senior,Male,Hypertension Monitoring,Clinic,Dr. Elena Bautista,Check-up
2025-08-12,Child,Male,Sodium (Na),Laboratory,"Rafael Torres, RMT",Laboratory
2025-08-12,Adult,Female,TPPA Qualitative,Laboratory,"Patricia Mendoza, RMT",Laboratory
2025-08-12,Child,Female,Upper Respiratory Infection,Clinic,Dr. Miguel Fernandez,Check-up
2025-08-12,Adult,Female,Urinalysis & Fecalysis,Clinic,Dr. Camille Tan,Pre-Employment Checkup
2025-08-13,Child,Female,Albumin,Laboratory,"Angela Reyes, RMT",Laboratory
2025-08-13,Senior,Male,Ankle AP/LAT,Radiology,Dr. Andrea Sy,Imaging
2025-08-13,Child,Male,Bleeding Time,Laboratory,"Patricia Mendoza, RMT",Laboratory
2025-08-13,Senior,Female,Diabetes Mellitus Monitoring,Clinic,Dr. Elena Bautista,Check-up
2025-08-13,Adult,Male,Fever,Clinic,Dr. Ana Lopez,Check-up
2025-08-13,Adult,Male,Hypertension Monitoring,Clinic,Dr. Elena Bautista,Check-up
2025-08-13,Senior,Female,Preventive Health Check-up,Clinic,Dr. Paolo Rivera,Check-up
2025-08-13,Adult,Female,Routine Medical Consultation,Clinic,Dr. Ana Lopez,Check-up
2025-08-13,Adult,Female,"TPAG (Total Protein, Albumin, AG)",Laboratory,"Rafael Torres, RMT",Laboratory
2025-08-14,Adult,Male,Amylase,Laboratory,"Mark Villanueva, RMT",Laboratory
2025-08-14,Adult,Female,Dermatitis and Allergy,Clinic,Dr. Paolo Rivera,Check-up
2025-08-14,Adult,Male,Diabetes Mellitus Monitoring,Clinic,Dr. Victor Manuel,Check-up
2025-08-14,Adult,Female,Gastritis,Clinic,Dr. Victor Manuel,Check-up
2025-08-14,Adult,Female,Upper Respiratory Infection,Clinic,Dr. Ana Lopez,Check-up
2025-08-15,Senior,Female,Blood Urea Nitrogen,Laboratory,"Carlo Navarro, RMT",Laboratory
2025-08-15,Adult,Female,CPK-MM,Laboratory,"Carlo Navarro, RMT",Laboratory
2025-08-15,Adult,Female,Dermatitis and Allergy,Clinic,Dr. Miguel Fernandez,Check-up
2025-08-15,Adult,Male,Ferritin,Laboratory,"Patricia Mendoza, RMT",Laboratory
2025-08-15,Adult,Male,Fever,Clinic,Dr. Ana Lopez,Check-up
2025-08-15,Child,Female,Fever,Clinic,Dr. Paolo Rivera,Check-up
2025-08-15,Adult,Male,Glucose,Laboratory,"Rafael Torres, RMT",Laboratory
2025-08-15,Adult,Female,Hypertension Monitoring,Clinic,Dr. Victor Manuel,Check-up
2025-08-15,Senior,Male,Hypertension Monitoring,Clinic,Dr. Elena Bautista,Check-up
2025-08-15,Adult,Male,Inorganic Phosphorus (IPO4),Laboratory,"Patricia Mendoza, RMT",Laboratory
2025-08-15,Child,Female,Preventive Health Check-up,Clinic,Dr. Miguel Fernandez,Check-up
2025-08-15,Adult,Male,Upper Respiratory Infection,Clinic,Dr. Ana Lopez,Check-up
2025-08-16,Child,Female,Asthma Monitoring,Clinic,Dr. Victor Manuel,Check-up
2025-08-16,Adult,Male,Fecal Occult Blood,Laboratory,"Angela Reyes, RMT",Laboratory
2025-08-16,Adult,Female,HBA1C (edta),Laboratory,"Rafael Torres, RMT",Laboratory
2025-08-16,Child,Male,Rubella Igm,Laboratory,"Mark Villanueva, RMT",Laboratory
2025-08-16,Adult,Female,Serum LDH,Laboratory,"Rafael Torres, RMT",Laboratory
2025-08-17,Adult,Male,Arterial & Venous Duplex Scan,Radiology,Dr. Henry Ong,Imaging
2025-08-17,Adult,Male,Blood Cs with ARD (1 site),Laboratory,"Rafael Torres, RMT",Laboratory
2025-08-17,Adult,Male,CBC,Laboratory,"Mark Villanueva, RMT",Laboratory
2025-08-17,Child,Female,Clinical Chemistry,Laboratory,"Mark Villanueva, RMT",Laboratory
2025-08-17,Adult,Female,Gastritis,Clinic,Dr. Victor Manuel,Check-up
2025-08-17,Adult,Male,Gastritis,Clinic,Dr. Elena Bautista,Check-up
2025-08-18,Child,Male,Anti-HBc Total,Laboratory,"Mark Villanueva, RMT",Laboratory
2025-08-18,Adult,Female,Asthma Monitoring,Clinic,Dr. Victor Manuel,Check-up
2025-08-18,Senior,Male,Neck,Radiology,Dr. Sofia Mercado,Imaging
2025-08-18,Adult,Male,TBIC (Total Iron Binding Capacity),Laboratory,"Mark Villanueva, RMT",Laboratory
2025-08-19,Child,Female,Amylase,Laboratory,"Rafael Torres, RMT",Laboratory
2025-08-19,Adult,Male,Anti-HAV Screening,Laboratory,"Patricia Mendoza, RMT",Laboratory
2025-08-19,Adult,Male,Anti-HBc IgM,Laboratory,"Mark Villanueva, RMT",Laboratory
2025-08-19,Adult,Female,Carotid Duplex Scan (by appointment),Radiology,Dr. Henry Ong,Imaging
2025-08-19,Adult,Female,Dermatitis and Allergy,Clinic,Dr. Ana Lopez,Check-up
2025-08-19,Adult,Female,Diabetes Mellitus Monitoring,Clinic,Dr. Victor Manuel,Check-up
2025-08-19,Adult,Female,Estrogen,Laboratory,"Mark Villanueva, RMT",Laboratory
2025-08-19,Adult,Male,Pelvis Hip,Radiology,Dr. Sofia Mercado,Imaging
2025-08-19,Adult,Female,Progesterone,Laboratory,"Patricia Mendoza, RMT",Laboratory
2025-08-19,Adult,Female,Routine Medical Consultation,Clinic,Dr. Miguel Fernandez,Check-up
2025-08-19,Adult,Female,Upper Respiratory Infection,Clinic,Dr. Paolo Rivera,Check-up
2025-08-19,Adult,Female,Upper Respiratory Infection,Clinic,Dr. Camille Tan,Check-up
2025-08-19,Senior,Female,Whole Abdomen,Radiology,Dr. Sofia Mercado,Imaging
2025-08-20,Child,Male,C3,Laboratory,"Joanna Lim, RMT",Laboratory
2025-08-20,Adult,Male,CPK-MB,Laboratory,"Rafael Torres, RMT",Laboratory
2025-08-20,Adult,Male,Diabetes Mellitus Monitoring,Clinic,Dr. Elena Bautista,Check-up
2025-08-20,Adult,Female,Gastritis,Clinic,Dr. Elena Bautista,Check-up
2025-08-20,Senior,Male,Hypertension Monitoring,Clinic,Dr. Victor Manuel,Check-up
2025-08-20,Adult,Female,THC (Marijuana),Drug Testing,"Joanna Lim, RMT",Drug Testing
2025-08-20,Adult,Female,Upper Respiratory Infection,Clinic,Dr. Camille Tan,Check-up
2025-08-21,Adult,Female,Abdominal Pain,Clinic,Dr. Victor Manuel,Check-up
2025-08-21,Adult,Male,Abdominal Pain,Clinic,Dr. Victor Manuel,Check-up
2025-08-21,Child,Male,Asthma Monitoring,Clinic,Dr. Victor Manuel,Check-up
2025-08-21,Adult,Female,Chloride (C),Laboratory,"Patricia Mendoza, RMT",Laboratory
2025-08-21,Adult,Male,Gastritis,Clinic,Dr. Elena Bautista,Check-up
2025-08-21,Adult,Female,Headache,Clinic,Dr. Camille Tan,Check-up
2025-08-21,Senior,Male,Hypertension Monitoring,Clinic,Dr. Elena Bautista,Check-up
2025-08-21,Adult,Female,Routine Medical Consultation,Clinic,Dr. Ana Lopez,Check-up
2025-08-22,Senior,Male,Abdominal Pain,Clinic,Dr. Victor Manuel,Check-up
2025-08-22,Child,Male,Actual Platelet Count,Laboratory,"Angela Reyes, RMT",Laboratory
2025-08-22,Adult,Male,Antigen Swab Test,Laboratory,"Rafael Torres, RMT",Laboratory
2025-08-22,Adult,Female,Asthma Monitoring,Clinic,Dr. Victor Manuel,Check-up
2025-08-22,Adult,Female,Diabetes Mellitus Monitoring,Clinic,Dr. Victor Manuel,Check-up
2025-08-22,Adult,Female,Foot AP/OBLIQUE/Lateral,Radiology,Dr. Andrea Sy,Imaging
2025-08-22,Senior,Male,H. Pylori Stool,Laboratory,"Mark Villanueva, RMT",Laboratory
2025-08-22,Adult,Female,Headache,Clinic,Dr. Paolo Rivera,Check-up
2025-08-22,Adult,Female,"Hepa A,B,C",Laboratory,"Patricia Mendoza, RMT",Laboratory
2025-08-22,Adult,Female,Hypertension Monitoring,Clinic,Dr. Elena Bautista,Check-up
2025-08-22,Adult,Female,Hypertension Monitoring,Clinic,Dr. Victor Manuel,Check-up
2025-08-22,Adult,Male,Hypertension Monitoring,Clinic,Dr. Elena Bautista,Check-up
2025-08-22,Adult,Female,Magnesium,Laboratory,"Joanna Lim, RMT",Laboratory
2025-08-22,Adult,Female,Sperm Analysis WHO,Laboratory,"Rafael Torres, RMT",Laboratory
2025-08-22,Senior,Male,Upper Respiratory Infection,Clinic,Dr. Miguel Fernandez,Check-up
2025-08-22,Senior,Male,Upper Respiratory Infection,Clinic,Dr. Camille Tan,Check-up
2025-08-22,Child,Male,Upper Respiratory Infection,Clinic,Dr. Ana Lopez,Check-up
2025-08-23,Adult,Male,Body Fluid Analysis (Package),Laboratory,"Joanna Lim, RMT",Laboratory
2025-08-23,Senior,Female,Diabetes Mellitus Monitoring,Clinic,Dr. Victor Manuel,Check-up
2025-08-23,Senior,Female,HCV-Genotyping,Laboratory,"Angela Reyes, RMT",Laboratory
2025-08-23,Adult,Female,Upper Respiratory Infection,Clinic,Dr. Camille Tan,Check-up
2025-08-23,Adult,Male,X-Ray,Radiology,Dr. Sofia Mercado,Imaging
2025-08-24,Adult,Male,Anti-HBc Total,Laboratory,"Rafael Torres, RMT",Laboratory
2025-08-24,Adult,Male,Asthma Monitoring,Clinic,Dr. Elena Bautista,Check-up
2025-08-24,Senior,Female,Asthma Monitoring,Clinic,Dr. Elena Bautista,Check-up
2025-08-24,Adult,Male,Cervical AP/ LAT,Radiology,Dr. Andrea Sy,Imaging
2025-08-24,Adult,Female,Diabetes Mellitus Monitoring,Clinic,Dr. Victor Manuel,Check-up
2025-08-24,Adult,Female,Drug Test,Clinic,Dr. Camille Tan,Pre-Employment Checkup
2025-08-24,Adult,Male,Fever,Clinic,Dr. Ana Lopez,Check-up
2025-08-24,Adult,Female,Headache,Clinic,Dr. Paolo Rivera,Check-up
2025-08-24,Adult,Female,Hematology,Laboratory,"Mark Villanueva, RMT",Laboratory
2025-08-24,Adult,Male,Preventive Health Check-up,Clinic,Dr. Ana Lopez,Check-up
2025-08-24,Senior,Male,Routine Medical Consultation,Clinic,Dr. Camille Tan,Check-up
2025-08-24,Adult,Female,T3,Laboratory,"Mark Villanueva, RMT",Laboratory
2025-08-24,Adult,Male,Upper Respiratory Infection,Clinic,Dr. Ana Lopez,Check-up
2025-08-25,Adult,Female,2 Hours Post Prandial,Laboratory,"Joanna Lim, RMT",Laboratory
2025-08-25,Adult,Male,Body Fluid Analysis (Package),Laboratory,"Rafael Torres, RMT",Laboratory
2025-08-25,Adult,Female,Diabetes Mellitus Monitoring,Clinic,Dr. Elena Bautista,Check-up
2025-08-25,Child,Male,Potassium (K),Laboratory,"Joanna Lim, RMT",Laboratory
2025-08-25,Adult,Female,Upper Respiratory Infection,Clinic,Dr. Paolo Rivera,Check-up
2025-08-26,Child,Male,Dermatitis and Allergy,Clinic,Dr. Ana Lopez,Check-up
2025-08-26,Child,Female,Gastritis,Clinic,Dr. Elena Bautista,Check-up
2025-08-26,Adult,Male,HSCRP,Laboratory,"Joanna Lim, RMT",Laboratory
2025-08-26,Adult,Female,Hypertension Monitoring,Clinic,Dr. Victor Manuel,Check-up
2025-08-26,Adult,Male,Magnesium,Laboratory,"Rafael Torres, RMT",Laboratory
2025-08-26,Senior,Female,Scapular Y View,Radiology,Dr. Sofia Mercado,Imaging
2025-08-26,Child,Male,TT4 (Toal Thyroxine),Laboratory,"Carlo Navarro, RMT",Laboratory
2025-08-26,Adult,Female,Triglyceride,Laboratory,"Rafael Torres, RMT",Laboratory
2025-08-26,Senior,Male,Typhil Dot,Laboratory,"Rafael Torres, RMT",Laboratory
2025-08-26,Senior,Female,Upper Respiratory Infection,Clinic,Dr. Ana Lopez,Check-up
2025-08-27,Adult,Female,Abdominal Pain,Clinic,Dr. Victor Manuel,Check-up
2025-08-27,Child,Male,C4,Laboratory,"Angela Reyes, RMT",Laboratory
2025-08-27,Adult,Female,Diabetes Mellitus Monitoring,Clinic,Dr. Victor Manuel,Check-up
2025-08-27,Child,Male,GGTP,Laboratory,"Rafael Torres, RMT",Laboratory
2025-08-27,Adult,Male,Headache,Clinic,Dr. Ana Lopez,Check-up
2025-08-27,Adult,Male,Hypertension Monitoring,Clinic,Dr. Elena Bautista,Check-up
2025-08-27,Adult,Female,Liver & Pancreas,Radiology,Dr. Andrea Sy,Imaging
2025-08-27,Senior,Female,OGCT,Laboratory,"Joanna Lim, RMT",Laboratory
2025-08-27,Adult,Male,Routine Medical Consultation,Clinic,Dr. Miguel Fernandez,Check-up
2025-08-27,Adult,Male,Tranvaginal,Radiology,Dr. Sofia Mercado,Imaging
2025-08-27,Adult,Male,Troponin T Qualitive,Laboratory,"Rafael Torres, RMT",Laboratory
2025-08-28,Adult,Male,"Bilirubin (B1, B2)",Laboratory,"Angela Reyes, RMT",Laboratory
2025-08-28,Adult,Female,Chest PA,Radiology,Dr. Andrea Sy,Imaging
2025-08-28,Adult,Male,Dermatitis and Allergy,Clinic,Dr. Miguel Fernandez,Check-up
2025-08-28,Adult,Male,Dermatitis and Allergy,Clinic,Dr. Camille Tan,Check-up
2025-08-28,Adult,Male,Diabetes Mellitus Monitoring,Clinic,Dr. Elena Bautista,Check-up
2025-08-28,Adult,Male,Hypertension Monitoring,Clinic,Dr. Victor Manuel,Check-up
2025-08-28,Adult,Male,Hypertension Monitoring,Clinic,Dr. Elena Bautista,Check-up
2025-08-28,Senior,Male,Liver,Radiology,Dr. Henry Ong,Imaging
2025-08-28,Adult,Male,Upper Respiratory Infection,Clinic,Dr. Miguel Fernandez,Check-up
2025-08-28,Adult,Female,Upper Respiratory Infection,Clinic,Dr. Paolo Rivera,Check-up
2025-08-29,Adult,Female,Dermatitis and Allergy,Clinic,Dr. Paolo Rivera,Check-up
2025-08-29,Senior,Male,Fever,Clinic,Dr. Paolo Rivera,Check-up
2025-08-29,Senior,Male,Headache,Clinic,Dr. Miguel Fernandez,Check-up
2025-08-29,Child,Female,Prothrombin Time,Laboratory,"Patricia Mendoza, RMT",Laboratory
2025-08-29,Adult,Male,Upper Respiratory Infection,Clinic,Dr. Paolo Rivera,Check-up
2025-08-30,Senior,Male,"Hepa A,B,C",Laboratory,"Patricia Mendoza, RMT",Laboratory
2025-08-30,Adult,Female,Rubella IgG,Laboratory,"Rafael Torres, RMT",Laboratory
2025-08-30,Adult,Female,TSH,Laboratory,"Carlo Navarro, RMT",Laboratory
2025-08-30,Adult,Female,Upper Respiratory Infection,Clinic,Dr. Paolo Rivera,Check-up
2025-08-31,Child,Male,Asthma Monitoring,Clinic,Dr. Elena Bautista,Check-up
2025-08-31,Adult,Male,ESR,Laboratory,"Joanna Lim, RMT",Laboratory
2025-08-31,Adult,Female,Hypertension Monitoring,Clinic,Dr. Victor Manuel,Check-up
2025-08-31,Adult,Male,Immunology/Serology,Laboratory,"Rafael Torres, RMT",Laboratory
2025-08-31,Child,Female,Prolactin,Laboratory,"Patricia Mendoza, RMT",Laboratory
2025-08-31,Child,Male,Upper Respiratory Infection,Clinic,Dr. Paolo Rivera,Check-up
2025-08-31,Adult,Male,Upper Respiratory Infection,Clinic,Dr. Paolo Rivera,Check-up
2025-08-31,Adult,Male,Upper Respiratory Infection,Clinic,Dr. Camille Tan,Check-up
2025-08-31,Senior,Male,Urinalysis,Laboratory,"Angela Reyes, RMT",Laboratory
2025-09-01,Adult,Female,Dermatitis and Allergy,Clinic,Dr. Ana Lopez,Check-up
2025-09-01,Adult,Female,Diabetes Mellitus Monitoring,Clinic,Dr. Victor Manuel,Check-up
2025-09-01,Senior,Male,Fever,Clinic,Dr. Ana Lopez,Check-up
2025-09-01,Adult,Male,Gastritis,Clinic,Dr. Elena Bautista,Check-up
2025-09-01,Adult,Male,T4,Laboratory,"Joanna Lim, RMT",Laboratory
2025-09-01,Adult,Female,Upper Abdomen & Kidney,Radiology,Dr. Sofia Mercado,Imaging
2025-09-01,Child,Female,Upper Respiratory Infection,Clinic,Dr. Camille Tan,Check-up
2025-09-02,Adult,Male,Abdominal Pain,Clinic,Dr. Victor Manuel,Check-up
2025-09-02,Adult,Female,Dengue Combo,Laboratory,"Angela Reyes, RMT",Laboratory
2025-09-02,Adult,Male,Dermatitis and Allergy,Clinic,Dr. Paolo Rivera,Check-up
2025-09-02,Senior,Male,Diabetes Mellitus Monitoring,Clinic,Dr. Elena Bautista,Check-up
2025-09-02,Adult,Female,Diabetes Mellitus Monitoring,Clinic,Dr. Victor Manuel,Check-up
2025-09-02,Adult,Female,Gastritis,Clinic,Dr. Victor Manuel,Check-up
2025-09-02,Adult,Male,Upper Respiratory Infection,Clinic,Dr. Camille Tan,Check-up
2025-09-03,Adult,Female,Albumin (Protein) Creatinine Ratio,Laboratory,"Angela Reyes, RMT",Laboratory
2025-09-03,Child,Female,Bleeding Time,Laboratory,"Carlo Navarro, RMT",Laboratory
2025-09-03,Adult,Male,Dermatitis and Allergy,Clinic,Dr. Ana Lopez,Check-up
2025-09-03,Adult,Male,Diabetes Mellitus Monitoring,Clinic,Dr. Elena Bautista,Check-up
2025-09-03,Senior,Female,Diabetes Mellitus Monitoring,Clinic,Dr. Elena Bautista,Check-up
2025-09-03,Adult,Male,FBS,Laboratory,"Carlo Navarro, RMT",Laboratory
2025-09-03,Senior,Female,GGTP,Laboratory,"Rafael Torres, RMT",Laboratory
2025-09-03,Adult,Female,Hepa B profile,Laboratory,"Joanna Lim, RMT",Laboratory
2025-09-03,Senior,Male,Hypertension Monitoring,Clinic,Dr. Elena Bautista,Check-up
2025-09-03,Adult,Male,Hypertension Monitoring,Clinic,Dr. Victor Manuel,Check-up
2025-09-03,Adult,Male,TPHA Titer,Laboratory,"Angela Reyes, RMT",Laboratory
2025-09-03,Child,Male,Upper Respiratory Infection,Clinic,Dr. Ana Lopez,Check-up
2025-09-03,Adult,Male,Urinalysis & Fecalysis,Clinic,Dr. Camille Tan,Pre-Employment Checkup
2025-09-03,Adult,Male,Urinary Tract Infection,Clinic,Dr. Paolo Rivera,Check-up
2025-09-04,Adult,Female,Asthma Monitoring,Clinic,Dr. Elena Bautista,Check-up
2025-09-04,Adult,Female,FSH,Laboratory,"Rafael Torres, RMT",Laboratory
2025-09-04,Senior,Male,Hypertension Monitoring,Clinic,Dr. Victor Manuel,Check-up
2025-09-04,Child,Male,Magnesium,Laboratory,"Angela Reyes, RMT",Laboratory
2025-09-04,Adult,Female,Pancreas & Spleen,Radiology,Dr. Sofia Mercado,Imaging
2025-09-04,Adult,Female,RBC Morphology (Urine),Laboratory,"Joanna Lim, RMT",Laboratory
2025-09-04,Adult,Female,RT-PCR 12HRS,Laboratory,"Mark Villanueva, RMT",Laboratory
2025-09-04,Adult,Male,SGOT (AST),Laboratory,"Patricia Mendoza, RMT",Laboratory
2025-09-04,Adult,Female,T4,Laboratory,"Mark Villanueva, RMT",Laboratory
2025-09-04,Adult,Male,Upper Respiratory Infection,Clinic,Dr. Ana Lopez,Check-up
2025-09-05,Adult,Male,Abdominal Pain,Clinic,Dr. Victor Manuel,Check-up
2025-09-05,Child,Female,Asthma Monitoring,Clinic,Dr. Elena Bautista,Check-up
2025-09-05,Adult,Female,Asthma Monitoring,Clinic,Dr. Victor Manuel,Check-up
2025-09-05,Child,Male,FSH,Laboratory,"Joanna Lim, RMT",Laboratory
2025-09-05,Adult,Male,Gastritis,Clinic,Dr. Victor Manuel,Check-up
2025-09-05,Adult,Male,"OGCT Pregnant (100g, 75g)",Laboratory,"Rafael Torres, RMT",Laboratory
2025-09-05,Senior,Male,Upper Respiratory Infection,Clinic,Dr. Ana Lopez,Check-up
2025-09-06,Adult,Female,Abdominal Pain,Clinic,Dr. Elena Bautista,Check-up
2025-09-06,Adult,Female,CPK Total,Laboratory,"Rafael Torres, RMT",Laboratory
2025-09-06,Senior,Female,Diabetes Mellitus Monitoring,Clinic,Dr. Elena Bautista,Check-up
2025-09-06,Senior,Male,Diabetes Mellitus Monitoring,Clinic,Dr. Elena Bautista,Check-up
2025-09-06,Adult,Male,Gastritis,Clinic,Dr. Elena Bautista,Check-up
2025-09-06,Adult,Male,H. Pylori (Quali)-serum,Laboratory,"Rafael Torres, RMT",Laboratory
2025-09-06,Adult,Female,Upper Respiratory Infection,Clinic,Dr. Paolo Rivera,Check-up
2025-09-06,Adult,Female,Urinalysis 10P,Laboratory,"Carlo Navarro, RMT",Laboratory
2025-09-07,Adult,Female,CBC,Laboratory,"Carlo Navarro, RMT",Laboratory
2025-09-07,Adult,Female,Clavicle AP,Radiology,Dr. Andrea Sy,Imaging
2025-09-07,Child,Female,DTAP Vaccine (pedia),Clinic,Dr. Ana Lopez,Vaccination
2025-09-07,Adult,Male,Dengue NS1,Laboratory,"Patricia Mendoza, RMT",Laboratory
2025-09-07,Adult,Female,Dermatitis and Allergy,Clinic,Dr. Miguel Fernandez,Check-up
2025-09-07,Adult,Female,Dermatitis and Allergy,Clinic,Dr. Ana Lopez,Check-up
2025-09-07,Adult,Female,Diabetes Mellitus Monitoring,Clinic,Dr. Elena Bautista,Check-up
2025-09-07,Child,Female,Fit Stool Test,Laboratory,"Patricia Mendoza, RMT",Laboratory
2025-09-07,Adult,Female,HIV (Screening),Laboratory,"Rafael Torres, RMT",Laboratory
2025-09-07,Adult,Male,Headache,Clinic,Dr. Ana Lopez,Check-up
2025-09-07,Adult,Female,"OGCT Post-Pregnant (100g, 75g)​",Laboratory,"Patricia Mendoza, RMT",Laboratory
2025-09-07,Child,Female,Preventive Health Check-up,Clinic,Dr. Paolo Rivera,Check-up
2025-09-07,Adult,Female,Sodium (Na),Laboratory,"Patricia Mendoza, RMT",Laboratory
2025-09-07,Adult,Female,Upper Respiratory Infection,Clinic,Dr. Paolo Rivera,Check-up
2025-09-07,Adult,Female,Urinary Tract Infection,Clinic,Dr. Camille Tan,Check-up
2025-09-08,Adult,Female,Asthma Monitoring,Clinic,Dr. Victor Manuel,Check-up
2025-09-08,Child,Male,D-DIMER Test,Laboratory,"Rafael Torres, RMT",Laboratory
2025-09-08,Adult,Male,Face to Face Doctor Consultation,Clinic,Dr. Miguel Fernandez,Check-up
2025-09-08,Adult,Male,Gastritis,Clinic,Dr. Victor Manuel,Check-up
2025-09-08,Child,Female,RBC Morphology (Urine),Laboratory,"Carlo Navarro, RMT",Laboratory
2025-09-08,Adult,Female,Sodium (Na),Laboratory,"Angela Reyes, RMT",Laboratory
2025-09-09,Adult,Female,Asthma Monitoring,Clinic,Dr. Elena Bautista,Check-up
2025-09-09,Adult,Male,Blood Urea Nitrogen,Laboratory,"Carlo Navarro, RMT",Laboratory
2025-09-09,Adult,Male,Bloodtype and RH Typing,Laboratory,"Joanna Lim, RMT",Laboratory
2025-09-09,Adult,Male,CBC w/ Actual Platelet Count,Laboratory,"Joanna Lim, RMT",Laboratory
2025-09-09,Adult,Female,Cervical AP/ LAT,Radiology,Dr. Henry Ong,Imaging
2025-09-09,Adult,Female,Hypertension Monitoring,Clinic,Dr. Victor Manuel,Check-up
2025-09-09,Senior,Male,Hypertension Monitoring,Clinic,Dr. Victor Manuel,Check-up
2025-09-09,Adult,Male,Hypertension Monitoring,Clinic,Dr. Victor Manuel,Check-up
2025-09-09,Adult,Male,Upper Respiratory Infection,Clinic,Dr. Ana Lopez,Check-up
2025-09-09,Adult,Female,Urinary Tract Infection,Clinic,Dr. Paolo Rivera,Check-up
2025-09-10,Adult,Male,Abdominal Pain,Clinic,Dr. Elena Bautista,Check-up
2025-09-10,Senior,Male,Asthma Monitoring,Clinic,Dr. Elena Bautista,Check-up
2025-09-10,Adult,Female,Calcium (C),Laboratory,"Patricia Mendoza, RMT",Laboratory
2025-09-10,Adult,Female,Drug Test,Clinic,Dr. Camille Tan,Pre-Employment Checkup
2025-09-10,Child,Female,Fever,Clinic,Dr. Ana Lopez,Check-up
2025-09-10,Adult,Female,Foot AP/OBLIQUE/Lateral,Radiology,Dr. Andrea Sy,Imaging
2025-09-10,Adult,Female,Gastritis,Clinic,Dr. Elena Bautista,Check-up
2025-09-10,Senior,Female,Hepa B Vaccine,Clinic,Dr. Paolo Rivera,Vaccination
2025-09-10,Adult,Female,Hypertension Monitoring,Clinic,Dr. Elena Bautista,Check-up
2025-09-10,Adult,Male,Pelvic,Radiology,Dr. Andrea Sy,Imaging
2025-09-10,Adult,Female,Upper Respiratory Infection,Clinic,Dr. Camille Tan,Check-up
2025-09-10,Adult,Male,Upper Respiratory Infection,Clinic,Dr. Ana Lopez,Check-up
2025-09-10,Child,Female,Upper Respiratory Infection,Clinic,Dr. Ana Lopez,Check-up
2025-09-11,Child,Male,Asthma Monitoring,Clinic,Dr. Elena Bautista,Check-up
2025-09-11,Child,Female,Estrogen,Laboratory,"Mark Villanueva, RMT",Laboratory
2025-09-11,Adult,Male,Fever,Clinic,Dr. Paolo Rivera,Check-up
2025-09-11,Adult,Female,Gram Stain,Laboratory,"Mark Villanueva, RMT",Laboratory
2025-09-11,Adult,Female,Hypertension Monitoring,Clinic,Dr. Elena Bautista,Check-up
2025-09-11,Adult,Female,Preventive Health Check-up,Clinic,Dr. Miguel Fernandez,Check-up
2025-09-11,Adult,Male,Upper Respiratory Infection,Clinic,Dr. Camille Tan,Check-up
2025-09-12,Adult,Male,Abdominal Pain,Clinic,Dr. Victor Manuel,Check-up
2025-09-12,Adult,Female,Alkaline Phosphates,Laboratory,"Joanna Lim, RMT",Laboratory
2025-09-12,Adult,Female,CBC,Laboratory,"Angela Reyes, RMT",Laboratory
2025-09-12,Adult,Female,Cholesterol,Laboratory,"Patricia Mendoza, RMT",Laboratory
2025-09-12,Adult,Female,Diabetes Mellitus Monitoring,Clinic,Dr. Elena Bautista,Check-up
2025-09-12,Child,Female,Headache,Clinic,Dr. Paolo Rivera,Check-up
2025-09-12,Adult,Female,Hepa C profile,Laboratory,"Patricia Mendoza, RMT",Laboratory
2025-09-12,Adult,Male,KOH,Laboratory,"Angela Reyes, RMT",Laboratory
2025-09-12,Adult,Male,Troponin T Qualitive,Laboratory,"Carlo Navarro, RMT",Laboratory
2025-09-12,Adult,Female,Upper Respiratory Infection,Clinic,Dr. Miguel Fernandez,Check-up
2025-09-12,Senior,Male,VFRL RPR Titer,Laboratory,"Mark Villanueva, RMT",Laboratory
2025-09-13,Child,Male,Anti-HCV Titer,Laboratory,"Rafael Torres, RMT",Laboratory
2025-09-13,Adult,Female,Asthma Monitoring,Clinic,Dr. Victor Manuel,Check-up
2025-09-13,Child,Male,D-DIMER Test,Laboratory,"Carlo Navarro, RMT",Laboratory
2025-09-13,Adult,Male,Dermatitis and Allergy,Clinic,Dr. Miguel Fernandez,Check-up
2025-09-13,Adult,Female,Elbow AP/LAT,Radiology,Dr. Henry Ong,Imaging
2025-09-13,Senior,Female,Estrogen,Laboratory,"Angela Reyes, RMT",Laboratory
2025-09-13,Adult,Male,H. Pylori Stool,Laboratory,"Rafael Torres, RMT",Laboratory
2025-09-13,Adult,Female,HDL,Laboratory,"Angela Reyes, RMT",Laboratory
2025-09-13,Adult,Male,"Iron Studies (TI, TIBC, Ferritin)",Laboratory,"Mark Villanueva, RMT",Laboratory
2025-09-13,Adult,Male,Preventive Health Check-up,Clinic,Dr. Ana Lopez,Check-up
2025-09-13,Adult,Female,Troponin T Qualitive,Laboratory,"Carlo Navarro, RMT",Laboratory
2025-09-13,Adult,Female,Upper Respiratory Infection,Clinic,Dr. Miguel Fernandez,Check-up
2025-09-13,Adult,Female,Urinary Tract Infection,Clinic,Dr. Miguel Fernandez,Check-up
2025-09-14,Adult,Male,Abdominal Pain,Clinic,Dr. Elena Bautista,Check-up
2025-09-14,Adult,Female,Dermatitis and Allergy,Clinic,Dr. Miguel Fernandez,Check-up
2025-09-14,Child,Male,Fever,Clinic,Dr. Ana Lopez,Check-up
2025-09-14,Senior,Female,Gastritis,Clinic,Dr. Elena Bautista,Check-up
2025-09-14,Senior,Male,Hypertension Monitoring,Clinic,Dr. Victor Manuel,Check-up
2025-09-14,Child,Female,Routine Medical Consultation,Clinic,Dr. Ana Lopez,Check-up
2025-09-14,Child,Male,Routine Medical Consultation,Clinic,Dr. Paolo Rivera,Check-up
2025-09-14,Adult,Female,VFRL RPR Titer,Laboratory,"Joanna Lim, RMT",Laboratory
2025-09-15,Child,Female,Amylase,Laboratory,"Patricia Mendoza, RMT",Laboratory
2025-09-15,Adult,Male,CPK-MM,Laboratory,"Rafael Torres, RMT",Laboratory
2025-09-15,Senior,Female,Carotid Duplex Scan,Radiology,Dr. Andrea Sy,Imaging
2025-09-15,Child,Female,Fever,Clinic,Dr. Paolo Rivera,Check-up
2025-09-15,Adult,Female,"Iron Studies (TI, TIBC, Ferritin)",Laboratory,"Carlo Navarro, RMT",Laboratory
2025-09-15,Adult,Male,Routine Medical Consultation,Clinic,Dr. Miguel Fernandez,Check-up
2025-09-15,Adult,Male,THC (Marijuana),Drug Testing,"Patricia Mendoza, RMT",Drug Testing
2025-09-15,Adult,Female,Upper Respiratory Infection,Clinic,Dr. Ana Lopez,Check-up
2025-09-15,Adult,Male,Upper Respiratory Infection,Clinic,Dr. Miguel Fernandez,Check-up
2025-09-16,Adult,Male,"Bilirubin (B1, B2)",Laboratory,"Mark Villanueva, RMT",Laboratory
2025-09-16,Adult,Male,CBC,Laboratory,"Joanna Lim, RMT",Laboratory
2025-09-16,Adult,Male,Dermatitis and Allergy,Clinic,Dr. Miguel Fernandez,Check-up
2025-09-16,Senior,Male,Hypertension Monitoring,Clinic,Dr. Elena Bautista,Check-up
2025-09-16,Adult,Male,Hypertension Monitoring,Clinic,Dr. Victor Manuel,Check-up
2025-09-16,Adult,Female,Hypertension Monitoring,Clinic,Dr. Victor Manuel,Check-up
2025-09-16,Adult,Female,Preventive Health Check-up,Clinic,Dr. Miguel Fernandez,Check-up
2025-09-16,Adult,Male,Routine Medical Consultation,Clinic,Dr. Ana Lopez,Check-up
2025-09-16,Adult,Female,Soft Tissue,Radiology,Dr. Sofia Mercado,Imaging
2025-09-16,Adult,Female,Upper Respiratory Infection,Clinic,Dr. Paolo Rivera,Check-up
2025-09-16,Adult,Female,Upper Respiratory Infection,Clinic,Dr. Ana Lopez,Check-up
2025-09-17,Adult,Female,Actual Platelet Count,Laboratory,"Joanna Lim, RMT",Laboratory
2025-09-17,Adult,Male,Asthma Monitoring,Clinic,Dr. Victor Manuel,Check-up
2025-09-17,Adult,Female,Diabetes Mellitus Monitoring,Clinic,Dr. Elena Bautista,Check-up
2025-09-17,Adult,Female,Drug Test (Urine),Laboratory,"Carlo Navarro, RMT",Laboratory
2025-09-17,Child,Female,FTA-ABS,Laboratory,"Mark Villanueva, RMT",Laboratory
2025-09-17,Child,Female,"OGCT Pregnant (100g, 75g)",Laboratory,"Carlo Navarro, RMT",Laboratory
2025-09-17,Senior,Female,Potassium (K),Laboratory,"Mark Villanueva, RMT",Laboratory
2025-09-17,Adult,Male,Preventive Health Check-up,Clinic,Dr. Camille Tan,Check-up
2025-09-17,Senior,Female,Reticulocyte Count,Laboratory,"Patricia Mendoza, RMT",Laboratory
2025-09-17,Senior,Female,Sodium (Na),Laboratory,"Patricia Mendoza, RMT",Laboratory
2025-09-17,Adult,Female,Upper Respiratory Infection,Clinic,Dr. Ana Lopez,Check-up
2025-09-18,Senior,Female,Amylase,Laboratory,"Rafael Torres, RMT",Laboratory
2025-09-18,Adult,Female,Clinical Microscopy,Laboratory,"Joanna Lim, RMT",Laboratory
2025-09-18,Adult,Male,Clinical Microscopy,Laboratory,"Rafael Torres, RMT",Laboratory
2025-09-18,Adult,Male,Headache,Clinic,Dr. Paolo Rivera,Check-up
2025-09-18,Adult,Female,"OGCT Pregnant (100g, 75g)",Laboratory,"Carlo Navarro, RMT",Laboratory
2025-09-18,Adult,Male,Routine Medical Consultation,Clinic,Dr. Miguel Fernandez,Check-up
2025-09-18,Adult,Female,Upper Respiratory Infection,Clinic,Dr. Paolo Rivera,Check-up
2025-09-18,Adult,Male,Upper Respiratory Infection,Clinic,Dr. Camille Tan,Check-up
2025-09-18,Adult,Female,Urinary Tract Infection,Clinic,Dr. Paolo Rivera,Check-up
2025-09-19,Adult,Male,Cervical APOL,Radiology,Dr. Sofia Mercado,Imaging
2025-09-19,Senior,Female,Hypertension Monitoring,Clinic,Dr. Victor Manuel,Check-up
2025-09-19,Child,Male,RA/RF Latex (Rheumatoid Factor),Laboratory,"Patricia Mendoza, RMT",Laboratory
2025-09-20,Child,Female,Dermatitis and Allergy,Clinic,Dr. Camille Tan,Check-up
2025-09-20,Child,Male,Face to Face Doctor Consultation,Clinic,Dr. Miguel Fernandez,Check-up
2025-09-20,Adult,Male,H. Pylori (Quali)-serum,Laboratory,"Patricia Mendoza, RMT",Laboratory
2025-09-20,Senior,Female,H. Pylori Stool,Laboratory,"Patricia Mendoza, RMT",Laboratory
2025-09-20,Adult,Female,Pleural/CSF Fluid Analysis,Laboratory,"Mark Villanueva, RMT",Laboratory
2025-09-20,Adult,Female,Preventive Health Check-up,Clinic,Dr. Paolo Rivera,Check-up
2025-09-20,Adult,Male,Upper Respiratory Infection,Clinic,Dr. Ana Lopez,Check-up
2025-09-21,Senior,Male,FT3,Laboratory,"Angela Reyes, RMT",Laboratory
2025-09-21,Senior,Male,Fever,Clinic,Dr. Ana Lopez,Check-up
2025-09-21,Adult,Male,Fever,Clinic,Dr. Paolo Rivera,Check-up
2025-09-21,Adult,Male,Headache,Clinic,Dr. Ana Lopez,Check-up
2025-09-21,Adult,Male,Hypertension Monitoring,Clinic,Dr. Elena Bautista,Check-up
2025-09-21,Adult,Female,Lipase,Laboratory,"Patricia Mendoza, RMT",Laboratory
2025-09-21,Adult,Female,TT4 (Toal Thyroxine),Laboratory,"Joanna Lim, RMT",Laboratory
2025-09-22,Adult,Female,Abdominal Pain,Clinic,Dr. Victor Manuel,Check-up
2025-09-22,Adult,Male,CPK-MB,Laboratory,"Rafael Torres, RMT",Laboratory
2025-09-22,Adult,Female,DTAP Vaccine (pedia),Clinic,Dr. Ana Lopez,Vaccination
2025-09-22,Adult,Male,Dengue NS1,Laboratory,"Joanna Lim, RMT",Laboratory
2025-09-22,Adult,Male,Gastritis,Clinic,Dr. Elena Bautista,Check-up
2025-09-22,Child,Female,H. Pylori Igm (Quali)-serum,Laboratory,"Angela Reyes, RMT",Laboratory
2025-09-22,Adult,Male,Hepa A profile,Laboratory,"Rafael Torres, RMT",Laboratory
2025-09-22,Adult,Female,MET (Shabu),Drug Testing,"Joanna Lim, RMT",Drug Testing
2025-09-22,Adult,Male,Magnesium,Laboratory,"Carlo Navarro, RMT",Laboratory
2025-09-22,Adult,Male,Prothrombin Time,Laboratory,"Joanna Lim, RMT",Laboratory
2025-09-22,Adult,Male,Routine Medical Consultation,Clinic,Dr. Paolo Rivera,Check-up
2025-09-22,Child,Female,Total Calcium (TCa),Laboratory,"Angela Reyes, RMT",Laboratory
2025-09-22,Adult,Female,Upper Respiratory Infection,Clinic,Dr. Miguel Fernandez,Check-up
2025-09-23,Child,Male,Albumin,Laboratory,"Patricia Mendoza, RMT",Laboratory
2025-09-23,Adult,Male,Ankle – Brachial Index (by appointment),Radiology,Dr. Sofia Mercado,Imaging
2025-09-23,Adult,Male,HCV-Genotyping,Laboratory,"Angela Reyes, RMT",Laboratory
2025-09-23,Adult,Male,Headache,Clinic,Dr. Camille Tan,Check-up
2025-09-23,Senior,Male,Hypertension Monitoring,Clinic,Dr. Victor Manuel,Check-up
2025-09-23,Adult,Male,OGCT,Laboratory,"Patricia Mendoza, RMT",Laboratory
2025-09-23,Senior,Female,TPHA Titer,Laboratory,"Rafael Torres, RMT",Laboratory
2025-09-24,Adult,Male,Abdominal Pain,Clinic,Dr. Elena Bautista,Check-up
2025-09-24,Adult,Female,Asthma Monitoring,Clinic,Dr. Elena Bautista,Check-up
2025-09-24,Adult,Female,"Iron Studies (TI, TIBC, Ferritin)",Laboratory,"Rafael Torres, RMT",Laboratory
2025-09-24,Adult,Female,Upper Respiratory Infection,Clinic,Dr. Ana Lopez,Check-up
2025-09-24,Adult,Male,Urinary Tract Infection,Clinic,Dr. Ana Lopez,Check-up
2025-09-25,Adult,Female,Asthma Monitoring,Clinic,Dr. Victor Manuel,Check-up
2025-09-25,Senior,Male,Gallbladder,Radiology,Dr. Henry Ong,Imaging
2025-09-25,Adult,Female,Gastritis,Clinic,Dr. Victor Manuel,Check-up
2025-09-25,Child,Female,Routine Medical Consultation,Clinic,Dr. Paolo Rivera,Check-up
2025-09-25,Adult,Female,SGPT (ALT),Laboratory,"Joanna Lim, RMT",Laboratory
2025-09-25,Senior,Female,TT4 (Toal Thyroxine),Laboratory,"Joanna Lim, RMT",Laboratory
2025-09-25,Child,Female,Urinary Tract Infection,Clinic,Dr. Camille Tan,Check-up
2025-09-25,Child,Male,Urinary Tract Infection,Clinic,Dr. Ana Lopez,Check-up
2025-09-26,Senior,Female,Body Fluid Analysis (Package),Laboratory,"Rafael Torres, RMT",Laboratory
2025-09-26,Adult,Female,Cortisol,Laboratory,"Carlo Navarro, RMT",Laboratory
2025-09-26,Senior,Male,Dermatitis and Allergy,Clinic,Dr. Camille Tan,Check-up
2025-09-26,Senior,Female,HCV-RNA,Laboratory,"Angela Reyes, RMT",Laboratory
2025-09-26,Adult,Female,Upper Respiratory Infection,Clinic,Dr. Camille Tan,Check-up
2025-09-26,Child,Male,Upper Respiratory Infection,Clinic,Dr. Paolo Rivera,Check-up
2025-09-27,Senior,Female,Hypertension Monitoring,Clinic,Dr. Victor Manuel,Check-up
2025-09-27,Child,Female,Ionized Calcium (Ica),Laboratory,"Mark Villanueva, RMT",Laboratory
2025-09-27,Adult,Male,Routine Medical Consultation,Clinic,Dr. Miguel Fernandez,Check-up
2025-09-27,Adult,Female,Urinalysis & Fecalysis,Clinic,Dr. Paolo Rivera,Pre-Employment Checkup
2025-09-28,Adult,Male,2D Echo Pedia,Cardiology,Dr. Paolo Rivera,Cardiology
2025-09-28,Child,Female,FT4 RIA,Laboratory,"Angela Reyes, RMT",Laboratory
2025-09-28,Adult,Male,Fever,Clinic,Dr. Miguel Fernandez,Check-up
2025-09-28,Adult,Male,HBsAg Titer,Laboratory,"Joanna Lim, RMT",Laboratory
2025-09-28,Senior,Male,Potassium (K),Laboratory,"Joanna Lim, RMT",Laboratory
2025-09-28,Child,Male,"TPAG (Total Protein, Albumin, AG)",Laboratory,"Mark Villanueva, RMT",Laboratory
2025-09-28,Adult,Male,Troponin I Qualitive,Laboratory,"Patricia Mendoza, RMT",Laboratory
2025-09-28,Adult,Female,Urinary Tract Infection,Clinic,Dr. Camille Tan,Check-up
2025-09-29,Adult,Female,CBC w/ Actual Platelet Count,Laboratory,"Patricia Mendoza, RMT",Laboratory
2025-09-29,Senior,Female,Diabetes Mellitus Monitoring,Clinic,Dr. Elena Bautista,Check-up
2025-09-29,Child,Male,FT3 RIA,Laboratory,"Joanna Lim, RMT",Laboratory
2025-09-29,Adult,Male,Preventive Health Check-up,Clinic,Dr. Ana Lopez,Check-up
2025-09-29,Child,Male,RA/RF Latex (Rheumatoid Factor),Laboratory,"Mark Villanueva, RMT",Laboratory
2025-09-29,Child,Female,Routine Medical Consultation,Clinic,Dr. Paolo Rivera,Check-up
2025-09-29,Adult,Male,Sodium (Na),Laboratory,"Mark Villanueva, RMT",Laboratory
2025-09-29,Adult,Male,Upper Respiratory Infection,Clinic,Dr. Paolo Rivera,Check-up
2025-09-30,Child,Male,Abdominal Pain,Clinic,Dr. Victor Manuel,Check-up
2025-09-30,Senior,Male,Foot AP/L,Radiology,Dr. Henry Ong,Imaging
2025-09-30,Adult,Male,HIV (Screening),Laboratory,"Joanna Lim, RMT",Laboratory
2025-09-30,Senior,Male,Routine Medical Consultation,Clinic,Dr. Paolo Rivera,Check-up
2025-09-30,Adult,Female,Upper Respiratory Infection,Clinic,Dr. Camille Tan,Check-up
2025-09-30,Adult,Male,Upper Respiratory Infection,Clinic,Dr. Miguel Fernandez,Check-up
2025-10-01,Adult,Female,Anti-HBs,Laboratory,"Angela Reyes, RMT",Laboratory
2025-10-01,Adult,Female,Arterial & Venous Duplex Lower Extremities Scan (by appointment),Radiology,Dr. Andrea Sy,Imaging
2025-10-01,Adult,Female,Asthma Monitoring,Clinic,Dr. Victor Manuel,Check-up
2025-10-01,Senior,Male,Diabetes Mellitus Monitoring,Clinic,Dr. Victor Manuel,Check-up
2025-10-01,Adult,Female,Headache,Clinic,Dr. Miguel Fernandez,Check-up
2025-10-01,Senior,Male,Hypertension Monitoring,Clinic,Dr. Victor Manuel,Check-up
2025-10-01,Child,Female,"OGCT Non-Pregnant (100g, 75g)",Laboratory,"Joanna Lim, RMT",Laboratory
2025-10-01,Adult,Female,Upper Respiratory Infection,Clinic,Dr. Ana Lopez,Check-up
2025-10-02,Senior,Female,Blood Urea Nitrogen,Laboratory,"Angela Reyes, RMT",Laboratory
2025-10-02,Adult,Female,Clotting Time,Laboratory,"Carlo Navarro, RMT",Laboratory
2025-10-02,Adult,Male,Dengue Duo IgM/IgG,Laboratory,"Patricia Mendoza, RMT",Laboratory
2025-10-02,Adult,Male,Diabetes Mellitus Monitoring,Clinic,Dr. Elena Bautista,Check-up
2025-10-02,Child,Female,FSH,Laboratory,"Angela Reyes, RMT",Laboratory
2025-10-02,Adult,Male,FT3 RIA,Laboratory,"Carlo Navarro, RMT",Laboratory
2025-10-02,Senior,Male,FT4,Laboratory,"Rafael Torres, RMT",Laboratory
2025-10-02,Child,Female,Upper Respiratory Infection,Clinic,Dr. Miguel Fernandez,Check-up
2025-10-03,Adult,Female,Abdominal Pain,Clinic,Dr. Victor Manuel,Check-up
2025-10-03,Adult,Male,Asthma Monitoring,Clinic,Dr. Victor Manuel,Check-up
2025-10-03,Adult,Female,Bloodtype and RH Typing,Laboratory,"Joanna Lim, RMT",Laboratory
2025-10-03,Adult,Female,Fecal Occult Blood,Laboratory,"Carlo Navarro, RMT",Laboratory
2025-10-03,Adult,Male,Fever,Clinic,Dr. Camille Tan,Check-up
2025-10-03,Adult,Male,OGCT,Laboratory,"Rafael Torres, RMT",Laboratory
2025-10-03,Adult,Female,Preventive Health Check-up,Clinic,Dr. Miguel Fernandez,Check-up
2025-10-03,Child,Male,Routine Medical Consultation,Clinic,Dr. Miguel Fernandez,Check-up
2025-10-03,Adult,Male,Routine Medical Consultation,Clinic,Dr. Miguel Fernandez,Check-up
2025-10-03,Child,Female,Urinary Tract Infection,Clinic,Dr. Camille Tan,Check-up
2025-10-04,Child,Male,Asthma Monitoring,Clinic,Dr. Victor Manuel,Check-up
2025-10-04,Adult,Female,Dengue Combo,Laboratory,"Patricia Mendoza, RMT",Laboratory
2025-10-04,Child,Female,Dermatitis and Allergy,Clinic,Dr. Paolo Rivera,Check-up
2025-10-04,Adult,Male,Diabetes Mellitus Monitoring,Clinic,Dr. Elena Bautista,Check-up
2025-10-04,Child,Male,Gastritis,Clinic,Dr. Victor Manuel,Check-up
2025-10-04,Adult,Female,Magnesium,Laboratory,"Joanna Lim, RMT",Laboratory
2025-10-04,Adult,Female,Magnesium,Laboratory,"Patricia Mendoza, RMT",Laboratory
2025-10-04,Adult,Male,X-Ray,Clinic,Dr. Ana Lopez,Pre-Employment Checkup
2025-10-05,Adult,Male,15L-ECG,Cardiology,Dr. Camille Tan,Cardiology
2025-10-05,Adult,Female,AFB Stain,Laboratory,"Joanna Lim, RMT",Laboratory
2025-10-05,Adult,Male,Asthma Monitoring,Clinic,Dr. Victor Manuel,Check-up
2025-10-05,Senior,Female,Foot AP/OBLIQUE/Lateral,Radiology,Dr. Sofia Mercado,Imaging
2025-10-05,Senior,Female,Hypertension Monitoring,Clinic,Dr. Victor Manuel,Check-up
2025-10-05,Adult,Male,Malarial Smear,Laboratory,"Joanna Lim, RMT",Laboratory
2025-10-05,Senior,Female,Paranasal Sinus,Radiology,Dr. Andrea Sy,Imaging
2025-10-05,Adult,Female,Routine Medical Consultation,Clinic,Dr. Paolo Rivera,Check-up
2025-10-06,Child,Male,CRP Qualitative,Laboratory,"Joanna Lim, RMT",Laboratory
2025-10-06,Adult,Male,Dermatitis and Allergy,Clinic,Dr. Miguel Fernandez,Check-up
2025-10-06,Senior,Male,Fever,Clinic,Dr. Miguel Fernandez,Check-up
2025-10-06,Adult,Male,Gastritis,Clinic,Dr. Victor Manuel,Check-up
2025-10-06,Adult,Male,Hypertension Monitoring,Clinic,Dr. Elena Bautista,Check-up
2025-10-06,Adult,Male,Hypertension Monitoring,Clinic,Dr. Victor Manuel,Check-up
2025-10-07,Senior,Male,Diabetes Mellitus Monitoring,Clinic,Dr. Victor Manuel,Check-up
2025-10-07,Adult,Female,Diabetes Mellitus Monitoring,Clinic,Dr. Elena Bautista,Check-up
2025-10-07,Adult,Female,Estrogen,Laboratory,"Patricia Mendoza, RMT",Laboratory
2025-10-07,Adult,Male,Hypertension Monitoring,Clinic,Dr. Elena Bautista,Check-up
2025-10-07,Senior,Female,Hypertension Monitoring,Clinic,Dr. Elena Bautista,Check-up
2025-10-07,Adult,Male,RA/RF Latex (Rheumatoid Factor),Laboratory,"Carlo Navarro, RMT",Laboratory
2025-10-08,Senior,Male,Albumin,Laboratory,"Joanna Lim, RMT",Laboratory
2025-10-08,Child,Female,Blood Cs with ARD (2 site),Laboratory,"Patricia Mendoza, RMT",Laboratory
2025-10-08,Adult,Male,CPK-MB,Laboratory,"Angela Reyes, RMT",Laboratory
2025-10-08,Adult,Male,Clinical Microscopy,Laboratory,"Joanna Lim, RMT",Laboratory
2025-10-08,Senior,Male,Diabetes Mellitus Monitoring,Clinic,Dr. Elena Bautista,Check-up
2025-10-08,Adult,Female,Gram Stain,Laboratory,"Carlo Navarro, RMT",Laboratory
2025-10-08,Senior,Male,H. Pylori Igm (Quali)-serum,Laboratory,"Carlo Navarro, RMT",Laboratory
2025-10-08,Senior,Female,H. Pylori Igm (Quali)-serum,Laboratory,"Angela Reyes, RMT",Laboratory
2025-10-08,Senior,Female,Hypertension Monitoring,Clinic,Dr. Elena Bautista,Check-up
2025-10-08,Adult,Male,Rubella Igm,Laboratory,"Patricia Mendoza, RMT",Laboratory
2025-10-08,Adult,Female,Upper Respiratory Infection,Clinic,Dr. Camille Tan,Check-up
2025-10-08,Adult,Female,Urinary Tract Infection,Clinic,Dr. Camille Tan,Check-up
2025-10-09,Adult,Female,2D Echo: Plain with Doppler (Adult),Cardiology,Dr. Camille Tan,Cardiology
2025-10-09,Child,Male,ASO Titer,Laboratory,"Carlo Navarro, RMT",Laboratory
2025-10-09,Adult,Female,Asthma Monitoring,Clinic,Dr. Elena Bautista,Check-up
2025-10-09,Child,Female,Calcium (C),Laboratory,"Carlo Navarro, RMT",Laboratory
2025-10-09,Adult,Male,Dermatitis and Allergy,Clinic,Dr. Miguel Fernandez,Check-up
2025-10-09,Adult,Male,EGFR,Laboratory,"Mark Villanueva, RMT",Laboratory
2025-10-09,Child,Female,Headache,Clinic,Dr. Ana Lopez,Check-up
2025-10-09,Child,Female,Headache,Clinic,Dr. Camille Tan,Check-up
2025-10-09,Adult,Female,Hypertension Monitoring,Clinic,Dr. Victor Manuel,Check-up
2025-10-09,Senior,Male,Hypertension Monitoring,Clinic,Dr. Victor Manuel,Check-up
2025-10-09,Adult,Male,Paranasal Sinus,Radiology,Dr. Andrea Sy,Imaging
2025-10-09,Adult,Male,RBS,Laboratory,"Angela Reyes, RMT",Laboratory
2025-10-09,Adult,Female,Upper Respiratory Infection,Clinic,Dr. Paolo Rivera,Check-up
2025-10-10,Adult,Male,15L-ECG (Electrocardiogram) 15L,Cardiology,Dr. Ana Lopez,Cardiology
2025-10-10,Adult,Female,Asthma Monitoring,Clinic,Dr. Elena Bautista,Check-up
2025-10-10,Senior,Male,Cervical APOL,Radiology,Dr. Sofia Mercado,Imaging
2025-10-10,Adult,Female,HBA1C (edta),Laboratory,"Angela Reyes, RMT",Laboratory
2025-10-10,Adult,Female,Hematology,Laboratory,"Angela Reyes, RMT",Laboratory
2025-10-10,Adult,Female,Hypertension Monitoring,Clinic,Dr. Victor Manuel,Check-up
2025-10-10,Adult,Male,Hypertension Monitoring,Clinic,Dr. Elena Bautista,Check-up
2025-10-10,Senior,Female,"OGCT Pregnant (100g, 75g)",Laboratory,"Angela Reyes, RMT",Laboratory
2025-10-10,Adult,Female,Physical Exam,Annual Physical Examination,Dr. Camille Tan,Annual Physical Examination
2025-10-10,Adult,Female,Plain Abdomen Upright/Spine,Radiology,Dr. Sofia Mercado,Imaging
2025-10-10,Adult,Female,Transrectal Ultrasound (Male),Radiology,Dr. Henry Ong,Imaging
2025-10-10,Adult,Female,Upper Respiratory Infection,Clinic,Dr. Miguel Fernandez,Check-up
2025-10-10,Child,Male,Urinary Tract Infection,Clinic,Dr. Camille Tan,Check-up
2025-10-10,Senior,Female,Venous Duplex Scan (Bilateral),Radiology,Dr. Henry Ong,Imaging
2025-10-11,Senior,Female,Hypertension Monitoring,Clinic,Dr. Victor Manuel,Check-up
2025-10-11,Child,Male,Peripheral Blood Smear ( 7 Days),Laboratory,"Mark Villanueva, RMT",Laboratory
2025-10-11,Adult,Female,THC (Marijuana),Drug Testing,"Carlo Navarro, RMT",Drug Testing
2025-10-12,Child,Male,ANA Screening,Laboratory,"Angela Reyes, RMT",Laboratory
2025-10-12,Adult,Female,Dermatitis and Allergy,Clinic,Dr. Paolo Rivera,Check-up
2025-10-12,Senior,Male,Diabetes Mellitus Monitoring,Clinic,Dr. Victor Manuel,Check-up
2025-10-12,Child,Female,Preventive Health Check-up,Clinic,Dr. Miguel Fernandez,Check-up
2025-10-12,Senior,Male,Routine Medical Consultation,Clinic,Dr. Miguel Fernandez,Check-up
2025-10-12,Senior,Female,Scoliosis Series,Radiology,Dr. Sofia Mercado,Imaging
2025-10-12,Adult,Female,TSH,Laboratory,"Joanna Lim, RMT",Laboratory
2025-10-13,Adult,Male,Albumin (Protein) Creatinine Ratio,Laboratory,"Joanna Lim, RMT",Laboratory
2025-10-13,Child,Female,CBC,Annual Physical Examination,Dr. Paolo Rivera,Annual Physical Examination
2025-10-13,Adult,Male,Clotting Time,Laboratory,"Carlo Navarro, RMT",Laboratory
2025-10-13,Child,Male,Gastritis,Clinic,Dr. Victor Manuel,Check-up
2025-10-13,Adult,Male,Hypertension Monitoring,Clinic,Dr. Elena Bautista,Check-up
2025-10-13,Adult,Male,"OGCT Non-Pregnant (100g, 75g)",Laboratory,"Mark Villanueva, RMT",Laboratory
2025-10-13,Adult,Male,Potassium (K),Laboratory,"Rafael Torres, RMT",Laboratory
2025-10-13,Adult,Male,Troponin T Qualitive,Laboratory,"Mark Villanueva, RMT",Laboratory
2025-10-13,Adult,Female,Upper Respiratory Infection,Clinic,Dr. Camille Tan,Check-up
2025-10-14,Adult,Male,CPK-MB,Laboratory,"Angela Reyes, RMT",Laboratory
2025-10-14,Adult,Male,Dermatitis and Allergy,Clinic,Dr. Paolo Rivera,Check-up
2025-10-14,Senior,Female,Diabetes Mellitus Monitoring,Clinic,Dr. Victor Manuel,Check-up
2025-10-14,Adult,Male,HCV-RNA,Laboratory,"Patricia Mendoza, RMT",Laboratory
2025-10-14,Adult,Female,HIV (Screening),Laboratory,"Patricia Mendoza, RMT",Laboratory
2025-10-14,Senior,Female,Hypertension Monitoring,Clinic,Dr. Victor Manuel,Check-up
2025-10-14,Adult,Male,Upper Respiratory Infection,Clinic,Dr. Paolo Rivera,Check-up
2025-10-15,Adult,Male,Asthma Monitoring,Clinic,Dr. Victor Manuel,Check-up
2025-10-15,Adult,Male,Asthma Monitoring,Clinic,Dr. Elena Bautista,Check-up
2025-10-15,Adult,Male,Body Fluid LDH,Laboratory,"Angela Reyes, RMT",Laboratory
2025-10-15,Adult,Male,CBC,Clinic,Dr. Camille Tan,Pre-Employment Checkup
2025-10-15,Senior,Male,Gastritis,Clinic,Dr. Elena Bautista,Check-up
2025-10-15,Senior,Male,Hypertension Monitoring,Clinic,Dr. Elena Bautista,Check-up
2025-10-15,Adult,Male,T3,Laboratory,"Joanna Lim, RMT",Laboratory
2025-10-15,Adult,Female,Upper Respiratory Infection,Clinic,Dr. Ana Lopez,Check-up
2025-10-15,Child,Male,Upper Respiratory Infection,Clinic,Dr. Miguel Fernandez,Check-up
2025-10-16,Adult,Male,Abdominal Pain,Clinic,Dr. Elena Bautista,Check-up
2025-10-16,Adult,Female,Amylase,Laboratory,"Mark Villanueva, RMT",Laboratory
2025-10-16,Adult,Male,CRP,Laboratory,"Rafael Torres, RMT",Laboratory
2025-10-16,Child,Male,HBC-DNA,Laboratory,"Rafael Torres, RMT",Laboratory
2025-10-16,Adult,Male,Headache,Clinic,Dr. Ana Lopez,Check-up
2025-10-16,Senior,Male,Hypertension Monitoring,Clinic,Dr. Elena Bautista,Check-up
2025-10-16,Child,Male,Rubella Igm,Laboratory,"Angela Reyes, RMT",Laboratory
2025-10-17,Adult,Female,Clinical Microscopy,Laboratory,"Mark Villanueva, RMT",Laboratory
2025-10-17,Adult,Female,Fever,Clinic,Dr. Camille Tan,Check-up
2025-10-17,Adult,Male,Gastritis,Clinic,Dr. Elena Bautista,Check-up
2025-10-17,Adult,Female,Paps Smear (7 days),Laboratory,"Carlo Navarro, RMT",Laboratory
2025-10-17,Child,Male,TDaP Vaccine (Adult),Clinic,Dr. Camille Tan,Vaccination
2025-10-18,Adult,Female,15L-ECG (Electrocardiogram) 15L,Cardiology,Dr. Ana Lopez,Cardiology
2025-10-18,Adult,Female,Asthma Monitoring,Clinic,Dr. Victor Manuel,Check-up
2025-10-18,Adult,Male,"Bilirubin (B1, B2)",Laboratory,"Rafael Torres, RMT",Laboratory
2025-10-18,Senior,Male,Hepa A profile,Laboratory,"Mark Villanueva, RMT",Laboratory
2025-10-18,Adult,Female,Hypertension Monitoring,Clinic,Dr. Elena Bautista,Check-up
2025-10-18,Adult,Female,Hypertension Monitoring,Clinic,Dr. Victor Manuel,Check-up
2025-10-18,Senior,Female,Online Doctor Consultation,Clinic,Dr. Miguel Fernandez,Check-up
2025-10-19,Adult,Male,Alkaline Phosphates,Laboratory,"Carlo Navarro, RMT",Laboratory
2025-10-19,Adult,Male,Clotting Time,Laboratory,"Carlo Navarro, RMT",Laboratory
2025-10-19,Adult,Male,EBV Igg,Laboratory,"Joanna Lim, RMT",Laboratory
2025-10-19,Child,Female,FT3,Laboratory,"Joanna Lim, RMT",Laboratory
2025-10-19,Senior,Male,Fever,Clinic,Dr. Camille Tan,Check-up
2025-10-19,Child,Female,Headache,Clinic,Dr. Ana Lopez,Check-up
2025-10-19,Senior,Male,Hypertension Monitoring,Clinic,Dr. Elena Bautista,Check-up
2025-10-19,Senior,Male,Hypertension Monitoring,Clinic,Dr. Victor Manuel,Check-up
2025-10-19,Child,Male,TPHA Titer,Laboratory,"Rafael Torres, RMT",Laboratory
2025-10-20,Adult,Male,Ankle – Brachial Index (by appointment),Radiology,Dr. Andrea Sy,Imaging
2025-10-20,Adult,Female,"Bilirubin (B1, B2)",Laboratory,"Angela Reyes, RMT",Laboratory
2025-10-20,Adult,Female,ECG (12 Lead) Adult,Cardiology,Dr. Paolo Rivera,Cardiology
2025-10-20,Senior,Male,Hypertension Monitoring,Clinic,Dr. Elena Bautista,Check-up
2025-10-20,Adult,Male,Preventive Health Check-up,Clinic,Dr. Miguel Fernandez,Check-up
2025-10-20,Adult,Female,TPPA Quantitative,Laboratory,"Carlo Navarro, RMT",Laboratory
2025-10-20,Child,Female,Triglyceride,Laboratory,"Rafael Torres, RMT",Laboratory
2025-10-20,Adult,Female,X-Ray,Clinic,Dr. Miguel Fernandez,Pre-Employment Checkup
2025-10-21,Senior,Male,"Bilirubin (B1, B2)",Laboratory,"Joanna Lim, RMT",Laboratory
2025-10-21,Child,Female,Chest AP-L (Pedia),Radiology,Dr. Andrea Sy,Imaging
2025-10-21,Adult,Female,Cortisol,Laboratory,"Joanna Lim, RMT",Laboratory
2025-10-21,Adult,Female,HCV-RNA,Laboratory,"Angela Reyes, RMT",Laboratory
2025-10-21,Senior,Female,Tranvaginal,Radiology,Dr. Andrea Sy,Imaging
2025-10-21,Adult,Female,Urine C/S,Laboratory,"Mark Villanueva, RMT",Laboratory
2025-10-21,Adult,Female,VDRL/Syphilis Screening,Laboratory,"Rafael Torres, RMT",Laboratory
2025-10-22,Adult,Female,Amylase,Laboratory,"Angela Reyes, RMT",Laboratory
2025-10-22,Senior,Male,Amylase,Laboratory,"Patricia Mendoza, RMT",Laboratory
2025-10-22,Adult,Female,Diabetes Mellitus Monitoring,Clinic,Dr. Elena Bautista,Check-up
2025-10-22,Senior,Female,Hypertension Monitoring,Clinic,Dr. Victor Manuel,Check-up
2025-10-22,Adult,Male,Reticulocyte Count,Laboratory,"Rafael Torres, RMT",Laboratory
2025-10-22,Adult,Female,Total Protein,Laboratory,"Patricia Mendoza, RMT",Laboratory
2025-10-22,Adult,Female,Urinary Tract Infection,Clinic,Dr. Paolo Rivera,Check-up
2025-10-23,Adult,Male,Calcium (C),Laboratory,"Joanna Lim, RMT",Laboratory
2025-10-23,Child,Male,Chloride (C),Laboratory,"Patricia Mendoza, RMT",Laboratory
2025-10-23,Adult,Female,Diabetes Mellitus Monitoring,Clinic,Dr. Elena Bautista,Check-up
2025-10-23,Child,Female,Routine Medical Consultation,Clinic,Dr. Paolo Rivera,Check-up
2025-10-23,Adult,Female,Tranvaginal,Radiology,Dr. Andrea Sy,Imaging
2025-10-23,Adult,Female,Urinary Tract Infection,Clinic,Dr. Paolo Rivera,Check-up
2025-10-23,Child,Female,Urinary Tract Infection,Clinic,Dr. Miguel Fernandez,Check-up
2025-10-24,Child,Male,Abdominal Pain,Clinic,Dr. Elena Bautista,Check-up
2025-10-24,Adult,Male,Albumin (Protein) Creatinine Ratio,Laboratory,"Patricia Mendoza, RMT",Laboratory
2025-10-24,Child,Male,Blood Uric Acid,Laboratory,"Mark Villanueva, RMT",Laboratory
2025-10-25,Adult,Male,CRP,Laboratory,"Mark Villanueva, RMT",Laboratory
2025-10-25,Adult,Male,Chloride (C),Laboratory,"Mark Villanueva, RMT",Laboratory
2025-10-25,Senior,Male,Diabetes Mellitus Monitoring,Clinic,Dr. Victor Manuel,Check-up
2025-10-25,Adult,Male,Fecal Occult Blood,Laboratory,"Mark Villanueva, RMT",Laboratory
2025-10-25,Adult,Male,Gastritis,Clinic,Dr. Elena Bautista,Check-up
2025-10-25,Senior,Male,HBsAg Screening,Laboratory,"Carlo Navarro, RMT",Laboratory
2025-10-25,Adult,Female,THC (Marijuana),Drug Testing,"Angela Reyes, RMT",Drug Testing
2025-10-26,Child,Male,Creatinine,Laboratory,"Rafael Torres, RMT",Laboratory
2025-10-26,Adult,Male,Gastritis,Clinic,Dr. Victor Manuel,Check-up
2025-10-26,Adult,Male,Gastritis,Clinic,Dr. Elena Bautista,Check-up
2025-10-26,Senior,Male,Hypertension Monitoring,Clinic,Dr. Victor Manuel,Check-up
2025-10-26,Child,Male,Preventive Health Check-up,Clinic,Dr. Camille Tan,Check-up
2025-10-27,Adult,Male,ANA Titer,Laboratory,"Mark Villanueva, RMT",Laboratory
2025-10-27,Child,Female,Clinical Chemistry,Laboratory,"Mark Villanueva, RMT",Laboratory
2025-10-27,Adult,Male,Creatinine,Laboratory,"Mark Villanueva, RMT",Laboratory
2025-10-27,Adult,Female,Diabetes Mellitus Monitoring,Clinic,Dr. Victor Manuel,Check-up
2025-10-27,Senior,Female,Hypertension Monitoring,Clinic,Dr. Victor Manuel,Check-up
2025-10-27,Child,Male,Routine Medical Consultation,Clinic,Dr. Ana Lopez,Check-up
2025-10-27,Child,Female,Upper Respiratory Infection,Clinic,Dr. Paolo Rivera,Check-up
2025-10-28,Adult,Female,Dengue Combo,Laboratory,"Rafael Torres, RMT",Laboratory
2025-10-28,Adult,Male,Diabetes Mellitus Monitoring,Clinic,Dr. Elena Bautista,Check-up
2025-10-28,Adult,Female,Diabetes Mellitus Monitoring,Clinic,Dr. Victor Manuel,Check-up
2025-10-28,Adult,Female,HCV Screening,Laboratory,"Carlo Navarro, RMT",Laboratory
2025-10-28,Adult,Male,Headache,Clinic,Dr. Paolo Rivera,Check-up
2025-10-28,Adult,Male,Hypertension Monitoring,Clinic,Dr. Elena Bautista,Check-up
2025-10-28,Senior,Male,Hypertension Monitoring,Clinic,Dr. Elena Bautista,Check-up
2025-10-28,Adult,Female,Online Doctor Consultation,Clinic,Dr. Paolo Rivera,Check-up
2025-10-28,Child,Male,Pregnancy Test (Serum),Laboratory,"Mark Villanueva, RMT",Laboratory
2025-10-28,Adult,Male,Routine Medical Consultation,Clinic,Dr. Miguel Fernandez,Check-up
2025-10-28,Adult,Female,Urinary Tract Infection,Clinic,Dr. Ana Lopez,Check-up
2025-10-29,Adult,Male,ASO Screening,Laboratory,"Rafael Torres, RMT",Laboratory
2025-10-29,Adult,Female,Amylase,Laboratory,"Joanna Lim, RMT",Laboratory
2025-10-29,Adult,Male,Dermatitis and Allergy,Clinic,Dr. Miguel Fernandez,Check-up
2025-10-29,Adult,Male,Diabetes Mellitus Monitoring,Clinic,Dr. Elena Bautista,Check-up
2025-10-29,Adult,Male,Fever,Clinic,Dr. Ana Lopez,Check-up
2025-10-29,Adult,Female,Paranasal Sinus,Radiology,Dr. Sofia Mercado,Imaging
2025-10-30,Adult,Female,AFB Stain,Laboratory,"Mark Villanueva, RMT",Laboratory
2025-10-30,Child,Female,Asthma Monitoring,Clinic,Dr. Elena Bautista,Check-up
2025-10-30,Senior,Male,HBsAg Screening,Laboratory,"Patricia Mendoza, RMT",Laboratory
2025-10-30,Adult,Female,T4,Laboratory,"Carlo Navarro, RMT",Laboratory
2025-10-30,Child,Female,X-Ray,Annual Physical Examination,Dr. Camille Tan,Annual Physical Examination
2025-10-31,Child,Female,ANA Titer,Laboratory,"Patricia Mendoza, RMT",Laboratory
2025-10-31,Adult,Male,Abdominal Pain,Clinic,Dr. Victor Manuel,Check-up
2025-10-31,Child,Male,Asthma Monitoring,Clinic,Dr. Elena Bautista,Check-up
2025-10-31,Child,Male,CRP Qualitative,Laboratory,"Mark Villanueva, RMT",Laboratory
2025-10-31,Child,Female,Dermatitis and Allergy,Clinic,Dr. Paolo Rivera,Check-up
2025-10-31,Senior,Female,Diabetes Mellitus Monitoring,Clinic,Dr. Victor Manuel,Check-up
2025-10-31,Adult,Female,FT4 RIA,Laboratory,"Joanna Lim, RMT",Laboratory
2025-10-31,Adult,Female,Hypertension Monitoring,Clinic,Dr. Elena Bautista,Check-up
2025-10-31,Adult,Male,Hypertension Monitoring,Clinic,Dr. Elena Bautista,Check-up
2025-10-31,Senior,Male,Hypertension Monitoring,Clinic,Dr. Elena Bautista,Check-up
2025-10-31,Adult,Male,Thyroid,Radiology,Dr. Henry Ong,Imaging
2025-11-01,Adult,Female,Alkaline Phosphates,Laboratory,"Rafael Torres, RMT",Laboratory
2025-11-01,Child,Female,Dermatitis and Allergy,Clinic,Dr. Camille Tan,Check-up
2025-11-01,Adult,Male,FT4 RIA,Laboratory,"Patricia Mendoza, RMT",Laboratory
2025-11-01,Adult,Female,Fever,Clinic,Dr. Ana Lopez,Check-up
2025-11-01,Senior,Male,Hypertension Monitoring,Clinic,Dr. Victor Manuel,Check-up
2025-11-01,Child,Female,Preventive Health Check-up,Clinic,Dr. Paolo Rivera,Check-up
2025-11-01,Child,Male,Troponin I Quantitative,Laboratory,"Carlo Navarro, RMT",Laboratory
2025-11-01,Child,Male,Upper Respiratory Infection,Clinic,Dr. Camille Tan,Check-up
2025-11-01,Adult,Female,Urinalysis & Fecalysis,Annual Physical Examination,Dr. Miguel Fernandez,Annual Physical Examination
2025-11-02,Child,Female,Dengue Combo,Laboratory,"Angela Reyes, RMT",Laboratory
2025-11-02,Child,Female,Gastritis,Clinic,Dr. Victor Manuel,Check-up
2025-11-02,Adult,Male,Gastritis,Clinic,Dr. Victor Manuel,Check-up
2025-11-02,Adult,Male,Lower Abdomen,Radiology,Dr. Andrea Sy,Imaging
2025-11-02,Adult,Male,Potassium (K),Laboratory,"Joanna Lim, RMT",Laboratory
2025-11-02,Adult,Male,TT4 (Toal Thyroxine),Laboratory,"Rafael Torres, RMT",Laboratory
2025-11-03,Adult,Female,Anti-HBs,Laboratory,"Patricia Mendoza, RMT",Laboratory
2025-11-03,Child,Male,Body Fluid LDH,Laboratory,"Angela Reyes, RMT",Laboratory
2025-11-03,Adult,Male,Diabetes Mellitus Monitoring,Clinic,Dr. Elena Bautista,Check-up
2025-11-03,Child,Female,Gastritis,Clinic,Dr. Elena Bautista,Check-up
2025-11-03,Adult,Female,H. Pylori (Quali)-serum,Laboratory,"Mark Villanueva, RMT",Laboratory
2025-11-03,Adult,Female,"Iron Studies (TI, TIBC, Ferritin)",Laboratory,"Mark Villanueva, RMT",Laboratory
2025-11-03,Senior,Female,Neck,Radiology,Dr. Andrea Sy,Imaging
2025-11-03,Adult,Male,Potassium (K),Laboratory,"Rafael Torres, RMT",Laboratory
2025-11-03,Adult,Male,Thoracic AP/LAT/OBLIQUE,Radiology,Dr. Andrea Sy,Imaging
2025-11-03,Adult,Male,Total Protein,Laboratory,"Patricia Mendoza, RMT",Laboratory
2025-11-03,Child,Male,Triglyceride,Laboratory,"Joanna Lim, RMT",Laboratory
2025-11-03,Adult,Male,Upper Respiratory Infection,Clinic,Dr. Miguel Fernandez,Check-up
2025-11-04,Adult,Male,Anti-HAV IgM,Laboratory,"Rafael Torres, RMT",Laboratory
2025-11-04,Adult,Male,Anti-HBc Total,Laboratory,"Mark Villanueva, RMT",Laboratory
2025-11-04,Adult,Female,Diabetes Mellitus Monitoring,Clinic,Dr. Victor Manuel,Check-up
2025-11-04,Senior,Male,Diabetes Mellitus Monitoring,Clinic,Dr. Elena Bautista,Check-up
2025-11-04,Adult,Female,Diabetes Mellitus Monitoring,Clinic,Dr. Elena Bautista,Check-up
2025-11-04,Senior,Female,Gastritis,Clinic,Dr. Elena Bautista,Check-up
2025-11-04,Adult,Female,Paps Smear (7 days),Laboratory,"Carlo Navarro, RMT",Laboratory
2025-11-05,Adult,Female,AFB Stain,Laboratory,"Mark Villanueva, RMT",Laboratory
2025-11-05,Child,Female,Albumin (Protein) Creatinine Ratio,Laboratory,"Carlo Navarro, RMT",Laboratory
2025-11-05,Adult,Female,Anti-Tetanus,Clinic,Dr. Paolo Rivera,Vaccination
2025-11-05,Adult,Male,Dermatitis and Allergy,Clinic,Dr. Camille Tan,Check-up
2025-11-05,Senior,Male,Diabetes Mellitus Monitoring,Clinic,Dr. Elena Bautista,Check-up
2025-11-05,Senior,Male,Fever,Clinic,Dr. Ana Lopez,Check-up
2025-11-05,Child,Male,Gastritis,Clinic,Dr. Elena Bautista,Check-up
2025-11-05,Adult,Female,Gastritis,Clinic,Dr. Victor Manuel,Check-up
2025-11-05,Senior,Male,Gastritis,Clinic,Dr. Victor Manuel,Check-up
2025-11-05,Child,Male,Headache,Clinic,Dr. Miguel Fernandez,Check-up
2025-11-05,Adult,Male,MET (Shabu),Drug Testing,"Angela Reyes, RMT",Drug Testing
2025-11-05,Child,Male,Upper Respiratory Infection,Clinic,Dr. Miguel Fernandez,Check-up
2025-11-06,Child,Male,Anti-Tetanus,Clinic,Dr. Miguel Fernandez,Vaccination
2025-11-06,Child,Female,Asthma Monitoring,Clinic,Dr. Victor Manuel,Check-up
2025-11-06,Child,Female,DTAP Vaccine (pedia),Clinic,Dr. Paolo Rivera,Vaccination
2025-11-06,Child,Male,Hepa A profile,Laboratory,"Joanna Lim, RMT",Laboratory
2025-11-06,Senior,Female,Hypertension Monitoring,Clinic,Dr. Victor Manuel,Check-up
2025-11-06,Adult,Male,Pelvic,Radiology,Dr. Andrea Sy,Imaging
2025-11-06,Adult,Female,Physical Exam,Clinic,Dr. Paolo Rivera,Pre-Employment Checkup
2025-11-06,Child,Female,Urinary Tract Infection,Clinic,Dr. Miguel Fernandez,Check-up
2025-11-07,Adult,Female,Arterial Duplex Scan (Unilateral),Radiology,Dr. Sofia Mercado,Imaging
2025-11-07,Adult,Female,Fever,Clinic,Dr. Paolo Rivera,Check-up
2025-11-07,Adult,Male,KUB & Prostatae,Radiology,Dr. Sofia Mercado,Imaging
2025-11-07,Senior,Male,OB-Congenital Scan,Radiology,Dr. Henry Ong,Imaging
2025-11-07,Senior,Male,Upper Respiratory Infection,Clinic,Dr. Ana Lopez,Check-up
2025-11-07,Adult,Female,Urinary Tract Infection,Clinic,Dr. Paolo Rivera,Check-up
2025-11-08,Senior,Female,2D Echo (Plain),Cardiology,Dr. Paolo Rivera,Cardiology
2025-11-08,Adult,Female,Diabetes Mellitus Monitoring,Clinic,Dr. Victor Manuel,Check-up
2025-11-08,Senior,Male,Gastritis,Clinic,Dr. Elena Bautista,Check-up
2025-11-08,Child,Female,HBC-DNA,Laboratory,"Rafael Torres, RMT",Laboratory
2025-11-08,Child,Female,Magnesium,Laboratory,"Patricia Mendoza, RMT",Laboratory
2025-11-08,Senior,Female,Upper and lower extremities,Radiology,Dr. Henry Ong,Imaging
2025-11-08,Adult,Female,Urinary Tract Infection,Clinic,Dr. Paolo Rivera,Check-up
2025-11-09,Child,Male,ECG (15 Lead) Pedia (0-17 years old),Cardiology,Dr. Paolo Rivera,Cardiology
2025-11-09,Adult,Male,Hypertension Monitoring,Clinic,Dr. Elena Bautista,Check-up
2025-11-09,Adult,Female,Upper Respiratory Infection,Clinic,Dr. Miguel Fernandez,Check-up
2025-11-09,Adult,Female,Upper Respiratory Infection,Clinic,Dr. Ana Lopez,Check-up
2025-11-09,Adult,Female,Urinary Tract Infection,Clinic,Dr. Ana Lopez,Check-up
2025-11-10,Adult,Male,Albumin (Protein) Creatinine Ratio,Laboratory,"Joanna Lim, RMT",Laboratory
2025-11-10,Senior,Female,Carotid Duplex Scan,Radiology,Dr. Sofia Mercado,Imaging
2025-11-10,Senior,Male,Diabetes Mellitus Monitoring,Clinic,Dr. Elena Bautista,Check-up
2025-11-10,Adult,Female,Glucose,Laboratory,"Rafael Torres, RMT",Laboratory
2025-11-10,Adult,Male,Headache,Clinic,Dr. Ana Lopez,Check-up
2025-11-10,Senior,Female,Lower Abdomen,Radiology,Dr. Andrea Sy,Imaging
2025-11-10,Adult,Female,RT-PCR 12HRS,Laboratory,"Patricia Mendoza, RMT",Laboratory
2025-11-10,Adult,Female,X-Ray,Annual Physical Examination,Dr. Miguel Fernandez,Annual Physical Examination
2025-11-11,Adult,Male,Abdominal Pain,Clinic,Dr. Victor Manuel,Check-up
2025-11-11,Senior,Female,Chest (Need CXR PA),Radiology,Dr. Andrea Sy,Imaging
2025-11-11,Child,Male,Dermatitis and Allergy,Clinic,Dr. Ana Lopez,Check-up
2025-11-11,Adult,Female,Gastritis,Clinic,Dr. Victor Manuel,Check-up
2025-11-11,Adult,Male,HBsAg Screening,Laboratory,"Joanna Lim, RMT",Laboratory
2025-11-11,Adult,Female,HCV-Genotyping,Laboratory,"Rafael Torres, RMT",Laboratory
2025-11-11,Senior,Female,Hypertension Monitoring,Clinic,Dr. Victor Manuel,Check-up
2025-11-11,Senior,Male,Hypertension Monitoring,Clinic,Dr. Victor Manuel,Check-up
2025-11-11,Child,Female,"Iron Studies (TI, TIBC, Ferritin)",Laboratory,"Carlo Navarro, RMT",Laboratory
2025-11-11,Adult,Male,Upper Respiratory Infection,Clinic,Dr. Ana Lopez,Check-up
2025-11-12,Adult,Female,Asthma Monitoring,Clinic,Dr. Elena Bautista,Check-up
2025-11-12,Senior,Male,Cervical AP/ LAT,Radiology,Dr. Sofia Mercado,Imaging
2025-11-12,Senior,Male,Diabetes Mellitus Monitoring,Clinic,Dr. Elena Bautista,Check-up
2025-11-12,Child,Female,ECG (15 Lead) Pedia (0-17 years old),Cardiology,Dr. Camille Tan,Cardiology
2025-11-12,Adult,Male,Fever,Clinic,Dr. Miguel Fernandez,Check-up
2025-11-12,Senior,Male,Hypertension Monitoring,Clinic,Dr. Elena Bautista,Check-up
2025-11-12,Senior,Female,Nasal Bone AP/LAT,Radiology,Dr. Sofia Mercado,Imaging
2025-11-12,Child,Female,Upper Respiratory Infection,Clinic,Dr. Ana Lopez,Check-up
2025-11-13,Senior,Female,Abdominal Pain,Clinic,Dr. Victor Manuel,Check-up
2025-11-13,Adult,Female,C4,Laboratory,"Mark Villanueva, RMT",Laboratory
2025-11-13,Senior,Female,Diabetes Mellitus Monitoring,Clinic,Dr. Elena Bautista,Check-up
2025-11-13,Adult,Female,Fever,Clinic,Dr. Paolo Rivera,Check-up
2025-11-14,Adult,Male,Calcium (C),Laboratory,"Rafael Torres, RMT",Laboratory
2025-11-14,Child,Male,Estrogen,Laboratory,"Joanna Lim, RMT",Laboratory
2025-11-14,Adult,Female,Gastritis,Clinic,Dr. Elena Bautista,Check-up
2025-11-14,Adult,Male,Glucose,Laboratory,"Rafael Torres, RMT",Laboratory
2025-11-14,Senior,Female,Glucose,Laboratory,"Angela Reyes, RMT",Laboratory
2025-11-14,Senior,Female,Hypertension Monitoring,Clinic,Dr. Elena Bautista,Check-up
2025-11-14,Adult,Female,Physical Exam,Annual Physical Examination,Dr. Camille Tan,Annual Physical Examination
2025-11-14,Adult,Male,Preventive Health Check-up,Clinic,Dr. Ana Lopez,Check-up
2025-11-14,Adult,Male,Rubella Igm,Laboratory,"Mark Villanueva, RMT",Laboratory
2025-11-14,Senior,Female,SGOT (AST),Laboratory,"Carlo Navarro, RMT",Laboratory
2025-11-14,Senior,Female,Testosterone,Laboratory,"Angela Reyes, RMT",Laboratory
2025-11-14,Adult,Female,VDRL/Syphilis Screening,Laboratory,"Carlo Navarro, RMT",Laboratory
2025-11-15,Adult,Female,APTT,Laboratory,"Angela Reyes, RMT",Laboratory
2025-11-15,Child,Male,Albumin (Protein) Creatinine Ratio,Laboratory,"Mark Villanueva, RMT",Laboratory
2025-11-15,Adult,Male,Anti-HCV Titer,Laboratory,"Joanna Lim, RMT",Laboratory
2025-11-15,Adult,Female,Fecalysis,Laboratory,"Rafael Torres, RMT",Laboratory
2025-11-15,Adult,Female,H. Pylori (Quali)-serum,Laboratory,"Angela Reyes, RMT",Laboratory
2025-11-15,Adult,Female,HSCRP,Laboratory,"Carlo Navarro, RMT",Laboratory
2025-11-15,Adult,Male,Headache,Clinic,Dr. Miguel Fernandez,Check-up
2025-11-15,Child,Male,TSH,Laboratory,"Angela Reyes, RMT",Laboratory
2025-11-16,Adult,Male,Physical Exam,Annual Physical Examination,Dr. Miguel Fernandez,Annual Physical Examination
2025-11-16,Adult,Male,Urinalysis,Laboratory,"Carlo Navarro, RMT",Laboratory
2025-11-17,Adult,Male,Bicarbonate,Laboratory,"Angela Reyes, RMT",Laboratory
2025-11-17,Adult,Female,Fever,Clinic,Dr. Paolo Rivera,Check-up
2025-11-17,Adult,Male,Hypertension Monitoring,Clinic,Dr. Victor Manuel,Check-up
2025-11-17,Adult,Male,Hypertension Monitoring,Clinic,Dr. Elena Bautista,Check-up
2025-11-17,Adult,Male,TBIC (Total Iron Binding Capacity),Laboratory,"Angela Reyes, RMT",Laboratory
2025-11-18,Child,Male,2D Echo: Pedia (by appointment),Cardiology,Dr. Paolo Rivera,Cardiology
2025-11-18,Adult,Female,Bloodtype and RH Typing,Laboratory,"Carlo Navarro, RMT",Laboratory
2025-11-18,Adult,Male,Cholesterol,Laboratory,"Patricia Mendoza, RMT",Laboratory
2025-11-18,Adult,Female,Fever,Clinic,Dr. Paolo Rivera,Check-up
2025-11-18,Child,Female,HCV Screening,Laboratory,"Carlo Navarro, RMT",Laboratory
2025-11-18,Senior,Female,Hypertension Monitoring,Clinic,Dr. Victor Manuel,Check-up
2025-11-18,Senior,Female,Prostate,Radiology,Dr. Sofia Mercado,Imaging
2025-11-18,Adult,Male,Upper Respiratory Infection,Clinic,Dr. Camille Tan,Check-up
2025-11-18,Adult,Female,Upper Respiratory Infection,Clinic,Dr. Ana Lopez,Check-up
2025-11-19,Child,Male,Acid Phosphatase,Laboratory,"Carlo Navarro, RMT",Laboratory
2025-11-19,Adult,Female,Anti-HBc Total,Laboratory,"Rafael Torres, RMT",Laboratory
2025-11-19,Adult,Male,C3,Laboratory,"Rafael Torres, RMT",Laboratory
2025-11-19,Adult,Female,CBC,Laboratory,"Angela Reyes, RMT",Laboratory
2025-11-19,Adult,Male,Clinical Microscopy,Laboratory,"Rafael Torres, RMT",Laboratory
2025-11-19,Adult,Male,Coombs Test,Laboratory,"Mark Villanueva, RMT",Laboratory
2025-11-19,Child,Male,Gastritis,Clinic,Dr. Elena Bautista,Check-up
2025-11-19,Adult,Male,Headache,Clinic,Dr. Ana Lopez,Check-up
2025-11-19,Adult,Male,Hypertension Monitoring,Clinic,Dr. Victor Manuel,Check-up
2025-11-19,Adult,Male,Hypertension Monitoring,Clinic,Dr. Elena Bautista,Check-up
2025-11-19,Adult,Male,Lipase,Laboratory,"Mark Villanueva, RMT",Laboratory
2025-11-19,Child,Female,RA/RF Latex (Rheumatoid Factor),Laboratory,"Patricia Mendoza, RMT",Laboratory
2025-11-19,Adult,Male,RT-PCR 4-6HRS,Laboratory,"Carlo Navarro, RMT",Laboratory
2025-11-19,Adult,Male,Routine Medical Consultation,Clinic,Dr. Camille Tan,Check-up
2025-11-19,Adult,Male,Urinary Bladder,Radiology,Dr. Sofia Mercado,Imaging
2025-11-20,Adult,Male,Calcium (C),Laboratory,"Mark Villanueva, RMT",Laboratory
2025-11-20,Adult,Female,Coombs Test,Laboratory,"Carlo Navarro, RMT",Laboratory
2025-11-20,Adult,Female,FT3,Laboratory,"Mark Villanueva, RMT",Laboratory
2025-11-20,Adult,Female,Fever,Clinic,Dr. Miguel Fernandez,Check-up
2025-11-20,Adult,Female,Headache,Clinic,Dr. Paolo Rivera,Check-up
2025-11-20,Adult,Male,Routine Medical Consultation,Clinic,Dr. Paolo Rivera,Check-up
2025-11-20,Adult,Male,Troponin I Quantitative,Laboratory,"Carlo Navarro, RMT",Laboratory
2025-11-20,Adult,Female,Upper Respiratory Infection,Clinic,Dr. Camille Tan,Check-up
2025-11-20,Adult,Female,Upper Respiratory Infection,Clinic,Dr. Miguel Fernandez,Check-up
2025-11-20,Adult,Female,Venous Duplex Scan (Bilateral),Radiology,Dr. Sofia Mercado,Imaging
2025-11-21,Adult,Male,2D Echo (Plain),Cardiology,Dr. Miguel Fernandez,Cardiology
2025-11-21,Adult,Male,Asthma Monitoring,Clinic,Dr. Victor Manuel,Check-up
2025-11-21,Child,Male,Blood Cs with ARD (2 site),Laboratory,"Angela Reyes, RMT",Laboratory
2025-11-21,Adult,Male,Dengue Combo,Laboratory,"Rafael Torres, RMT",Laboratory
2025-11-21,Adult,Male,"Hepa A,B,C",Laboratory,"Rafael Torres, RMT",Laboratory
2025-11-21,Adult,Female,SGPT (ALT),Laboratory,"Angela Reyes, RMT",Laboratory
2025-11-21,Adult,Male,Upper Respiratory Infection,Clinic,Dr. Miguel Fernandez,Check-up
2025-11-22,Child,Female,Asthma Monitoring,Clinic,Dr. Elena Bautista,Check-up
2025-11-22,Adult,Female,Clinical Chemistry,Laboratory,"Carlo Navarro, RMT",Laboratory
2025-11-22,Adult,Male,Creatinine,Laboratory,"Patricia Mendoza, RMT",Laboratory
2025-11-22,Adult,Male,Fever,Clinic,Dr. Ana Lopez,Check-up
2025-11-22,Child,Male,Gastritis,Clinic,Dr. Victor Manuel,Check-up
2025-11-22,Adult,Female,HSCRP,Laboratory,"Carlo Navarro, RMT",Laboratory
2025-11-22,Adult,Male,Immunology/Serology,Laboratory,"Rafael Torres, RMT",Laboratory
2025-11-22,Senior,Female,KUB & Prostatae,Radiology,Dr. Andrea Sy,Imaging
2025-11-22,Adult,Male,Upper Respiratory Infection,Clinic,Dr. Ana Lopez,Check-up
2025-11-23,Adult,Female,Asthma Monitoring,Clinic,Dr. Elena Bautista,Check-up
2025-11-23,Senior,Female,Hypertension Monitoring,Clinic,Dr. Victor Manuel,Check-up
2025-11-23,Child,Male,Laboratory Testing,Home Service,"Joanna Lim, RMT",Home Service
2025-11-23,Adult,Female,Pancreas,Radiology,Dr. Sofia Mercado,Imaging
2025-11-23,Child,Female,TBIC (Total Iron Binding Capacity),Laboratory,"Mark Villanueva, RMT",Laboratory
2025-11-23,Adult,Female,TPPA Qualitative,Laboratory,"Rafael Torres, RMT",Laboratory
2025-11-24,Adult,Male,Diabetes Mellitus Monitoring,Clinic,Dr. Elena Bautista,Check-up
2025-11-24,Child,Female,Gastritis,Clinic,Dr. Victor Manuel,Check-up
2025-11-24,Senior,Male,Gastritis,Clinic,Dr. Victor Manuel,Check-up
2025-11-24,Child,Male,Urinary Tract Infection,Clinic,Dr. Camille Tan,Check-up
2025-11-25,Adult,Female,Fecalysis,Laboratory,"Patricia Mendoza, RMT",Laboratory
2025-11-25,Adult,Female,Headache,Clinic,Dr. Ana Lopez,Check-up
2025-11-25,Adult,Male,Hypertension Monitoring,Clinic,Dr. Victor Manuel,Check-up
2025-11-25,Adult,Female,RBC Morphology (Urine),Laboratory,"Rafael Torres, RMT",Laboratory
2025-11-25,Child,Male,Routine Medical Consultation,Clinic,Dr. Paolo Rivera,Check-up
2025-11-25,Child,Female,Routine Medical Consultation,Clinic,Dr. Camille Tan,Check-up
2025-11-26,Senior,Male,Diabetes Mellitus Monitoring,Clinic,Dr. Elena Bautista,Check-up
2025-11-26,Adult,Male,Headache,Clinic,Dr. Ana Lopez,Check-up
2025-11-26,Adult,Male,Hypertension Monitoring,Clinic,Dr. Victor Manuel,Check-up
2025-11-26,Senior,Female,Hypertension Monitoring,Clinic,Dr. Elena Bautista,Check-up
2025-11-26,Adult,Female,Pregnancy Test (Serum),Laboratory,"Angela Reyes, RMT",Laboratory
2025-11-26,Child,Female,Upper Respiratory Infection,Clinic,Dr. Camille Tan,Check-up
2025-11-26,Senior,Male,Urinary Tract Infection,Clinic,Dr. Camille Tan,Check-up
2025-11-27,Adult,Male,Asthma Monitoring,Clinic,Dr. Elena Bautista,Check-up
2025-11-27,Adult,Male,Blood Uric Acid,Laboratory,"Carlo Navarro, RMT",Laboratory
2025-11-27,Senior,Male,Diabetes Mellitus Monitoring,Clinic,Dr. Victor Manuel,Check-up
2025-11-27,Adult,Female,Diabetes Mellitus Monitoring,Clinic,Dr. Elena Bautista,Check-up
2025-11-27,Adult,Male,Fever,Clinic,Dr. Camille Tan,Check-up
2025-11-27,Adult,Male,Glucose,Laboratory,"Patricia Mendoza, RMT",Laboratory
2025-11-27,Adult,Male,Spleen,Radiology,Dr. Sofia Mercado,Imaging
2025-11-27,Adult,Male,Typhil Dot,Laboratory,"Patricia Mendoza, RMT",Laboratory
2025-11-28,Adult,Female,Diabetes Mellitus Monitoring,Clinic,Dr. Victor Manuel,Check-up
2025-11-28,Adult,Male,Fever,Clinic,Dr. Camille Tan,Check-up
2025-11-28,Adult,Female,Gastritis,Clinic,Dr. Victor Manuel,Check-up
2025-11-28,Adult,Male,Hypertension Monitoring,Clinic,Dr. Elena Bautista,Check-up
2025-11-28,Adult,Female,Pneumococcal Vaccine (5 Years & lifetime),Clinic,Dr. Paolo Rivera,Vaccination
2025-11-28,Adult,Male,Upper Respiratory Infection,Clinic,Dr. Paolo Rivera,Check-up
2025-11-28,Adult,Female,Upper Respiratory Infection,Clinic,Dr. Ana Lopez,Check-up
2025-11-28,Adult,Female,Upper Respiratory Infection,Clinic,Dr. Miguel Fernandez,Check-up
2025-11-29,Adult,Male,Fever,Clinic,Dr. Paolo Rivera,Check-up
2025-11-29,Adult,Female,Fit Stool Test,Laboratory,"Mark Villanueva, RMT",Laboratory
2025-11-29,Adult,Female,HCV-Genotyping,Laboratory,"Rafael Torres, RMT",Laboratory
2025-11-29,Senior,Male,Hypertension Monitoring,Clinic,Dr. Victor Manuel,Check-up
2025-11-29,Senior,Female,Preventive Health Check-up,Clinic,Dr. Miguel Fernandez,Check-up
2025-11-29,Adult,Male,Routine Medical Consultation,Clinic,Dr. Camille Tan,Check-up
2025-11-29,Senior,Female,Upper Respiratory Infection,Clinic,Dr. Paolo Rivera,Check-up
2025-11-30,Adult,Female,C3,Laboratory,"Angela Reyes, RMT",Laboratory
2025-11-30,Adult,Female,CRP Qualitative,Laboratory,"Patricia Mendoza, RMT",Laboratory
2025-11-30,Child,Female,HBA1C (edta),Laboratory,"Rafael Torres, RMT",Laboratory
2025-11-30,Child,Female,Headache,Clinic,Dr. Paolo Rivera,Check-up
2025-11-30,Adult,Female,Hypertension Monitoring,Clinic,Dr. Victor Manuel,Check-up
2025-12-01,Senior,Female,Chest PA,Radiology,Dr. Andrea Sy,Imaging
2025-12-01,Adult,Female,Chloride (CI),Laboratory,"Carlo Navarro, RMT",Laboratory
2025-12-01,Child,Female,Dermatitis and Allergy,Clinic,Dr. Miguel Fernandez,Check-up
2025-12-01,Senior,Female,Dermatitis and Allergy,Clinic,Dr. Miguel Fernandez,Check-up
2025-12-01,Adult,Female,Estrogen (RIA),Laboratory,"Angela Reyes, RMT",Laboratory
2025-12-01,Senior,Male,Gastritis,Clinic,Dr. Victor Manuel,Check-up
2025-12-01,Adult,Female,H. Pylori Stool,Laboratory,"Angela Reyes, RMT",Laboratory
2025-12-01,Adult,Male,Hypertension Monitoring,Clinic,Dr. Elena Bautista,Check-up
2025-12-01,Senior,Male,RA/RF Latex (Rheumatoid Factor),Laboratory,"Mark Villanueva, RMT",Laboratory
2025-12-01,Senior,Male,Soft Tissue,Radiology,Dr. Sofia Mercado,Imaging
2025-12-02,Adult,Female,Amylase,Laboratory,"Patricia Mendoza, RMT",Laboratory
2025-12-02,Adult,Female,Blood Cs with ARD (1 site),Laboratory,"Joanna Lim, RMT",Laboratory
2025-12-02,Senior,Male,Diabetes Mellitus Monitoring,Clinic,Dr. Victor Manuel,Check-up
2025-12-02,Adult,Female,Diabetes Mellitus Monitoring,Clinic,Dr. Victor Manuel,Check-up
2025-12-02,Adult,Female,FT3 RIA,Laboratory,"Carlo Navarro, RMT",Laboratory
2025-12-02,Adult,Male,FT3 RIA,Laboratory,"Patricia Mendoza, RMT",Laboratory
2025-12-02,Child,Female,Ferritin,Laboratory,"Angela Reyes, RMT",Laboratory
2025-12-02,Adult,Female,Upper Respiratory Infection,Clinic,Dr. Paolo Rivera,Check-up
2025-12-03,Adult,Female,Arm AP/L,Radiology,Dr. Sofia Mercado,Imaging
2025-12-03,Adult,Female,CPK Total,Laboratory,"Angela Reyes, RMT",Laboratory
2025-12-03,Adult,Female,Diabetes Mellitus Monitoring,Clinic,Dr. Elena Bautista,Check-up
2025-12-03,Adult,Female,Hypertension Monitoring,Clinic,Dr. Victor Manuel,Check-up
2025-12-03,Adult,Female,"Iron Studies (TI, TIBC, Ferritin)",Laboratory,"Joanna Lim, RMT",Laboratory
2025-12-03,Senior,Female,Paranasal Sinus,Radiology,Dr. Sofia Mercado,Imaging
2025-12-03,Child,Female,X-Ray,Annual Physical Examination,Dr. Miguel Fernandez,Annual Physical Examination
2025-12-04,Adult,Male,EGFR,Laboratory,"Rafael Torres, RMT",Laboratory
2025-12-04,Adult,Female,"Hepa A,B,C",Laboratory,"Angela Reyes, RMT",Laboratory
2025-12-04,Adult,Female,Hypertension Monitoring,Clinic,Dr. Victor Manuel,Check-up
2025-12-04,Child,Female,"Iron Studies (TI, TIBC, Ferritin)",Laboratory,"Carlo Navarro, RMT",Laboratory
2025-12-04,Senior,Female,Preventive Health Check-up,Clinic,Dr. Paolo Rivera,Check-up
2025-12-04,Senior,Male,Ultrasound,Radiology,Dr. Henry Ong,Imaging
2025-12-04,Adult,Male,Upper Respiratory Infection,Clinic,Dr. Paolo Rivera,Check-up
2025-12-04,Child,Male,Upper Respiratory Infection,Clinic,Dr. Miguel Fernandez,Check-up
2025-12-05,Adult,Female,Body Fluid LDH,Laboratory,"Angela Reyes, RMT",Laboratory
2025-12-05,Senior,Female,Diabetes Mellitus Monitoring,Clinic,Dr. Elena Bautista,Check-up
2025-12-05,Adult,Female,Foot AP/OBLIQUE/Lateral,Radiology,Dr. Andrea Sy,Imaging
2025-12-05,Adult,Female,HCV Screening,Laboratory,"Angela Reyes, RMT",Laboratory
2025-12-05,Adult,Male,Hypertension Monitoring,Clinic,Dr. Elena Bautista,Check-up
2025-12-05,Child,Male,Pregnancy Test (Serum),Laboratory,"Mark Villanueva, RMT",Laboratory
2025-12-06,Child,Male,Anti-HBc IgM,Laboratory,"Rafael Torres, RMT",Laboratory
2025-12-06,Senior,Male,CBC,Laboratory,"Carlo Navarro, RMT",Laboratory
2025-12-06,Adult,Male,Calcium (C),Laboratory,"Rafael Torres, RMT",Laboratory
2025-12-06,Child,Female,DTAP Vaccine (pedia),Clinic,Dr. Ana Lopez,Vaccination
2025-12-06,Senior,Female,Diabetes Mellitus Monitoring,Clinic,Dr. Elena Bautista,Check-up
2025-12-06,Adult,Male,Diabetes Mellitus Monitoring,Clinic,Dr. Elena Bautista,Check-up
2025-12-06,Adult,Male,HBA1C (edta),Laboratory,"Angela Reyes, RMT",Laboratory
2025-12-06,Adult,Female,Hypertension Monitoring,Clinic,Dr. Elena Bautista,Check-up
2025-12-06,Child,Female,Potassium (K),Laboratory,"Mark Villanueva, RMT",Laboratory
2025-12-06,Child,Female,Routine Medical Consultation,Clinic,Dr. Camille Tan,Check-up
2025-12-06,Adult,Female,Urinalysis & Fecalysis,Annual Physical Examination,Dr. Paolo Rivera,Annual Physical Examination
2025-12-06,Child,Male,VFRL RPR Titer,Laboratory,"Angela Reyes, RMT",Laboratory
2025-12-07,Adult,Male,Abdominal Pain,Clinic,Dr. Elena Bautista,Check-up
2025-12-07,Child,Female,Dermatitis and Allergy,Clinic,Dr. Camille Tan,Check-up
2025-12-07,Adult,Male,Diabetes Mellitus Monitoring,Clinic,Dr. Elena Bautista,Check-up
2025-12-07,Adult,Male,HBA1C (edta),Laboratory,"Mark Villanueva, RMT",Laboratory
2025-12-07,Adult,Female,Hypertension Monitoring,Clinic,Dr. Elena Bautista,Check-up
2025-12-07,Adult,Female,Pelvic Ultrasound,Radiology,Dr. Sofia Mercado,Imaging
2025-12-07,Adult,Female,Routine Medical Consultation,Clinic,Dr. Paolo Rivera,Check-up
2025-12-07,Adult,Female,Upper Respiratory Infection,Clinic,Dr. Camille Tan,Check-up
2025-12-08,Adult,Male,Bloodtype and RH Typing,Laboratory,"Carlo Navarro, RMT",Laboratory
2025-12-08,Child,Male,CRP Qualitative,Laboratory,"Patricia Mendoza, RMT",Laboratory
2025-12-08,Child,Female,Clinical Chemistry,Laboratory,"Joanna Lim, RMT",Laboratory
2025-12-08,Adult,Male,Upper Respiratory Infection,Clinic,Dr. Paolo Rivera,Check-up
2025-12-09,Adult,Female,APTT,Laboratory,"Mark Villanueva, RMT",Laboratory
2025-12-09,Child,Female,Albumin (Protein) Creatinine Ratio,Laboratory,"Rafael Torres, RMT",Laboratory
2025-12-09,Adult,Female,Hepa B Vaccine,Clinic,Dr. Miguel Fernandez,Vaccination
2025-12-09,Adult,Male,Hypertension Monitoring,Clinic,Dr. Elena Bautista,Check-up
2025-12-09,Adult,Male,Upper Respiratory Infection,Clinic,Dr. Camille Tan,Check-up
2025-12-10,Senior,Female,Dermatitis and Allergy,Clinic,Dr. Miguel Fernandez,Check-up
2025-12-10,Adult,Female,Fever,Clinic,Dr. Camille Tan,Check-up
2025-12-10,Senior,Female,Gastritis,Clinic,Dr. Elena Bautista,Check-up
2025-12-10,Child,Male,TDaP Vaccine (Adult),Clinic,Dr. Miguel Fernandez,Vaccination
2025-12-10,Adult,Male,Upper Respiratory Infection,Clinic,Dr. Miguel Fernandez,Check-up
2025-12-11,Child,Female,2D Echo Pedia,Cardiology,Dr. Ana Lopez,Cardiology
2025-12-11,Adult,Female,Abdominal Pain,Clinic,Dr. Victor Manuel,Check-up
2025-12-11,Adult,Female,Dermatitis and Allergy,Clinic,Dr. Paolo Rivera,Check-up
2025-12-11,Adult,Female,Gram Stain,Laboratory,"Joanna Lim, RMT",Laboratory
2025-12-11,Child,Male,Magnesium,Laboratory,"Carlo Navarro, RMT",Laboratory
2025-12-11,Adult,Male,RT-PCR 4-6HRS,Laboratory,"Angela Reyes, RMT",Laboratory
2025-12-11,Adult,Female,SGPT (ALT),Laboratory,"Patricia Mendoza, RMT",Laboratory
2025-12-11,Adult,Female,TPPA Quantitative,Laboratory,"Rafael Torres, RMT",Laboratory
2025-12-11,Adult,Female,Ultrasound,Radiology,Dr. Andrea Sy,Imaging
2025-12-12,Adult,Male,"Bilirubin (B1, B2)",Laboratory,"Rafael Torres, RMT",Laboratory
2025-12-12,Adult,Male,Chest AP-L (Pedia),Radiology,Dr. Sofia Mercado,Imaging
2025-12-12,Senior,Male,Gastritis,Clinic,Dr. Elena Bautista,Check-up
2025-12-12,Adult,Male,Hypertension Monitoring,Clinic,Dr. Elena Bautista,Check-up
2025-12-12,Adult,Female,OGCT,Laboratory,"Patricia Mendoza, RMT",Laboratory
2025-12-12,Adult,Male,Upper Respiratory Infection,Clinic,Dr. Ana Lopez,Check-up
2025-12-12,Adult,Male,Upper Respiratory Infection,Clinic,Dr. Paolo Rivera,Check-up
2025-12-12,Child,Female,Upper Respiratory Infection,Clinic,Dr. Miguel Fernandez,Check-up
2025-12-13,Adult,Male,Dengue Combo,Laboratory,"Carlo Navarro, RMT",Laboratory
2025-12-13,Adult,Male,HDL,Laboratory,"Mark Villanueva, RMT",Laboratory
2025-12-13,Senior,Female,Hypertension Monitoring,Clinic,Dr. Victor Manuel,Check-up
2025-12-13,Adult,Male,Progesterone,Laboratory,"Patricia Mendoza, RMT",Laboratory
2025-12-13,Adult,Female,Routine Medical Consultation,Clinic,Dr. Camille Tan,Check-up
2025-12-13,Adult,Male,Rubella IgG,Laboratory,"Rafael Torres, RMT",Laboratory
2025-12-14,Child,Male,Amylase,Laboratory,"Carlo Navarro, RMT",Laboratory
2025-12-14,Adult,Female,EGFR,Laboratory,"Rafael Torres, RMT",Laboratory
2025-12-14,Adult,Male,Face to Face Doctor Consultation,Clinic,Dr. Ana Lopez,Check-up
2025-12-14,Adult,Female,Fecalysis,Laboratory,"Carlo Navarro, RMT",Laboratory
2025-12-14,Adult,Female,Headache,Clinic,Dr. Paolo Rivera,Check-up
2025-12-14,Adult,Male,Knee Joint AP/LAT,Radiology,Dr. Andrea Sy,Imaging
2025-12-14,Senior,Male,Pneumococcal Vaccine (5 Years & lifetime),Clinic,Dr. Camille Tan,Vaccination
2025-12-14,Adult,Male,Protein,Laboratory,"Carlo Navarro, RMT",Laboratory
2025-12-14,Child,Female,SGOT (AST),Laboratory,"Patricia Mendoza, RMT",Laboratory
2025-12-14,Adult,Male,Urinary Tract Infection,Clinic,Dr. Paolo Rivera,Check-up
2025-12-15,Adult,Male,AFB Stain,Laboratory,"Angela Reyes, RMT",Laboratory
2025-12-15,Adult,Male,Bleeding Time,Laboratory,"Rafael Torres, RMT",Laboratory
2025-12-15,Child,Female,HBsAg Screening,Laboratory,"Patricia Mendoza, RMT",Laboratory
2025-12-15,Senior,Male,Hypertension Monitoring,Clinic,Dr. Elena Bautista,Check-up
2025-12-16,Senior,Female,Abdominal Pain,Clinic,Dr. Elena Bautista,Check-up
2025-12-16,Child,Female,Amylase,Laboratory,"Mark Villanueva, RMT",Laboratory
2025-12-16,Child,Female,Hematology,Laboratory,"Patricia Mendoza, RMT",Laboratory
2025-12-16,Adult,Male,Rubella Igm,Laboratory,"Patricia Mendoza, RMT",Laboratory
2025-12-16,Senior,Female,Urinary Tract Infection,Clinic,Dr. Ana Lopez,Check-up
2025-12-17,Adult,Male,Amylase,Laboratory,"Joanna Lim, RMT",Laboratory
2025-12-17,Adult,Male,Asthma Monitoring,Clinic,Dr. Elena Bautista,Check-up
2025-12-17,Senior,Male,Bloodtype and RH Typing,Laboratory,"Carlo Navarro, RMT",Laboratory
2025-12-17,Adult,Female,C4,Laboratory,"Carlo Navarro, RMT",Laboratory
2025-12-17,Adult,Male,Gastritis,Clinic,Dr. Elena Bautista,Check-up
2025-12-17,Child,Female,Preventive Health Check-up,Clinic,Dr. Miguel Fernandez,Check-up
2025-12-17,Adult,Female,Prolactin,Laboratory,"Angela Reyes, RMT",Laboratory
2025-12-17,Adult,Female,Routine Medical Consultation,Clinic,Dr. Miguel Fernandez,Check-up
2025-12-17,Adult,Male,TPHA Titer,Laboratory,"Carlo Navarro, RMT",Laboratory
2025-12-17,Adult,Male,Urinalysis,Laboratory,"Mark Villanueva, RMT",Laboratory
2025-12-18,Adult,Male,Blood Uric Acid,Laboratory,"Patricia Mendoza, RMT",Laboratory
2025-12-18,Adult,Female,Chloride (C),Laboratory,"Patricia Mendoza, RMT",Laboratory
2025-12-18,Adult,Male,Dermatitis and Allergy,Clinic,Dr. Paolo Rivera,Check-up
2025-12-18,Adult,Female,EBV Igm,Laboratory,"Angela Reyes, RMT",Laboratory
2025-12-18,Senior,Female,FT3,Laboratory,"Mark Villanueva, RMT",Laboratory
2025-12-18,Senior,Male,Hypertension Monitoring,Clinic,Dr. Elena Bautista,Check-up
2025-12-18,Adult,Female,Hypertension Monitoring,Clinic,Dr. Elena Bautista,Check-up
2025-12-18,Adult,Female,OGCT,Laboratory,"Patricia Mendoza, RMT",Laboratory
2025-12-18,Child,Female,Online Doctor Consultation,Clinic,Dr. Miguel Fernandez,Check-up
2025-12-18,Child,Female,Preventive Health Check-up,Clinic,Dr. Ana Lopez,Check-up
2025-12-18,Adult,Male,Urinary Tract Infection,Clinic,Dr. Ana Lopez,Check-up
2025-12-18,Adult,Female,Wrist AP/L,Radiology,Dr. Henry Ong,Imaging
2025-12-19,Adult,Male,Acid Phosphatase,Laboratory,"Rafael Torres, RMT",Laboratory
2025-12-19,Adult,Male,Antigen Swab Test,Laboratory,"Joanna Lim, RMT",Laboratory
2025-12-19,Child,Male,Asthma Monitoring,Clinic,Dr. Victor Manuel,Check-up
2025-12-19,Adult,Female,Dengue Combo,Laboratory,"Angela Reyes, RMT",Laboratory
2025-12-19,Adult,Male,Dermatitis and Allergy,Clinic,Dr. Paolo Rivera,Check-up
2025-12-19,Adult,Female,Online Doctor Consultation,Clinic,Dr. Miguel Fernandez,Check-up
2025-12-20,Senior,Male,12L-ECG,Cardiology,Dr. Ana Lopez,Cardiology
2025-12-20,Adult,Male,Anti-Tetanus,Clinic,Dr. Miguel Fernandez,Vaccination
2025-12-20,Adult,Male,FSH,Laboratory,"Rafael Torres, RMT",Laboratory
2025-12-20,Adult,Male,Fever,Clinic,Dr. Paolo Rivera,Check-up
2025-12-20,Adult,Male,Gastritis,Clinic,Dr. Victor Manuel,Check-up
2025-12-20,Adult,Male,Headache,Clinic,Dr. Paolo Rivera,Check-up
2025-12-20,Adult,Female,Headache,Clinic,Dr. Camille Tan,Check-up
2025-12-21,Adult,Male,Anti-HCV Titer,Laboratory,"Joanna Lim, RMT",Laboratory
2025-12-21,Adult,Male,Cortisol,Laboratory,"Carlo Navarro, RMT",Laboratory
2025-12-21,Child,Male,D-DIMER Test,Laboratory,"Patricia Mendoza, RMT",Laboratory
2025-12-21,Adult,Female,Dermatitis and Allergy,Clinic,Dr. Camille Tan,Check-up
2025-12-21,Adult,Female,Dermatitis and Allergy,Clinic,Dr. Miguel Fernandez,Check-up
2025-12-21,Adult,Male,Gastritis,Clinic,Dr. Victor Manuel,Check-up
2025-12-21,Adult,Female,Hypertension Monitoring,Clinic,Dr. Elena Bautista,Check-up
2025-12-21,Child,Female,Routine Medical Consultation,Clinic,Dr. Ana Lopez,Check-up
2025-12-21,Adult,Female,Routine Medical Consultation,Clinic,Dr. Ana Lopez,Check-up
2025-12-21,Adult,Male,Urinalysis & Fecalysis,Annual Physical Examination,Dr. Miguel Fernandez,Annual Physical Examination
2025-12-21,Adult,Female,Urinary Tract Infection,Clinic,Dr. Paolo Rivera,Check-up
2025-12-21,Child,Female,Urinary Tract Infection,Clinic,Dr. Ana Lopez,Check-up
2025-12-22,Adult,Male,Asthma Monitoring,Clinic,Dr. Elena Bautista,Check-up
2025-12-22,Adult,Female,DTAP Vaccine (pedia),Clinic,Dr. Ana Lopez,Vaccination
2025-12-22,Adult,Male,EBV Igm,Laboratory,"Mark Villanueva, RMT",Laboratory
2025-12-22,Adult,Male,H. Pylori Stool,Laboratory,"Patricia Mendoza, RMT",Laboratory
2025-12-22,Adult,Male,Hepa C profile,Laboratory,"Angela Reyes, RMT",Laboratory
2025-12-22,Adult,Male,Micro Albumin (Micral Test),Laboratory,"Joanna Lim, RMT",Laboratory
2025-12-22,Adult,Male,Preventive Health Check-up,Clinic,Dr. Ana Lopez,Check-up
2025-12-23,Adult,Female,Amylase,Laboratory,"Joanna Lim, RMT",Laboratory
2025-12-23,Adult,Male,Asthma Monitoring,Clinic,Dr. Elena Bautista,Check-up
2025-12-23,Adult,Female,FT3 RIA,Laboratory,"Patricia Mendoza, RMT",Laboratory
2025-12-23,Child,Female,Fever,Clinic,Dr. Ana Lopez,Check-up
2025-12-23,Adult,Male,Hypertension Monitoring,Clinic,Dr. Elena Bautista,Check-up
2025-12-23,Senior,Male,Hypertension Monitoring,Clinic,Dr. Elena Bautista,Check-up
2025-12-23,Adult,Female,Routine Medical Consultation,Clinic,Dr. Camille Tan,Check-up
2025-12-24,Adult,Male,Anti-HAV Screening,Laboratory,"Joanna Lim, RMT",Laboratory
2025-12-24,Adult,Female,Asthma Monitoring,Clinic,Dr. Elena Bautista,Check-up
2025-12-24,Child,Male,Dermatitis and Allergy,Clinic,Dr. Paolo Rivera,Check-up
2025-12-24,Adult,Male,Diabetes Mellitus Monitoring,Clinic,Dr. Elena Bautista,Check-up
2025-12-24,Adult,Male,ECG,Home Service,"Rafael Torres, RMT",Home Service
2025-12-24,Adult,Female,Gallbladder & Pancreas,Radiology,Dr. Henry Ong,Imaging
2025-12-24,Child,Female,Gastritis,Clinic,Dr. Victor Manuel,Check-up
2025-12-24,Child,Male,Gastritis,Clinic,Dr. Elena Bautista,Check-up
2025-12-24,Adult,Male,Hypertension Monitoring,Clinic,Dr. Victor Manuel,Check-up
2025-12-24,Adult,Female,Peripheral Blood Smear ( 7 Days),Laboratory,"Patricia Mendoza, RMT",Laboratory
2025-12-24,Adult,Female,Physical Exam,Clinic,Dr. Ana Lopez,Pre-Employment Checkup
2025-12-24,Adult,Female,RBS,Laboratory,"Mark Villanueva, RMT",Laboratory
2025-12-24,Adult,Male,Routine Medical Consultation,Clinic,Dr. Miguel Fernandez,Check-up
2025-12-24,Adult,Male,Scoliosis Series,Radiology,Dr. Sofia Mercado,Imaging
2025-12-24,Adult,Male,Troponin I Qualitive,Laboratory,"Joanna Lim, RMT",Laboratory
2025-12-24,Adult,Female,Upper Respiratory Infection,Clinic,Dr. Miguel Fernandez,Check-up
2025-12-25,Adult,Male,APTT,Laboratory,"Rafael Torres, RMT",Laboratory
2025-12-25,Adult,Female,Anti-HBc IgM,Laboratory,"Rafael Torres, RMT",Laboratory
2025-12-25,Adult,Male,CRP,Laboratory,"Mark Villanueva, RMT",Laboratory
2025-12-25,Adult,Female,Dermatitis and Allergy,Clinic,Dr. Ana Lopez,Check-up
2025-12-25,Senior,Male,Diabetes Mellitus Monitoring,Clinic,Dr. Elena Bautista,Check-up
2025-12-25,Adult,Male,Gastritis,Clinic,Dr. Elena Bautista,Check-up
2025-12-25,Adult,Male,Hypertension Monitoring,Clinic,Dr. Elena Bautista,Check-up
2025-12-25,Senior,Male,Hypertension Monitoring,Clinic,Dr. Victor Manuel,Check-up
2025-12-25,Adult,Female,T4,Laboratory,"Patricia Mendoza, RMT",Laboratory
2025-12-26,Adult,Male,Asthma Monitoring,Clinic,Dr. Elena Bautista,Check-up
2025-12-26,Child,Female,DTAP Vaccine (pedia),Clinic,Dr. Camille Tan,Vaccination
2025-12-26,Adult,Female,Lower Abdomen,Radiology,Dr. Henry Ong,Imaging
2025-12-26,Adult,Male,Preventive Health Check-up,Clinic,Dr. Paolo Rivera,Check-up
2025-12-26,Adult,Female,Urinalysis,Laboratory,"Mark Villanueva, RMT",Laboratory
2025-12-27,Child,Female,Anti-HCV Titer,Laboratory,"Patricia Mendoza, RMT",Laboratory
2025-12-27,Adult,Female,Chloride (C),Laboratory,"Rafael Torres, RMT",Laboratory
2025-12-27,Adult,Male,Dermatitis and Allergy,Clinic,Dr. Paolo Rivera,Check-up
2025-12-27,Adult,Female,GGTP,Laboratory,"Rafael Torres, RMT",Laboratory
2025-12-27,Adult,Male,Routine Medical Consultation,Clinic,Dr. Paolo Rivera,Check-up
2025-12-27,Adult,Female,Urinary Tract Infection,Clinic,Dr. Miguel Fernandez,Check-up
2025-12-27,Adult,Male,Urinary Tract Infection,Clinic,Dr. Miguel Fernandez,Check-up
2025-12-27,Adult,Female,Urine C/S,Laboratory,"Patricia Mendoza, RMT",Laboratory
2025-12-27,Child,Male,X-Ray,Home Service,Dr. Henry Ong,Home Service
2025-12-28,Child,Male,Blood Cs with ARD (2 site),Laboratory,"Carlo Navarro, RMT",Laboratory
2025-12-28,Adult,Female,Calcium (C),Laboratory,"Angela Reyes, RMT",Laboratory
2025-12-28,Adult,Male,Clavicle AP,Radiology,Dr. Henry Ong,Imaging
2025-12-28,Child,Male,Gastritis,Clinic,Dr. Victor Manuel,Check-up
2025-12-28,Adult,Female,Hepa C profile,Laboratory,"Patricia Mendoza, RMT",Laboratory
2025-12-28,Adult,Male,Hepa C profile,Laboratory,"Patricia Mendoza, RMT",Laboratory
2025-12-28,Adult,Female,Physical Exam,Annual Physical Examination,Dr. Ana Lopez,Annual Physical Examination
2025-12-28,Adult,Female,Protein,Laboratory,"Patricia Mendoza, RMT",Laboratory
2025-12-28,Child,Female,Prothrombin Time,Laboratory,"Angela Reyes, RMT",Laboratory
2025-12-28,Child,Female,Routine Medical Consultation,Clinic,Dr. Miguel Fernandez,Check-up
2025-12-29,Adult,Male,Asthma Monitoring,Clinic,Dr. Victor Manuel,Check-up
2025-12-29,Adult,Female,Diabetes Mellitus Monitoring,Clinic,Dr. Elena Bautista,Check-up
2025-12-29,Adult,Male,Drug Testing,Home Service,"Mark Villanueva, RMT",Home Service
2025-12-29,Adult,Female,Duplex Scan,Radiology,Dr. Henry Ong,Imaging
2025-12-29,Senior,Male,Hypertension Monitoring,Clinic,Dr. Elena Bautista,Check-up
2025-12-29,Adult,Male,Upper Respiratory Infection,Clinic,Dr. Miguel Fernandez,Check-up
2025-12-30,Adult,Male,APTT,Laboratory,"Rafael Torres, RMT",Laboratory
2025-12-30,Adult,Male,Calcium (C),Laboratory,"Rafael Torres, RMT",Laboratory
2025-12-30,Child,Male,Chloride (CI),Laboratory,"Mark Villanueva, RMT",Laboratory
2025-12-30,Adult,Female,D-DIMER Test,Laboratory,"Patricia Mendoza, RMT",Laboratory
2025-12-30,Adult,Male,DTAP Vaccine (pedia),Clinic,Dr. Ana Lopez,Vaccination
2025-12-30,Adult,Male,FT3,Laboratory,"Patricia Mendoza, RMT",Laboratory
2025-12-30,Adult,Male,FT4,Laboratory,"Patricia Mendoza, RMT",Laboratory
2025-12-30,Child,Male,Headache,Clinic,Dr. Ana Lopez,Check-up
2025-12-30,Adult,Female,"OGCT Non-Pregnant (100g, 75g)",Laboratory,"Rafael Torres, RMT",Laboratory
2025-12-30,Child,Female,Routine Medical Consultation,Clinic,Dr. Miguel Fernandez,Check-up
2025-12-30,Senior,Male,Troponin I Qualitive,Laboratory,"Angela Reyes, RMT",Laboratory
2025-12-30,Adult,Male,Upper Respiratory Infection,Clinic,Dr. Ana Lopez,Check-up
2025-12-30,Senior,Male,Urinalysis,Laboratory,"Rafael Torres, RMT",Laboratory
2025-12-31,Child,Male,2D Echo Pedia,Cardiology,Dr. Paolo Rivera,Cardiology
2025-12-31,Adult,Male,Abdominal Pain,Clinic,Dr. Elena Bautista,Check-up
2025-12-31,Adult,Female,Anti-HBc Total,Laboratory,"Patricia Mendoza, RMT",Laboratory
2025-12-31,Senior,Male,Hypertension Monitoring,Clinic,Dr. Elena Bautista,Check-up
2025-12-31,Adult,Female,Serum LDH,Laboratory,"Rafael Torres, RMT",Laboratory
2025-12-31,Adult,Male,Upper Respiratory Infection,Clinic,Dr. Paolo Rivera,Check-up
2026-01-01,Adult,Female,Asthma Monitoring,Clinic,Dr. Victor Manuel,Check-up
2026-01-01,Child,Male,Calcium (C),Laboratory,"Patricia Mendoza, RMT",Laboratory
2026-01-01,Senior,Male,Diabetes Mellitus Monitoring,Clinic,Dr. Elena Bautista,Check-up
2026-01-01,Child,Male,Intact-PTH,Laboratory,"Joanna Lim, RMT",Laboratory
2026-01-01,Adult,Female,Testosterone,Laboratory,"Joanna Lim, RMT",Laboratory
2026-01-01,Adult,Female,Upper Respiratory Infection,Clinic,Dr. Paolo Rivera,Check-up
2026-01-02,Adult,Female,Asthma Monitoring,Clinic,Dr. Elena Bautista,Check-up
2026-01-02,Adult,Male,Clinical Chemistry,Laboratory,"Angela Reyes, RMT",Laboratory
2026-01-02,Child,Female,Dermatitis and Allergy,Clinic,Dr. Paolo Rivera,Check-up
2026-01-02,Adult,Male,HBsAg Titer,Laboratory,"Rafael Torres, RMT",Laboratory
2026-01-02,Child,Female,RBS,Laboratory,"Angela Reyes, RMT",Laboratory
2026-01-02,Adult,Female,Upper Respiratory Infection,Clinic,Dr. Miguel Fernandez,Check-up
2026-01-03,Adult,Male,Abdominal Pain,Clinic,Dr. Elena Bautista,Check-up
2026-01-03,Senior,Female,Abdominal Pain,Clinic,Dr. Elena Bautista,Check-up
2026-01-03,Adult,Male,Amylase,Laboratory,"Carlo Navarro, RMT",Laboratory
2026-01-03,Adult,Female,Anti-HAV IgM,Laboratory,"Carlo Navarro, RMT",Laboratory
2026-01-03,Adult,Female,EGFR,Laboratory,"Carlo Navarro, RMT",Laboratory
2026-01-03,Adult,Female,HCV Screening,Laboratory,"Mark Villanueva, RMT",Laboratory
2026-01-03,Senior,Male,Hypertension Monitoring,Clinic,Dr. Elena Bautista,Check-up
2026-01-03,Adult,Female,Intact-PTH,Laboratory,"Joanna Lim, RMT",Laboratory
2026-01-03,Adult,Female,Routine Medical Consultation,Clinic,Dr. Miguel Fernandez,Check-up
2026-01-03,Adult,Female,Upper Respiratory Infection,Clinic,Dr. Ana Lopez,Check-up
2026-01-03,Senior,Male,Wrist AP/L,Radiology,Dr. Sofia Mercado,Imaging
2026-01-04,Child,Female,Asthma Monitoring,Clinic,Dr. Elena Bautista,Check-up
2026-01-04,Adult,Female,Cholesterol,Laboratory,"Joanna Lim, RMT",Laboratory
2026-01-04,Adult,Male,Clinical Microscopy,Laboratory,"Mark Villanueva, RMT",Laboratory
2026-01-04,Adult,Male,Diabetes Mellitus Monitoring,Clinic,Dr. Elena Bautista,Check-up
2026-01-04,Adult,Male,Fever,Clinic,Dr. Camille Tan,Check-up
2026-01-04,Child,Female,Gastritis,Clinic,Dr. Victor Manuel,Check-up
2026-01-04,Senior,Female,Hypertension Monitoring,Clinic,Dr. Elena Bautista,Check-up
2026-01-04,Adult,Female,Sodium (Na),Laboratory,"Patricia Mendoza, RMT",Laboratory
2026-01-05,Adult,Male,Chloride (CI),Laboratory,"Angela Reyes, RMT",Laboratory
2026-01-05,Senior,Female,Diabetes Mellitus Monitoring,Clinic,Dr. Elena Bautista,Check-up
2026-01-05,Senior,Female,Glucose,Laboratory,"Angela Reyes, RMT",Laboratory
2026-01-05,Adult,Female,Preventive Health Check-up,Clinic,Dr. Miguel Fernandez,Check-up
2026-01-05,Adult,Male,TBIC (Total Iron Binding Capacity),Laboratory,"Patricia Mendoza, RMT",Laboratory
2026-01-05,Child,Male,Upper Respiratory Infection,Clinic,Dr. Camille Tan,Check-up
2026-01-06,Adult,Male,Amylase,Laboratory,"Rafael Torres, RMT",Laboratory
2026-01-06,Adult,Female,"Bilirubin (B1, B2)",Laboratory,"Mark Villanueva, RMT",Laboratory
2026-01-06,Senior,Male,FT4 RIA,Laboratory,"Carlo Navarro, RMT",Laboratory
2026-01-06,Adult,Male,Gastritis,Clinic,Dr. Elena Bautista,Check-up
2026-01-06,Adult,Male,Headache,Clinic,Dr. Ana Lopez,Check-up
2026-01-06,Adult,Male,"Hepa A,B,C",Laboratory,"Rafael Torres, RMT",Laboratory
2026-01-06,Adult,Male,Hypertension Monitoring,Clinic,Dr. Victor Manuel,Check-up
2026-01-06,Adult,Female,Hypertension Monitoring,Clinic,Dr. Victor Manuel,Check-up
2026-01-06,Adult,Male,Upper Respiratory Infection,Clinic,Dr. Camille Tan,Check-up
2026-01-06,Child,Female,Upper Respiratory Infection,Clinic,Dr. Paolo Rivera,Check-up
2026-01-06,Adult,Female,Upper Respiratory Infection,Clinic,Dr. Paolo Rivera,Check-up
2026-01-06,Adult,Male,Urinary Tract Infection,Clinic,Dr. Ana Lopez,Check-up
2026-01-07,Adult,Female,Asthma Monitoring,Clinic,Dr. Victor Manuel,Check-up
2026-01-07,Child,Male,Flu Vaccine,Clinic,Dr. Camille Tan,Vaccination
2026-01-07,Adult,Female,HBsAg Titer,Laboratory,"Angela Reyes, RMT",Laboratory
2026-01-07,Adult,Male,Hypertension Monitoring,Clinic,Dr. Victor Manuel,Check-up
2026-01-07,Child,Male,Immunology/Serology,Laboratory,"Patricia Mendoza, RMT",Laboratory
2026-01-07,Adult,Female,Preventive Health Check-up,Clinic,Dr. Ana Lopez,Check-up
2026-01-07,Adult,Female,Upper Respiratory Infection,Clinic,Dr. Paolo Rivera,Check-up
2026-01-07,Adult,Female,Urinalysis & Fecalysis,Clinic,Dr. Miguel Fernandez,Pre-Employment Checkup
2026-01-07,Child,Male,Urinary Tract Infection,Clinic,Dr. Camille Tan,Check-up
2026-01-08,Child,Female,2D Echo: Pedia (by appointment),Cardiology,Dr. Miguel Fernandez,Cardiology
2026-01-08,Child,Male,Amylase,Laboratory,"Mark Villanueva, RMT",Laboratory
2026-01-08,Adult,Female,Asthma Monitoring,Clinic,Dr. Elena Bautista,Check-up
2026-01-08,Adult,Male,Asthma Monitoring,Clinic,Dr. Victor Manuel,Check-up
2026-01-08,Child,Male,Asthma Monitoring,Clinic,Dr. Victor Manuel,Check-up
2026-01-08,Adult,Male,Bleeding Time,Laboratory,"Rafael Torres, RMT",Laboratory
2026-01-08,Adult,Female,Diabetes Mellitus Monitoring,Clinic,Dr. Victor Manuel,Check-up
2026-01-08,Senior,Male,Hypertension Monitoring,Clinic,Dr. Elena Bautista,Check-up
2026-01-08,Adult,Female,Pelvis Hip,Radiology,Dr. Henry Ong,Imaging
2026-01-08,Adult,Female,Upper Respiratory Infection,Clinic,Dr. Paolo Rivera,Check-up
2026-01-08,Senior,Female,Upper and lower extremities,Radiology,Dr. Andrea Sy,Imaging
2026-01-08,Adult,Male,Wrist AP/L,Radiology,Dr. Andrea Sy,Imaging
2026-01-09,Adult,Male,Arterial Duplex Scan (Unilateral),Radiology,Dr. Andrea Sy,Imaging
2026-01-09,Senior,Male,Body Fluid Analysis (Package),Laboratory,"Patricia Mendoza, RMT",Laboratory
2026-01-09,Adult,Female,Dermatitis and Allergy,Clinic,Dr. Ana Lopez,Check-up
2026-01-09,Adult,Female,Drug Test,Clinic,Dr. Ana Lopez,Pre-Employment Checkup
2026-01-09,Adult,Male,Glucose,Laboratory,"Patricia Mendoza, RMT",Laboratory
2026-01-09,Adult,Male,Hypertension Monitoring,Clinic,Dr. Elena Bautista,Check-up
2026-01-09,Senior,Female,Hypertension Monitoring,Clinic,Dr. Elena Bautista,Check-up
2026-01-09,Senior,Male,Preventive Health Check-up,Clinic,Dr. Miguel Fernandez,Check-up
2026-01-09,Senior,Female,Preventive Health Check-up,Clinic,Dr. Miguel Fernandez,Check-up
2026-01-09,Adult,Male,Urinalysis & Fecalysis,Clinic,Dr. Miguel Fernandez,Pre-Employment Checkup
2026-01-10,Senior,Male,15L-ECG (Electrocardiogram) 15L,Cardiology,Dr. Miguel Fernandez,Cardiology
2026-01-10,Child,Male,Asthma Monitoring,Clinic,Dr. Elena Bautista,Check-up
2026-01-10,Adult,Male,Drug Test (Urine),Laboratory,"Carlo Navarro, RMT",Laboratory
2026-01-10,Child,Male,Fever,Clinic,Dr. Paolo Rivera,Check-up
2026-01-10,Senior,Male,Gastritis,Clinic,Dr. Victor Manuel,Check-up
2026-01-10,Adult,Female,HDL,Laboratory,"Rafael Torres, RMT",Laboratory
2026-01-10,Adult,Female,PRO-BNP/NT Pro-BNP(each),Laboratory,"Rafael Torres, RMT",Laboratory
2026-01-10,Adult,Male,Potassium (K),Laboratory,"Rafael Torres, RMT",Laboratory
2026-01-10,Adult,Female,Prothrombin Time,Laboratory,"Rafael Torres, RMT",Laboratory
2026-01-10,Adult,Male,SGPT (ALT),Laboratory,"Rafael Torres, RMT",Laboratory
2026-01-11,Senior,Male,Arterial & Venous Duplex Scan,Radiology,Dr. Henry Ong,Imaging
2026-01-11,Adult,Female,Headache,Clinic,Dr. Paolo Rivera,Check-up
2026-01-11,Child,Male,Hemodialysis Kinetics (pre & post BUN),Laboratory,"Patricia Mendoza, RMT",Laboratory
2026-01-11,Senior,Male,Hypertension Monitoring,Clinic,Dr. Elena Bautista,Check-up
2026-01-11,Adult,Male,Prothrombin Time,Laboratory,"Patricia Mendoza, RMT",Laboratory
2026-01-11,Adult,Male,Sodium (Na),Laboratory,"Angela Reyes, RMT",Laboratory
2026-01-12,Adult,Male,Abdominal Pain,Clinic,Dr. Victor Manuel,Check-up
2026-01-12,Child,Female,Anti-HBc IgG,Laboratory,"Angela Reyes, RMT",Laboratory
2026-01-12,Senior,Male,Asthma Monitoring,Clinic,Dr. Victor Manuel,Check-up
2026-01-12,Adult,Female,Blood Cs with ARD (2 site),Laboratory,"Carlo Navarro, RMT",Laboratory
2026-01-12,Senior,Male,C3,Laboratory,"Patricia Mendoza, RMT",Laboratory
2026-01-12,Senior,Male,Carotid Duplex Scan (by appointment),Radiology,Dr. Henry Ong,Imaging
2026-01-12,Adult,Female,Gastritis,Clinic,Dr. Victor Manuel,Check-up
2026-01-12,Adult,Male,Prolactin,Laboratory,"Angela Reyes, RMT",Laboratory
2026-01-12,Child,Female,Protein,Laboratory,"Carlo Navarro, RMT",Laboratory
2026-01-12,Adult,Female,Reticulocyte Count,Laboratory,"Carlo Navarro, RMT",Laboratory
2026-01-13,Child,Male,ASO Screening,Laboratory,"Patricia Mendoza, RMT",Laboratory
2026-01-13,Adult,Female,Abdominal Pain,Clinic,Dr. Elena Bautista,Check-up
2026-01-13,Adult,Male,Chest PA,Radiology,Dr. Sofia Mercado,Imaging
2026-01-13,Senior,Female,Dermatitis and Allergy,Clinic,Dr. Paolo Rivera,Check-up
2026-01-13,Adult,Female,Dermatitis and Allergy,Clinic,Dr. Camille Tan,Check-up
2026-01-13,Senior,Male,Face to Face Doctor Consultation,Clinic,Dr. Paolo Rivera,Check-up
2026-01-13,Adult,Male,Fever,Clinic,Dr. Camille Tan,Check-up
2026-01-13,Adult,Female,Gastritis,Clinic,Dr. Elena Bautista,Check-up
2026-01-13,Adult,Male,HIV (Screening),Laboratory,"Mark Villanueva, RMT",Laboratory
2026-01-13,Adult,Male,Hepa C profile,Laboratory,"Angela Reyes, RMT",Laboratory
2026-01-13,Adult,Female,Inorganic Phosphorus (IPO4),Laboratory,"Angela Reyes, RMT",Laboratory
2026-01-13,Senior,Female,Liver & Spleen,Radiology,Dr. Sofia Mercado,Imaging
2026-01-13,Child,Female,Urinary Tract Infection,Clinic,Dr. Miguel Fernandez,Check-up
2026-01-13,Adult,Male,Whole Abdomen,Radiology,Dr. Sofia Mercado,Imaging
2026-01-14,Adult,Male,ASO Titer,Laboratory,"Rafael Torres, RMT",Laboratory
2026-01-14,Adult,Male,Asthma Monitoring,Clinic,Dr. Victor Manuel,Check-up
2026-01-14,Adult,Female,Asthma Monitoring,Clinic,Dr. Victor Manuel,Check-up
2026-01-14,Adult,Female,Body Fluid LDH,Laboratory,"Patricia Mendoza, RMT",Laboratory
2026-01-14,Child,Male,Calcium (C),Laboratory,"Patricia Mendoza, RMT",Laboratory
2026-01-14,Adult,Male,Dermatitis and Allergy,Clinic,Dr. Paolo Rivera,Check-up
2026-01-14,Senior,Male,Diabetes Mellitus Monitoring,Clinic,Dr. Elena Bautista,Check-up
2026-01-14,Adult,Female,Upper Abdomen & Kidney,Radiology,Dr. Henry Ong,Imaging
2026-01-14,Adult,Male,Urinary Tract Infection,Clinic,Dr. Miguel Fernandez,Check-up
2026-01-15,Child,Female,Anti-HBc Total,Laboratory,"Joanna Lim, RMT",Laboratory
2026-01-15,Adult,Male,Asthma Monitoring,Clinic,Dr. Elena Bautista,Check-up
2026-01-15,Adult,Female,C3,Laboratory,"Joanna Lim, RMT",Laboratory
2026-01-15,Adult,Female,Dermatitis and Allergy,Clinic,Dr. Miguel Fernandez,Check-up
2026-01-15,Adult,Male,Diabetes Mellitus Monitoring,Clinic,Dr. Elena Bautista,Check-up
2026-01-15,Child,Male,Fever,Clinic,Dr. Miguel Fernandez,Check-up
2026-01-15,Adult,Female,Headache,Clinic,Dr. Paolo Rivera,Check-up
2026-01-15,Adult,Male,Hypertension Monitoring,Clinic,Dr. Victor Manuel,Check-up
2026-01-15,Child,Male,Preventive Health Check-up,Clinic,Dr. Miguel Fernandez,Check-up
2026-01-15,Adult,Male,Sodium (Na),Laboratory,"Joanna Lim, RMT",Laboratory
2026-01-15,Adult,Male,Testosterone,Laboratory,"Mark Villanueva, RMT",Laboratory
2026-01-16,Adult,Female,C3,Laboratory,"Angela Reyes, RMT",Laboratory
2026-01-16,Senior,Female,Diabetes Mellitus Monitoring,Clinic,Dr. Victor Manuel,Check-up
2026-01-16,Adult,Male,FT3 RIA,Laboratory,"Patricia Mendoza, RMT",Laboratory
2026-01-16,Adult,Female,HIV (Screening),Laboratory,"Carlo Navarro, RMT",Laboratory
2026-01-16,Adult,Male,Hemodialysis Kinetics (pre & post BUN),Laboratory,"Patricia Mendoza, RMT",Laboratory
2026-01-16,Adult,Male,MET (Shabu),Drug Testing,"Mark Villanueva, RMT",Drug Testing
2026-01-16,Adult,Female,T3,Laboratory,"Mark Villanueva, RMT",Laboratory
2026-01-16,Adult,Female,TDaP Vaccine (Adult),Clinic,Dr. Paolo Rivera,Vaccination
2026-01-16,Child,Female,Urinalysis,Laboratory,"Rafael Torres, RMT",Laboratory
2026-01-17,Senior,Male,12L-ECG,Cardiology,Dr. Camille Tan,Cardiology
2026-01-17,Adult,Male,Fecalysis,Laboratory,"Angela Reyes, RMT",Laboratory
2026-01-17,Adult,Female,Fever,Clinic,Dr. Camille Tan,Check-up
2026-01-17,Adult,Female,Headache,Clinic,Dr. Paolo Rivera,Check-up
2026-01-17,Adult,Male,Headache,Clinic,Dr. Ana Lopez,Check-up
2026-01-17,Adult,Female,Hemodialysis Kinetics (pre & post BUN),Laboratory,"Carlo Navarro, RMT",Laboratory
2026-01-17,Adult,Male,Preventive Health Check-up,Clinic,Dr. Ana Lopez,Check-up
2026-01-17,Adult,Male,Upper Respiratory Infection,Clinic,Dr. Paolo Rivera,Check-up
2026-01-18,Senior,Female,Ankle – Brachial Index (by appointment),Radiology,Dr. Henry Ong,Imaging
2026-01-18,Senior,Female,Diabetes Mellitus Monitoring,Clinic,Dr. Victor Manuel,Check-up
2026-01-18,Adult,Female,Gastritis,Clinic,Dr. Elena Bautista,Check-up
2026-01-18,Senior,Male,Gastritis,Clinic,Dr. Victor Manuel,Check-up
2026-01-18,Adult,Female,HCV-Genotyping,Laboratory,"Mark Villanueva, RMT",Laboratory
2026-01-18,Senior,Female,Soft Tissue,Radiology,Dr. Andrea Sy,Imaging
2026-01-19,Child,Male,Blood Cs with ARD (1 site),Laboratory,"Carlo Navarro, RMT",Laboratory
2026-01-19,Adult,Male,Drug Test (Urine),Laboratory,"Carlo Navarro, RMT",Laboratory
2026-01-19,Adult,Female,EBV Igm,Laboratory,"Carlo Navarro, RMT",Laboratory
2026-01-19,Adult,Male,"Hepa A,B,C",Laboratory,"Carlo Navarro, RMT",Laboratory
2026-01-19,Child,Male,RA/RF Latex (Rheumatoid Factor),Laboratory,"Mark Villanueva, RMT",Laboratory
2026-01-19,Adult,Female,Routine Medical Consultation,Clinic,Dr. Paolo Rivera,Check-up
2026-01-19,Adult,Female,Upper Respiratory Infection,Clinic,Dr. Paolo Rivera,Check-up
2026-01-20,Adult,Female,Anti-HBe,Laboratory,"Angela Reyes, RMT",Laboratory
2026-01-20,Adult,Female,Dermatitis and Allergy,Clinic,Dr. Miguel Fernandez,Check-up
2026-01-20,Senior,Female,Diabetes Mellitus Monitoring,Clinic,Dr. Elena Bautista,Check-up
2026-01-20,Adult,Male,Diabetes Mellitus Monitoring,Clinic,Dr. Victor Manuel,Check-up
2026-01-20,Adult,Female,Gastritis,Clinic,Dr. Victor Manuel,Check-up
2026-01-20,Child,Female,Gram Stain,Laboratory,"Patricia Mendoza, RMT",Laboratory
2026-01-20,Adult,Male,Hepa B profile,Laboratory,"Carlo Navarro, RMT",Laboratory
2026-01-20,Senior,Female,Hypertension Monitoring,Clinic,Dr. Victor Manuel,Check-up
2026-01-20,Adult,Female,Hypertension Monitoring,Clinic,Dr. Victor Manuel,Check-up
2026-01-20,Adult,Male,Hypertension Monitoring,Clinic,Dr. Elena Bautista,Check-up
2026-01-20,Adult,Female,Immunology/Serology,Laboratory,"Joanna Lim, RMT",Laboratory
2026-01-20,Child,Male,Intact-PTH,Laboratory,"Carlo Navarro, RMT",Laboratory
2026-01-20,Adult,Female,Preventive Health Check-up,Clinic,Dr. Miguel Fernandez,Check-up
2026-01-21,Senior,Male,Arterial Duplex Scan (Unilateral),Radiology,Dr. Sofia Mercado,Imaging
2026-01-21,Adult,Male,Asthma Monitoring,Clinic,Dr. Victor Manuel,Check-up
2026-01-21,Adult,Male,Diabetes Mellitus Monitoring,Clinic,Dr. Elena Bautista,Check-up
2026-01-21,Child,Female,Estrogen (RIA),Laboratory,"Angela Reyes, RMT",Laboratory
2026-01-21,Adult,Female,Fever,Clinic,Dr. Miguel Fernandez,Check-up
2026-01-21,Adult,Male,Gram Stain,Laboratory,"Patricia Mendoza, RMT",Laboratory
2026-01-21,Adult,Male,HBA1C (edta),Laboratory,"Angela Reyes, RMT",Laboratory
2026-01-21,Senior,Female,Hypertension Monitoring,Clinic,Dr. Victor Manuel,Check-up
2026-01-21,Senior,Male,Hypertension Monitoring,Clinic,Dr. Victor Manuel,Check-up
2026-01-21,Child,Female,Preventive Health Check-up,Clinic,Dr. Camille Tan,Check-up
2026-01-21,Senior,Male,Rubella IgG,Laboratory,"Rafael Torres, RMT",Laboratory
2026-01-21,Adult,Male,Upper Respiratory Infection,Clinic,Dr. Ana Lopez,Check-up
2026-01-22,Adult,Female,CBC,Annual Physical Examination,Dr. Ana Lopez,Annual Physical Examination
2026-01-22,Senior,Female,Creatinine,Laboratory,"Angela Reyes, RMT",Laboratory
2026-01-22,Adult,Male,Dermatitis and Allergy,Clinic,Dr. Miguel Fernandez,Check-up
2026-01-22,Adult,Female,Diabetes Mellitus Monitoring,Clinic,Dr. Elena Bautista,Check-up
2026-01-22,Adult,Female,Fever,Clinic,Dr. Miguel Fernandez,Check-up
2026-01-22,Adult,Male,HCV Screening,Laboratory,"Patricia Mendoza, RMT",Laboratory
2026-01-22,Adult,Female,Hypertension Monitoring,Clinic,Dr. Victor Manuel,Check-up
2026-01-22,Child,Female,Routine Medical Consultation,Clinic,Dr. Camille Tan,Check-up
2026-01-22,Child,Male,Upper Respiratory Infection,Clinic,Dr. Paolo Rivera,Check-up
2026-01-22,Adult,Male,Urinalysis,Laboratory,"Patricia Mendoza, RMT",Laboratory
2026-01-23,Adult,Male,Asthma Monitoring,Clinic,Dr. Victor Manuel,Check-up
2026-01-23,Child,Female,Chest AP-L (Pedia),Radiology,Dr. Sofia Mercado,Imaging
2026-01-23,Adult,Male,D-DIMER Test,Laboratory,"Rafael Torres, RMT",Laboratory
2026-01-23,Child,Male,Fever,Clinic,Dr. Paolo Rivera,Check-up
2026-01-23,Senior,Male,HIV (Screening),Laboratory,"Rafael Torres, RMT",Laboratory
2026-01-23,Senior,Male,Hypertension Monitoring,Clinic,Dr. Victor Manuel,Check-up
2026-01-23,Adult,Female,Inorganic Phosphorus (IPO4),Laboratory,"Mark Villanueva, RMT",Laboratory
2026-01-23,Adult,Female,Preventive Health Check-up,Clinic,Dr. Paolo Rivera,Check-up
2026-01-23,Child,Male,Reticulocyte Count,Laboratory,"Angela Reyes, RMT",Laboratory
2026-01-23,Senior,Female,Venous Duplex Scan (Bilateral),Radiology,Dr. Henry Ong,Imaging
2026-01-23,Adult,Female,X-Ray,Annual Physical Examination,Dr. Paolo Rivera,Annual Physical Examination
2026-01-24,Adult,Female,Diabetes Mellitus Monitoring,Clinic,Dr. Victor Manuel,Check-up
2026-01-24,Adult,Male,Hypertension Monitoring,Clinic,Dr. Elena Bautista,Check-up
2026-01-24,Senior,Male,Hypertension Monitoring,Clinic,Dr. Victor Manuel,Check-up
2026-01-25,Adult,Female,Anti-HAV IgM,Laboratory,"Patricia Mendoza, RMT",Laboratory
2026-01-25,Adult,Female,Clinical Chemistry,Laboratory,"Angela Reyes, RMT",Laboratory
2026-01-25,Senior,Female,Dermatitis and Allergy,Clinic,Dr. Paolo Rivera,Check-up
2026-01-25,Child,Male,Glucose,Laboratory,"Joanna Lim, RMT",Laboratory
2026-01-25,Adult,Male,Headache,Clinic,Dr. Camille Tan,Check-up
2026-01-25,Senior,Male,Hypertension Monitoring,Clinic,Dr. Elena Bautista,Check-up
2026-01-25,Adult,Male,Routine Medical Consultation,Clinic,Dr. Miguel Fernandez,Check-up
2026-01-25,Senior,Male,Shoulder AP/LAT,Radiology,Dr. Sofia Mercado,Imaging
2026-01-25,Adult,Female,TSH,Laboratory,"Angela Reyes, RMT",Laboratory
2026-01-25,Adult,Male,Upper Respiratory Infection,Clinic,Dr. Camille Tan,Check-up
2026-01-26,Adult,Male,Asthma Monitoring,Clinic,Dr. Victor Manuel,Check-up
2026-01-26,Adult,Female,C3,Laboratory,"Carlo Navarro, RMT",Laboratory
2026-01-26,Senior,Male,Diabetes Mellitus Monitoring,Clinic,Dr. Victor Manuel,Check-up
2026-01-26,Adult,Female,Diabetes Mellitus Monitoring,Clinic,Dr. Elena Bautista,Check-up
2026-01-26,Adult,Male,Diabetes Mellitus Monitoring,Clinic,Dr. Elena Bautista,Check-up
2026-01-26,Senior,Female,Diabetes Mellitus Monitoring,Clinic,Dr. Elena Bautista,Check-up
2026-01-26,Adult,Male,Face to Face Doctor Consultation,Clinic,Dr. Camille Tan,Check-up
2026-01-26,Adult,Female,Gastritis,Clinic,Dr. Elena Bautista,Check-up
2026-01-26,Senior,Female,Gram Stain,Laboratory,"Carlo Navarro, RMT",Laboratory
2026-01-26,Adult,Female,Hypertension Monitoring,Clinic,Dr. Victor Manuel,Check-up
2026-01-26,Adult,Female,Routine Medical Consultation,Clinic,Dr. Camille Tan,Check-up
2026-01-26,Adult,Male,Routine Medical Consultation,Clinic,Dr. Paolo Rivera,Check-up
2026-01-26,Adult,Female,Upper Abdomen,Radiology,Dr. Andrea Sy,Imaging
2026-01-26,Child,Female,Upper Respiratory Infection,Clinic,Dr. Miguel Fernandez,Check-up
2026-01-27,Adult,Female,CBC,Clinic,Dr. Paolo Rivera,Pre-Employment Checkup
2026-01-27,Senior,Female,Cholesterol,Laboratory,"Angela Reyes, RMT",Laboratory
2026-01-27,Child,Male,Creatinine,Laboratory,"Mark Villanueva, RMT",Laboratory
2026-01-27,Adult,Male,Dermatitis and Allergy,Clinic,Dr. Ana Lopez,Check-up
2026-01-27,Adult,Male,Diabetes Mellitus Monitoring,Clinic,Dr. Victor Manuel,Check-up
2026-01-27,Child,Male,FBS,Laboratory,"Joanna Lim, RMT",Laboratory
2026-01-27,Adult,Female,Fever,Clinic,Dr. Miguel Fernandez,Check-up
2026-01-27,Adult,Male,Foot AP/OBLIQUE,Radiology,Dr. Henry Ong,Imaging
2026-01-27,Adult,Male,Hypertension Monitoring,Clinic,Dr. Elena Bautista,Check-up
2026-01-27,Adult,Male,Troponin I Qualitive,Laboratory,"Joanna Lim, RMT",Laboratory
2026-01-27,Senior,Female,Troponin I Qualitive,Laboratory,"Carlo Navarro, RMT",Laboratory
2026-01-27,Adult,Male,Upper Respiratory Infection,Clinic,Dr. Camille Tan,Check-up
2026-01-28,Child,Male,Albumin (Protein) Creatinine Ratio,Laboratory,"Patricia Mendoza, RMT",Laboratory
2026-01-28,Senior,Female,Asthma Monitoring,Clinic,Dr. Victor Manuel,Check-up
2026-01-28,Child,Male,Asthma Monitoring,Clinic,Dr. Victor Manuel,Check-up
2026-01-28,Adult,Male,Blood Uric Acid,Laboratory,"Rafael Torres, RMT",Laboratory
2026-01-28,Child,Female,Chloride (CI),Laboratory,"Angela Reyes, RMT",Laboratory
2026-01-28,Adult,Male,Clotting Time,Laboratory,"Patricia Mendoza, RMT",Laboratory
2026-01-28,Child,Female,Gastritis,Clinic,Dr. Elena Bautista,Check-up
2026-01-28,Adult,Male,Glucose,Laboratory,"Mark Villanueva, RMT",Laboratory
2026-01-28,Adult,Male,OGCT,Laboratory,"Carlo Navarro, RMT",Laboratory
2026-01-28,Adult,Male,Preventive Health Check-up,Clinic,Dr. Ana Lopez,Check-up
2026-01-28,Adult,Female,Serum LDH,Laboratory,"Patricia Mendoza, RMT",Laboratory
2026-01-28,Adult,Female,Upper Respiratory Infection,Clinic,Dr. Ana Lopez,Check-up
2026-01-28,Adult,Male,Urinary Tract Infection,Clinic,Dr. Camille Tan,Check-up
2026-01-29,Child,Female,Acid Phosphatase,Laboratory,"Carlo Navarro, RMT",Laboratory
2026-01-29,Adult,Male,Albumin,Laboratory,"Angela Reyes, RMT",Laboratory
2026-01-29,Adult,Female,Anti-HBs,Laboratory,"Joanna Lim, RMT",Laboratory
2026-01-29,Adult,Male,Asthma Monitoring,Clinic,Dr. Victor Manuel,Check-up
2026-01-29,Adult,Female,Asthma Monitoring,Clinic,Dr. Victor Manuel,Check-up
2026-01-29,Child,Male,Cortisol,Laboratory,"Carlo Navarro, RMT",Laboratory
2026-01-29,Adult,Female,EGFR,Laboratory,"Joanna Lim, RMT",Laboratory
2026-01-29,Adult,Male,HSCRP,Laboratory,"Joanna Lim, RMT",Laboratory
2026-01-29,Senior,Male,Headache,Clinic,Dr. Ana Lopez,Check-up
2026-01-29,Adult,Female,Hematology,Laboratory,"Joanna Lim, RMT",Laboratory
2026-01-29,Adult,Female,Online Doctor Consultation,Clinic,Dr. Paolo Rivera,Check-up
2026-01-29,Adult,Female,Physical Exam,Clinic,Dr. Ana Lopez,Pre-Employment Checkup
2026-01-29,Child,Female,TSH,Laboratory,"Rafael Torres, RMT",Laboratory
2026-01-29,Adult,Male,Troponin T Qualitive,Laboratory,"Rafael Torres, RMT",Laboratory
2026-01-29,Adult,Male,Upper Respiratory Infection,Clinic,Dr. Camille Tan,Check-up
2026-01-29,Adult,Male,Upper Respiratory Infection,Clinic,Dr. Ana Lopez,Check-up
2026-01-30,Adult,Female,ANA Screening,Laboratory,"Patricia Mendoza, RMT",Laboratory
2026-01-30,Adult,Female,Abdominal Pain,Clinic,Dr. Elena Bautista,Check-up
2026-01-30,Child,Female,Headache,Clinic,Dr. Camille Tan,Check-up
2026-01-30,Senior,Male,Hepa B profile,Laboratory,"Angela Reyes, RMT",Laboratory
2026-01-30,Senior,Male,Hypertension Monitoring,Clinic,Dr. Elena Bautista,Check-up
2026-01-30,Adult,Male,Preventive Health Check-up,Clinic,Dr. Miguel Fernandez,Check-up
2026-01-30,Adult,Male,Upper Respiratory Infection,Clinic,Dr. Miguel Fernandez,Check-up
2026-01-31,Senior,Female,Alkaline Phosphates,Laboratory,"Joanna Lim, RMT",Laboratory
2026-01-31,Senior,Male,Diabetes Mellitus Monitoring,Clinic,Dr. Elena Bautista,Check-up
2026-01-31,Adult,Male,Headache,Clinic,Dr. Miguel Fernandez,Check-up
2026-01-31,Senior,Female,Hypertension Monitoring,Clinic,Dr. Elena Bautista,Check-up
2026-01-31,Adult,Male,Hypertension Monitoring,Clinic,Dr. Elena Bautista,Check-up
2026-01-31,Senior,Male,Hypertension Monitoring,Clinic,Dr. Victor Manuel,Check-up
2026-01-31,Adult,Female,Malarial Smear,Laboratory,"Mark Villanueva, RMT",Laboratory
2026-01-31,Adult,Male,Upper Respiratory Infection,Clinic,Dr. Paolo Rivera,Check-up
2026-02-01,Adult,Male,Antigen Swab Test,Laboratory,"Angela Reyes, RMT",Laboratory
2026-02-01,Adult,Female,Gastritis,Clinic,Dr. Victor Manuel,Check-up
2026-02-01,Adult,Female,Hypertension Monitoring,Clinic,Dr. Victor Manuel,Check-up
2026-02-01,Child,Male,Routine Medical Consultation,Clinic,Dr. Camille Tan,Check-up
2026-02-01,Senior,Female,Tranvaginal,Radiology,Dr. Sofia Mercado,Imaging
2026-02-02,Adult,Female,AFB Stain,Laboratory,"Mark Villanueva, RMT",Laboratory
2026-02-02,Adult,Female,Anti-HAV Screening,Laboratory,"Angela Reyes, RMT",Laboratory
2026-02-02,Adult,Male,Asthma Monitoring,Clinic,Dr. Victor Manuel,Check-up
2026-02-02,Adult,Male,Asthma Monitoring,Clinic,Dr. Elena Bautista,Check-up
2026-02-02,Child,Male,Dermatitis and Allergy,Clinic,Dr. Miguel Fernandez,Check-up
2026-02-02,Adult,Male,FT4,Laboratory,"Rafael Torres, RMT",Laboratory
2026-02-02,Adult,Male,Gastritis,Clinic,Dr. Elena Bautista,Check-up
2026-02-03,Senior,Male,Asthma Monitoring,Clinic,Dr. Elena Bautista,Check-up
2026-02-03,Adult,Female,Creatinine,Laboratory,"Carlo Navarro, RMT",Laboratory
2026-02-03,Adult,Male,HIV (Screening),Laboratory,"Rafael Torres, RMT",Laboratory
2026-02-03,Adult,Male,Headache,Clinic,Dr. Paolo Rivera,Check-up
2026-02-03,Adult,Female,Potassium (K),Laboratory,"Joanna Lim, RMT",Laboratory
2026-02-03,Senior,Male,Scoliosis Series,Radiology,Dr. Andrea Sy,Imaging
2026-02-03,Child,Female,Sodium (Na),Laboratory,"Angela Reyes, RMT",Laboratory
2026-02-04,Adult,Female,Amylase,Laboratory,"Joanna Lim, RMT",Laboratory
2026-02-04,Adult,Male,CBC w/ Actual Platelet Count,Laboratory,"Mark Villanueva, RMT",Laboratory
2026-02-04,Adult,Male,Diabetes Mellitus Monitoring,Clinic,Dr. Elena Bautista,Check-up
2026-02-04,Adult,Male,Estradiol/Estrogen,Laboratory,"Patricia Mendoza, RMT",Laboratory
2026-02-04,Adult,Male,Hypertension Monitoring,Clinic,Dr. Victor Manuel,Check-up
2026-02-04,Senior,Male,LH,Laboratory,"Angela Reyes, RMT",Laboratory
2026-02-04,Adult,Male,Lipase,Laboratory,"Rafael Torres, RMT",Laboratory
2026-02-04,Adult,Male,Paps Smear (7 days),Laboratory,"Angela Reyes, RMT",Laboratory
2026-02-04,Adult,Female,Sodium (Na),Laboratory,"Patricia Mendoza, RMT",Laboratory
2026-02-04,Adult,Male,"TPAG (Total Protein, Albumin, AG)",Laboratory,"Angela Reyes, RMT",Laboratory
2026-02-04,Adult,Male,Upper Extremities (By appointment),Radiology,Dr. Sofia Mercado,Imaging
2026-02-04,Adult,Male,Upper Respiratory Infection,Clinic,Dr. Paolo Rivera,Check-up
2026-02-05,Adult,Male,D-DIMER Test,Laboratory,"Carlo Navarro, RMT",Laboratory
2026-02-05,Adult,Female,Diabetes Mellitus Monitoring,Clinic,Dr. Elena Bautista,Check-up
2026-02-05,Adult,Female,Pneumococcal Vaccine (5 Years & lifetime),Clinic,Dr. Camille Tan,Vaccination
2026-02-05,Senior,Male,RBS,Laboratory,"Rafael Torres, RMT",Laboratory
2026-02-05,Senior,Male,Upper Respiratory Infection,Clinic,Dr. Ana Lopez,Check-up
2026-02-05,Adult,Male,Upper Respiratory Infection,Clinic,Dr. Ana Lopez,Check-up
2026-02-06,Adult,Male,Asthma Monitoring,Clinic,Dr. Victor Manuel,Check-up
2026-02-06,Adult,Male,Dengue Duo IgM/IgG,Laboratory,"Carlo Navarro, RMT",Laboratory
2026-02-06,Senior,Male,Diabetes Mellitus Monitoring,Clinic,Dr. Victor Manuel,Check-up
2026-02-06,Adult,Male,ESR,Laboratory,"Carlo Navarro, RMT",Laboratory
2026-02-06,Child,Male,Fever,Clinic,Dr. Ana Lopez,Check-up
2026-02-06,Child,Female,Micro Albumin (Micral Test),Laboratory,"Mark Villanueva, RMT",Laboratory
2026-02-06,Adult,Male,Routine Medical Consultation,Clinic,Dr. Ana Lopez,Check-up
2026-02-06,Adult,Female,TT4 (Toal Thyroxine),Laboratory,"Joanna Lim, RMT",Laboratory
2026-02-06,Adult,Female,Upper Respiratory Infection,Clinic,Dr. Paolo Rivera,Check-up
2026-02-06,Adult,Male,Upper Respiratory Infection,Clinic,Dr. Miguel Fernandez,Check-up
2026-02-06,Adult,Male,Urinary Tract Infection,Clinic,Dr. Miguel Fernandez,Check-up
2026-02-07,Child,Female,Abdominal Pain,Clinic,Dr. Elena Bautista,Check-up
2026-02-07,Child,Female,Clinical Microscopy,Laboratory,"Rafael Torres, RMT",Laboratory
2026-02-07,Adult,Male,Diabetes Mellitus Monitoring,Clinic,Dr. Elena Bautista,Check-up
2026-02-07,Child,Female,Fever,Clinic,Dr. Camille Tan,Check-up
2026-02-07,Adult,Female,Gallbladder & Pancreas,Radiology,Dr. Andrea Sy,Imaging
2026-02-07,Adult,Male,Hypertension Monitoring,Clinic,Dr. Victor Manuel,Check-up
2026-02-07,Adult,Female,Prolactin,Laboratory,"Mark Villanueva, RMT",Laboratory
2026-02-08,Adult,Male,12L-ECG,Cardiology,Dr. Paolo Rivera,Cardiology
2026-02-08,Senior,Female,CBC,Laboratory,"Patricia Mendoza, RMT",Laboratory
2026-02-08,Adult,Female,Dengue NS1,Laboratory,"Mark Villanueva, RMT",Laboratory
2026-02-08,Senior,Female,Dermatitis and Allergy,Clinic,Dr. Ana Lopez,Check-up
2026-02-08,Adult,Female,Dermatitis and Allergy,Clinic,Dr. Camille Tan,Check-up
2026-02-08,Child,Male,Dermatitis and Allergy,Clinic,Dr. Paolo Rivera,Check-up
2026-02-08,Senior,Female,GGTP,Laboratory,"Angela Reyes, RMT",Laboratory
2026-02-08,Senior,Female,Hepa B Vaccine,Clinic,Dr. Paolo Rivera,Vaccination
2026-02-08,Adult,Male,Hypertension Monitoring,Clinic,Dr. Elena Bautista,Check-up
2026-02-08,Senior,Female,Potassium (K),Laboratory,"Rafael Torres, RMT",Laboratory
2026-02-08,Adult,Male,RA/RF Latex (Rheumatoid Factor),Laboratory,"Rafael Torres, RMT",Laboratory
2026-02-08,Adult,Male,Upper Respiratory Infection,Clinic,Dr. Paolo Rivera,Check-up
2026-02-08,Adult,Male,Upper Respiratory Infection,Clinic,Dr. Camille Tan,Check-up
2026-02-09,Adult,Female,Anti-HBc IgG,Laboratory,"Joanna Lim, RMT",Laboratory
2026-02-09,Senior,Male,Blood Uric Acid,Laboratory,"Carlo Navarro, RMT",Laboratory
2026-02-09,Adult,Female,CRP,Laboratory,"Rafael Torres, RMT",Laboratory
2026-02-09,Senior,Male,CRP Qualitative,Laboratory,"Carlo Navarro, RMT",Laboratory
2026-02-09,Child,Male,Clinical Chemistry,Laboratory,"Mark Villanueva, RMT",Laboratory
2026-02-09,Adult,Male,Diabetes Mellitus Monitoring,Clinic,Dr. Victor Manuel,Check-up
2026-02-09,Adult,Male,Fit Stool Test,Laboratory,"Joanna Lim, RMT",Laboratory
2026-02-09,Adult,Female,Plain Abdomen AP/LAT (Pedia),Radiology,Dr. Sofia Mercado,Imaging
2026-02-09,Child,Female,RBS,Laboratory,"Carlo Navarro, RMT",Laboratory
2026-02-09,Child,Male,Rubella Igm,Laboratory,"Mark Villanueva, RMT",Laboratory
2026-02-09,Adult,Male,TPHA Titer,Laboratory,"Patricia Mendoza, RMT",Laboratory
2026-02-09,Senior,Female,Testosterone,Laboratory,"Mark Villanueva, RMT",Laboratory
2026-02-09,Adult,Female,Upper Respiratory Infection,Clinic,Dr. Camille Tan,Check-up
2026-02-10,Adult,Female,Asthma Monitoring,Clinic,Dr. Elena Bautista,Check-up
2026-02-10,Adult,Male,"Bilirubin (B1, B2)",Laboratory,"Mark Villanueva, RMT",Laboratory
2026-02-10,Adult,Female,Blood Cs with ARD (1 site),Laboratory,"Rafael Torres, RMT",Laboratory
2026-02-10,Adult,Male,Blood Cs with ARD (2 site),Laboratory,"Carlo Navarro, RMT",Laboratory
2026-02-10,Adult,Female,Diabetes Mellitus Monitoring,Clinic,Dr. Elena Bautista,Check-up
2026-02-10,Adult,Female,Drug Test,Clinic,Dr. Ana Lopez,Pre-Employment Checkup
2026-02-10,Child,Female,FT4,Laboratory,"Mark Villanueva, RMT",Laboratory
2026-02-10,Adult,Female,Gastritis,Clinic,Dr. Victor Manuel,Check-up
2026-02-10,Senior,Male,Hand AP/OBLIQUE or AP/L (each),Radiology,Dr. Andrea Sy,Imaging
2026-02-10,Adult,Female,Pleural/CSF Fluid Analysis,Laboratory,"Patricia Mendoza, RMT",Laboratory
2026-02-10,Adult,Male,Pleural/CSF Fluid Analysis,Laboratory,"Mark Villanueva, RMT",Laboratory
2026-02-10,Child,Male,TPHA Titer,Laboratory,"Rafael Torres, RMT",Laboratory
2026-02-10,Adult,Male,Troponin I Qualitive,Laboratory,"Rafael Torres, RMT",Laboratory
2026-02-10,Adult,Female,Urinary Tract Infection,Clinic,Dr. Miguel Fernandez,Check-up
2026-02-11,Adult,Male,Abdominal Aorta,Radiology,Dr. Andrea Sy,Imaging
2026-02-11,Child,Male,Asthma Monitoring,Clinic,Dr. Elena Bautista,Check-up
2026-02-11,Adult,Male,Clinical Chemistry,Laboratory,"Rafael Torres, RMT",Laboratory
2026-02-11,Adult,Male,Diabetes Mellitus Monitoring,Clinic,Dr. Victor Manuel,Check-up
2026-02-11,Adult,Male,Fever,Clinic,Dr. Ana Lopez,Check-up
2026-02-11,Adult,Male,Gastritis,Clinic,Dr. Victor Manuel,Check-up
2026-02-11,Adult,Female,Gastritis,Clinic,Dr. Victor Manuel,Check-up
2026-02-11,Adult,Female,Headache,Clinic,Dr. Paolo Rivera,Check-up
2026-02-11,Adult,Male,Routine Medical Consultation,Clinic,Dr. Ana Lopez,Check-up
2026-02-12,Adult,Male,Asthma Monitoring,Clinic,Dr. Elena Bautista,Check-up
2026-02-12,Adult,Female,Asthma Monitoring,Clinic,Dr. Elena Bautista,Check-up
2026-02-12,Adult,Female,FBS,Laboratory,"Angela Reyes, RMT",Laboratory
2026-02-12,Adult,Male,FT3 RIA,Laboratory,"Patricia Mendoza, RMT",Laboratory
2026-02-12,Adult,Female,Hepa B profile,Laboratory,"Mark Villanueva, RMT",Laboratory
2026-02-12,Senior,Male,Pelvis Hip,Radiology,Dr. Henry Ong,Imaging
2026-02-12,Child,Male,Preventive Health Check-up,Clinic,Dr. Miguel Fernandez,Check-up
2026-02-12,Senior,Female,Routine Medical Consultation,Clinic,Dr. Camille Tan,Check-up
2026-02-12,Adult,Female,Upper Respiratory Infection,Clinic,Dr. Paolo Rivera,Check-up
2026-02-13,Adult,Male,Ankle Brachial Index (ABI),Radiology,Dr. Sofia Mercado,Imaging
2026-02-13,Adult,Female,Anti-HCV Titer,Laboratory,"Mark Villanueva, RMT",Laboratory
2026-02-13,Child,Male,Asthma Monitoring,Clinic,Dr. Elena Bautista,Check-up
2026-02-13,Adult,Male,D-DIMER Test,Laboratory,"Patricia Mendoza, RMT",Laboratory
2026-02-13,Adult,Female,Diabetes Mellitus Monitoring,Clinic,Dr. Elena Bautista,Check-up
2026-02-13,Child,Male,EGFR,Laboratory,"Mark Villanueva, RMT",Laboratory
2026-02-13,Adult,Male,Ferritin,Laboratory,"Mark Villanueva, RMT",Laboratory
2026-02-13,Adult,Male,Foot AP/OBLIQUE/Lateral,Radiology,Dr. Andrea Sy,Imaging
2026-02-13,Adult,Male,GGTP,Laboratory,"Joanna Lim, RMT",Laboratory
2026-02-13,Adult,Male,Hypertension Monitoring,Clinic,Dr. Elena Bautista,Check-up
2026-02-13,Adult,Female,Hypertension Monitoring,Clinic,Dr. Elena Bautista,Check-up
2026-02-13,Adult,Male,Routine Medical Consultation,Clinic,Dr. Camille Tan,Check-up
2026-02-13,Adult,Male,Rubella IgG,Laboratory,"Carlo Navarro, RMT",Laboratory
2026-02-14,Adult,Female,AFB Stain,Laboratory,"Rafael Torres, RMT",Laboratory
2026-02-14,Child,Female,Blood Urea Nitrogen,Laboratory,"Carlo Navarro, RMT",Laboratory
2026-02-14,Senior,Male,Chest PA for Pregnant,Radiology,Dr. Sofia Mercado,Imaging
2026-02-14,Adult,Female,Dermatitis and Allergy,Clinic,Dr. Paolo Rivera,Check-up
2026-02-14,Adult,Female,Diabetes Mellitus Monitoring,Clinic,Dr. Elena Bautista,Check-up
2026-02-14,Adult,Male,FT3 RIA,Laboratory,"Joanna Lim, RMT",Laboratory
2026-02-14,Adult,Female,Gastritis,Clinic,Dr. Elena Bautista,Check-up
2026-02-14,Adult,Male,Gastritis,Clinic,Dr. Elena Bautista,Check-up
2026-02-14,Adult,Female,Hypertension Monitoring,Clinic,Dr. Victor Manuel,Check-up
2026-02-14,Child,Male,Lipid Profile,Laboratory,"Joanna Lim, RMT",Laboratory
2026-02-14,Adult,Male,Preventive Health Check-up,Clinic,Dr. Miguel Fernandez,Check-up
2026-02-15,Adult,Female,Amylase,Laboratory,"Mark Villanueva, RMT",Laboratory
2026-02-15,Child,Female,Asthma Monitoring,Clinic,Dr. Elena Bautista,Check-up
2026-02-15,Adult,Female,Carotid Duplex Scan (by appointment),Radiology,Dr. Andrea Sy,Imaging
2026-02-15,Adult,Female,Clinical Microscopy,Laboratory,"Patricia Mendoza, RMT",Laboratory
2026-02-15,Adult,Female,Headache,Clinic,Dr. Ana Lopez,Check-up
2026-02-15,Senior,Male,Hypertension Monitoring,Clinic,Dr. Elena Bautista,Check-up
2026-02-15,Adult,Female,Peripheral Blood Smear ( 7 Days),Laboratory,"Rafael Torres, RMT",Laboratory
2026-02-15,Adult,Male,Upper Respiratory Infection,Clinic,Dr. Paolo Rivera,Check-up
2026-02-15,Adult,Male,Urinary Tract Infection,Clinic,Dr. Camille Tan,Check-up
2026-02-16,Adult,Male,Anti-HBe,Laboratory,"Joanna Lim, RMT",Laboratory
2026-02-16,Adult,Male,CBC,Clinic,Dr. Paolo Rivera,Pre-Employment Checkup
2026-02-16,Adult,Female,Dermatitis and Allergy,Clinic,Dr. Miguel Fernandez,Check-up
2026-02-16,Senior,Female,Diabetes Mellitus Monitoring,Clinic,Dr. Victor Manuel,Check-up
2026-02-16,Child,Male,Fever,Clinic,Dr. Paolo Rivera,Check-up
2026-02-16,Adult,Female,Inorganic Phosphorus (IPO4),Laboratory,"Mark Villanueva, RMT",Laboratory
2026-02-16,Senior,Female,Pelvic Ultrasound,Radiology,Dr. Sofia Mercado,Imaging
2026-02-16,Adult,Female,"TPAG (Total Protein, Albumin, AG)",Laboratory,"Patricia Mendoza, RMT",Laboratory
2026-02-16,Adult,Female,Upper Respiratory Infection,Clinic,Dr. Camille Tan,Check-up
2026-02-16,Adult,Male,Upper Respiratory Infection,Clinic,Dr. Camille Tan,Check-up
2026-02-17,Adult,Male,Abdominal Pain,Clinic,Dr. Victor Manuel,Check-up
2026-02-17,Adult,Male,ApicoLordotic View,Radiology,Dr. Andrea Sy,Imaging
2026-02-17,Adult,Male,Clinical Chemistry,Laboratory,"Mark Villanueva, RMT",Laboratory
2026-02-17,Adult,Female,Clinical Chemistry,Laboratory,"Joanna Lim, RMT",Laboratory
2026-02-17,Senior,Male,Dengue Duo IgM/IgG,Laboratory,"Carlo Navarro, RMT",Laboratory
2026-02-17,Senior,Male,Headache,Clinic,Dr. Miguel Fernandez,Check-up
2026-02-17,Adult,Male,Hypertension Monitoring,Clinic,Dr. Elena Bautista,Check-up
2026-02-17,Child,Male,Magnesium,Laboratory,"Carlo Navarro, RMT",Laboratory
2026-02-17,Adult,Female,Plain Abdomen Upright/Spine,Radiology,Dr. Andrea Sy,Imaging
2026-02-17,Adult,Female,Routine Medical Consultation,Clinic,Dr. Camille Tan,Check-up
2026-02-17,Child,Male,TPHA Titer,Laboratory,"Mark Villanueva, RMT",Laboratory
2026-02-17,Child,Male,TPPA Qualitative,Laboratory,"Angela Reyes, RMT",Laboratory
2026-02-17,Adult,Male,Upper Respiratory Infection,Clinic,Dr. Miguel Fernandez,Check-up
2026-02-17,Child,Female,Upper Respiratory Infection,Clinic,Dr. Camille Tan,Check-up
2026-02-18,Adult,Male,Amylase,Laboratory,"Joanna Lim, RMT",Laboratory
2026-02-18,Adult,Male,Blood Cs (1 site),Laboratory,"Mark Villanueva, RMT",Laboratory
2026-02-18,Adult,Male,Dermatitis and Allergy,Clinic,Dr. Ana Lopez,Check-up
2026-02-18,Adult,Female,Diabetes Mellitus Monitoring,Clinic,Dr. Elena Bautista,Check-up
2026-02-18,Adult,Male,Gastritis,Clinic,Dr. Elena Bautista,Check-up
2026-02-18,Senior,Female,Hepa A profile,Laboratory,"Rafael Torres, RMT",Laboratory
2026-02-18,Adult,Male,Hypertension Monitoring,Clinic,Dr. Elena Bautista,Check-up
2026-02-18,Adult,Female,Hypertension Monitoring,Clinic,Dr. Elena Bautista,Check-up
2026-02-18,Adult,Male,Pneumococcal Vaccine (5 Years & lifetime),Clinic,Dr. Ana Lopez,Vaccination
2026-02-18,Child,Male,Pregnancy Test (Urine),Laboratory,"Carlo Navarro, RMT",Laboratory
2026-02-18,Senior,Male,Preventive Health Check-up,Clinic,Dr. Ana Lopez,Check-up
2026-02-18,Adult,Male,Upper Respiratory Infection,Clinic,Dr. Miguel Fernandez,Check-up
2026-02-18,Adult,Female,Upper Respiratory Infection,Clinic,Dr. Camille Tan,Check-up
2026-02-19,Adult,Male,Anti-HCV Titer,Laboratory,"Rafael Torres, RMT",Laboratory
2026-02-19,Adult,Male,Asthma Monitoring,Clinic,Dr. Elena Bautista,Check-up
2026-02-19,Senior,Male,Asthma Monitoring,Clinic,Dr. Elena Bautista,Check-up
2026-02-19,Adult,Female,Diabetes Mellitus Monitoring,Clinic,Dr. Elena Bautista,Check-up
2026-02-19,Adult,Male,Diabetes Mellitus Monitoring,Clinic,Dr. Victor Manuel,Check-up
2026-02-19,Adult,Female,HBT,Radiology,Dr. Andrea Sy,Imaging
2026-02-19,Adult,Female,Magnesium,Laboratory,"Carlo Navarro, RMT",Laboratory
2026-02-19,Adult,Male,"OGCT Non-Pregnant (100g, 75g)",Laboratory,"Joanna Lim, RMT",Laboratory
2026-02-19,Adult,Male,"OGCT Pregnant (100g, 75g)",Laboratory,"Joanna Lim, RMT",Laboratory
2026-02-19,Adult,Female,Paps Smear (7 days),Laboratory,"Joanna Lim, RMT",Laboratory
2026-02-19,Adult,Female,Potassium (K),Laboratory,"Mark Villanueva, RMT",Laboratory
2026-02-19,Senior,Male,Transrectal Ultrasound (Male),Radiology,Dr. Henry Ong,Imaging
2026-02-19,Adult,Female,Troponin I Qualitive,Laboratory,"Rafael Torres, RMT",Laboratory
2026-02-19,Adult,Male,Upper Respiratory Infection,Clinic,Dr. Miguel Fernandez,Check-up
2026-02-19,Child,Male,Upper Respiratory Infection,Clinic,Dr. Ana Lopez,Check-up
2026-02-20,Child,Female,Anti-Tetanus,Clinic,Dr. Camille Tan,Vaccination
2026-02-20,Adult,Female,EGFR,Laboratory,"Angela Reyes, RMT",Laboratory
2026-02-20,Senior,Male,Hypertension Monitoring,Clinic,Dr. Victor Manuel,Check-up
2026-02-20,Adult,Male,Pregnancy Test (Urine),Laboratory,"Joanna Lim, RMT",Laboratory
2026-02-20,Adult,Male,RT-PCR 12HRS,Laboratory,"Joanna Lim, RMT",Laboratory
2026-02-20,Adult,Female,Routine Medical Consultation,Clinic,Dr. Ana Lopez,Check-up
2026-02-20,Adult,Female,Upper Respiratory Infection,Clinic,Dr. Miguel Fernandez,Check-up
2026-02-20,Adult,Female,Urinary Tract Infection,Clinic,Dr. Camille Tan,Check-up
2026-02-21,Adult,Male,Asthma Monitoring,Clinic,Dr. Elena Bautista,Check-up
2026-02-21,Adult,Male,C3,Laboratory,"Patricia Mendoza, RMT",Laboratory
2026-02-21,Adult,Female,CRP Qualitative,Laboratory,"Angela Reyes, RMT",Laboratory
2026-02-21,Adult,Female,ESR,Laboratory,"Mark Villanueva, RMT",Laboratory
2026-02-21,Child,Female,Face to Face Doctor Consultation,Clinic,Dr. Paolo Rivera,Check-up
2026-02-21,Adult,Female,Gastritis,Clinic,Dr. Victor Manuel,Check-up
2026-02-21,Adult,Female,Gastritis,Clinic,Dr. Elena Bautista,Check-up
2026-02-21,Senior,Female,HSCRP,Laboratory,"Carlo Navarro, RMT",Laboratory
2026-02-21,Adult,Female,"Hepa A,B,C",Laboratory,"Patricia Mendoza, RMT",Laboratory
2026-02-21,Adult,Male,Hypertension Monitoring,Clinic,Dr. Elena Bautista,Check-up
2026-02-21,Adult,Female,PRO-BNP/NT Pro-BNP(each),Laboratory,"Carlo Navarro, RMT",Laboratory
2026-02-21,Adult,Female,Total Calcium (TCa),Laboratory,"Carlo Navarro, RMT",Laboratory
2026-02-21,Child,Female,Upper Respiratory Infection,Clinic,Dr. Camille Tan,Check-up
2026-02-22,Adult,Male,15L-ECG,Cardiology,Dr. Paolo Rivera,Cardiology
2026-02-22,Adult,Female,Actual Platelet Count,Laboratory,"Patricia Mendoza, RMT",Laboratory
2026-02-22,Adult,Female,Anti-HAV Screening,Laboratory,"Patricia Mendoza, RMT",Laboratory
2026-02-22,Adult,Male,Asthma Monitoring,Clinic,Dr. Elena Bautista,Check-up
2026-02-22,Adult,Female,Body Fluid LDH,Laboratory,"Patricia Mendoza, RMT",Laboratory
2026-02-22,Child,Male,FT4 RIA,Laboratory,"Angela Reyes, RMT",Laboratory
2026-02-22,Adult,Male,Gastritis,Clinic,Dr. Victor Manuel,Check-up
2026-02-22,Child,Male,HDL,Laboratory,"Carlo Navarro, RMT",Laboratory
2026-02-22,Adult,Male,Lower Abdomen,Radiology,Dr. Sofia Mercado,Imaging
2026-02-22,Adult,Female,Pelvis Hip,Radiology,Dr. Sofia Mercado,Imaging
2026-02-22,Child,Female,Routine Medical Consultation,Clinic,Dr. Ana Lopez,Check-up
2026-02-22,Adult,Female,Scapular Y View,Radiology,Dr. Andrea Sy,Imaging
2026-02-22,Adult,Male,Upper Respiratory Infection,Clinic,Dr. Miguel Fernandez,Check-up
2026-02-22,Adult,Male,Upper Respiratory Infection,Clinic,Dr. Camille Tan,Check-up
2026-02-22,Adult,Male,Urinary Tract Infection,Clinic,Dr. Camille Tan,Check-up
2026-02-23,Child,Male,Asthma Monitoring,Clinic,Dr. Elena Bautista,Check-up
2026-02-23,Adult,Female,D-DIMER Test,Laboratory,"Joanna Lim, RMT",Laboratory
2026-02-23,Adult,Male,Dermatitis and Allergy,Clinic,Dr. Camille Tan,Check-up
2026-02-23,Adult,Male,Gastritis,Clinic,Dr. Elena Bautista,Check-up
2026-02-23,Senior,Male,Hypertension Monitoring,Clinic,Dr. Victor Manuel,Check-up
2026-02-23,Adult,Male,"OGCT Post-Pregnant (100g, 75g)​",Laboratory,"Angela Reyes, RMT",Laboratory
2026-02-23,Senior,Male,Pelvic,Radiology,Dr. Sofia Mercado,Imaging
2026-02-23,Adult,Male,Preventive Health Check-up,Clinic,Dr. Paolo Rivera,Check-up
2026-02-23,Adult,Male,"TPAG (Total Protein, Albumin, AG)",Laboratory,"Mark Villanueva, RMT",Laboratory
2026-02-23,Adult,Female,TPPA Quantitative,Laboratory,"Rafael Torres, RMT",Laboratory
2026-02-24,Adult,Female,Amylase,Laboratory,"Patricia Mendoza, RMT",Laboratory
2026-02-24,Adult,Female,Cholesterol,Laboratory,"Angela Reyes, RMT",Laboratory
2026-02-24,Adult,Female,Fever,Clinic,Dr. Camille Tan,Check-up
2026-02-24,Adult,Male,Gastritis,Clinic,Dr. Elena Bautista,Check-up
2026-02-24,Adult,Female,Gastritis,Clinic,Dr. Elena Bautista,Check-up
2026-02-24,Adult,Male,Hypertension Monitoring,Clinic,Dr. Victor Manuel,Check-up
2026-02-24,Senior,Male,Skull AP/LAT,Radiology,Dr. Sofia Mercado,Imaging
2026-02-25,Senior,Female,ApicoLordotic View,Radiology,Dr. Andrea Sy,Imaging
2026-02-25,Adult,Female,Carotid Duplex Scan (by appointment),Radiology,Dr. Andrea Sy,Imaging
2026-02-25,Adult,Female,Diabetes Mellitus Monitoring,Clinic,Dr. Elena Bautista,Check-up
2026-02-25,Child,Male,FT4,Laboratory,"Mark Villanueva, RMT",Laboratory
2026-02-25,Child,Female,Headache,Clinic,Dr. Paolo Rivera,Check-up
2026-02-25,Senior,Male,Hypertension Monitoring,Clinic,Dr. Victor Manuel,Check-up
2026-02-25,Adult,Male,Micro Albumin (Micral Test),Laboratory,"Mark Villanueva, RMT",Laboratory
2026-02-25,Child,Male,Sodium (Na),Laboratory,"Angela Reyes, RMT",Laboratory
2026-02-25,Adult,Female,Upper Respiratory Infection,Clinic,Dr. Miguel Fernandez,Check-up
2026-02-26,Adult,Male,Asthma Monitoring,Clinic,Dr. Victor Manuel,Check-up
2026-02-26,Adult,Male,Diabetes Mellitus Monitoring,Clinic,Dr. Elena Bautista,Check-up
2026-02-26,Adult,Female,Drug Testing,Home Service,"Mark Villanueva, RMT",Home Service
2026-02-26,Child,Male,Laboratory Testing,Home Service,"Joanna Lim, RMT",Home Service
2026-02-26,Adult,Female,"Special Ultrasound (Abdominal, Aorta, Adrenal, Breast, Chest, Inguinal, Musculoskeletal, Neck, Parot",Radiology,Dr. Sofia Mercado,Imaging
2026-02-26,Adult,Male,Urinalysis & Fecalysis,Clinic,Dr. Camille Tan,Pre-Employment Checkup
2026-02-27,Adult,Female,Chest PA for Pregnant,Radiology,Dr. Sofia Mercado,Imaging
2026-02-27,Adult,Female,Diabetes Mellitus Monitoring,Clinic,Dr. Elena Bautista,Check-up
2026-02-27,Adult,Male,Diabetes Mellitus Monitoring,Clinic,Dr. Victor Manuel,Check-up
2026-02-27,Senior,Male,Headache,Clinic,Dr. Ana Lopez,Check-up
2026-02-27,Adult,Male,Hematology,Laboratory,"Patricia Mendoza, RMT",Laboratory
2026-02-27,Adult,Female,Pelvis Hip,Radiology,Dr. Henry Ong,Imaging
2026-02-27,Adult,Male,Physical Exam,Clinic,Dr. Ana Lopez,Pre-Employment Checkup
2026-02-27,Adult,Male,Routine Medical Consultation,Clinic,Dr. Paolo Rivera,Check-up
2026-02-27,Adult,Male,Routine Medical Consultation,Clinic,Dr. Ana Lopez,Check-up
2026-02-27,Adult,Male,TT4 (Toal Thyroxine),Laboratory,"Carlo Navarro, RMT",Laboratory
2026-02-27,Senior,Female,Upper Respiratory Infection,Clinic,Dr. Miguel Fernandez,Check-up
2026-02-27,Adult,Female,Urinary Tract Infection,Clinic,Dr. Ana Lopez,Check-up
2026-02-28,Adult,Male,Diabetes Mellitus Monitoring,Clinic,Dr. Victor Manuel,Check-up
2026-02-28,Senior,Female,Diabetes Mellitus Monitoring,Clinic,Dr. Elena Bautista,Check-up
2026-02-28,Adult,Female,LH,Laboratory,"Patricia Mendoza, RMT",Laboratory
2026-02-28,Adult,Female,"OGCT Pregnant (100g, 75g)",Laboratory,"Angela Reyes, RMT",Laboratory
2026-02-28,Adult,Female,Progesterone,Laboratory,"Joanna Lim, RMT",Laboratory
2026-02-28,Adult,Male,RT-PCR 12HRS,Laboratory,"Mark Villanueva, RMT",Laboratory
2026-02-28,Adult,Female,Upper Respiratory Infection,Clinic,Dr. Camille Tan,Check-up
2026-02-28,Adult,Male,Upper Respiratory Infection,Clinic,Dr. Ana Lopez,Check-up
2026-03-01,Adult,Male,Anti-HCV Titer,Laboratory,"Patricia Mendoza, RMT",Laboratory
2026-03-01,Adult,Female,Cortisol,Laboratory,"Joanna Lim, RMT",Laboratory
2026-03-01,Adult,Male,Dermatitis and Allergy,Clinic,Dr. Ana Lopez,Check-up
2026-03-01,Adult,Female,Diabetes Mellitus Monitoring,Clinic,Dr. Elena Bautista,Check-up
2026-03-01,Adult,Male,EBV Igg,Laboratory,"Rafael Torres, RMT",Laboratory
2026-03-01,Child,Male,Magnesium,Laboratory,"Joanna Lim, RMT",Laboratory
2026-03-01,Adult,Female,Sodium (Na),Laboratory,"Patricia Mendoza, RMT",Laboratory
2026-03-01,Child,Male,Upper Respiratory Infection,Clinic,Dr. Camille Tan,Check-up
2026-03-02,Adult,Male,Asthma Monitoring,Clinic,Dr. Victor Manuel,Check-up
2026-03-02,Adult,Female,Calcium (C),Laboratory,"Mark Villanueva, RMT",Laboratory
2026-03-02,Adult,Female,Gastritis,Clinic,Dr. Victor Manuel,Check-up
2026-03-02,Adult,Male,Intact-PTH,Laboratory,"Joanna Lim, RMT",Laboratory
2026-03-02,Adult,Female,Upper Respiratory Infection,Clinic,Dr. Miguel Fernandez,Check-up
2026-03-03,Adult,Female,Ankle – Brachial Index (by appointment),Radiology,Dr. Henry Ong,Imaging
2026-03-03,Adult,Male,Diabetes Mellitus Monitoring,Clinic,Dr. Elena Bautista,Check-up
2026-03-03,Senior,Female,Diabetes Mellitus Monitoring,Clinic,Dr. Victor Manuel,Check-up
2026-03-03,Adult,Male,HIV (Screening),Laboratory,"Patricia Mendoza, RMT",Laboratory
2026-03-03,Adult,Male,Hypertension Monitoring,Clinic,Dr. Elena Bautista,Check-up
2026-03-03,Adult,Male,KUB,Radiology,Dr. Sofia Mercado,Imaging
2026-03-03,Adult,Female,Skull AP/LAT,Radiology,Dr. Sofia Mercado,Imaging
2026-03-04,Adult,Male,Asthma Monitoring,Clinic,Dr. Elena Bautista,Check-up
2026-03-04,Adult,Female,Body Fluid Analysis (Package),Laboratory,"Patricia Mendoza, RMT",Laboratory
2026-03-04,Adult,Male,Gastritis,Clinic,Dr. Elena Bautista,Check-up
2026-03-04,Adult,Female,Intact-PTH,Laboratory,"Angela Reyes, RMT",Laboratory
2026-03-05,Adult,Male,Abdominal Pain,Clinic,Dr. Elena Bautista,Check-up
2026-03-05,Child,Male,Anti-HAV IgM,Laboratory,"Rafael Torres, RMT",Laboratory
2026-03-05,Adult,Female,Anti-HBe,Laboratory,"Rafael Torres, RMT",Laboratory
2026-03-05,Child,Male,Asthma Monitoring,Clinic,Dr. Elena Bautista,Check-up
2026-03-05,Adult,Female,Clinical Chemistry,Laboratory,"Patricia Mendoza, RMT",Laboratory
2026-03-05,Child,Male,Dermatitis and Allergy,Clinic,Dr. Camille Tan,Check-up
2026-03-05,Adult,Female,Diabetes Mellitus Monitoring,Clinic,Dr. Elena Bautista,Check-up
2026-03-05,Adult,Male,FT3 RIA,Laboratory,"Angela Reyes, RMT",Laboratory
2026-03-05,Adult,Male,Fever,Clinic,Dr. Paolo Rivera,Check-up
2026-03-05,Adult,Female,Preventive Health Check-up,Clinic,Dr. Camille Tan,Check-up
2026-03-05,Adult,Male,Reticulocyte Count,Laboratory,"Mark Villanueva, RMT",Laboratory
2026-03-06,Adult,Male,Fever,Clinic,Dr. Paolo Rivera,Check-up
2026-03-06,Adult,Female,Headache,Clinic,Dr. Camille Tan,Check-up
2026-03-06,Adult,Female,Hypertension Monitoring,Clinic,Dr. Victor Manuel,Check-up
2026-03-06,Adult,Female,Malarial Smear,Laboratory,"Patricia Mendoza, RMT",Laboratory
2026-03-06,Adult,Female,Protein,Laboratory,"Angela Reyes, RMT",Laboratory
2026-03-06,Adult,Female,Routine Medical Consultation,Clinic,Dr. Paolo Rivera,Check-up
2026-03-06,Adult,Male,Testosterone,Laboratory,"Joanna Lim, RMT",Laboratory
2026-03-06,Adult,Female,Troponin I Quantitative,Laboratory,"Rafael Torres, RMT",Laboratory
2026-03-06,Adult,Male,Urinary Bladder,Radiology,Dr. Andrea Sy,Imaging
2026-03-07,Adult,Female,Asthma Monitoring,Clinic,Dr. Victor Manuel,Check-up
2026-03-07,Adult,Male,Asthma Monitoring,Clinic,Dr. Elena Bautista,Check-up
2026-03-07,Child,Male,Dermatitis and Allergy,Clinic,Dr. Camille Tan,Check-up
2026-03-07,Adult,Female,Dermatitis and Allergy,Clinic,Dr. Paolo Rivera,Check-up
2026-03-07,Senior,Male,Diabetes Mellitus Monitoring,Clinic,Dr. Victor Manuel,Check-up
2026-03-07,Adult,Male,Diabetes Mellitus Monitoring,Clinic,Dr. Elena Bautista,Check-up
2026-03-07,Adult,Male,ESR,Laboratory,"Angela Reyes, RMT",Laboratory
2026-03-07,Child,Male,HBsAg Titer,Laboratory,"Mark Villanueva, RMT",Laboratory
2026-03-07,Adult,Female,Hypertension Monitoring,Clinic,Dr. Elena Bautista,Check-up
2026-03-07,Adult,Female,Sodium (Na),Laboratory,"Carlo Navarro, RMT",Laboratory
2026-03-07,Senior,Female,TT4 (Toal Thyroxine),Laboratory,"Angela Reyes, RMT",Laboratory
2026-03-07,Adult,Male,Upper Respiratory Infection,Clinic,Dr. Camille Tan,Check-up
2026-03-07,Adult,Male,Urine C/S,Laboratory,"Joanna Lim, RMT",Laboratory
2026-03-08,Adult,Female,Diabetes Mellitus Monitoring,Clinic,Dr. Elena Bautista,Check-up
2026-03-08,Adult,Female,Kidney,Radiology,Dr. Henry Ong,Imaging
2026-03-08,Adult,Female,Paps Smear (7 days),Laboratory,"Rafael Torres, RMT",Laboratory
2026-03-08,Adult,Male,Routine Medical Consultation,Clinic,Dr. Camille Tan,Check-up
2026-03-08,Child,Female,Upper Respiratory Infection,Clinic,Dr. Miguel Fernandez,Check-up
2026-03-09,Adult,Female,AFB Stain,Laboratory,"Patricia Mendoza, RMT",Laboratory
2026-03-09,Adult,Male,Asthma Monitoring,Clinic,Dr. Elena Bautista,Check-up
2026-03-09,Adult,Male,Clavicle AP,Radiology,Dr. Sofia Mercado,Imaging
2026-03-09,Senior,Male,Diabetes Mellitus Monitoring,Clinic,Dr. Victor Manuel,Check-up
2026-03-09,Adult,Male,Diabetes Mellitus Monitoring,Clinic,Dr. Victor Manuel,Check-up
2026-03-09,Adult,Female,Fever,Clinic,Dr. Ana Lopez,Check-up
2026-03-09,Adult,Female,Hypertension Monitoring,Clinic,Dr. Victor Manuel,Check-up
2026-03-09,Senior,Male,Hypertension Monitoring,Clinic,Dr. Victor Manuel,Check-up
2026-03-09,Adult,Female,PPD Skin Test,Clinic,Dr. Ana Lopez,Vaccination
2026-03-09,Adult,Male,Reticulocyte Count,Laboratory,"Mark Villanueva, RMT",Laboratory
2026-03-09,Adult,Female,Routine Medical Consultation,Clinic,Dr. Miguel Fernandez,Check-up
2026-03-09,Child,Female,TPHA Titer,Laboratory,"Carlo Navarro, RMT",Laboratory
2026-03-10,Adult,Female,Abdominal Pain,Clinic,Dr. Elena Bautista,Check-up
2026-03-10,Senior,Female,Amylase,Laboratory,"Angela Reyes, RMT",Laboratory
2026-03-10,Adult,Female,Blood Uric Acid,Laboratory,"Rafael Torres, RMT",Laboratory
2026-03-10,Adult,Female,C4,Laboratory,"Mark Villanueva, RMT",Laboratory
2026-03-10,Adult,Female,Clotting Time,Laboratory,"Carlo Navarro, RMT",Laboratory
2026-03-10,Senior,Female,Diabetes Mellitus Monitoring,Clinic,Dr. Victor Manuel,Check-up
2026-03-10,Adult,Female,Diabetes Mellitus Monitoring,Clinic,Dr. Elena Bautista,Check-up
2026-03-10,Adult,Female,Estrogen,Laboratory,"Mark Villanueva, RMT",Laboratory
2026-03-10,Adult,Female,Gastritis,Clinic,Dr. Elena Bautista,Check-up
2026-03-10,Adult,Male,HCV Screening,Laboratory,"Angela Reyes, RMT",Laboratory
2026-03-10,Adult,Female,Hematology,Laboratory,"Carlo Navarro, RMT",Laboratory
2026-03-10,Adult,Male,Hypertension Monitoring,Clinic,Dr. Victor Manuel,Check-up
2026-03-10,Adult,Male,Immunology/Serology,Laboratory,"Joanna Lim, RMT",Laboratory
2026-03-10,Adult,Female,Plain Abdomen Upright/Spine,Radiology,Dr. Sofia Mercado,Imaging
2026-03-10,Adult,Female,RT-PCR 4-6HRS,Laboratory,"Rafael Torres, RMT",Laboratory
2026-03-10,Adult,Female,Reticulocyte Count,Laboratory,"Patricia Mendoza, RMT",Laboratory
2026-03-10,Adult,Male,Routine Medical Consultation,Clinic,Dr. Camille Tan,Check-up
2026-03-10,Adult,Male,Upper Respiratory Infection,Clinic,Dr. Paolo Rivera,Check-up
2026-03-10,Child,Female,VFRL RPR Titer,Laboratory,"Mark Villanueva, RMT",Laboratory
2026-03-11,Adult,Female,Blood Cs with ARD (2 site),Laboratory,"Carlo Navarro, RMT",Laboratory
2026-03-11,Senior,Female,Diabetes Mellitus Monitoring,Clinic,Dr. Victor Manuel,Check-up
2026-03-11,Child,Male,HBsAg Titer,Laboratory,"Mark Villanueva, RMT",Laboratory
2026-03-11,Adult,Female,Intact-PTH,Laboratory,"Angela Reyes, RMT",Laboratory
2026-03-11,Adult,Male,Physical Exam,Clinic,Dr. Miguel Fernandez,Pre-Employment Checkup
2026-03-11,Adult,Female,RT-PCR 4-6HRS,Laboratory,"Rafael Torres, RMT",Laboratory
2026-03-11,Adult,Male,"TPAG (Total Protein, Albumin, AG)",Laboratory,"Angela Reyes, RMT",Laboratory
2026-03-12,Adult,Male,Anti-HAV Screening,Laboratory,"Rafael Torres, RMT",Laboratory
2026-03-12,Adult,Female,Asthma Monitoring,Clinic,Dr. Victor Manuel,Check-up
2026-03-12,Senior,Female,Diabetes Mellitus Monitoring,Clinic,Dr. Victor Manuel,Check-up
2026-03-12,Child,Male,EBV Igg,Laboratory,"Patricia Mendoza, RMT",Laboratory
2026-03-12,Child,Female,FSH,Laboratory,"Joanna Lim, RMT",Laboratory
2026-03-12,Adult,Male,Fever,Clinic,Dr. Miguel Fernandez,Check-up
2026-03-12,Adult,Female,Hypertension Monitoring,Clinic,Dr. Elena Bautista,Check-up
2026-03-13,Adult,Male,Abdominal Pain,Clinic,Dr. Elena Bautista,Check-up
2026-03-13,Adult,Male,Asthma Monitoring,Clinic,Dr. Victor Manuel,Check-up
2026-03-13,Adult,Male,Bicarbonate,Laboratory,"Carlo Navarro, RMT",Laboratory
2026-03-13,Adult,Female,Bloodtype and RH Typing,Laboratory,"Rafael Torres, RMT",Laboratory
2026-03-13,Senior,Female,CRP,Laboratory,"Rafael Torres, RMT",Laboratory
2026-03-13,Adult,Female,H. Pylori Igm (Quali)-serum,Laboratory,"Mark Villanueva, RMT",Laboratory
2026-03-13,Child,Female,Ionized Calcium (Ica),Laboratory,"Angela Reyes, RMT",Laboratory
2026-03-13,Adult,Male,Routine Medical Consultation,Clinic,Dr. Miguel Fernandez,Check-up
2026-03-13,Child,Male,Urinary Tract Infection,Clinic,Dr. Paolo Rivera,Check-up
2026-03-13,Adult,Female,VDRL/Syphilis Screening,Laboratory,"Mark Villanueva, RMT",Laboratory
2026-03-13,Adult,Female,X-Ray,Radiology,Dr. Henry Ong,Imaging
2026-03-14,Child,Male,Asthma Monitoring,Clinic,Dr. Victor Manuel,Check-up
2026-03-14,Adult,Female,Dengue Combo,Laboratory,"Carlo Navarro, RMT",Laboratory
2026-03-14,Adult,Male,Diabetes Mellitus Monitoring,Clinic,Dr. Victor Manuel,Check-up
2026-03-14,Adult,Male,Gastritis,Clinic,Dr. Victor Manuel,Check-up
2026-03-14,Adult,Female,Gram Stain,Laboratory,"Patricia Mendoza, RMT",Laboratory
2026-03-14,Adult,Male,Headache,Clinic,Dr. Paolo Rivera,Check-up
2026-03-14,Adult,Female,Hypertension Monitoring,Clinic,Dr. Elena Bautista,Check-up
2026-03-14,Adult,Male,Magnesium,Laboratory,"Rafael Torres, RMT",Laboratory
2026-03-14,Child,Female,Rubella Igm,Laboratory,"Carlo Navarro, RMT",Laboratory
2026-03-14,Senior,Male,Upper Respiratory Infection,Clinic,Dr. Camille Tan,Check-up
2026-03-14,Adult,Male,Upper Respiratory Infection,Clinic,Dr. Camille Tan,Check-up
2026-03-14,Adult,Female,Urinary Tract Infection,Clinic,Dr. Miguel Fernandez,Check-up
2026-03-14,Child,Male,Urine C/S,Laboratory,"Mark Villanueva, RMT",Laboratory
2026-03-15,Adult,Female,2 Hours Post Prandial,Laboratory,"Carlo Navarro, RMT",Laboratory
2026-03-15,Adult,Male,Chest PA/LAT,Radiology,Dr. Henry Ong,Imaging
2026-03-15,Senior,Female,Diabetes Mellitus Monitoring,Clinic,Dr. Victor Manuel,Check-up
2026-03-15,Adult,Female,Diabetes Mellitus Monitoring,Clinic,Dr. Victor Manuel,Check-up
2026-03-15,Senior,Male,EBV Igg,Laboratory,"Rafael Torres, RMT",Laboratory
2026-03-15,Adult,Male,Prothrombin Time,Laboratory,"Mark Villanueva, RMT",Laboratory
2026-03-15,Adult,Female,Routine Medical Consultation,Clinic,Dr. Miguel Fernandez,Check-up
2026-03-15,Adult,Female,Upper Respiratory Infection,Clinic,Dr. Paolo Rivera,Check-up
2026-03-15,Adult,Female,Upper Respiratory Infection,Clinic,Dr. Ana Lopez,Check-up
2026-03-16,Adult,Female,Asthma Monitoring,Clinic,Dr. Victor Manuel,Check-up
2026-03-16,Adult,Female,Fecal Occult Blood,Laboratory,"Carlo Navarro, RMT",Laboratory
2026-03-16,Child,Male,Fever,Clinic,Dr. Paolo Rivera,Check-up
2026-03-16,Adult,Female,Hypertension Monitoring,Clinic,Dr. Elena Bautista,Check-up
2026-03-16,Adult,Male,Hypertension Monitoring,Clinic,Dr. Elena Bautista,Check-up
2026-03-16,Adult,Female,Online Doctor Consultation,Clinic,Dr. Ana Lopez,Check-up
2026-03-16,Adult,Male,Reticulocyte Count,Laboratory,"Mark Villanueva, RMT",Laboratory
2026-03-16,Senior,Female,TPPA Qualitative,Laboratory,"Joanna Lim, RMT",Laboratory
2026-03-17,Adult,Male,Asthma Monitoring,Clinic,Dr. Victor Manuel,Check-up
2026-03-17,Adult,Male,Dengue NS1,Laboratory,"Rafael Torres, RMT",Laboratory
2026-03-17,Senior,Female,Diabetes Mellitus Monitoring,Clinic,Dr. Elena Bautista,Check-up
2026-03-17,Child,Female,FT4,Laboratory,"Mark Villanueva, RMT",Laboratory
2026-03-17,Adult,Female,HBsAg Titer,Laboratory,"Joanna Lim, RMT",Laboratory
2026-03-17,Senior,Male,Hypertension Monitoring,Clinic,Dr. Victor Manuel,Check-up
2026-03-17,Senior,Female,Hypertension Monitoring,Clinic,Dr. Victor Manuel,Check-up
2026-03-17,Adult,Male,Inorganic Phosphorus (IPO4),Laboratory,"Rafael Torres, RMT",Laboratory
2026-03-17,Adult,Female,Potassium (K),Laboratory,"Mark Villanueva, RMT",Laboratory
2026-03-17,Adult,Female,Upper and lower extremities,Radiology,Dr. Sofia Mercado,Imaging
2026-03-17,Adult,Male,Urinary Tract Infection,Clinic,Dr. Paolo Rivera,Check-up
2026-03-18,Adult,Female,FBS,Laboratory,"Patricia Mendoza, RMT",Laboratory
2026-03-18,Adult,Female,Gastritis,Clinic,Dr. Victor Manuel,Check-up
2026-03-18,Senior,Female,Hypertension Monitoring,Clinic,Dr. Victor Manuel,Check-up
2026-03-18,Adult,Male,Hypertension Monitoring,Clinic,Dr. Elena Bautista,Check-up
2026-03-18,Adult,Female,Lumbosacral Spine AP/LAT,Radiology,Dr. Sofia Mercado,Imaging
2026-03-18,Child,Female,"OGCT Non-Pregnant (100g, 75g)",Laboratory,"Patricia Mendoza, RMT",Laboratory
2026-03-18,Adult,Male,Thyroid,Radiology,Dr. Sofia Mercado,Imaging
2026-03-19,Adult,Male,Acid Phosphatase,Laboratory,"Rafael Torres, RMT",Laboratory
2026-03-19,Adult,Male,"Bilirubin (B1, B2)",Laboratory,"Mark Villanueva, RMT",Laboratory
2026-03-19,Adult,Male,Blood Cs with ARD (1 site),Laboratory,"Rafael Torres, RMT",Laboratory
2026-03-19,Child,Female,Body Fluid Analysis (Package),Laboratory,"Rafael Torres, RMT",Laboratory
2026-03-19,Adult,Female,Diabetes Mellitus Monitoring,Clinic,Dr. Elena Bautista,Check-up
2026-03-19,Adult,Male,Fever,Clinic,Dr. Camille Tan,Check-up
2026-03-19,Senior,Male,HIV (Screening),Laboratory,"Mark Villanueva, RMT",Laboratory
2026-03-19,Adult,Female,Hepa A&B profile,Laboratory,"Angela Reyes, RMT",Laboratory
2026-03-19,Adult,Male,Hypertension Monitoring,Clinic,Dr. Victor Manuel,Check-up
2026-03-19,Senior,Female,Venous Duplex Scan (Bilateral),Radiology,Dr. Andrea Sy,Imaging
2026-03-20,Adult,Female,Anti-HAV IgM,Laboratory,"Mark Villanueva, RMT",Laboratory
2026-03-20,Adult,Male,Anti-HCV Titer,Laboratory,"Rafael Torres, RMT",Laboratory
2026-03-20,Adult,Female,Asthma Monitoring,Clinic,Dr. Elena Bautista,Check-up
2026-03-20,Adult,Male,Gastritis,Clinic,Dr. Elena Bautista,Check-up
2026-03-20,Adult,Male,HBsAg Titer,Laboratory,"Patricia Mendoza, RMT",Laboratory
2026-03-20,Adult,Female,Reticulocyte Count,Laboratory,"Joanna Lim, RMT",Laboratory
2026-03-20,Adult,Female,Routine Medical Consultation,Clinic,Dr. Paolo Rivera,Check-up
2026-03-20,Senior,Male,"Special Ultrasound (Abdominal, Aorta, Adrenal, Breast, Chest, Inguinal, Musculoskeletal, Neck, Parot",Radiology,Dr. Sofia Mercado,Imaging
2026-03-20,Senior,Male,Thoracic Spine AP/LAT,Radiology,Dr. Sofia Mercado,Imaging
2026-03-20,Adult,Female,Upper Respiratory Infection,Clinic,Dr. Miguel Fernandez,Check-up
2026-03-20,Adult,Male,Urinary Tract Infection,Clinic,Dr. Miguel Fernandez,Check-up
2026-03-20,Senior,Female,X-Ray,Annual Physical Examination,Dr. Miguel Fernandez,Annual Physical Examination
2026-03-21,Adult,Female,Bloodtype and RH Typing,Laboratory,"Mark Villanueva, RMT",Laboratory
2026-03-21,Adult,Female,CBC,Annual Physical Examination,Dr. Ana Lopez,Annual Physical Examination
2026-03-21,Adult,Female,CBC w/ Actual Platelet Count,Laboratory,"Carlo Navarro, RMT",Laboratory
2026-03-21,Adult,Female,CPK-MB,Laboratory,"Patricia Mendoza, RMT",Laboratory
2026-03-21,Adult,Female,Diabetes Mellitus Monitoring,Clinic,Dr. Victor Manuel,Check-up
2026-03-21,Adult,Female,Estrogen,Laboratory,"Carlo Navarro, RMT",Laboratory
2026-03-21,Adult,Female,FT3 RIA,Laboratory,"Angela Reyes, RMT",Laboratory
2026-03-21,Adult,Male,Gastritis,Clinic,Dr. Victor Manuel,Check-up
2026-03-21,Adult,Male,Potassium (K),Laboratory,"Patricia Mendoza, RMT",Laboratory
2026-03-21,Adult,Male,Preventive Health Check-up,Clinic,Dr. Camille Tan,Check-up
2026-03-21,Child,Female,SGOT (AST),Laboratory,"Rafael Torres, RMT",Laboratory
2026-03-21,Senior,Male,Skull AP/LAT,Radiology,Dr. Henry Ong,Imaging
2026-03-21,Senior,Male,Upper Respiratory Infection,Clinic,Dr. Camille Tan,Check-up
2026-03-22,Adult,Male,Asthma Monitoring,Clinic,Dr. Elena Bautista,Check-up
2026-03-22,Child,Female,Blood Cs (1 site),Laboratory,"Mark Villanueva, RMT",Laboratory
2026-03-22,Adult,Male,Diabetes Mellitus Monitoring,Clinic,Dr. Victor Manuel,Check-up
2026-03-22,Senior,Male,Diabetes Mellitus Monitoring,Clinic,Dr. Victor Manuel,Check-up
2026-03-22,Adult,Female,Diabetes Mellitus Monitoring,Clinic,Dr. Victor Manuel,Check-up
2026-03-22,Adult,Male,FT4,Laboratory,"Patricia Mendoza, RMT",Laboratory
2026-03-22,Adult,Female,Ferritin,Laboratory,"Rafael Torres, RMT",Laboratory
2026-03-22,Adult,Male,HDL,Laboratory,"Carlo Navarro, RMT",Laboratory
2026-03-22,Senior,Male,Hepa A profile,Laboratory,"Joanna Lim, RMT",Laboratory
2026-03-22,Senior,Male,Hypertension Monitoring,Clinic,Dr. Elena Bautista,Check-up
2026-03-22,Adult,Female,Hypertension Monitoring,Clinic,Dr. Victor Manuel,Check-up
2026-03-22,Senior,Male,Upper Extremities (By appointment),Radiology,Dr. Sofia Mercado,Imaging
2026-03-22,Senior,Female,Upper Respiratory Infection,Clinic,Dr. Ana Lopez,Check-up
2026-03-23,Senior,Female,15L-ECG,Cardiology,Dr. Miguel Fernandez,Cardiology
2026-03-23,Adult,Male,Abdominal Pain,Clinic,Dr. Elena Bautista,Check-up
2026-03-23,Adult,Female,Anti-HAV Screening,Laboratory,"Angela Reyes, RMT",Laboratory
2026-03-23,Adult,Female,Blood Urea Nitrogen,Laboratory,"Patricia Mendoza, RMT",Laboratory
2026-03-23,Senior,Male,Diabetes Mellitus Monitoring,Clinic,Dr. Elena Bautista,Check-up
2026-03-23,Senior,Female,Hypertension Monitoring,Clinic,Dr. Elena Bautista,Check-up
2026-03-23,Adult,Male,Hypertension Monitoring,Clinic,Dr. Elena Bautista,Check-up
2026-03-23,Adult,Female,Sodium (Na),Laboratory,"Angela Reyes, RMT",Laboratory
2026-03-24,Senior,Female,"Bilirubin (B1, B2)",Laboratory,"Carlo Navarro, RMT",Laboratory
2026-03-24,Adult,Female,Breast,Radiology,Dr. Sofia Mercado,Imaging
2026-03-24,Child,Male,Chloride (CI),Laboratory,"Rafael Torres, RMT",Laboratory
2026-03-24,Adult,Female,Cholesterol,Laboratory,"Carlo Navarro, RMT",Laboratory
2026-03-24,Senior,Male,Dengue Combo,Laboratory,"Rafael Torres, RMT",Laboratory
2026-03-24,Adult,Male,Dermatitis and Allergy,Clinic,Dr. Paolo Rivera,Check-up
2026-03-24,Adult,Female,Diabetes Mellitus Monitoring,Clinic,Dr. Victor Manuel,Check-up
2026-03-24,Adult,Male,Gastritis,Clinic,Dr. Elena Bautista,Check-up
2026-03-24,Child,Male,Gastritis,Clinic,Dr. Victor Manuel,Check-up
2026-03-24,Senior,Female,HIV (Screening),Laboratory,"Mark Villanueva, RMT",Laboratory
2026-03-24,Senior,Male,Hypertension Monitoring,Clinic,Dr. Victor Manuel,Check-up
2026-03-24,Adult,Male,Upper Respiratory Infection,Clinic,Dr. Ana Lopez,Check-up
2026-03-24,Senior,Female,Upper Respiratory Infection,Clinic,Dr. Miguel Fernandez,Check-up
2026-03-25,Adult,Male,Abdominal Pain,Clinic,Dr. Elena Bautista,Check-up
2026-03-25,Child,Female,Abdominal Pain,Clinic,Dr. Victor Manuel,Check-up
2026-03-25,Adult,Female,Asthma Monitoring,Clinic,Dr. Elena Bautista,Check-up
2026-03-25,Senior,Female,Diabetes Mellitus Monitoring,Clinic,Dr. Elena Bautista,Check-up
2026-03-25,Adult,Male,Diabetes Mellitus Monitoring,Clinic,Dr. Elena Bautista,Check-up
2026-03-25,Senior,Female,EBV Igm,Laboratory,"Rafael Torres, RMT",Laboratory
2026-03-25,Adult,Male,Fever,Clinic,Dr. Camille Tan,Check-up
2026-03-25,Adult,Male,Hypertension Monitoring,Clinic,Dr. Elena Bautista,Check-up
2026-03-25,Adult,Female,TPHA Screening,Laboratory,"Mark Villanueva, RMT",Laboratory
2026-03-25,Adult,Female,Upper Respiratory Infection,Clinic,Dr. Miguel Fernandez,Check-up
2026-03-25,Adult,Female,Urinalysis 10P,Laboratory,"Patricia Mendoza, RMT",Laboratory
2026-03-25,Senior,Female,Urinary Tract Infection,Clinic,Dr. Paolo Rivera,Check-up
2026-03-26,Adult,Male,Albumin,Laboratory,"Mark Villanueva, RMT",Laboratory
2026-03-26,Adult,Female,Clavicle AP,Radiology,Dr. Henry Ong,Imaging
2026-03-26,Adult,Female,Drug Test (Urine),Laboratory,"Patricia Mendoza, RMT",Laboratory
2026-03-26,Adult,Female,Upper Respiratory Infection,Clinic,Dr. Miguel Fernandez,Check-up
2026-03-26,Senior,Female,Upper Respiratory Infection,Clinic,Dr. Ana Lopez,Check-up
2026-03-26,Adult,Female,Urinary Tract Infection,Clinic,Dr. Camille Tan,Check-up
2026-03-27,Adult,Male,Dermatitis and Allergy,Clinic,Dr. Camille Tan,Check-up
2026-03-27,Adult,Female,Dermatitis and Allergy,Clinic,Dr. Miguel Fernandez,Check-up
2026-03-27,Adult,Male,Gastritis,Clinic,Dr. Victor Manuel,Check-up
2026-03-27,Adult,Female,General Ultrasound (Abdomen),Radiology,Dr. Henry Ong,Imaging
2026-03-27,Senior,Male,Kidney,Radiology,Dr. Henry Ong,Imaging
2026-03-27,Senior,Female,Preventive Health Check-up,Clinic,Dr. Ana Lopez,Check-up
2026-03-27,Senior,Female,Upper and lower extremities,Radiology,Dr. Andrea Sy,Imaging
2026-03-28,Adult,Female,Asthma Monitoring,Clinic,Dr. Victor Manuel,Check-up
2026-03-28,Adult,Female,Dengue NS1,Laboratory,"Carlo Navarro, RMT",Laboratory
2026-03-28,Adult,Female,Diabetes Mellitus Monitoring,Clinic,Dr. Victor Manuel,Check-up
2026-03-28,Senior,Female,Diabetes Mellitus Monitoring,Clinic,Dr. Victor Manuel,Check-up
2026-03-28,Adult,Male,EGFR,Laboratory,"Joanna Lim, RMT",Laboratory
2026-03-28,Adult,Female,Fever,Clinic,Dr. Ana Lopez,Check-up
2026-03-28,Adult,Male,Lipase,Laboratory,"Patricia Mendoza, RMT",Laboratory
2026-03-28,Adult,Female,Urinary Tract Infection,Clinic,Dr. Camille Tan,Check-up
2026-03-29,Adult,Male,Anti-HAV IgM,Laboratory,"Rafael Torres, RMT",Laboratory
2026-03-29,Adult,Male,Dermatitis and Allergy,Clinic,Dr. Camille Tan,Check-up
2026-03-29,Senior,Female,Hypertension Monitoring,Clinic,Dr. Victor Manuel,Check-up
2026-03-29,Adult,Female,Preventive Health Check-up,Clinic,Dr. Miguel Fernandez,Check-up
2026-03-29,Adult,Male,Troponin I Quantitative,Laboratory,"Patricia Mendoza, RMT",Laboratory
2026-03-29,Adult,Male,Urinary Tract Infection,Clinic,Dr. Miguel Fernandez,Check-up
2026-03-30,Adult,Male,CBC,Annual Physical Examination,Dr. Ana Lopez,Annual Physical Examination
2026-03-30,Child,Female,Dermatitis and Allergy,Clinic,Dr. Ana Lopez,Check-up
2026-03-30,Adult,Male,Dermatitis and Allergy,Clinic,Dr. Miguel Fernandez,Check-up
2026-03-30,Adult,Male,Diabetes Mellitus Monitoring,Clinic,Dr. Elena Bautista,Check-up
2026-03-30,Adult,Male,Hepa A profile,Laboratory,"Rafael Torres, RMT",Laboratory
2026-03-30,Senior,Male,Hypertension Monitoring,Clinic,Dr. Victor Manuel,Check-up
2026-03-30,Senior,Male,Rib Cage,Radiology,Dr. Sofia Mercado,Imaging
2026-03-30,Child,Female,Urinalysis,Laboratory,"Patricia Mendoza, RMT",Laboratory
2026-03-31,Senior,Male,Diabetes Mellitus Monitoring,Clinic,Dr. Elena Bautista,Check-up
2026-03-31,Adult,Female,Drug Test,Clinic,Dr. Camille Tan,Pre-Employment Checkup
2026-03-31,Child,Male,Estrogen,Laboratory,"Mark Villanueva, RMT",Laboratory
2026-03-31,Child,Male,FTA-ABS,Laboratory,"Mark Villanueva, RMT",Laboratory
2026-03-31,Adult,Female,Gastritis,Clinic,Dr. Victor Manuel,Check-up
2026-03-31,Adult,Female,Glucose,Laboratory,"Patricia Mendoza, RMT",Laboratory
2026-03-31,Senior,Female,Headache,Clinic,Dr. Camille Tan,Check-up
2026-03-31,Adult,Male,Potassium (K),Laboratory,"Carlo Navarro, RMT",Laboratory
2026-03-31,Adult,Female,Rib Cage,Radiology,Dr. Henry Ong,Imaging
2026-03-31,Adult,Male,Serum LDH,Laboratory,"Patricia Mendoza, RMT",Laboratory
2026-03-31,Child,Female,Upper Respiratory Infection,Clinic,Dr. Miguel Fernandez,Check-up
2026-04-01,Adult,Female,Anti-HBc Total,Laboratory,"Rafael Torres, RMT",Laboratory
2026-04-01,Child,Male,Asthma Monitoring,Clinic,Dr. Elena Bautista,Check-up
2026-04-01,Adult,Male,Asthma Monitoring,Clinic,Dr. Victor Manuel,Check-up
2026-04-01,Adult,Female,Clotting Time,Laboratory,"Patricia Mendoza, RMT",Laboratory
2026-04-01,Adult,Male,Dengue Duo IgM/IgG,Laboratory,"Carlo Navarro, RMT",Laboratory
2026-04-01,Senior,Female,Hepa B profile,Laboratory,"Patricia Mendoza, RMT",Laboratory
2026-04-01,Senior,Female,Hypertension Monitoring,Clinic,Dr. Elena Bautista,Check-up
2026-04-01,Adult,Female,SGPT (ALT),Laboratory,"Rafael Torres, RMT",Laboratory
2026-04-02,Adult,Male,Anti-HAV IgM,Laboratory,"Rafael Torres, RMT",Laboratory
2026-04-02,Child,Female,Headache,Clinic,Dr. Paolo Rivera,Check-up
2026-04-02,Adult,Male,X-Ray,Clinic,Dr. Ana Lopez,Pre-Employment Checkup
2026-04-03,Adult,Male,Anti-HAV Screening,Laboratory,"Rafael Torres, RMT",Laboratory
2026-04-03,Adult,Male,Breast,Radiology,Dr. Sofia Mercado,Imaging
2026-04-03,Adult,Male,Diabetes Mellitus Monitoring,Clinic,Dr. Elena Bautista,Check-up
2026-04-03,Adult,Female,Diabetes Mellitus Monitoring,Clinic,Dr. Victor Manuel,Check-up
2026-04-03,Adult,Male,Fecalysis,Laboratory,"Rafael Torres, RMT",Laboratory
2026-04-03,Adult,Female,Gastritis,Clinic,Dr. Victor Manuel,Check-up
2026-04-03,Adult,Male,HBC-DNA,Laboratory,"Mark Villanueva, RMT",Laboratory
2026-04-03,Senior,Female,Hypertension Monitoring,Clinic,Dr. Victor Manuel,Check-up
2026-04-03,Adult,Female,Online Doctor Consultation,Clinic,Dr. Paolo Rivera,Check-up
2026-04-03,Senior,Male,Routine Medical Consultation,Clinic,Dr. Miguel Fernandez,Check-up
2026-04-03,Adult,Male,TPHA Titer,Laboratory,"Carlo Navarro, RMT",Laboratory
2026-04-03,Adult,Female,Thyroid,Radiology,Dr. Andrea Sy,Imaging
2026-04-03,Child,Female,Upper Respiratory Infection,Clinic,Dr. Camille Tan,Check-up
2026-04-03,Adult,Male,Upper Respiratory Infection,Clinic,Dr. Camille Tan,Check-up
2026-04-03,Adult,Female,Upper Respiratory Infection,Clinic,Dr. Camille Tan,Check-up
2026-04-04,Adult,Female,Chloride (CI),Laboratory,"Rafael Torres, RMT",Laboratory
2026-04-04,Adult,Male,Diabetes Mellitus Monitoring,Clinic,Dr. Victor Manuel,Check-up
2026-04-04,Adult,Female,Fever,Clinic,Dr. Camille Tan,Check-up
2026-04-04,Adult,Male,Gastritis,Clinic,Dr. Victor Manuel,Check-up
2026-04-04,Adult,Male,Glucose,Laboratory,"Angela Reyes, RMT",Laboratory
2026-04-04,Adult,Male,Scoliosis Series,Radiology,Dr. Andrea Sy,Imaging
2026-04-04,Adult,Female,TPPA Qualitative,Laboratory,"Mark Villanueva, RMT",Laboratory
2026-04-05,Adult,Female,Abdominal Pain,Clinic,Dr. Victor Manuel,Check-up
2026-04-05,Adult,Female,Anti-HBs,Laboratory,"Rafael Torres, RMT",Laboratory
2026-04-05,Adult,Female,Asthma Monitoring,Clinic,Dr. Victor Manuel,Check-up
2026-04-05,Adult,Male,Body Fluid Analysis (Package),Laboratory,"Joanna Lim, RMT",Laboratory
2026-04-05,Adult,Female,Dermatitis and Allergy,Clinic,Dr. Camille Tan,Check-up
2026-04-05,Senior,Male,Diabetes Mellitus Monitoring,Clinic,Dr. Victor Manuel,Check-up
2026-04-05,Senior,Male,Hypertension Monitoring,Clinic,Dr. Victor Manuel,Check-up
2026-04-05,Child,Female,Upper Respiratory Infection,Clinic,Dr. Camille Tan,Check-up
2026-04-05,Adult,Female,Urinalysis & Fecalysis,Annual Physical Examination,Dr. Miguel Fernandez,Annual Physical Examination
2026-04-05,Child,Male,Urinary Tract Infection,Clinic,Dr. Paolo Rivera,Check-up
2026-04-06,Adult,Female,Anti-HAV IgM,Laboratory,"Rafael Torres, RMT",Laboratory
2026-04-06,Child,Female,Anti-HAV Screening,Laboratory,"Joanna Lim, RMT",Laboratory
2026-04-06,Adult,Male,Diabetes Mellitus Monitoring,Clinic,Dr. Victor Manuel,Check-up
2026-04-06,Adult,Female,Hepa A profile,Laboratory,"Joanna Lim, RMT",Laboratory
2026-04-06,Adult,Female,Hepa A profile,Laboratory,"Carlo Navarro, RMT",Laboratory
2026-04-06,Adult,Female,Hypertension Monitoring,Clinic,Dr. Victor Manuel,Check-up
2026-04-06,Adult,Female,Urinalysis & Fecalysis,Clinic,Dr. Paolo Rivera,Pre-Employment Checkup
2026-04-07,Adult,Male,D-DIMER Test,Laboratory,"Rafael Torres, RMT",Laboratory
2026-04-07,Adult,Female,Diabetes Mellitus Monitoring,Clinic,Dr. Elena Bautista,Check-up
2026-04-07,Child,Female,ECG (15 Lead) Pedia (0-17 years old),Cardiology,Dr. Paolo Rivera,Cardiology
2026-04-07,Child,Female,FTA-ABS,Laboratory,"Patricia Mendoza, RMT",Laboratory
2026-04-07,Adult,Female,Hypertension Monitoring,Clinic,Dr. Victor Manuel,Check-up
2026-04-07,Adult,Male,Hypertension Monitoring,Clinic,Dr. Elena Bautista,Check-up
2026-04-07,Senior,Male,Preventive Health Check-up,Clinic,Dr. Miguel Fernandez,Check-up
2026-04-07,Child,Female,Prolactin,Laboratory,"Carlo Navarro, RMT",Laboratory
2026-04-07,Adult,Female,Upper Abdomen & Kidney,Radiology,Dr. Andrea Sy,Imaging
2026-04-07,Child,Female,Urinalysis,Laboratory,"Joanna Lim, RMT",Laboratory
2026-04-07,Adult,Male,Urinalysis 10P,Laboratory,"Patricia Mendoza, RMT",Laboratory
2026-04-08,Adult,Female,AFB Stain,Laboratory,"Angela Reyes, RMT",Laboratory
2026-04-08,Child,Male,ANA Titer,Laboratory,"Carlo Navarro, RMT",Laboratory
2026-04-08,Child,Female,CBC,Laboratory,"Patricia Mendoza, RMT",Laboratory
2026-04-08,Child,Male,Gastritis,Clinic,Dr. Victor Manuel,Check-up
2026-04-08,Adult,Male,Hypertension Monitoring,Clinic,Dr. Victor Manuel,Check-up
2026-04-08,Adult,Male,MET (Shabu),Drug Testing,"Joanna Lim, RMT",Drug Testing
2026-04-08,Child,Male,"OGCT Pregnant (100g, 75g)",Laboratory,"Patricia Mendoza, RMT",Laboratory
2026-04-08,Adult,Female,TPPA Qualitative,Laboratory,"Mark Villanueva, RMT",Laboratory
2026-04-08,Adult,Male,Upper Respiratory Infection,Clinic,Dr. Paolo Rivera,Check-up
2026-04-08,Adult,Male,Upper Respiratory Infection,Clinic,Dr. Miguel Fernandez,Check-up
2026-04-09,Adult,Male,Abdominal Pain,Clinic,Dr. Elena Bautista,Check-up
2026-04-09,Adult,Male,Asthma Monitoring,Clinic,Dr. Elena Bautista,Check-up
2026-04-09,Senior,Female,Chest PA for Pregnant,Radiology,Dr. Sofia Mercado,Imaging
2026-04-09,Adult,Male,Dengue Duo IgM/IgG,Laboratory,"Angela Reyes, RMT",Laboratory
2026-04-09,Adult,Male,Diabetes Mellitus Monitoring,Clinic,Dr. Victor Manuel,Check-up
2026-04-09,Adult,Male,HCV-RNA,Laboratory,"Carlo Navarro, RMT",Laboratory
2026-04-09,Adult,Female,HIV (Screening),Laboratory,"Carlo Navarro, RMT",Laboratory
2026-04-09,Senior,Female,Hypertension Monitoring,Clinic,Dr. Victor Manuel,Check-up
2026-04-09,Senior,Female,Preventive Health Check-up,Clinic,Dr. Miguel Fernandez,Check-up
2026-04-09,Child,Female,SGOT (AST),Laboratory,"Carlo Navarro, RMT",Laboratory
2026-04-10,Adult,Female,Asthma Monitoring,Clinic,Dr. Elena Bautista,Check-up
2026-04-10,Adult,Female,Dermatitis and Allergy,Clinic,Dr. Camille Tan,Check-up
2026-04-10,Senior,Male,Diabetes Mellitus Monitoring,Clinic,Dr. Victor Manuel,Check-up
2026-04-10,Adult,Female,Diabetes Mellitus Monitoring,Clinic,Dr. Victor Manuel,Check-up
2026-04-10,Adult,Female,FT4,Laboratory,"Rafael Torres, RMT",Laboratory
2026-04-10,Adult,Female,Face to Face Doctor Consultation,Clinic,Dr. Ana Lopez,Check-up
2026-04-10,Adult,Female,Femur AP/LAT,Radiology,Dr. Henry Ong,Imaging
2026-04-10,Adult,Male,Gastritis,Clinic,Dr. Victor Manuel,Check-up
2026-04-10,Adult,Female,Hypertension Monitoring,Clinic,Dr. Elena Bautista,Check-up
2026-04-10,Adult,Male,Pneumococcal Vaccine (5 Years & lifetime),Clinic,Dr. Paolo Rivera,Vaccination
2026-04-10,Senior,Female,Preventive Health Check-up,Clinic,Dr. Paolo Rivera,Check-up
2026-04-10,Adult,Male,Routine Medical Consultation,Clinic,Dr. Camille Tan,Check-up
2026-04-10,Child,Male,SGPT (ALT),Laboratory,"Patricia Mendoza, RMT",Laboratory
2026-04-10,Adult,Male,Transrectal Ultrasound (Male),Radiology,Dr. Henry Ong,Imaging
2026-04-10,Adult,Female,Upper Respiratory Infection,Clinic,Dr. Paolo Rivera,Check-up
2026-04-10,Child,Male,Upper Respiratory Infection,Clinic,Dr. Paolo Rivera,Check-up
2026-04-11,Adult,Female,CBC,Laboratory,"Rafael Torres, RMT",Laboratory
2026-04-11,Adult,Male,Dermatitis and Allergy,Clinic,Dr. Miguel Fernandez,Check-up
2026-04-11,Adult,Female,Hypertension Monitoring,Clinic,Dr. Elena Bautista,Check-up
2026-04-11,Senior,Female,Prostate,Radiology,Dr. Sofia Mercado,Imaging
2026-04-11,Adult,Male,Total Iron,Laboratory,"Carlo Navarro, RMT",Laboratory
2026-04-11,Adult,Male,Urine C/S,Laboratory,"Mark Villanueva, RMT",Laboratory
2026-04-12,Adult,Male,2D Echo w/ Doppler,Cardiology,Dr. Ana Lopez,Cardiology
2026-04-12,Adult,Female,Asthma Monitoring,Clinic,Dr. Victor Manuel,Check-up
2026-04-12,Child,Female,Creatinine,Laboratory,"Patricia Mendoza, RMT",Laboratory
2026-04-12,Adult,Female,Dermatitis and Allergy,Clinic,Dr. Miguel Fernandez,Check-up
2026-04-12,Senior,Female,Estrogen (RIA),Laboratory,"Angela Reyes, RMT",Laboratory
2026-04-12,Adult,Male,Hand AP/OBLIQUE/Lateral,Radiology,Dr. Henry Ong,Imaging
2026-04-12,Senior,Female,Hypertension Monitoring,Clinic,Dr. Elena Bautista,Check-up
2026-04-12,Child,Male,Magnesium,Laboratory,"Joanna Lim, RMT",Laboratory
2026-04-12,Adult,Male,Routine Medical Consultation,Clinic,Dr. Camille Tan,Check-up
2026-04-12,Adult,Male,SGOT (AST),Laboratory,"Mark Villanueva, RMT",Laboratory
2026-04-12,Adult,Male,Upper Respiratory Infection,Clinic,Dr. Camille Tan,Check-up
2026-04-12,Child,Female,Upper Respiratory Infection,Clinic,Dr. Ana Lopez,Check-up
2026-04-12,Adult,Male,Urinary Tract Infection,Clinic,Dr. Ana Lopez,Check-up
2026-04-13,Senior,Male,Abdominal Pain,Clinic,Dr. Victor Manuel,Check-up
2026-04-13,Adult,Female,CBC,Clinic,Dr. Paolo Rivera,Pre-Employment Checkup
2026-04-13,Adult,Male,Dermatitis and Allergy,Clinic,Dr. Paolo Rivera,Check-up
2026-04-13,Senior,Female,Diabetes Mellitus Monitoring,Clinic,Dr. Elena Bautista,Check-up
2026-04-13,Adult,Female,Glucose,Laboratory,"Angela Reyes, RMT",Laboratory
2026-04-13,Adult,Female,Hypertension Monitoring,Clinic,Dr. Victor Manuel,Check-up
2026-04-13,Adult,Male,Hypertension Monitoring,Clinic,Dr. Elena Bautista,Check-up
2026-04-13,Senior,Female,Hypertension Monitoring,Clinic,Dr. Victor Manuel,Check-up
2026-04-13,Senior,Male,Neck,Radiology,Dr. Henry Ong,Imaging
2026-04-13,Adult,Female,Routine Medical Consultation,Clinic,Dr. Ana Lopez,Check-up
2026-04-14,Adult,Male,Anti-HBc Total,Laboratory,"Angela Reyes, RMT",Laboratory
2026-04-14,Adult,Male,Chest PA/LAT,Radiology,Dr. Sofia Mercado,Imaging
2026-04-14,Adult,Female,Micro Albumin (Micral Test),Laboratory,"Mark Villanueva, RMT",Laboratory
2026-04-14,Child,Female,Plain Abdomen AP/LAT (Pedia),Radiology,Dr. Henry Ong,Imaging
2026-04-14,Adult,Male,Protein,Laboratory,"Joanna Lim, RMT",Laboratory
2026-04-15,Adult,Male,Arterial & Venous Duplex Scan,Radiology,Dr. Sofia Mercado,Imaging
2026-04-15,Senior,Female,Diabetes Mellitus Monitoring,Clinic,Dr. Victor Manuel,Check-up
2026-04-15,Adult,Female,Hypertension Monitoring,Clinic,Dr. Victor Manuel,Check-up
2026-04-15,Adult,Female,Immunology/Serology,Laboratory,"Joanna Lim, RMT",Laboratory
2026-04-15,Adult,Female,SGOT (AST),Laboratory,"Rafael Torres, RMT",Laboratory
2026-04-15,Adult,Male,Total Protein,Laboratory,"Carlo Navarro, RMT",Laboratory
2026-04-16,Senior,Male,Ankle Brachial Index (ABI),Radiology,Dr. Sofia Mercado,Imaging
2026-04-16,Adult,Female,Bloodtype and RH Typing,Laboratory,"Carlo Navarro, RMT",Laboratory
2026-04-16,Adult,Female,Bloodtype and RH Typing,Laboratory,"Rafael Torres, RMT",Laboratory
2026-04-16,Adult,Female,Clavicle AP,Radiology,Dr. Sofia Mercado,Imaging
2026-04-16,Adult,Male,Gastritis,Clinic,Dr. Victor Manuel,Check-up
2026-04-16,Adult,Female,HBeAg,Laboratory,"Angela Reyes, RMT",Laboratory
2026-04-16,Adult,Female,Hypertension Monitoring,Clinic,Dr. Elena Bautista,Check-up
2026-04-16,Child,Male,Malarial Smear,Laboratory,"Carlo Navarro, RMT",Laboratory
2026-04-16,Adult,Male,Routine Medical Consultation,Clinic,Dr. Ana Lopez,Check-up
2026-04-16,Adult,Male,Ultrasound,Radiology,Dr. Sofia Mercado,Imaging
2026-04-16,Child,Female,Upper Respiratory Infection,Clinic,Dr. Miguel Fernandez,Check-up
2026-04-16,Adult,Female,Urinary Tract Infection,Clinic,Dr. Paolo Rivera,Check-up
2026-04-17,Adult,Female,Diabetes Mellitus Monitoring,Clinic,Dr. Victor Manuel,Check-up
2026-04-17,Adult,Male,Drug Test,Clinic,Dr. Camille Tan,Pre-Employment Checkup
2026-04-17,Senior,Male,ECG (12 Lead) Adult,Cardiology,Dr. Camille Tan,Cardiology
2026-04-17,Adult,Female,Fever,Clinic,Dr. Ana Lopez,Check-up
2026-04-17,Adult,Female,Gastritis,Clinic,Dr. Elena Bautista,Check-up
2026-04-17,Adult,Male,Gastritis,Clinic,Dr. Victor Manuel,Check-up
2026-04-17,Adult,Female,General Ultrasound (Abdomen),Radiology,Dr. Sofia Mercado,Imaging
2026-04-17,Child,Male,HBC-DNA,Laboratory,"Rafael Torres, RMT",Laboratory
2026-04-17,Adult,Female,Potassium (K),Laboratory,"Angela Reyes, RMT",Laboratory
2026-04-17,Adult,Female,Upper Respiratory Infection,Clinic,Dr. Miguel Fernandez,Check-up
2026-04-17,Adult,Female,X-Ray,Clinic,Dr. Miguel Fernandez,Pre-Employment Checkup
2026-04-18,Child,Female,2D Echo Pedia,Cardiology,Dr. Paolo Rivera,Cardiology
2026-04-18,Adult,Male,Blood Cs (1 site),Laboratory,"Carlo Navarro, RMT",Laboratory
2026-04-18,Adult,Female,Dermatitis and Allergy,Clinic,Dr. Miguel Fernandez,Check-up
2026-04-18,Child,Female,Dermatitis and Allergy,Clinic,Dr. Ana Lopez,Check-up
2026-04-18,Adult,Female,Fever,Clinic,Dr. Miguel Fernandez,Check-up
2026-04-18,Senior,Male,Gastritis,Clinic,Dr. Victor Manuel,Check-up
2026-04-18,Adult,Female,Hypertension Monitoring,Clinic,Dr. Victor Manuel,Check-up
2026-04-18,Senior,Male,Hypertension Monitoring,Clinic,Dr. Elena Bautista,Check-up
2026-04-18,Adult,Male,Hypertension Monitoring,Clinic,Dr. Elena Bautista,Check-up
2026-04-19,Child,Male,Amylase,Laboratory,"Rafael Torres, RMT",Laboratory
2026-04-19,Adult,Female,Diabetes Mellitus Monitoring,Clinic,Dr. Victor Manuel,Check-up
2026-04-19,Child,Female,Fever,Clinic,Dr. Camille Tan,Check-up
2026-04-19,Child,Female,Headache,Clinic,Dr. Paolo Rivera,Check-up
2026-04-19,Adult,Male,Upper Respiratory Infection,Clinic,Dr. Paolo Rivera,Check-up
2026-04-20,Adult,Male,Abdominal Pain,Clinic,Dr. Victor Manuel,Check-up
2026-04-20,Adult,Female,Calcium (C),Laboratory,"Angela Reyes, RMT",Laboratory
2026-04-20,Adult,Female,Estrogen,Laboratory,"Mark Villanueva, RMT",Laboratory
2026-04-20,Adult,Male,FT4 RIA,Laboratory,"Carlo Navarro, RMT",Laboratory
2026-04-20,Senior,Male,Hemodialysis Kinetics (pre & post BUN),Laboratory,"Mark Villanueva, RMT",Laboratory
2026-04-20,Adult,Female,"Hepa A,B,C",Laboratory,"Rafael Torres, RMT",Laboratory
2026-04-20,Adult,Male,Hypertension Monitoring,Clinic,Dr. Victor Manuel,Check-up
2026-04-20,Adult,Female,Hypertension Monitoring,Clinic,Dr. Elena Bautista,Check-up
2026-04-20,Adult,Male,"OGCT Pregnant (100g, 75g)",Laboratory,"Rafael Torres, RMT",Laboratory
2026-04-20,Adult,Female,Upper Respiratory Infection,Clinic,Dr. Miguel Fernandez,Check-up
2026-04-20,Adult,Male,Upper Respiratory Infection,Clinic,Dr. Ana Lopez,Check-up
2026-04-21,Adult,Male,Amylase,Laboratory,"Angela Reyes, RMT",Laboratory
2026-04-21,Adult,Female,Cervical APOL,Radiology,Dr. Sofia Mercado,Imaging
2026-04-21,Child,Male,Dermatitis and Allergy,Clinic,Dr. Camille Tan,Check-up
2026-04-21,Senior,Female,Leg AP/LAT (unilateral/bilateral),Radiology,Dr. Sofia Mercado,Imaging
2026-04-21,Adult,Female,OGCT,Laboratory,"Patricia Mendoza, RMT",Laboratory
2026-04-21,Adult,Female,Potassium (K),Laboratory,"Patricia Mendoza, RMT",Laboratory
2026-04-21,Child,Female,Potassium (K),Laboratory,"Joanna Lim, RMT",Laboratory
2026-04-21,Adult,Male,TPPA Quantitative,Laboratory,"Carlo Navarro, RMT",Laboratory
2026-04-21,Adult,Male,Triglyceride,Laboratory,"Patricia Mendoza, RMT",Laboratory
2026-04-21,Adult,Male,Upper Respiratory Infection,Clinic,Dr. Camille Tan,Check-up
2026-04-21,Adult,Female,Urinary Tract Infection,Clinic,Dr. Miguel Fernandez,Check-up
2026-04-21,Adult,Female,Urinary Tract Infection,Clinic,Dr. Camille Tan,Check-up
2026-04-22,Adult,Female,Asthma Monitoring,Clinic,Dr. Elena Bautista,Check-up
2026-04-22,Adult,Female,Bleeding Time,Laboratory,"Carlo Navarro, RMT",Laboratory
2026-04-22,Adult,Female,Blood Cs (2 site),Laboratory,"Patricia Mendoza, RMT",Laboratory
2026-04-22,Adult,Female,Fever,Clinic,Dr. Miguel Fernandez,Check-up
2026-04-22,Child,Female,Hepa B Vaccine,Clinic,Dr. Ana Lopez,Vaccination
2026-04-22,Senior,Female,Hypertension Monitoring,Clinic,Dr. Elena Bautista,Check-up
2026-04-22,Adult,Female,"TPAG (Total Protein, Albumin, AG)",Laboratory,"Mark Villanueva, RMT",Laboratory
2026-04-23,Adult,Male,Clinical Microscopy,Laboratory,"Mark Villanueva, RMT",Laboratory
2026-04-23,Adult,Male,Dermatitis and Allergy,Clinic,Dr. Miguel Fernandez,Check-up
2026-04-23,Adult,Female,Fecalysis,Laboratory,"Patricia Mendoza, RMT",Laboratory
2026-04-23,Child,Male,Hepa C profile,Laboratory,"Mark Villanueva, RMT",Laboratory
2026-04-23,Adult,Male,Hypertension Monitoring,Clinic,Dr. Victor Manuel,Check-up
2026-04-23,Adult,Female,Pancreas & Spleen,Radiology,Dr. Sofia Mercado,Imaging
2026-04-23,Adult,Female,Routine Medical Consultation,Clinic,Dr. Paolo Rivera,Check-up
2026-04-23,Adult,Male,Routine Medical Consultation,Clinic,Dr. Miguel Fernandez,Check-up
2026-04-23,Adult,Female,Urinary Tract Infection,Clinic,Dr. Paolo Rivera,Check-up
2026-04-23,Child,Female,Urinary Tract Infection,Clinic,Dr. Ana Lopez,Check-up
2026-04-24,Adult,Male,D-DIMER Test,Laboratory,"Carlo Navarro, RMT",Laboratory
2026-04-24,Adult,Male,Dermatitis and Allergy,Clinic,Dr. Miguel Fernandez,Check-up
2026-04-24,Adult,Male,MET (Shabu),Drug Testing,"Rafael Torres, RMT",Drug Testing
2026-04-24,Adult,Male,Upper Respiratory Infection,Clinic,Dr. Camille Tan,Check-up
2026-04-25,Adult,Male,Abdominal Pain,Clinic,Dr. Elena Bautista,Check-up
2026-04-25,Adult,Female,Anti-HAV Screening,Laboratory,"Angela Reyes, RMT",Laboratory
2026-04-25,Child,Female,Blood Cs with ARD (1 site),Laboratory,"Carlo Navarro, RMT",Laboratory
2026-04-25,Adult,Male,Dermatitis and Allergy,Clinic,Dr. Miguel Fernandez,Check-up
2026-04-25,Adult,Male,Estrogen (RIA),Laboratory,"Rafael Torres, RMT",Laboratory
2026-04-25,Senior,Female,Liver & Gallbladder,Radiology,Dr. Henry Ong,Imaging
2026-04-25,Adult,Female,MET (Shabu),Drug Testing,"Angela Reyes, RMT",Drug Testing
2026-04-25,Child,Female,Online Doctor Consultation,Clinic,Dr. Miguel Fernandez,Check-up
2026-04-25,Child,Female,Plain Abdomen AP/LAT (Pedia),Radiology,Dr. Sofia Mercado,Imaging
2026-04-26,Adult,Female,Anti-HBc IgM,Laboratory,"Mark Villanueva, RMT",Laboratory
2026-04-26,Adult,Male,Asthma Monitoring,Clinic,Dr. Victor Manuel,Check-up
2026-04-26,Adult,Male,Asthma Monitoring,Clinic,Dr. Elena Bautista,Check-up
2026-04-26,Adult,Female,CBC,Clinic,Dr. Ana Lopez,Pre-Employment Checkup
2026-04-26,Adult,Male,Coombs Test,Laboratory,"Carlo Navarro, RMT",Laboratory
2026-04-26,Child,Male,Online Doctor Consultation,Clinic,Dr. Camille Tan,Check-up
2026-04-26,Adult,Male,Typhil Dot,Laboratory,"Mark Villanueva, RMT",Laboratory
2026-04-26,Child,Male,Upper Respiratory Infection,Clinic,Dr. Miguel Fernandez,Check-up
2026-04-27,Adult,Male,Asthma Monitoring,Clinic,Dr. Victor Manuel,Check-up
2026-04-27,Adult,Male,Bloodtype and RH Typing,Laboratory,"Angela Reyes, RMT",Laboratory
2026-04-27,Adult,Female,Dermatitis and Allergy,Clinic,Dr. Camille Tan,Check-up
2026-04-27,Senior,Female,Diabetes Mellitus Monitoring,Clinic,Dr. Elena Bautista,Check-up
2026-04-27,Senior,Female,Gallbladder & Pancreas,Radiology,Dr. Sofia Mercado,Imaging
2026-04-27,Adult,Male,Gastritis,Clinic,Dr. Elena Bautista,Check-up
2026-04-27,Adult,Male,Malarial Smear,Laboratory,"Rafael Torres, RMT",Laboratory
2026-04-27,Adult,Male,Preventive Health Check-up,Clinic,Dr. Camille Tan,Check-up
2026-04-27,Senior,Male,Urinary Tract Infection,Clinic,Dr. Miguel Fernandez,Check-up
2026-04-27,Adult,Male,VDRL/Syphilis Screening,Laboratory,"Angela Reyes, RMT",Laboratory
2026-04-28,Senior,Female,Anti-HBs,Laboratory,"Mark Villanueva, RMT",Laboratory
2026-04-28,Adult,Male,Chloride (CI),Laboratory,"Mark Villanueva, RMT",Laboratory
2026-04-28,Adult,Male,Diabetes Mellitus Monitoring,Clinic,Dr. Victor Manuel,Check-up
2026-04-28,Adult,Male,Gram Stain,Laboratory,"Patricia Mendoza, RMT",Laboratory
2026-04-28,Adult,Female,Hypertension Monitoring,Clinic,Dr. Victor Manuel,Check-up
2026-04-28,Adult,Female,Protein,Laboratory,"Rafael Torres, RMT",Laboratory
2026-04-28,Senior,Female,Scapular Y View,Radiology,Dr. Sofia Mercado,Imaging
2026-04-28,Adult,Female,T3,Laboratory,"Joanna Lim, RMT",Laboratory
2026-04-28,Adult,Male,Troponin I Quantitative,Laboratory,"Carlo Navarro, RMT",Laboratory
2026-04-28,Child,Female,Upper Respiratory Infection,Clinic,Dr. Paolo Rivera,Check-up
2026-04-28,Adult,Male,Urinalysis & Fecalysis,Clinic,Dr. Ana Lopez,Pre-Employment Checkup
2026-04-28,Adult,Male,Urinalysis 10P,Laboratory,"Mark Villanueva, RMT",Laboratory
2026-04-29,Adult,Male,Diabetes Mellitus Monitoring,Clinic,Dr. Victor Manuel,Check-up
2026-04-29,Adult,Female,Fecal Occult Blood,Laboratory,"Angela Reyes, RMT",Laboratory
2026-04-29,Child,Male,Hepa B Vaccine,Clinic,Dr. Miguel Fernandez,Vaccination
2026-04-29,Adult,Female,Hepa C profile,Laboratory,"Mark Villanueva, RMT",Laboratory
2026-04-29,Senior,Male,Hypertension Monitoring,Clinic,Dr. Elena Bautista,Check-up
2026-04-29,Adult,Female,Hypertension Monitoring,Clinic,Dr. Elena Bautista,Check-up
2026-04-29,Adult,Female,Upper Respiratory Infection,Clinic,Dr. Miguel Fernandez,Check-up
2026-04-29,Adult,Male,Upper Respiratory Infection,Clinic,Dr. Ana Lopez,Check-up
2026-04-30,Adult,Female,Anti-HAV Screening,Laboratory,"Rafael Torres, RMT",Laboratory
2026-04-30,Senior,Female,Anti-HCV Titer,Laboratory,"Joanna Lim, RMT",Laboratory
2026-04-30,Adult,Female,Asthma Monitoring,Clinic,Dr. Elena Bautista,Check-up
2026-04-30,Adult,Male,Body Fluid LDH,Laboratory,"Carlo Navarro, RMT",Laboratory
2026-04-30,Senior,Male,Carotid Duplex Scan (by appointment),Radiology,Dr. Henry Ong,Imaging
2026-04-30,Adult,Male,Dengue Duo IgM/IgG,Laboratory,"Carlo Navarro, RMT",Laboratory
2026-04-30,Adult,Female,Dermatitis and Allergy,Clinic,Dr. Ana Lopez,Check-up
2026-04-30,Adult,Male,Lower Abdomen,Radiology,Dr. Andrea Sy,Imaging
2026-04-30,Adult,Female,Upper Respiratory Infection,Clinic,Dr. Camille Tan,Check-up
2026-05-01,Adult,Male,Fever,Clinic,Dr. Camille Tan,Check-up
2026-05-01,Adult,Female,Hypertension Monitoring,Clinic,Dr. Victor Manuel,Check-up
2026-05-01,Adult,Female,Hypertension Monitoring,Clinic,Dr. Elena Bautista,Check-up
2026-05-01,Adult,Male,Preventive Health Check-up,Clinic,Dr. Paolo Rivera,Check-up
2026-05-01,Child,Male,Preventive Health Check-up,Clinic,Dr. Ana Lopez,Check-up
2026-05-01,Adult,Female,"Special Ultrasound (Abdominal, Aorta, Adrenal, Breast, Chest, Inguinal, Musculoskeletal, Neck, Parot",Radiology,Dr. Henry Ong,Imaging
2026-05-01,Child,Female,Troponin I Qualitive,Laboratory,"Patricia Mendoza, RMT",Laboratory
2026-05-01,Adult,Female,Upper Respiratory Infection,Clinic,Dr. Camille Tan,Check-up
2026-05-02,Adult,Male,CBC,Annual Physical Examination,Dr. Miguel Fernandez,Annual Physical Examination
2026-05-02,Child,Female,Dengue NS1,Laboratory,"Patricia Mendoza, RMT",Laboratory
2026-05-02,Adult,Male,HBeAg,Laboratory,"Angela Reyes, RMT",Laboratory
2026-05-02,Adult,Female,Hypertension Monitoring,Clinic,Dr. Elena Bautista,Check-up
2026-05-02,Child,Male,Intact-PTH,Laboratory,"Rafael Torres, RMT",Laboratory
2026-05-02,Adult,Female,Preventive Health Check-up,Clinic,Dr. Ana Lopez,Check-up
2026-05-02,Adult,Female,Reticulocyte Count,Laboratory,"Patricia Mendoza, RMT",Laboratory
2026-05-02,Adult,Male,TBIC (Total Iron Binding Capacity),Laboratory,"Carlo Navarro, RMT",Laboratory
2026-05-02,Adult,Female,Upper Respiratory Infection,Clinic,Dr. Paolo Rivera,Check-up
2026-05-02,Child,Male,Upper Respiratory Infection,Clinic,Dr. Paolo Rivera,Check-up
2026-05-03,Child,Female,Antigen Swab Test,Laboratory,"Mark Villanueva, RMT",Laboratory
2026-05-03,Adult,Female,Asthma Monitoring,Clinic,Dr. Elena Bautista,Check-up
2026-05-03,Adult,Male,Dermatitis and Allergy,Clinic,Dr. Miguel Fernandez,Check-up
2026-05-03,Adult,Male,Diabetes Mellitus Monitoring,Clinic,Dr. Victor Manuel,Check-up
2026-05-03,Adult,Female,Diabetes Mellitus Monitoring,Clinic,Dr. Victor Manuel,Check-up
2026-05-03,Adult,Female,Gastritis,Clinic,Dr. Elena Bautista,Check-up
2026-05-03,Senior,Female,Potassium (K),Laboratory,"Mark Villanueva, RMT",Laboratory
2026-05-03,Adult,Female,Potassium (K),Laboratory,"Carlo Navarro, RMT",Laboratory
2026-05-03,Adult,Female,Routine Medical Consultation,Clinic,Dr. Camille Tan,Check-up
2026-05-03,Adult,Male,Sperm Analysis WHO,Laboratory,"Carlo Navarro, RMT",Laboratory
2026-05-03,Adult,Male,Upper Respiratory Infection,Clinic,Dr. Paolo Rivera,Check-up
2026-05-03,Senior,Male,Urinalysis & Fecalysis,Annual Physical Examination,Dr. Camille Tan,Annual Physical Examination
2026-05-03,Child,Female,Urinary Tract Infection,Clinic,Dr. Camille Tan,Check-up
2026-05-04,Child,Male,Dermatitis and Allergy,Clinic,Dr. Ana Lopez,Check-up
2026-05-04,Adult,Male,Diabetes Mellitus Monitoring,Clinic,Dr. Elena Bautista,Check-up
2026-05-04,Adult,Male,EBV Igg,Laboratory,"Carlo Navarro, RMT",Laboratory
2026-05-04,Adult,Female,Gastritis,Clinic,Dr. Elena Bautista,Check-up
2026-05-04,Adult,Male,Sperm Analysis WHO,Laboratory,"Carlo Navarro, RMT",Laboratory
2026-05-04,Adult,Female,Troponin T Qualitive,Laboratory,"Joanna Lim, RMT",Laboratory
2026-05-04,Senior,Male,Urinary Tract Infection,Clinic,Dr. Camille Tan,Check-up
2026-05-05,Adult,Male,Abdominal Pain,Clinic,Dr. Victor Manuel,Check-up
2026-05-05,Adult,Female,Amylase,Laboratory,"Rafael Torres, RMT",Laboratory
2026-05-05,Adult,Female,Arterial Duplex Scan (Unilateral),Radiology,Dr. Andrea Sy,Imaging
2026-05-05,Child,Female,Headache,Clinic,Dr. Miguel Fernandez,Check-up
2026-05-05,Senior,Female,Hypertension Monitoring,Clinic,Dr. Elena Bautista,Check-up
2026-05-05,Adult,Female,Reticulocyte Count,Laboratory,"Angela Reyes, RMT",Laboratory
2026-05-06,Child,Male,Anti-HBc IgG,Laboratory,"Rafael Torres, RMT",Laboratory
2026-05-06,Adult,Male,Anti-HCV Titer,Laboratory,"Patricia Mendoza, RMT",Laboratory
2026-05-06,Adult,Female,Dengue Combo,Laboratory,"Carlo Navarro, RMT",Laboratory
2026-05-06,Adult,Male,Drug Test,Clinic,Dr. Ana Lopez,Pre-Employment Checkup
2026-05-06,Child,Female,Fever,Clinic,Dr. Ana Lopez,Check-up
2026-05-06,Adult,Female,Fever,Clinic,Dr. Miguel Fernandez,Check-up
2026-05-06,Adult,Male,Hypertension Monitoring,Clinic,Dr. Elena Bautista,Check-up
2026-05-06,Adult,Male,Lipase,Laboratory,"Patricia Mendoza, RMT",Laboratory
2026-05-06,Adult,Male,Online Doctor Consultation,Clinic,Dr. Miguel Fernandez,Check-up
2026-05-06,Adult,Male,PPD Skin Test,Clinic,Dr. Miguel Fernandez,Vaccination
2026-05-06,Adult,Male,Upper Respiratory Infection,Clinic,Dr. Paolo Rivera,Check-up
2026-05-07,Adult,Female,Anti-HBc IgG,Laboratory,"Patricia Mendoza, RMT",Laboratory
2026-05-07,Child,Female,Chest AP-L (Pedia),Radiology,Dr. Sofia Mercado,Imaging
2026-05-07,Adult,Female,Dermatitis and Allergy,Clinic,Dr. Paolo Rivera,Check-up
2026-05-07,Adult,Male,Diabetes Mellitus Monitoring,Clinic,Dr. Victor Manuel,Check-up
2026-05-07,Senior,Female,Diabetes Mellitus Monitoring,Clinic,Dr. Victor Manuel,Check-up
2026-05-07,Adult,Female,Diabetes Mellitus Monitoring,Clinic,Dr. Elena Bautista,Check-up
2026-05-07,Adult,Female,Drug Testing,Home Service,"Patricia Mendoza, RMT",Home Service
2026-05-07,Adult,Female,ESR,Laboratory,"Rafael Torres, RMT",Laboratory
2026-05-07,Child,Female,Troponin T Qualitive,Laboratory,"Mark Villanueva, RMT",Laboratory
2026-05-08,Adult,Female,Asthma Monitoring,Clinic,Dr. Elena Bautista,Check-up
2026-05-08,Adult,Female,C3,Laboratory,"Angela Reyes, RMT",Laboratory
2026-05-08,Adult,Male,Diabetes Mellitus Monitoring,Clinic,Dr. Elena Bautista,Check-up
2026-05-08,Adult,Female,Drug Test,Clinic,Dr. Camille Tan,Pre-Employment Checkup
2026-05-08,Adult,Female,EBV Igm,Laboratory,"Carlo Navarro, RMT",Laboratory
2026-05-08,Adult,Female,Fever,Clinic,Dr. Camille Tan,Check-up
2026-05-08,Adult,Female,Fever,Clinic,Dr. Ana Lopez,Check-up
2026-05-08,Child,Male,Gastritis,Clinic,Dr. Victor Manuel,Check-up
2026-05-08,Adult,Male,Hypertension Monitoring,Clinic,Dr. Victor Manuel,Check-up
2026-05-08,Senior,Male,Pancreas & Spleen,Radiology,Dr. Andrea Sy,Imaging
2026-05-08,Adult,Female,Preventive Health Check-up,Clinic,Dr. Camille Tan,Check-up
2026-05-08,Adult,Female,Total Iron,Laboratory,"Angela Reyes, RMT",Laboratory
2026-05-09,Adult,Female,Clinical Chemistry,Laboratory,"Angela Reyes, RMT",Laboratory
2026-05-09,Senior,Male,Headache,Clinic,Dr. Camille Tan,Check-up
2026-05-09,Senior,Male,Headache,Clinic,Dr. Ana Lopez,Check-up
2026-05-09,Senior,Female,Lipid Profile,Laboratory,"Rafael Torres, RMT",Laboratory
2026-05-09,Adult,Female,Physical Exam,Clinic,Dr. Camille Tan,Pre-Employment Checkup
2026-05-09,Adult,Male,X-Ray,Annual Physical Examination,Dr. Ana Lopez,Annual Physical Examination
2026-05-10,Adult,Female,Asthma Monitoring,Clinic,Dr. Elena Bautista,Check-up
2026-05-10,Adult,Male,Asthma Monitoring,Clinic,Dr. Elena Bautista,Check-up
2026-05-10,Adult,Male,Dermatitis and Allergy,Clinic,Dr. Camille Tan,Check-up
2026-05-10,Child,Male,Dermatitis and Allergy,Clinic,Dr. Camille Tan,Check-up
2026-05-10,Adult,Male,Pelvic,Radiology,Dr. Sofia Mercado,Imaging
2026-05-10,Adult,Female,Upper Respiratory Infection,Clinic,Dr. Miguel Fernandez,Check-up
2026-05-11,Senior,Female,Anti-HAV IgM,Laboratory,"Carlo Navarro, RMT",Laboratory
2026-05-11,Child,Female,Asthma Monitoring,Clinic,Dr. Victor Manuel,Check-up
2026-05-11,Adult,Female,Diabetes Mellitus Monitoring,Clinic,Dr. Elena Bautista,Check-up
2026-05-11,Child,Male,HDL,Laboratory,"Angela Reyes, RMT",Laboratory
2026-05-11,Adult,Female,TDaP Vaccine (Adult),Clinic,Dr. Paolo Rivera,Vaccination
2026-05-11,Adult,Male,VDRL/Syphilis Screening,Laboratory,"Angela Reyes, RMT",Laboratory
2026-05-11,Adult,Female,X-Ray,Radiology,Dr. Andrea Sy,Imaging
2026-05-12,Adult,Female,ASO Screening,Laboratory,"Carlo Navarro, RMT",Laboratory
2026-05-12,Adult,Male,Abdominal Pain,Clinic,Dr. Elena Bautista,Check-up
2026-05-12,Senior,Male,Diabetes Mellitus Monitoring,Clinic,Dr. Victor Manuel,Check-up
2026-05-12,Adult,Male,Diabetes Mellitus Monitoring,Clinic,Dr. Victor Manuel,Check-up
2026-05-12,Senior,Male,Foot AP/OBLIQUE/Lateral,Radiology,Dr. Henry Ong,Imaging
2026-05-12,Adult,Female,General chest X-Ray,Radiology,Dr. Sofia Mercado,Imaging
2026-05-12,Adult,Female,Hypertension Monitoring,Clinic,Dr. Victor Manuel,Check-up
2026-05-12,Senior,Female,Intact-PTH,Laboratory,"Carlo Navarro, RMT",Laboratory
2026-05-12,Child,Female,Magnesium,Laboratory,"Patricia Mendoza, RMT",Laboratory
2026-05-12,Adult,Female,Progesterone,Laboratory,"Patricia Mendoza, RMT",Laboratory
2026-05-12,Senior,Female,Rib Cage,Radiology,Dr. Andrea Sy,Imaging
2026-05-12,Child,Female,Upper Respiratory Infection,Clinic,Dr. Paolo Rivera,Check-up
2026-05-12,Child,Male,Upper Respiratory Infection,Clinic,Dr. Paolo Rivera,Check-up
2026-05-13,Child,Female,AFB Stain,Laboratory,"Patricia Mendoza, RMT",Laboratory
2026-05-13,Adult,Male,ASO Screening,Laboratory,"Joanna Lim, RMT",Laboratory
2026-05-13,Adult,Female,Asthma Monitoring,Clinic,Dr. Victor Manuel,Check-up
2026-05-13,Adult,Female,Dermatitis and Allergy,Clinic,Dr. Ana Lopez,Check-up
2026-05-13,Adult,Female,GGTP,Laboratory,"Mark Villanueva, RMT",Laboratory
2026-05-13,Adult,Male,HBsAg Titer,Laboratory,"Rafael Torres, RMT",Laboratory
2026-05-13,Senior,Male,HBsAg Titer,Laboratory,"Rafael Torres, RMT",Laboratory
2026-05-13,Adult,Female,Online Doctor Consultation,Clinic,Dr. Miguel Fernandez,Check-up
2026-05-13,Adult,Male,Upper Respiratory Infection,Clinic,Dr. Miguel Fernandez,Check-up
2026-05-13,Senior,Female,Upper Respiratory Infection,Clinic,Dr. Ana Lopez,Check-up
2026-05-14,Child,Female,APTT,Laboratory,"Patricia Mendoza, RMT",Laboratory
2026-05-14,Adult,Male,Alkaline Phosphates,Laboratory,"Carlo Navarro, RMT",Laboratory
2026-05-14,Child,Male,Anti-HBc IgG,Laboratory,"Patricia Mendoza, RMT",Laboratory
2026-05-14,Adult,Female,Bicarbonate,Laboratory,"Angela Reyes, RMT",Laboratory
2026-05-14,Adult,Female,Chloride (C),Laboratory,"Joanna Lim, RMT",Laboratory
2026-05-14,Child,Female,Dermatitis and Allergy,Clinic,Dr. Miguel Fernandez,Check-up
2026-05-14,Senior,Female,Diabetes Mellitus Monitoring,Clinic,Dr. Elena Bautista,Check-up
2026-05-14,Adult,Male,FSH,Laboratory,"Rafael Torres, RMT",Laboratory
2026-05-14,Child,Female,"Iron Studies (TI, TIBC, Ferritin)",Laboratory,"Angela Reyes, RMT",Laboratory
2026-05-14,Senior,Male,Pelvic,Radiology,Dr. Henry Ong,Imaging
2026-05-14,Child,Female,Preventive Health Check-up,Clinic,Dr. Miguel Fernandez,Check-up
2026-05-14,Adult,Male,THC (Marijuana),Drug Testing,"Angela Reyes, RMT",Drug Testing
2026-05-15,Adult,Female,Diabetes Mellitus Monitoring,Clinic,Dr. Victor Manuel,Check-up
2026-05-15,Adult,Female,Diabetes Mellitus Monitoring,Clinic,Dr. Elena Bautista,Check-up
2026-05-15,Adult,Female,Fever,Clinic,Dr. Ana Lopez,Check-up
2026-05-15,Child,Male,Gastritis,Clinic,Dr. Elena Bautista,Check-up
2026-05-15,Adult,Male,HCV-RNA,Laboratory,"Joanna Lim, RMT",Laboratory
2026-05-15,Senior,Male,Hypertension Monitoring,Clinic,Dr. Elena Bautista,Check-up
2026-05-15,Senior,Male,Hypertension Monitoring,Clinic,Dr. Victor Manuel,Check-up
2026-05-15,Child,Female,Lipid Profile,Laboratory,"Angela Reyes, RMT",Laboratory
2026-05-15,Adult,Male,Upper Respiratory Infection,Clinic,Dr. Ana Lopez,Check-up
2026-05-15,Adult,Female,Upper Respiratory Infection,Clinic,Dr. Camille Tan,Check-up
2026-05-15,Adult,Male,Urinary Tract Infection,Clinic,Dr. Miguel Fernandez,Check-up
2026-05-15,Adult,Male,VFRL RPR Titer,Laboratory,"Rafael Torres, RMT",Laboratory
2026-05-16,Adult,Male,Asthma Monitoring,Clinic,Dr. Victor Manuel,Check-up
2026-05-16,Senior,Female,Cholesterol,Laboratory,"Mark Villanueva, RMT",Laboratory
2026-05-16,Adult,Male,Dermatitis and Allergy,Clinic,Dr. Ana Lopez,Check-up
2026-05-16,Adult,Female,Drug Test (Urine),Laboratory,"Carlo Navarro, RMT",Laboratory
2026-05-16,Adult,Female,SGPT (ALT),Laboratory,"Rafael Torres, RMT",Laboratory
2026-05-16,Senior,Female,TPPA Qualitative,Laboratory,"Carlo Navarro, RMT",Laboratory
2026-05-17,Adult,Female,AFB Stain,Laboratory,"Carlo Navarro, RMT",Laboratory
2026-05-17,Adult,Female,Cortisol,Laboratory,"Joanna Lim, RMT",Laboratory
2026-05-17,Adult,Male,Dermatitis and Allergy,Clinic,Dr. Ana Lopez,Check-up
2026-05-17,Senior,Male,Diabetes Mellitus Monitoring,Clinic,Dr. Elena Bautista,Check-up
2026-05-17,Adult,Female,Duplex Scan,Radiology,Dr. Henry Ong,Imaging
2026-05-17,Adult,Male,Hypertension Monitoring,Clinic,Dr. Elena Bautista,Check-up
2026-05-17,Adult,Female,Hypertension Monitoring,Clinic,Dr. Elena Bautista,Check-up
2026-05-17,Child,Female,Ionized Calcium (Ica),Laboratory,"Mark Villanueva, RMT",Laboratory
2026-05-17,Adult,Male,Preventive Health Check-up,Clinic,Dr. Camille Tan,Check-up
2026-05-17,Adult,Male,Routine Medical Consultation,Clinic,Dr. Ana Lopez,Check-up
2026-05-17,Adult,Female,THC (Marijuana),Drug Testing,"Joanna Lim, RMT",Drug Testing
2026-05-17,Adult,Male,Troponin I Quantitative,Laboratory,"Angela Reyes, RMT",Laboratory
2026-05-17,Adult,Male,X-Ray,Clinic,Dr. Paolo Rivera,Pre-Employment Checkup
2026-05-18,Adult,Male,12L-ECG,Cardiology,Dr. Ana Lopez,Cardiology
2026-05-18,Adult,Female,Abdominal Pain,Clinic,Dr. Elena Bautista,Check-up
2026-05-18,Adult,Female,Asthma Monitoring,Clinic,Dr. Elena Bautista,Check-up
2026-05-18,Adult,Female,Asthma Monitoring,Clinic,Dr. Victor Manuel,Check-up
2026-05-18,Adult,Female,CPK Total,Laboratory,"Patricia Mendoza, RMT",Laboratory
2026-05-18,Adult,Male,Diabetes Mellitus Monitoring,Clinic,Dr. Elena Bautista,Check-up
2026-05-18,Adult,Female,Headache,Clinic,Dr. Paolo Rivera,Check-up
2026-05-18,Senior,Male,Hypertension Monitoring,Clinic,Dr. Victor Manuel,Check-up
2026-05-18,Adult,Female,Ionized Calcium (Ica),Laboratory,"Rafael Torres, RMT",Laboratory
2026-05-18,Adult,Male,Sodium (Na),Laboratory,"Angela Reyes, RMT",Laboratory
2026-05-18,Adult,Female,Troponin I Qualitive,Laboratory,"Joanna Lim, RMT",Laboratory
2026-05-18,Child,Male,Urinary Tract Infection,Clinic,Dr. Ana Lopez,Check-up
2026-05-19,Adult,Male,APTT,Laboratory,"Joanna Lim, RMT",Laboratory
2026-05-19,Child,Female,Asthma Monitoring,Clinic,Dr. Victor Manuel,Check-up
2026-05-19,Senior,Female,Cervical AP/ LAT,Radiology,Dr. Andrea Sy,Imaging
2026-05-19,Child,Female,Fecal Occult Blood,Laboratory,"Patricia Mendoza, RMT",Laboratory
2026-05-19,Senior,Male,Hypertension Monitoring,Clinic,Dr. Victor Manuel,Check-up
2026-05-19,Adult,Female,Hypertension Monitoring,Clinic,Dr. Victor Manuel,Check-up
2026-05-19,Senior,Male,Liver & Spleen,Radiology,Dr. Henry Ong,Imaging
2026-05-19,Senior,Female,Nasal Bone AP/LAT,Radiology,Dr. Henry Ong,Imaging
2026-05-19,Senior,Female,OGCT,Laboratory,"Mark Villanueva, RMT",Laboratory
2026-05-19,Child,Male,"OGCT Pregnant (100g, 75g)",Laboratory,"Angela Reyes, RMT",Laboratory
2026-05-19,Adult,Female,"OGCT Pregnant (100g, 75g)",Laboratory,"Angela Reyes, RMT",Laboratory
2026-05-19,Senior,Male,Routine Medical Consultation,Clinic,Dr. Camille Tan,Check-up
2026-05-19,Senior,Male,Rubella Igm,Laboratory,"Carlo Navarro, RMT",Laboratory
2026-05-19,Senior,Female,Shoulder AP/LAT,Radiology,Dr. Henry Ong,Imaging
2026-05-19,Adult,Female,Upper Respiratory Infection,Clinic,Dr. Miguel Fernandez,Check-up
2026-05-19,Adult,Female,X-Ray,Clinic,Dr. Ana Lopez,Pre-Employment Checkup
2026-05-20,Adult,Female,CBC,Clinic,Dr. Paolo Rivera,Pre-Employment Checkup
2026-05-20,Adult,Male,Fecal Occult Blood,Laboratory,"Mark Villanueva, RMT",Laboratory
2026-05-20,Adult,Male,Potassium (K),Laboratory,"Mark Villanueva, RMT",Laboratory
2026-05-20,Adult,Male,Potassium (K),Laboratory,"Patricia Mendoza, RMT",Laboratory
2026-05-20,Child,Male,Routine Medical Consultation,Clinic,Dr. Camille Tan,Check-up
2026-05-20,Adult,Male,Upper Respiratory Infection,Clinic,Dr. Miguel Fernandez,Check-up
2026-05-21,Adult,Male,APTT,Laboratory,"Rafael Torres, RMT",Laboratory
2026-05-21,Adult,Female,Asthma Monitoring,Clinic,Dr. Elena Bautista,Check-up
2026-05-21,Child,Female,Asthma Monitoring,Clinic,Dr. Victor Manuel,Check-up
2026-05-21,Child,Female,Hepa B profile,Laboratory,"Patricia Mendoza, RMT",Laboratory
2026-05-21,Child,Female,Upper Respiratory Infection,Clinic,Dr. Paolo Rivera,Check-up
2026-05-21,Adult,Male,Upper Respiratory Infection,Clinic,Dr. Camille Tan,Check-up
2026-05-21,Adult,Male,Upper Respiratory Infection,Clinic,Dr. Ana Lopez,Check-up
2026-05-22,Adult,Female,2 Hours Post Prandial,Laboratory,"Angela Reyes, RMT",Laboratory
2026-05-22,Child,Female,Asthma Monitoring,Clinic,Dr. Elena Bautista,Check-up
2026-05-22,Adult,Male,Asthma Monitoring,Clinic,Dr. Elena Bautista,Check-up
2026-05-22,Adult,Male,Blood Cs with ARD (2 site),Laboratory,"Patricia Mendoza, RMT",Laboratory
2026-05-22,Child,Male,Blood Uric Acid,Laboratory,"Patricia Mendoza, RMT",Laboratory
2026-05-22,Adult,Male,Chest AP-L (Pedia),Radiology,Dr. Andrea Sy,Imaging
2026-05-22,Senior,Female,Diabetes Mellitus Monitoring,Clinic,Dr. Victor Manuel,Check-up
2026-05-22,Senior,Male,Hypertension Monitoring,Clinic,Dr. Elena Bautista,Check-up
2026-05-22,Adult,Male,Malarial Smear,Laboratory,"Joanna Lim, RMT",Laboratory
2026-05-22,Adult,Female,Preventive Health Check-up,Clinic,Dr. Camille Tan,Check-up
2026-05-22,Adult,Male,Routine Medical Consultation,Clinic,Dr. Miguel Fernandez,Check-up
2026-05-22,Adult,Female,SGOT (AST),Laboratory,"Joanna Lim, RMT",Laboratory
2026-05-22,Adult,Male,Upper Respiratory Infection,Clinic,Dr. Paolo Rivera,Check-up
2026-05-23,Child,Male,ASO Screening,Laboratory,"Mark Villanueva, RMT",Laboratory
2026-05-23,Adult,Male,Anti-HBc IgG,Laboratory,"Rafael Torres, RMT",Laboratory
2026-05-23,Senior,Male,Arterial Duplex Scan (Bilateral),Radiology,Dr. Andrea Sy,Imaging
2026-05-23,Adult,Male,Bloodtype and RH Typing,Laboratory,"Patricia Mendoza, RMT",Laboratory
2026-05-23,Adult,Female,Foot AP/OBLIQUE,Radiology,Dr. Sofia Mercado,Imaging
2026-05-23,Adult,Female,Gastritis,Clinic,Dr. Elena Bautista,Check-up
2026-05-23,Adult,Male,Hepa B profile,Laboratory,"Rafael Torres, RMT",Laboratory
2026-05-23,Adult,Female,Lipid Profile,Laboratory,"Angela Reyes, RMT",Laboratory
2026-05-23,Adult,Male,Peripheral Blood Smear ( 7 Days),Laboratory,"Angela Reyes, RMT",Laboratory
2026-05-23,Adult,Female,Pregnancy Test (Serum),Laboratory,"Carlo Navarro, RMT",Laboratory
2026-05-23,Adult,Female,Troponin T Qualitive,Laboratory,"Angela Reyes, RMT",Laboratory
2026-05-23,Adult,Male,Troponin T Qualitive,Laboratory,"Mark Villanueva, RMT",Laboratory
2026-05-24,Adult,Female,ASO Titer,Laboratory,"Joanna Lim, RMT",Laboratory
2026-05-24,Child,Female,Bicarbonate,Laboratory,"Rafael Torres, RMT",Laboratory
2026-05-24,Senior,Male,Diabetes Mellitus Monitoring,Clinic,Dr. Elena Bautista,Check-up
2026-05-24,Adult,Female,FT3 RIA,Laboratory,"Joanna Lim, RMT",Laboratory
2026-05-24,Adult,Female,Ferritin,Laboratory,"Rafael Torres, RMT",Laboratory
2026-05-24,Senior,Male,Fever,Clinic,Dr. Camille Tan,Check-up
2026-05-24,Adult,Female,Fever,Clinic,Dr. Paolo Rivera,Check-up
2026-05-24,Adult,Male,Liver & Pancreas,Radiology,Dr. Sofia Mercado,Imaging
2026-05-24,Adult,Male,Physical Exam,Clinic,Dr. Ana Lopez,Pre-Employment Checkup
2026-05-24,Senior,Male,Preventive Health Check-up,Clinic,Dr. Camille Tan,Check-up
2026-05-24,Adult,Male,Upper Respiratory Infection,Clinic,Dr. Miguel Fernandez,Check-up
2026-05-24,Adult,Female,Urinary Tract Infection,Clinic,Dr. Ana Lopez,Check-up
2026-05-25,Adult,Male,Diabetes Mellitus Monitoring,Clinic,Dr. Victor Manuel,Check-up
2026-05-25,Senior,Female,Hypertension Monitoring,Clinic,Dr. Elena Bautista,Check-up
2026-05-25,Adult,Male,"OGCT Post-Pregnant (100g, 75g)​",Laboratory,"Carlo Navarro, RMT",Laboratory
2026-05-25,Adult,Female,Potassium (K),Laboratory,"Angela Reyes, RMT",Laboratory
2026-05-25,Child,Male,Urinalysis,Laboratory,"Angela Reyes, RMT",Laboratory
2026-05-25,Adult,Male,VDRL/Syphilis Screening,Laboratory,"Mark Villanueva, RMT",Laboratory
2026-05-26,Adult,Female,Asthma Monitoring,Clinic,Dr. Elena Bautista,Check-up
2026-05-26,Adult,Male,Blood Cs with ARD (1 site),Laboratory,"Joanna Lim, RMT",Laboratory
2026-05-26,Senior,Male,Diabetes Mellitus Monitoring,Clinic,Dr. Victor Manuel,Check-up
2026-05-27,Adult,Female,Anti-HAV Screening,Laboratory,"Carlo Navarro, RMT",Laboratory
2026-05-27,Child,Female,Anti-HBe,Laboratory,"Joanna Lim, RMT",Laboratory
2026-05-27,Adult,Female,Dermatitis and Allergy,Clinic,Dr. Ana Lopez,Check-up
2026-05-27,Adult,Male,ESR,Laboratory,"Rafael Torres, RMT",Laboratory
2026-05-27,Adult,Female,HIV (Screening),Laboratory,"Mark Villanueva, RMT",Laboratory
2026-05-27,Adult,Male,Hepa A profile,Laboratory,"Patricia Mendoza, RMT",Laboratory
2026-05-27,Adult,Female,Hypertension Monitoring,Clinic,Dr. Victor Manuel,Check-up
2026-05-27,Adult,Male,Lipase,Laboratory,"Joanna Lim, RMT",Laboratory
2026-05-27,Adult,Male,Potassium (K),Laboratory,"Mark Villanueva, RMT",Laboratory
2026-05-27,Adult,Female,Preventive Health Check-up,Clinic,Dr. Paolo Rivera,Check-up
2026-05-27,Child,Female,RBS,Laboratory,"Patricia Mendoza, RMT",Laboratory
2026-05-27,Senior,Female,Routine Medical Consultation,Clinic,Dr. Camille Tan,Check-up
2026-05-27,Adult,Male,Upper Respiratory Infection,Clinic,Dr. Ana Lopez,Check-up
2026-05-27,Adult,Male,Upper Respiratory Infection,Clinic,Dr. Miguel Fernandez,Check-up
2026-05-27,Adult,Female,Urinalysis & Fecalysis,Clinic,Dr. Camille Tan,Pre-Employment Checkup
2026-05-28,Adult,Male,Alkaline Phosphates,Laboratory,"Joanna Lim, RMT",Laboratory
2026-05-28,Adult,Male,Dermatitis and Allergy,Clinic,Dr. Paolo Rivera,Check-up
2026-05-28,Senior,Female,Diabetes Mellitus Monitoring,Clinic,Dr. Elena Bautista,Check-up
2026-05-28,Adult,Female,Gastritis,Clinic,Dr. Victor Manuel,Check-up
2026-05-28,Adult,Female,Hepa A&B profile,Laboratory,"Mark Villanueva, RMT",Laboratory
2026-05-28,Adult,Female,THC (Marijuana),Drug Testing,"Angela Reyes, RMT",Drug Testing
2026-05-28,Adult,Female,Troponin T Qualitive,Laboratory,"Angela Reyes, RMT",Laboratory
2026-05-28,Adult,Female,Whole Abdomen,Radiology,Dr. Henry Ong,Imaging
2026-05-29,Adult,Female,Actual Platelet Count,Laboratory,"Mark Villanueva, RMT",Laboratory
2026-05-29,Adult,Female,Cervical APOL,Radiology,Dr. Sofia Mercado,Imaging
2026-05-29,Adult,Female,Dermatitis and Allergy,Clinic,Dr. Camille Tan,Check-up
2026-05-29,Adult,Male,Fever,Clinic,Dr. Ana Lopez,Check-up
2026-05-29,Adult,Female,Headache,Clinic,Dr. Paolo Rivera,Check-up
2026-05-29,Adult,Male,Lower Abdomen,Radiology,Dr. Sofia Mercado,Imaging
2026-05-29,Adult,Female,Progesterone,Laboratory,"Mark Villanueva, RMT",Laboratory
2026-05-29,Adult,Male,RA/RF Latex (Rheumatoid Factor),Laboratory,"Mark Villanueva, RMT",Laboratory
2026-05-29,Child,Male,Sodium (Na),Laboratory,"Rafael Torres, RMT",Laboratory
2026-05-29,Adult,Male,Upper Respiratory Infection,Clinic,Dr. Paolo Rivera,Check-up
2026-05-30,Child,Female,Anti-HAV IgM,Laboratory,"Angela Reyes, RMT",Laboratory
2026-05-30,Adult,Male,Body Fluid LDH,Laboratory,"Joanna Lim, RMT",Laboratory
2026-05-30,Senior,Female,Breast,Radiology,Dr. Henry Ong,Imaging
2026-05-30,Child,Female,Fever,Clinic,Dr. Ana Lopez,Check-up
2026-05-30,Senior,Male,Foot AP/L,Radiology,Dr. Sofia Mercado,Imaging
2026-05-30,Adult,Female,Hypertension Monitoring,Clinic,Dr. Elena Bautista,Check-up
2026-05-30,Adult,Male,Pancreas,Radiology,Dr. Andrea Sy,Imaging
2026-05-30,Adult,Female,Sodium (Na),Laboratory,"Patricia Mendoza, RMT",Laboratory
2026-05-30,Child,Male,Sodium (Na),Laboratory,"Rafael Torres, RMT",Laboratory
2026-05-30,Adult,Male,Urinary Tract Infection,Clinic,Dr. Paolo Rivera,Check-up
2026-05-31,Adult,Female,Albumin,Laboratory,"Patricia Mendoza, RMT",Laboratory
2026-05-31,Adult,Female,Fecal Occult Blood,Laboratory,"Patricia Mendoza, RMT",Laboratory
2026-05-31,Adult,Female,HDL,Laboratory,"Mark Villanueva, RMT",Laboratory
2026-05-31,Adult,Female,Hypertension Monitoring,Clinic,Dr. Elena Bautista,Check-up
2026-05-31,Adult,Female,Preventive Health Check-up,Clinic,Dr. Ana Lopez,Check-up
2026-05-31,Adult,Female,SGPT (ALT),Laboratory,"Mark Villanueva, RMT",Laboratory
2026-06-01,Senior,Female,D-DIMER Test,Laboratory,"Patricia Mendoza, RMT",Laboratory
2026-06-01,Adult,Male,Estrogen,Laboratory,"Rafael Torres, RMT",Laboratory
2026-06-01,Adult,Male,Upper Respiratory Infection,Clinic,Dr. Ana Lopez,Check-up
2026-06-02,Adult,Female,Blood Cs (2 site),Laboratory,"Joanna Lim, RMT",Laboratory
2026-06-02,Adult,Male,Dermatitis and Allergy,Clinic,Dr. Paolo Rivera,Check-up
2026-06-02,Adult,Male,Fever,Clinic,Dr. Miguel Fernandez,Check-up
2026-06-02,Adult,Female,Gastritis,Clinic,Dr. Elena Bautista,Check-up
2026-06-02,Senior,Female,General Ultrasound (Abdomen),Radiology,Dr. Andrea Sy,Imaging
2026-06-02,Child,Female,Hematology,Laboratory,"Angela Reyes, RMT",Laboratory
2026-06-02,Adult,Male,Hypertension Monitoring,Clinic,Dr. Elena Bautista,Check-up
2026-06-02,Adult,Male,Physical Exam,Clinic,Dr. Miguel Fernandez,Pre-Employment Checkup
2026-06-02,Adult,Female,X-Ray,Annual Physical Examination,Dr. Camille Tan,Annual Physical Examination
2026-06-03,Child,Male,Alkaline Phosphates,Laboratory,"Carlo Navarro, RMT",Laboratory
2026-06-03,Adult,Male,Anti-HAV Screening,Laboratory,"Joanna Lim, RMT",Laboratory
2026-06-03,Adult,Male,Calcium (C),Laboratory,"Patricia Mendoza, RMT",Laboratory
2026-06-03,Adult,Male,Dermatitis and Allergy,Clinic,Dr. Paolo Rivera,Check-up
2026-06-03,Senior,Male,Diabetes Mellitus Monitoring,Clinic,Dr. Elena Bautista,Check-up
2026-06-03,Adult,Male,Drug Test (Urine),Laboratory,"Patricia Mendoza, RMT",Laboratory
2026-06-03,Child,Female,Fever,Clinic,Dr. Miguel Fernandez,Check-up
2026-06-03,Adult,Female,Fever,Clinic,Dr. Miguel Fernandez,Check-up
2026-06-03,Adult,Male,Fever,Clinic,Dr. Ana Lopez,Check-up
2026-06-03,Adult,Male,HBA1C (edta),Laboratory,"Patricia Mendoza, RMT",Laboratory
2026-06-03,Adult,Female,Upper Respiratory Infection,Clinic,Dr. Paolo Rivera,Check-up
2026-06-03,Adult,Male,Upper Respiratory Infection,Clinic,Dr. Ana Lopez,Check-up
2026-06-03,Adult,Female,Upper Respiratory Infection,Clinic,Dr. Camille Tan,Check-up
2026-06-04,Adult,Male,Asthma Monitoring,Clinic,Dr. Victor Manuel,Check-up
2026-06-04,Senior,Female,Breast,Radiology,Dr. Henry Ong,Imaging
2026-06-04,Adult,Female,Diabetes Mellitus Monitoring,Clinic,Dr. Elena Bautista,Check-up
2026-06-04,Senior,Male,Diabetes Mellitus Monitoring,Clinic,Dr. Victor Manuel,Check-up
2026-06-04,Senior,Female,Fever,Clinic,Dr. Paolo Rivera,Check-up
2026-06-04,Adult,Male,Paranasal Sinus,Radiology,Dr. Sofia Mercado,Imaging
2026-06-04,Adult,Female,Progesterone,Laboratory,"Patricia Mendoza, RMT",Laboratory
2026-06-04,Adult,Male,Routine Medical Consultation,Clinic,Dr. Camille Tan,Check-up
2026-06-04,Adult,Female,Troponin T Qualitive,Laboratory,"Mark Villanueva, RMT",Laboratory
2026-06-05,Adult,Female,Asthma Monitoring,Clinic,Dr. Elena Bautista,Check-up
2026-06-05,Senior,Male,Diabetes Mellitus Monitoring,Clinic,Dr. Victor Manuel,Check-up
2026-06-05,Adult,Male,FT3 RIA,Laboratory,"Carlo Navarro, RMT",Laboratory
2026-06-05,Adult,Female,Fever,Clinic,Dr. Ana Lopez,Check-up
2026-06-05,Adult,Male,Foot AP/OBLIQUE,Radiology,Dr. Henry Ong,Imaging
2026-06-05,Senior,Female,Gallbladder & Pancreas,Radiology,Dr. Henry Ong,Imaging
2026-06-05,Adult,Female,Upper Respiratory Infection,Clinic,Dr. Camille Tan,Check-up
2026-06-06,Adult,Male,Diabetes Mellitus Monitoring,Clinic,Dr. Victor Manuel,Check-up
2026-06-06,Adult,Female,Gastritis,Clinic,Dr. Elena Bautista,Check-up
2026-06-06,Adult,Male,Paps Smear (7 days),Laboratory,"Patricia Mendoza, RMT",Laboratory
2026-06-06,Adult,Male,Potassium (K),Laboratory,"Rafael Torres, RMT",Laboratory
2026-06-06,Senior,Male,SGPT (ALT),Laboratory,"Angela Reyes, RMT",Laboratory
2026-06-06,Senior,Female,Total Protein,Laboratory,"Patricia Mendoza, RMT",Laboratory
2026-06-06,Adult,Male,Total Protein,Laboratory,"Joanna Lim, RMT",Laboratory
2026-06-06,Adult,Male,Upper Respiratory Infection,Clinic,Dr. Miguel Fernandez,Check-up
2026-06-07,Adult,Female,Anti-HBe,Laboratory,"Patricia Mendoza, RMT",Laboratory
2026-06-07,Senior,Male,Carotid Duplex Scan (by appointment),Radiology,Dr. Henry Ong,Imaging
2026-06-07,Child,Female,FSH,Laboratory,"Rafael Torres, RMT",Laboratory
2026-06-07,Adult,Male,Hypertension Monitoring,Clinic,Dr. Elena Bautista,Check-up
2026-06-07,Adult,Male,Hypertension Monitoring,Clinic,Dr. Victor Manuel,Check-up
2026-06-07,Adult,Male,Paps Smear (7 days),Laboratory,"Mark Villanueva, RMT",Laboratory
2026-06-07,Child,Female,Rubella Igm,Laboratory,"Mark Villanueva, RMT",Laboratory
2026-06-07,Adult,Female,Sodium (Na),Laboratory,"Angela Reyes, RMT",Laboratory
2026-06-07,Adult,Female,TPPA Qualitative,Laboratory,"Angela Reyes, RMT",Laboratory
2026-06-08,Adult,Female,Anti-HBc IgM,Laboratory,"Joanna Lim, RMT",Laboratory
2026-06-08,Adult,Male,Ferritin,Laboratory,"Carlo Navarro, RMT",Laboratory
2026-06-08,Senior,Female,Hypertension Monitoring,Clinic,Dr. Elena Bautista,Check-up
2026-06-08,Senior,Male,Pregnancy Test (Urine),Laboratory,"Joanna Lim, RMT",Laboratory
2026-06-08,Adult,Male,VFRL RPR Titer,Laboratory,"Carlo Navarro, RMT",Laboratory
2026-06-09,Adult,Female,AFB Stain,Laboratory,"Patricia Mendoza, RMT",Laboratory
2026-06-09,Senior,Male,Anti-HBc Total,Laboratory,"Patricia Mendoza, RMT",Laboratory
2026-06-09,Adult,Male,Chloride (CI),Laboratory,"Rafael Torres, RMT",Laboratory
2026-06-09,Adult,Female,Dermatitis and Allergy,Clinic,Dr. Miguel Fernandez,Check-up
2026-06-09,Adult,Male,Diabetes Mellitus Monitoring,Clinic,Dr. Elena Bautista,Check-up
2026-06-09,Child,Female,Fever,Clinic,Dr. Camille Tan,Check-up
2026-06-09,Child,Male,HCV-Genotyping,Laboratory,"Mark Villanueva, RMT",Laboratory
2026-06-09,Adult,Male,Hypertension Monitoring,Clinic,Dr. Victor Manuel,Check-up
2026-06-09,Adult,Female,Hypertension Monitoring,Clinic,Dr. Elena Bautista,Check-up
2026-06-09,Senior,Female,Hypertension Monitoring,Clinic,Dr. Victor Manuel,Check-up
2026-06-09,Adult,Female,MET (Shabu),Drug Testing,"Rafael Torres, RMT",Drug Testing
2026-06-09,Adult,Female,Total Iron,Laboratory,"Patricia Mendoza, RMT",Laboratory
2026-06-10,Child,Female,Acid Phosphatase,Laboratory,"Angela Reyes, RMT",Laboratory
2026-06-10,Senior,Female,Arm AP/L,Radiology,Dr. Sofia Mercado,Imaging
2026-06-10,Adult,Female,Breast,Radiology,Dr. Andrea Sy,Imaging
2026-06-10,Adult,Female,CPK-MM,Laboratory,"Joanna Lim, RMT",Laboratory
2026-06-10,Senior,Female,Dermatitis and Allergy,Clinic,Dr. Miguel Fernandez,Check-up
2026-06-10,Adult,Male,Dermatitis and Allergy,Clinic,Dr. Camille Tan,Check-up
2026-06-10,Adult,Male,FT3,Laboratory,"Angela Reyes, RMT",Laboratory
2026-06-10,Senior,Male,Gastritis,Clinic,Dr. Elena Bautista,Check-up
2026-06-10,Adult,Male,"Hepa A,B,C",Laboratory,"Mark Villanueva, RMT",Laboratory
2026-06-10,Adult,Female,Hypertension Monitoring,Clinic,Dr. Elena Bautista,Check-up
2026-06-10,Adult,Female,Lipase,Laboratory,"Joanna Lim, RMT",Laboratory
2026-06-10,Adult,Male,Physical Exam,Clinic,Dr. Paolo Rivera,Pre-Employment Checkup
2026-06-10,Adult,Female,Physical Exam,Clinic,Dr. Ana Lopez,Pre-Employment Checkup
2026-06-10,Adult,Female,Preventive Health Check-up,Clinic,Dr. Paolo Rivera,Check-up
2026-06-10,Adult,Female,Upper Respiratory Infection,Clinic,Dr. Camille Tan,Check-up
2026-06-10,Adult,Male,Upper Respiratory Infection,Clinic,Dr. Miguel Fernandez,Check-up
2026-06-11,Child,Female,Abdominal Pain,Clinic,Dr. Victor Manuel,Check-up
2026-06-11,Senior,Female,Dengue Duo IgM/IgG,Laboratory,"Carlo Navarro, RMT",Laboratory
2026-06-11,Adult,Female,Dengue NS1,Laboratory,"Carlo Navarro, RMT",Laboratory
2026-06-11,Adult,Female,Dermatitis and Allergy,Clinic,Dr. Paolo Rivera,Check-up
2026-06-11,Adult,Male,Gastritis,Clinic,Dr. Victor Manuel,Check-up
2026-06-11,Adult,Male,Hematology,Laboratory,"Mark Villanueva, RMT",Laboratory
2026-06-11,Adult,Male,Hepa C profile,Laboratory,"Angela Reyes, RMT",Laboratory
2026-06-11,Adult,Female,Hypertension Monitoring,Clinic,Dr. Victor Manuel,Check-up
2026-06-11,Child,Male,Upper Respiratory Infection,Clinic,Dr. Camille Tan,Check-up
2026-06-11,Adult,Male,Upper Respiratory Infection,Clinic,Dr. Camille Tan,Check-up
2026-06-12,Adult,Male,Asthma Monitoring,Clinic,Dr. Victor Manuel,Check-up
2026-06-12,Adult,Male,Drug Test (Urine),Laboratory,"Angela Reyes, RMT",Laboratory
2026-06-12,Adult,Female,Fever,Clinic,Dr. Paolo Rivera,Check-up
2026-06-12,Adult,Male,Headache,Clinic,Dr. Ana Lopez,Check-up
2026-06-12,Child,Male,RBC Morphology (Urine),Laboratory,"Carlo Navarro, RMT",Laboratory
2026-06-12,Adult,Female,TPHA Titer,Laboratory,"Mark Villanueva, RMT",Laboratory
2026-06-12,Adult,Female,X-Ray,Annual Physical Examination,Dr. Camille Tan,Annual Physical Examination
2026-06-13,Adult,Male,Chloride (C),Laboratory,"Joanna Lim, RMT",Laboratory
2026-06-13,Child,Male,Gastritis,Clinic,Dr. Victor Manuel,Check-up
2026-06-13,Adult,Female,Headache,Clinic,Dr. Ana Lopez,Check-up
2026-06-13,Senior,Male,Hypertension Monitoring,Clinic,Dr. Elena Bautista,Check-up
2026-06-13,Adult,Male,Preventive Health Check-up,Clinic,Dr. Miguel Fernandez,Check-up
2026-06-13,Child,Female,RBS,Laboratory,"Carlo Navarro, RMT",Laboratory
2026-06-13,Adult,Female,Scapular Y View,Radiology,Dr. Sofia Mercado,Imaging
2026-06-13,Adult,Male,Sperm Analysis WHO,Laboratory,"Patricia Mendoza, RMT",Laboratory
2026-06-14,Child,Male,2D Echo: Pedia (by appointment),Cardiology,Dr. Miguel Fernandez,Cardiology
2026-06-14,Adult,Female,Acid Phosphatase,Laboratory,"Angela Reyes, RMT",Laboratory
2026-06-14,Adult,Male,Chloride (CI),Laboratory,"Patricia Mendoza, RMT",Laboratory
2026-06-14,Adult,Male,Clotting Time,Laboratory,"Rafael Torres, RMT",Laboratory
2026-06-14,Adult,Male,Dermatitis and Allergy,Clinic,Dr. Paolo Rivera,Check-up
2026-06-14,Adult,Male,Dermatitis and Allergy,Clinic,Dr. Camille Tan,Check-up
2026-06-14,Adult,Male,Dermatitis and Allergy,Clinic,Dr. Ana Lopez,Check-up
2026-06-14,Senior,Male,Diabetes Mellitus Monitoring,Clinic,Dr. Elena Bautista,Check-up
2026-06-14,Adult,Female,Ferritin,Laboratory,"Patricia Mendoza, RMT",Laboratory
2026-06-14,Senior,Female,Hand AP/OBLIQUE or AP/L (each),Radiology,Dr. Sofia Mercado,Imaging
2026-06-14,Adult,Female,Headache,Clinic,Dr. Paolo Rivera,Check-up
2026-06-14,Adult,Male,Hypertension Monitoring,Clinic,Dr. Elena Bautista,Check-up
2026-06-14,Adult,Female,Hypertension Monitoring,Clinic,Dr. Elena Bautista,Check-up
2026-06-14,Adult,Female,Hypertension Monitoring,Clinic,Dr. Victor Manuel,Check-up
2026-06-14,Adult,Male,Paps Smear (7 days),Laboratory,"Mark Villanueva, RMT",Laboratory
2026-06-14,Adult,Female,Troponin I Quantitative,Laboratory,"Angela Reyes, RMT",Laboratory
2026-06-14,Adult,Male,Upper Respiratory Infection,Clinic,Dr. Ana Lopez,Check-up
2026-06-15,Adult,Female,ASO Screening,Laboratory,"Patricia Mendoza, RMT",Laboratory
2026-06-15,Child,Male,Coombs Test,Laboratory,"Patricia Mendoza, RMT",Laboratory
2026-06-15,Child,Female,Gastritis,Clinic,Dr. Victor Manuel,Check-up
2026-06-15,Adult,Male,Physical Exam,Clinic,Dr. Camille Tan,Pre-Employment Checkup
2026-06-15,Child,Female,TPPA Qualitative,Laboratory,"Carlo Navarro, RMT",Laboratory
2026-06-15,Adult,Female,Testosterone,Laboratory,"Rafael Torres, RMT",Laboratory
2026-06-16,Adult,Female,Abdominal Pain,Clinic,Dr. Victor Manuel,Check-up
2026-06-16,Adult,Female,Creatinine,Laboratory,"Rafael Torres, RMT",Laboratory
2026-06-16,Child,Male,Ferritin,Laboratory,"Carlo Navarro, RMT",Laboratory
2026-06-16,Senior,Female,Fever,Clinic,Dr. Miguel Fernandez,Check-up
2026-06-16,Adult,Male,HBA1C (edta),Laboratory,"Mark Villanueva, RMT",Laboratory
2026-06-16,Child,Female,HSCRP,Laboratory,"Joanna Lim, RMT",Laboratory
2026-06-16,Adult,Male,Hypertension Monitoring,Clinic,Dr. Elena Bautista,Check-up
2026-06-16,Child,Female,KOH,Laboratory,"Carlo Navarro, RMT",Laboratory
2026-06-17,Adult,Male,Albumin (Protein) Creatinine Ratio,Laboratory,"Rafael Torres, RMT",Laboratory
2026-06-17,Adult,Male,Amylase,Laboratory,"Carlo Navarro, RMT",Laboratory
2026-06-17,Adult,Male,Fever,Clinic,Dr. Camille Tan,Check-up
2026-06-17,Child,Female,Hepa C profile,Laboratory,"Joanna Lim, RMT",Laboratory
2026-06-17,Adult,Male,Hypertension Monitoring,Clinic,Dr. Victor Manuel,Check-up
2026-06-17,Adult,Female,Serum LDH,Laboratory,"Mark Villanueva, RMT",Laboratory
2026-06-17,Adult,Male,TPHA Titer,Laboratory,"Mark Villanueva, RMT",Laboratory
2026-06-17,Child,Female,Total Protein,Laboratory,"Carlo Navarro, RMT",Laboratory
2026-06-17,Adult,Female,Upper Respiratory Infection,Clinic,Dr. Paolo Rivera,Check-up
2026-06-18,Adult,Female,Asthma Monitoring,Clinic,Dr. Victor Manuel,Check-up
2026-06-18,Adult,Male,Diabetes Mellitus Monitoring,Clinic,Dr. Elena Bautista,Check-up
2026-06-18,Senior,Male,ECG,Cardiology,Dr. Miguel Fernandez,Cardiology
2026-06-18,Senior,Male,Gastritis,Clinic,Dr. Elena Bautista,Check-up
2026-06-18,Adult,Male,Headache,Clinic,Dr. Miguel Fernandez,Check-up
2026-06-18,Senior,Female,Leg AP/LAT (unilateral/bilateral),Radiology,Dr. Sofia Mercado,Imaging
2026-06-18,Adult,Male,Physical Exam,Clinic,Dr. Paolo Rivera,Pre-Employment Checkup
2026-06-18,Adult,Male,Preventive Health Check-up,Clinic,Dr. Camille Tan,Check-up
2026-06-18,Adult,Male,Prothrombin Time,Laboratory,"Joanna Lim, RMT",Laboratory
2026-06-18,Adult,Male,RA/RF Latex (Rheumatoid Factor),Laboratory,"Patricia Mendoza, RMT",Laboratory
2026-06-18,Adult,Female,TPPA Qualitative,Laboratory,"Joanna Lim, RMT",Laboratory
2026-06-18,Child,Female,Upper Respiratory Infection,Clinic,Dr. Miguel Fernandez,Check-up
2026-06-18,Adult,Female,Upper Respiratory Infection,Clinic,Dr. Ana Lopez,Check-up
2026-06-19,Adult,Male,Anti-Tetanus,Clinic,Dr. Ana Lopez,Vaccination
2026-06-19,Child,Female,Asthma Monitoring,Clinic,Dr. Victor Manuel,Check-up
2026-06-19,Adult,Female,Asthma Monitoring,Clinic,Dr. Elena Bautista,Check-up
2026-06-19,Senior,Male,HCV-Genotyping,Laboratory,"Joanna Lim, RMT",Laboratory
2026-06-19,Adult,Male,Lipid Profile,Laboratory,"Joanna Lim, RMT",Laboratory
2026-06-19,Child,Male,Preventive Health Check-up,Clinic,Dr. Paolo Rivera,Check-up
2026-06-20,Adult,Male,Albumin,Laboratory,"Mark Villanueva, RMT",Laboratory
2026-06-20,Adult,Male,Antigen Swab Test,Laboratory,"Mark Villanueva, RMT",Laboratory
2026-06-20,Adult,Male,Dermatitis and Allergy,Clinic,Dr. Ana Lopez,Check-up
2026-06-20,Adult,Female,Dermatitis and Allergy,Clinic,Dr. Miguel Fernandez,Check-up
2026-06-20,Child,Female,Fever,Clinic,Dr. Camille Tan,Check-up
2026-06-20,Child,Male,H. Pylori Stool,Laboratory,"Mark Villanueva, RMT",Laboratory
2026-06-20,Senior,Male,HBsAg Titer,Laboratory,"Rafael Torres, RMT",Laboratory
2026-06-20,Adult,Male,Headache,Clinic,Dr. Ana Lopez,Check-up
2026-06-20,Adult,Female,Hypertension Monitoring,Clinic,Dr. Victor Manuel,Check-up
2026-06-20,Adult,Male,Hypertension Monitoring,Clinic,Dr. Elena Bautista,Check-up
2026-06-20,Child,Female,Routine Medical Consultation,Clinic,Dr. Ana Lopez,Check-up
2026-06-20,Adult,Male,TSH,Laboratory,"Mark Villanueva, RMT",Laboratory
2026-06-20,Senior,Female,Upper Respiratory Infection,Clinic,Dr. Miguel Fernandez,Check-up
2026-06-20,Adult,Female,Urinalysis & Fecalysis,Clinic,Dr. Paolo Rivera,Pre-Employment Checkup
2026-06-21,Adult,Male,Asthma Monitoring,Clinic,Dr. Elena Bautista,Check-up
2026-06-21,Adult,Female,Asthma Monitoring,Clinic,Dr. Victor Manuel,Check-up
2026-06-21,Senior,Male,Coombs Test,Laboratory,"Mark Villanueva, RMT",Laboratory
2026-06-21,Adult,Female,Dermatitis and Allergy,Clinic,Dr. Ana Lopez,Check-up
2026-06-21,Adult,Female,FT4,Laboratory,"Angela Reyes, RMT",Laboratory
2026-06-21,Child,Male,HDL,Laboratory,"Patricia Mendoza, RMT",Laboratory
2026-06-21,Senior,Male,Hypertension Monitoring,Clinic,Dr. Elena Bautista,Check-up
2026-06-21,Senior,Female,Thyroid,Radiology,Dr. Sofia Mercado,Imaging
2026-06-21,Child,Male,Upper Respiratory Infection,Clinic,Dr. Miguel Fernandez,Check-up
2026-06-22,Senior,Female,Acid Phosphatase,Laboratory,"Joanna Lim, RMT",Laboratory
2026-06-22,Adult,Male,Asthma Monitoring,Clinic,Dr. Elena Bautista,Check-up
2026-06-22,Adult,Male,Blood Cs with ARD (1 site),Laboratory,"Angela Reyes, RMT",Laboratory
2026-06-22,Child,Male,C3,Laboratory,"Mark Villanueva, RMT",Laboratory
2026-06-22,Senior,Female,Fever,Clinic,Dr. Miguel Fernandez,Check-up
2026-06-22,Senior,Male,Fever,Clinic,Dr. Paolo Rivera,Check-up
2026-06-22,Adult,Female,HBC-DNA,Laboratory,"Rafael Torres, RMT",Laboratory
2026-06-22,Child,Female,Hepa C profile,Laboratory,"Rafael Torres, RMT",Laboratory
2026-06-22,Adult,Female,Preventive Health Check-up,Clinic,Dr. Ana Lopez,Check-up
2026-06-22,Adult,Male,SGOT (AST),Laboratory,"Joanna Lim, RMT",Laboratory
2026-06-22,Adult,Female,Upper Respiratory Infection,Clinic,Dr. Paolo Rivera,Check-up
2026-06-22,Adult,Female,Upper Respiratory Infection,Clinic,Dr. Miguel Fernandez,Check-up
2026-06-22,Adult,Female,VFRL RPR Titer,Laboratory,"Rafael Torres, RMT",Laboratory
2026-06-23,Adult,Female,Asthma Monitoring,Clinic,Dr. Elena Bautista,Check-up
2026-06-23,Adult,Female,Creatinine,Laboratory,"Carlo Navarro, RMT",Laboratory
2026-06-23,Adult,Female,Dermatitis and Allergy,Clinic,Dr. Ana Lopez,Check-up
2026-06-23,Adult,Male,Dermatitis and Allergy,Clinic,Dr. Paolo Rivera,Check-up
2026-06-23,Adult,Male,Diabetes Mellitus Monitoring,Clinic,Dr. Elena Bautista,Check-up
2026-06-23,Adult,Male,Estradiol/Estrogen,Laboratory,"Rafael Torres, RMT",Laboratory
2026-06-23,Adult,Male,Ferritin,Laboratory,"Rafael Torres, RMT",Laboratory
2026-06-23,Adult,Male,Hypertension Monitoring,Clinic,Dr. Elena Bautista,Check-up
2026-06-23,Senior,Male,Hypertension Monitoring,Clinic,Dr. Victor Manuel,Check-up
2026-06-23,Senior,Female,Hypertension Monitoring,Clinic,Dr. Victor Manuel,Check-up
2026-06-23,Child,Female,Immunology/Serology,Laboratory,"Carlo Navarro, RMT",Laboratory
2026-06-23,Adult,Female,"OGCT Non-Pregnant (100g, 75g)",Laboratory,"Joanna Lim, RMT",Laboratory
2026-06-23,Adult,Female,Physical Exam,Clinic,Dr. Paolo Rivera,Pre-Employment Checkup
2026-06-23,Senior,Male,Prothrombin Time,Laboratory,"Joanna Lim, RMT",Laboratory
2026-06-23,Adult,Male,Upper Respiratory Infection,Clinic,Dr. Paolo Rivera,Check-up
2026-06-23,Child,Male,Urine C/S,Laboratory,"Rafael Torres, RMT",Laboratory
2026-06-24,Adult,Female,Asthma Monitoring,Clinic,Dr. Elena Bautista,Check-up
2026-06-24,Adult,Male,Asthma Monitoring,Clinic,Dr. Victor Manuel,Check-up
2026-06-24,Adult,Male,Calcium (C),Laboratory,"Mark Villanueva, RMT",Laboratory
2026-06-24,Adult,Male,Chest (Need CXR PA),Radiology,Dr. Sofia Mercado,Imaging
2026-06-24,Adult,Male,Dermatitis and Allergy,Clinic,Dr. Paolo Rivera,Check-up
2026-06-24,Child,Female,Hepa C profile,Laboratory,"Joanna Lim, RMT",Laboratory
2026-06-24,Adult,Male,Hypertension Monitoring,Clinic,Dr. Victor Manuel,Check-up
2026-06-24,Senior,Female,Pelvis Hip,Radiology,Dr. Sofia Mercado,Imaging
2026-06-24,Adult,Female,Progesterone,Laboratory,"Patricia Mendoza, RMT",Laboratory
2026-06-24,Adult,Male,Routine Medical Consultation,Clinic,Dr. Miguel Fernandez,Check-up
2026-06-24,Adult,Male,Routine Medical Consultation,Clinic,Dr. Camille Tan,Check-up
2026-06-24,Adult,Male,Upper Respiratory Infection,Clinic,Dr. Paolo Rivera,Check-up
2026-06-24,Adult,Male,Upper Respiratory Infection,Clinic,Dr. Ana Lopez,Check-up
2026-06-24,Adult,Male,Upper Respiratory Infection,Clinic,Dr. Miguel Fernandez,Check-up
2026-06-25,Child,Male,Albumin (Protein) Creatinine Ratio,Laboratory,"Angela Reyes, RMT",Laboratory
2026-06-25,Adult,Male,Asthma Monitoring,Clinic,Dr. Elena Bautista,Check-up
2026-06-25,Adult,Male,Bloodtype and RH Typing,Laboratory,"Joanna Lim, RMT",Laboratory
2026-06-25,Adult,Male,D-DIMER Test,Laboratory,"Angela Reyes, RMT",Laboratory
2026-06-25,Adult,Female,Dermatitis and Allergy,Clinic,Dr. Paolo Rivera,Check-up
2026-06-25,Child,Female,Fever,Clinic,Dr. Camille Tan,Check-up
2026-06-25,Senior,Female,Hypertension Monitoring,Clinic,Dr. Elena Bautista,Check-up
2026-06-25,Adult,Female,Hypertension Monitoring,Clinic,Dr. Victor Manuel,Check-up
2026-06-25,Child,Male,KOH,Laboratory,"Angela Reyes, RMT",Laboratory
2026-06-25,Adult,Female,Magnesium,Laboratory,"Carlo Navarro, RMT",Laboratory
2026-06-25,Adult,Male,Upper Respiratory Infection,Clinic,Dr. Camille Tan,Check-up
2026-06-26,Adult,Female,ASO Screening,Laboratory,"Mark Villanueva, RMT",Laboratory
2026-06-26,Senior,Female,Duplex Scan,Radiology,Dr. Henry Ong,Imaging
2026-06-26,Child,Male,Fever,Clinic,Dr. Paolo Rivera,Check-up
2026-06-26,Adult,Female,H. Pylori Igm (Quali)-serum,Laboratory,"Rafael Torres, RMT",Laboratory
2026-06-26,Senior,Female,Hypertension Monitoring,Clinic,Dr. Elena Bautista,Check-up
2026-06-26,Senior,Female,Hypertension Monitoring,Clinic,Dr. Victor Manuel,Check-up
2026-06-26,Adult,Female,Intact-PTH,Laboratory,"Joanna Lim, RMT",Laboratory
2026-06-26,Adult,Female,SGPT (ALT),Laboratory,"Joanna Lim, RMT",Laboratory
2026-06-26,Adult,Male,Upper Respiratory Infection,Clinic,Dr. Ana Lopez,Check-up
2026-06-26,Adult,Female,Upper Respiratory Infection,Clinic,Dr. Paolo Rivera,Check-up
2026-06-26,Adult,Male,Upper Respiratory Infection,Clinic,Dr. Paolo Rivera,Check-up
2026-06-26,Adult,Male,Upper Respiratory Infection,Clinic,Dr. Miguel Fernandez,Check-up
2026-06-27,Adult,Male,2D Echo w/ Doppler,Cardiology,Dr. Miguel Fernandez,Cardiology
2026-06-27,Senior,Female,Amylase,Laboratory,"Angela Reyes, RMT",Laboratory
2026-06-27,Adult,Male,Body Fluid Analysis (Package),Laboratory,"Patricia Mendoza, RMT",Laboratory
2026-06-27,Senior,Male,Fecal Occult Blood,Laboratory,"Rafael Torres, RMT",Laboratory
2026-06-27,Adult,Male,"Hepa A,B,C",Laboratory,"Rafael Torres, RMT",Laboratory
2026-06-27,Adult,Female,Hypertension Monitoring,Clinic,Dr. Elena Bautista,Check-up
2026-06-27,Senior,Female,Pelvis Hip,Radiology,Dr. Henry Ong,Imaging
2026-06-27,Adult,Male,Upper Respiratory Infection,Clinic,Dr. Camille Tan,Check-up
2026-06-27,Child,Female,Upper Respiratory Infection,Clinic,Dr. Miguel Fernandez,Check-up
2026-06-27,Adult,Male,Urinalysis,Laboratory,"Patricia Mendoza, RMT",Laboratory
2026-06-28,Adult,Female,Asthma Monitoring,Clinic,Dr. Elena Bautista,Check-up
2026-06-28,Adult,Male,Bloodtype and RH Typing,Laboratory,"Carlo Navarro, RMT",Laboratory
2026-06-28,Adult,Female,Dermatitis and Allergy,Clinic,Dr. Miguel Fernandez,Check-up
2026-06-28,Senior,Male,Gastritis,Clinic,Dr. Elena Bautista,Check-up
2026-06-28,Adult,Female,Hepa B profile,Laboratory,"Carlo Navarro, RMT",Laboratory
2026-06-28,Senior,Male,Inorganic Phosphorus (IPO4),Laboratory,"Patricia Mendoza, RMT",Laboratory
2026-06-28,Adult,Male,Pelvic Ultrasound,Radiology,Dr. Sofia Mercado,Imaging
2026-06-28,Adult,Female,RT-PCR 12HRS,Laboratory,"Rafael Torres, RMT",Laboratory
2026-06-29,Adult,Female,2D Echo: Pedia (by appointment),Cardiology,Dr. Miguel Fernandez,Cardiology
2026-06-29,Adult,Male,Actual Platelet Count,Laboratory,"Carlo Navarro, RMT",Laboratory
2026-06-29,Adult,Female,Diabetes Mellitus Monitoring,Clinic,Dr. Victor Manuel,Check-up
2026-06-29,Adult,Female,Fever,Clinic,Dr. Paolo Rivera,Check-up
2026-06-29,Senior,Female,Gastritis,Clinic,Dr. Victor Manuel,Check-up
2026-06-29,Adult,Female,Gastritis,Clinic,Dr. Victor Manuel,Check-up
2026-06-29,Child,Female,HCV-RNA,Laboratory,"Mark Villanueva, RMT",Laboratory
2026-06-30,Senior,Male,APTT,Laboratory,"Mark Villanueva, RMT",Laboratory
2026-06-30,Senior,Female,Abdominal Pain,Clinic,Dr. Elena Bautista,Check-up
2026-06-30,Adult,Male,Blood Cs with ARD (1 site),Laboratory,"Angela Reyes, RMT",Laboratory
2026-06-30,Senior,Female,Diabetes Mellitus Monitoring,Clinic,Dr. Elena Bautista,Check-up
2026-06-30,Adult,Male,Fecalysis,Laboratory,"Angela Reyes, RMT",Laboratory
2026-06-30,Adult,Male,HBeAg,Laboratory,"Joanna Lim, RMT",Laboratory
2026-06-30,Adult,Female,"Hepa A,B,C",Laboratory,"Mark Villanueva, RMT",Laboratory
2026-06-30,Child,Male,Immunology/Serology,Laboratory,"Angela Reyes, RMT",Laboratory
2026-06-30,Adult,Male,"OGCT Post-Pregnant (100g, 75g)​",Laboratory,"Angela Reyes, RMT",Laboratory
2026-07-01,Adult,Male,Abdominal Pain,Clinic,Dr. Elena Bautista,Check-up
2026-07-01,Child,Male,Anti-HBc Total,Laboratory,"Carlo Navarro, RMT",Laboratory
2026-07-01,Adult,Female,Asthma Monitoring,Clinic,Dr. Victor Manuel,Check-up
2026-07-01,Senior,Female,Diabetes Mellitus Monitoring,Clinic,Dr. Elena Bautista,Check-up
2026-07-01,Adult,Female,Fever,Clinic,Dr. Miguel Fernandez,Check-up
2026-07-01,Adult,Male,Gastritis,Clinic,Dr. Elena Bautista,Check-up
2026-07-01,Adult,Male,HCV Screening,Laboratory,"Rafael Torres, RMT",Laboratory
2026-07-01,Adult,Female,Sodium (Na),Laboratory,"Mark Villanueva, RMT",Laboratory
2026-07-01,Child,Female,Upper Respiratory Infection,Clinic,Dr. Camille Tan,Check-up
2026-07-01,Adult,Male,Upper Respiratory Infection,Clinic,Dr. Ana Lopez,Check-up
2026-07-01,Senior,Male,Upper Respiratory Infection,Clinic,Dr. Camille Tan,Check-up
2026-07-02,Senior,Female,2D Echo Cardiogram,Cardiology,Dr. Ana Lopez,Cardiology
2026-07-02,Senior,Male,Diabetes Mellitus Monitoring,Clinic,Dr. Victor Manuel,Check-up
2026-07-02,Adult,Male,Estrogen (RIA),Laboratory,"Carlo Navarro, RMT",Laboratory
2026-07-02,Child,Female,Gastritis,Clinic,Dr. Victor Manuel,Check-up
2026-07-02,Adult,Male,Gastritis,Clinic,Dr. Elena Bautista,Check-up
2026-07-02,Senior,Female,HCV-Genotyping,Laboratory,"Patricia Mendoza, RMT",Laboratory
2026-07-02,Adult,Male,Lumbosacral Spine AP/LAT,Radiology,Dr. Andrea Sy,Imaging
2026-07-02,Child,Male,Preventive Health Check-up,Clinic,Dr. Paolo Rivera,Check-up
2026-07-02,Adult,Female,TPPA Qualitative,Laboratory,"Carlo Navarro, RMT",Laboratory
2026-07-03,Senior,Male,ECG,Cardiology,Dr. Paolo Rivera,Cardiology
2026-07-03,Child,Female,Fecalysis,Laboratory,"Mark Villanueva, RMT",Laboratory
2026-07-03,Child,Female,HIV (Screening),Laboratory,"Patricia Mendoza, RMT",Laboratory
2026-07-03,Adult,Male,Hypertension Monitoring,Clinic,Dr. Elena Bautista,Check-up
2026-07-03,Adult,Female,Potassium (K),Laboratory,"Joanna Lim, RMT",Laboratory
2026-07-03,Adult,Female,Routine Medical Consultation,Clinic,Dr. Paolo Rivera,Check-up
2026-07-03,Adult,Male,SGPT (ALT),Laboratory,"Joanna Lim, RMT",Laboratory
2026-07-03,Senior,Female,TPPA Quantitative,Laboratory,"Carlo Navarro, RMT",Laboratory
2026-07-03,Adult,Male,Total Iron,Laboratory,"Joanna Lim, RMT",Laboratory
2026-07-04,Senior,Male,Ankle – Brachial Index (by appointment),Radiology,Dr. Sofia Mercado,Imaging
2026-07-04,Adult,Male,Asthma Monitoring,Clinic,Dr. Elena Bautista,Check-up
2026-07-04,Adult,Male,Chloride (CI),Laboratory,"Joanna Lim, RMT",Laboratory
2026-07-04,Senior,Female,Dermatitis and Allergy,Clinic,Dr. Paolo Rivera,Check-up
2026-07-04,Adult,Female,EBV Igg,Laboratory,"Carlo Navarro, RMT",Laboratory
2026-07-04,Adult,Male,Gastritis,Clinic,Dr. Victor Manuel,Check-up
2026-07-04,Senior,Male,Hypertension Monitoring,Clinic,Dr. Elena Bautista,Check-up
2026-07-04,Adult,Male,Protein,Laboratory,"Mark Villanueva, RMT",Laboratory
2026-07-04,Child,Male,Prothrombin Time,Laboratory,"Joanna Lim, RMT",Laboratory
2026-07-04,Adult,Male,Sodium (Na),Laboratory,"Carlo Navarro, RMT",Laboratory
2026-07-04,Adult,Male,T3,Laboratory,"Mark Villanueva, RMT",Laboratory
2026-07-04,Adult,Female,Upper Respiratory Infection,Clinic,Dr. Camille Tan,Check-up
2026-07-04,Adult,Female,Urinary Tract Infection,Clinic,Dr. Miguel Fernandez,Check-up
2026-07-05,Adult,Male,Alkaline Phosphates,Laboratory,"Patricia Mendoza, RMT",Laboratory
2026-07-05,Adult,Male,Asthma Monitoring,Clinic,Dr. Elena Bautista,Check-up
2026-07-05,Adult,Male,Blood Cs (2 site),Laboratory,"Carlo Navarro, RMT",Laboratory
2026-07-05,Senior,Male,Diabetes Mellitus Monitoring,Clinic,Dr. Elena Bautista,Check-up
2026-07-05,Adult,Male,Diabetes Mellitus Monitoring,Clinic,Dr. Victor Manuel,Check-up
2026-07-05,Adult,Female,Gastritis,Clinic,Dr. Elena Bautista,Check-up
2026-07-05,Senior,Male,Hypertension Monitoring,Clinic,Dr. Elena Bautista,Check-up
2026-07-05,Child,Female,Lipase,Laboratory,"Angela Reyes, RMT",Laboratory
2026-07-05,Adult,Female,Magnesium,Laboratory,"Angela Reyes, RMT",Laboratory
2026-07-05,Senior,Female,Malarial Smear,Laboratory,"Angela Reyes, RMT",Laboratory
2026-07-05,Adult,Female,PPD Skin Test,Clinic,Dr. Miguel Fernandez,Vaccination
2026-07-05,Adult,Female,Preventive Health Check-up,Clinic,Dr. Miguel Fernandez,Check-up
2026-07-05,Senior,Female,Sodium (Na),Laboratory,"Rafael Torres, RMT",Laboratory
2026-07-05,Child,Male,"TPAG (Total Protein, Albumin, AG)",Laboratory,"Rafael Torres, RMT",Laboratory
2026-07-05,Adult,Female,Typhil Dot,Laboratory,"Angela Reyes, RMT",Laboratory
2026-07-05,Adult,Male,Upper Respiratory Infection,Clinic,Dr. Ana Lopez,Check-up
2026-07-06,Child,Male,Asthma Monitoring,Clinic,Dr. Victor Manuel,Check-up
2026-07-06,Adult,Male,Asthma Monitoring,Clinic,Dr. Elena Bautista,Check-up
2026-07-06,Adult,Female,Asthma Monitoring,Clinic,Dr. Elena Bautista,Check-up
2026-07-06,Adult,Male,Diabetes Mellitus Monitoring,Clinic,Dr. Victor Manuel,Check-up
2026-07-06,Child,Male,Fever,Clinic,Dr. Paolo Rivera,Check-up
2026-07-06,Child,Female,Gastritis,Clinic,Dr. Victor Manuel,Check-up
2026-07-06,Adult,Female,Hemodialysis Kinetics (pre & post BUN),Laboratory,"Carlo Navarro, RMT",Laboratory
2026-07-06,Adult,Female,Hypertension Monitoring,Clinic,Dr. Victor Manuel,Check-up
2026-07-06,Senior,Male,Hypertension Monitoring,Clinic,Dr. Victor Manuel,Check-up
2026-07-06,Adult,Male,LH,Laboratory,"Rafael Torres, RMT",Laboratory
2026-07-07,Adult,Male,Asthma Monitoring,Clinic,Dr. Elena Bautista,Check-up
2026-07-07,Adult,Female,CBC w/ Actual Platelet Count,Laboratory,"Carlo Navarro, RMT",Laboratory
2026-07-07,Adult,Male,HCV-Genotyping,Laboratory,"Patricia Mendoza, RMT",Laboratory
2026-07-07,Senior,Female,Hypertension Monitoring,Clinic,Dr. Victor Manuel,Check-up
2026-07-07,Adult,Male,Online Doctor Consultation,Clinic,Dr. Miguel Fernandez,Check-up
2026-07-07,Adult,Female,TSH,Laboratory,"Joanna Lim, RMT",Laboratory
2026-07-07,Adult,Female,Urinary Tract Infection,Clinic,Dr. Camille Tan,Check-up
2026-07-08,Adult,Female,Anti-HBc IgG,Laboratory,"Rafael Torres, RMT",Laboratory
2026-07-08,Child,Female,CRP Qualitative,Laboratory,"Angela Reyes, RMT",Laboratory
2026-07-08,Adult,Female,Hepa A profile,Laboratory,"Angela Reyes, RMT",Laboratory
2026-07-08,Adult,Female,Scoliosis Series,Radiology,Dr. Andrea Sy,Imaging
2026-07-08,Adult,Male,Serum LDH,Laboratory,"Carlo Navarro, RMT",Laboratory
2026-07-08,Adult,Male,TBIC (Total Iron Binding Capacity),Laboratory,"Angela Reyes, RMT",Laboratory
2026-07-08,Adult,Male,Upper Respiratory Infection,Clinic,Dr. Camille Tan,Check-up
2026-07-09,Senior,Female,Abdominal Pain,Clinic,Dr. Victor Manuel,Check-up
2026-07-09,Child,Male,Anti-HBc Total,Laboratory,"Rafael Torres, RMT",Laboratory
2026-07-09,Adult,Female,Diabetes Mellitus Monitoring,Clinic,Dr. Elena Bautista,Check-up
2026-07-09,Senior,Female,Headache,Clinic,Dr. Paolo Rivera,Check-up
2026-07-09,Adult,Female,Protein,Laboratory,"Joanna Lim, RMT",Laboratory
2026-07-10,Adult,Female,ANA Titer,Laboratory,"Joanna Lim, RMT",Laboratory
2026-07-10,Adult,Female,Asthma Monitoring,Clinic,Dr. Victor Manuel,Check-up
2026-07-10,Child,Female,ECG (15 Lead) Pedia (0-17 years old),Cardiology,Dr. Ana Lopez,Cardiology
2026-07-10,Child,Male,Headache,Clinic,Dr. Ana Lopez,Check-up
2026-07-10,Adult,Male,Hepa A&B profile,Laboratory,"Joanna Lim, RMT",Laboratory
2026-07-10,Adult,Male,Routine Medical Consultation,Clinic,Dr. Camille Tan,Check-up
2026-07-10,Adult,Male,Sodium (Na),Laboratory,"Joanna Lim, RMT",Laboratory
2026-07-10,Adult,Male,TPPA Quantitative,Laboratory,"Patricia Mendoza, RMT",Laboratory
2026-07-10,Child,Female,Upper Respiratory Infection,Clinic,Dr. Camille Tan,Check-up
2026-07-10,Adult,Male,Upper Respiratory Infection,Clinic,Dr. Miguel Fernandez,Check-up
2026-07-11,Adult,Female,Calcium (C),Laboratory,"Angela Reyes, RMT",Laboratory
2026-07-11,Adult,Female,Chloride (CI),Laboratory,"Rafael Torres, RMT",Laboratory
2026-07-11,Adult,Male,Dermatitis and Allergy,Clinic,Dr. Camille Tan,Check-up
2026-07-11,Adult,Female,Dermatitis and Allergy,Clinic,Dr. Paolo Rivera,Check-up
2026-07-11,Senior,Male,Diabetes Mellitus Monitoring,Clinic,Dr. Victor Manuel,Check-up
2026-07-11,Adult,Male,HBC-DNA,Laboratory,"Angela Reyes, RMT",Laboratory
2026-07-11,Adult,Male,HCV Screening,Laboratory,"Patricia Mendoza, RMT",Laboratory
2026-07-11,Adult,Female,Hypertension Monitoring,Clinic,Dr. Victor Manuel,Check-up
2026-07-11,Adult,Male,Hypertension Monitoring,Clinic,Dr. Elena Bautista,Check-up
2026-07-11,Senior,Male,Hypertension Monitoring,Clinic,Dr. Victor Manuel,Check-up
2026-07-11,Adult,Female,LH,Laboratory,"Angela Reyes, RMT",Laboratory
2026-07-11,Adult,Male,Progesterone,Laboratory,"Angela Reyes, RMT",Laboratory
2026-07-11,Adult,Female,Reticulocyte Count,Laboratory,"Patricia Mendoza, RMT",Laboratory
2026-07-11,Child,Female,Sodium (Na),Laboratory,"Carlo Navarro, RMT",Laboratory
2026-07-11,Adult,Male,Typhil Dot,Laboratory,"Joanna Lim, RMT",Laboratory
2026-07-11,Child,Female,Upper Respiratory Infection,Clinic,Dr. Paolo Rivera,Check-up
2026-07-12,Adult,Male,Asthma Monitoring,Clinic,Dr. Victor Manuel,Check-up
2026-07-12,Adult,Male,HBA1C (edta),Laboratory,"Rafael Torres, RMT",Laboratory
2026-07-12,Adult,Female,Headache,Clinic,Dr. Camille Tan,Check-up
2026-07-12,Child,Female,"Hepa A,B,C",Laboratory,"Patricia Mendoza, RMT",Laboratory
2026-07-12,Adult,Male,Hypertension Monitoring,Clinic,Dr. Victor Manuel,Check-up
2026-07-12,Senior,Male,Hypertension Monitoring,Clinic,Dr. Elena Bautista,Check-up
2026-07-12,Adult,Male,Preventive Health Check-up,Clinic,Dr. Camille Tan,Check-up
2026-07-12,Adult,Female,Upper Respiratory Infection,Clinic,Dr. Paolo Rivera,Check-up
2026-07-12,Adult,Male,Upper Respiratory Infection,Clinic,Dr. Miguel Fernandez,Check-up
2026-07-13,Adult,Female,ANA Screening,Laboratory,"Joanna Lim, RMT",Laboratory
2026-07-13,Adult,Female,Fecalysis,Laboratory,"Angela Reyes, RMT",Laboratory
2026-07-13,Senior,Male,GGTP,Laboratory,"Angela Reyes, RMT",Laboratory
2026-07-13,Adult,Female,HIV (Screening),Laboratory,"Carlo Navarro, RMT",Laboratory
2026-07-13,Senior,Female,Hypertension Monitoring,Clinic,Dr. Elena Bautista,Check-up
2026-07-13,Adult,Female,Inorganic Phosphorus (IPO4),Laboratory,"Joanna Lim, RMT",Laboratory
2026-07-13,Adult,Female,KOH,Laboratory,"Angela Reyes, RMT",Laboratory
2026-07-13,Adult,Female,SGPT (ALT),Laboratory,"Rafael Torres, RMT",Laboratory
2026-07-13,Adult,Male,Upper Respiratory Infection,Clinic,Dr. Miguel Fernandez,Check-up
2026-07-14,Adult,Male,Abdominal Pain,Clinic,Dr. Victor Manuel,Check-up
2026-07-14,Adult,Male,Dermatitis and Allergy,Clinic,Dr. Ana Lopez,Check-up
2026-07-14,Adult,Female,Scoliosis Series,Radiology,Dr. Henry Ong,Imaging
2026-07-15,Child,Male,C4,Laboratory,"Joanna Lim, RMT",Laboratory
2026-07-15,Adult,Female,HCV Screening,Laboratory,"Carlo Navarro, RMT",Laboratory
2026-07-15,Adult,Male,Hemodialysis Kinetics (pre & post BUN),Laboratory,"Joanna Lim, RMT",Laboratory
2026-07-15,Adult,Female,Micro Albumin (Micral Test),Laboratory,"Joanna Lim, RMT",Laboratory
2026-07-15,Adult,Male,Upper Respiratory Infection,Clinic,Dr. Miguel Fernandez,Check-up
2026-07-15,Adult,Female,Urinary Tract Infection,Clinic,Dr. Camille Tan,Check-up
2026-07-16,Adult,Male,ANA Screening,Laboratory,"Rafael Torres, RMT",Laboratory
2026-07-16,Adult,Male,Amylase,Laboratory,"Angela Reyes, RMT",Laboratory
2026-07-16,Senior,Female,Arterial & Venous Duplex Scan,Radiology,Dr. Andrea Sy,Imaging
2026-07-16,Senior,Male,Blood Cs (1 site),Laboratory,"Rafael Torres, RMT",Laboratory
2026-07-16,Adult,Female,Dermatitis and Allergy,Clinic,Dr. Camille Tan,Check-up
2026-07-16,Adult,Female,HCV Screening,Laboratory,"Mark Villanueva, RMT",Laboratory
2026-07-16,Adult,Female,Headache,Clinic,Dr. Miguel Fernandez,Check-up
2026-07-16,Adult,Female,Hypertension Monitoring,Clinic,Dr. Elena Bautista,Check-up
2026-07-16,Senior,Female,Hypertension Monitoring,Clinic,Dr. Victor Manuel,Check-up
2026-07-16,Adult,Female,Paps Smear (7 days),Laboratory,"Carlo Navarro, RMT",Laboratory
2026-07-16,Adult,Female,Routine Medical Consultation,Clinic,Dr. Camille Tan,Check-up
2026-07-16,Adult,Male,Rubella Igm,Laboratory,"Patricia Mendoza, RMT",Laboratory
2026-07-16,Adult,Female,Serum LDH,Laboratory,"Carlo Navarro, RMT",Laboratory
2026-07-16,Adult,Male,Upper Respiratory Infection,Clinic,Dr. Ana Lopez,Check-up
2026-07-17,Adult,Female,CBC,Clinic,Dr. Ana Lopez,Pre-Employment Checkup
2026-07-17,Adult,Female,CRP Qualitative,Laboratory,"Angela Reyes, RMT",Laboratory
2026-07-17,Adult,Male,ECG (12 Lead) Adult,Cardiology,Dr. Paolo Rivera,Cardiology
2026-07-17,Adult,Male,FBS,Laboratory,"Angela Reyes, RMT",Laboratory
2026-07-17,Adult,Female,Fever,Clinic,Dr. Paolo Rivera,Check-up
2026-07-17,Child,Female,Gastritis,Clinic,Dr. Elena Bautista,Check-up
2026-07-17,Adult,Female,HDL,Laboratory,"Carlo Navarro, RMT",Laboratory
2026-07-17,Adult,Male,Headache,Clinic,Dr. Camille Tan,Check-up
2026-07-17,Senior,Male,Hypertension Monitoring,Clinic,Dr. Victor Manuel,Check-up
2026-07-17,Adult,Female,Inguino-Scrotal,Radiology,Dr. Sofia Mercado,Imaging
2026-07-17,Senior,Male,Lumbosacral Spine AP/LAT,Radiology,Dr. Andrea Sy,Imaging
2026-07-17,Adult,Male,Routine Medical Consultation,Clinic,Dr. Ana Lopez,Check-up
2026-07-17,Adult,Male,Upper Respiratory Infection,Clinic,Dr. Paolo Rivera,Check-up
2026-07-17,Adult,Male,Urinalysis & Fecalysis,Annual Physical Examination,Dr. Ana Lopez,Annual Physical Examination
2026-07-18,Adult,Female,Ankle AP/LAT,Radiology,Dr. Henry Ong,Imaging
2026-07-18,Adult,Female,Anti-HBc IgM,Laboratory,"Rafael Torres, RMT",Laboratory
2026-07-18,Adult,Female,Anti-HCV Titer,Laboratory,"Angela Reyes, RMT",Laboratory
2026-07-18,Adult,Male,Asthma Monitoring,Clinic,Dr. Elena Bautista,Check-up
2026-07-18,Adult,Female,Asthma Monitoring,Clinic,Dr. Victor Manuel,Check-up
2026-07-18,Child,Female,Preventive Health Check-up,Clinic,Dr. Miguel Fernandez,Check-up
2026-07-18,Adult,Female,RA/RF Latex (Rheumatoid Factor),Laboratory,"Joanna Lim, RMT",Laboratory
2026-07-18,Adult,Female,Serum LDH,Laboratory,"Mark Villanueva, RMT",Laboratory
2026-07-18,Adult,Male,Sodium (Na),Laboratory,"Mark Villanueva, RMT",Laboratory
2026-07-18,Child,Female,Upper Respiratory Infection,Clinic,Dr. Paolo Rivera,Check-up
2026-07-19,Adult,Male,Asthma Monitoring,Clinic,Dr. Elena Bautista,Check-up
2026-07-19,Adult,Female,Dengue Combo,Laboratory,"Carlo Navarro, RMT",Laboratory
2026-07-19,Adult,Male,Dermatitis and Allergy,Clinic,Dr. Ana Lopez,Check-up
2026-07-19,Senior,Female,ECG (12 Lead) Adult,Cardiology,Dr. Miguel Fernandez,Cardiology
2026-07-19,Child,Female,Gastritis,Clinic,Dr. Elena Bautista,Check-up
2026-07-19,Adult,Female,Hypertension Monitoring,Clinic,Dr. Elena Bautista,Check-up
2026-07-19,Adult,Female,Hypertension Monitoring,Clinic,Dr. Victor Manuel,Check-up
2026-07-19,Senior,Male,Physical Exam,Annual Physical Examination,Dr. Camille Tan,Annual Physical Examination
2026-07-19,Child,Female,Protein,Laboratory,"Patricia Mendoza, RMT",Laboratory
2026-07-19,Adult,Male,RBC Morphology (Urine),Laboratory,"Patricia Mendoza, RMT",Laboratory
2026-07-19,Senior,Male,Sodium (Na),Laboratory,"Joanna Lim, RMT",Laboratory
2026-07-19,Child,Female,TPHA Titer,Laboratory,"Carlo Navarro, RMT",Laboratory
2026-07-19,Adult,Male,Upper Respiratory Infection,Clinic,Dr. Miguel Fernandez,Check-up
2026-07-19,Adult,Female,Wrist AP/L,Radiology,Dr. Sofia Mercado,Imaging
2026-07-20,Adult,Female,2D Echo w/ Doppler,Cardiology,Dr. Paolo Rivera,Cardiology
2026-07-20,Adult,Male,Dermatitis and Allergy,Clinic,Dr. Ana Lopez,Check-up
2026-07-20,Adult,Female,Ionized Calcium (Ica),Laboratory,"Rafael Torres, RMT",Laboratory
2026-07-20,Senior,Female,Routine Medical Consultation,Clinic,Dr. Camille Tan,Check-up
2026-07-20,Adult,Male,Routine Medical Consultation,Clinic,Dr. Paolo Rivera,Check-up
2026-07-20,Senior,Male,Sodium (Na),Laboratory,"Carlo Navarro, RMT",Laboratory
2026-07-20,Adult,Female,Upper Respiratory Infection,Clinic,Dr. Ana Lopez,Check-up
2026-07-21,Adult,Female,Abdominal Pain,Clinic,Dr. Elena Bautista,Check-up
2026-07-21,Adult,Male,Amylase,Laboratory,"Patricia Mendoza, RMT",Laboratory
2026-07-21,Adult,Male,Antigen Swab Test,Laboratory,"Carlo Navarro, RMT",Laboratory
2026-07-21,Adult,Female,Dengue Duo IgM/IgG,Laboratory,"Carlo Navarro, RMT",Laboratory
2026-07-21,Child,Male,Fever,Clinic,Dr. Paolo Rivera,Check-up
2026-07-21,Child,Female,"Iron Studies (TI, TIBC, Ferritin)",Laboratory,"Rafael Torres, RMT",Laboratory
2026-07-21,Adult,Male,Micro Albumin (Micral Test),Laboratory,"Rafael Torres, RMT",Laboratory
2026-07-21,Adult,Female,RBS,Laboratory,"Patricia Mendoza, RMT",Laboratory
2026-07-21,Adult,Female,Routine Medical Consultation,Clinic,Dr. Ana Lopez,Check-up
2026-07-21,Senior,Female,Urinary Tract Infection,Clinic,Dr. Miguel Fernandez,Check-up
2026-07-22,Senior,Male,Asthma Monitoring,Clinic,Dr. Victor Manuel,Check-up
2026-07-22,Child,Female,CBC w/ Actual Platelet Count,Laboratory,"Joanna Lim, RMT",Laboratory
2026-07-22,Adult,Male,Chloride (C),Laboratory,"Joanna Lim, RMT",Laboratory
2026-07-22,Child,Female,Chloride (CI),Laboratory,"Mark Villanueva, RMT",Laboratory
2026-07-22,Senior,Female,Diabetes Mellitus Monitoring,Clinic,Dr. Elena Bautista,Check-up
2026-07-22,Adult,Male,RA/RF Latex (Rheumatoid Factor),Laboratory,"Joanna Lim, RMT",Laboratory
2026-07-22,Adult,Female,Total Protein,Laboratory,"Angela Reyes, RMT",Laboratory
2026-07-22,Senior,Female,Upper Respiratory Infection,Clinic,Dr. Camille Tan,Check-up
2026-07-22,Senior,Female,Upper Respiratory Infection,Clinic,Dr. Miguel Fernandez,Check-up
2026-07-22,Adult,Female,X-Ray,Clinic,Dr. Miguel Fernandez,Pre-Employment Checkup
2026-07-23,Adult,Male,Abdominal Pain,Clinic,Dr. Elena Bautista,Check-up
2026-07-23,Adult,Male,CBC w/ Actual Platelet Count,Laboratory,"Carlo Navarro, RMT",Laboratory
2026-07-23,Senior,Male,Diabetes Mellitus Monitoring,Clinic,Dr. Elena Bautista,Check-up
2026-07-23,Adult,Male,FT3,Laboratory,"Angela Reyes, RMT",Laboratory
2026-07-23,Adult,Male,FT4 RIA,Laboratory,"Patricia Mendoza, RMT",Laboratory
2026-07-23,Adult,Male,Fever,Clinic,Dr. Camille Tan,Check-up
2026-07-23,Senior,Male,Fever,Clinic,Dr. Paolo Rivera,Check-up
2026-07-23,Child,Male,Hematology,Laboratory,"Mark Villanueva, RMT",Laboratory
2026-07-23,Adult,Female,Hypertension Monitoring,Clinic,Dr. Elena Bautista,Check-up
2026-07-23,Adult,Female,Immunology/Serology,Laboratory,"Rafael Torres, RMT",Laboratory
2026-07-23,Adult,Female,THC (Marijuana),Drug Testing,"Patricia Mendoza, RMT",Drug Testing
2026-07-23,Adult,Male,Typhil Dot,Laboratory,"Angela Reyes, RMT",Laboratory
2026-07-23,Child,Male,Upper Respiratory Infection,Clinic,Dr. Camille Tan,Check-up
2026-07-24,Adult,Male,CRP,Laboratory,"Angela Reyes, RMT",Laboratory
2026-07-24,Senior,Male,Diabetes Mellitus Monitoring,Clinic,Dr. Elena Bautista,Check-up
2026-07-24,Adult,Female,FTA-ABS,Laboratory,"Patricia Mendoza, RMT",Laboratory
2026-07-24,Adult,Female,Online Doctor Consultation,Clinic,Dr. Miguel Fernandez,Check-up
2026-07-24,Adult,Male,Physical Exam,Clinic,Dr. Ana Lopez,Pre-Employment Checkup
2026-07-24,Senior,Male,Testosterone,Laboratory,"Carlo Navarro, RMT",Laboratory
2026-07-24,Adult,Male,Upper Respiratory Infection,Clinic,Dr. Ana Lopez,Check-up
2026-07-25,Senior,Male,Amylase,Laboratory,"Mark Villanueva, RMT",Laboratory
2026-07-25,Adult,Male,Body Fluid Analysis (Package),Laboratory,"Joanna Lim, RMT",Laboratory
2026-07-25,Adult,Male,Dengue NS1,Laboratory,"Angela Reyes, RMT",Laboratory
2026-07-25,Adult,Female,Dermatitis and Allergy,Clinic,Dr. Miguel Fernandez,Check-up
2026-07-25,Adult,Female,Diabetes Mellitus Monitoring,Clinic,Dr. Victor Manuel,Check-up
2026-07-25,Adult,Male,Fever,Clinic,Dr. Camille Tan,Check-up
2026-07-25,Senior,Female,Hypertension Monitoring,Clinic,Dr. Victor Manuel,Check-up
2026-07-25,Adult,Female,Online Doctor Consultation,Clinic,Dr. Camille Tan,Check-up
2026-07-25,Adult,Female,Preventive Health Check-up,Clinic,Dr. Paolo Rivera,Check-up
2026-07-25,Adult,Female,RT-PCR 4-6HRS,Laboratory,"Rafael Torres, RMT",Laboratory
2026-07-25,Adult,Female,T4,Laboratory,"Angela Reyes, RMT",Laboratory
2026-07-26,Child,Female,CPK Total,Laboratory,"Patricia Mendoza, RMT",Laboratory
2026-07-26,Adult,Male,Clotting Time,Laboratory,"Angela Reyes, RMT",Laboratory
2026-07-26,Adult,Female,Diabetes Mellitus Monitoring,Clinic,Dr. Victor Manuel,Check-up
2026-07-26,Adult,Female,EBV Igg,Laboratory,"Carlo Navarro, RMT",Laboratory
2026-07-26,Child,Male,Fever,Clinic,Dr. Paolo Rivera,Check-up
2026-07-26,Adult,Male,Hepa A&B profile,Laboratory,"Patricia Mendoza, RMT",Laboratory
2026-07-26,Child,Male,Lipase,Laboratory,"Angela Reyes, RMT",Laboratory
2026-07-26,Adult,Female,MET (Shabu),Drug Testing,"Carlo Navarro, RMT",Drug Testing
2026-07-26,Adult,Male,Protein,Laboratory,"Angela Reyes, RMT",Laboratory
2026-07-26,Adult,Male,Sodium (Na),Laboratory,"Patricia Mendoza, RMT",Laboratory
2026-07-26,Adult,Female,Upper Respiratory Infection,Clinic,Dr. Ana Lopez,Check-up
2026-07-26,Adult,Male,Upper Respiratory Infection,Clinic,Dr. Miguel Fernandez,Check-up
2026-07-26,Child,Female,VFRL RPR Titer,Laboratory,"Joanna Lim, RMT",Laboratory
2026-07-27,Child,Male,Bicarbonate,Laboratory,"Joanna Lim, RMT",Laboratory
2026-07-27,Child,Female,Estradiol/Estrogen,Laboratory,"Patricia Mendoza, RMT",Laboratory
2026-07-27,Senior,Male,Hypertension Monitoring,Clinic,Dr. Victor Manuel,Check-up
2026-07-27,Child,Female,Plain Abdomen AP/LAT (Pedia),Radiology,Dr. Sofia Mercado,Imaging
2026-07-27,Senior,Female,Preventive Health Check-up,Clinic,Dr. Ana Lopez,Check-up
2026-07-27,Adult,Female,Upper Respiratory Infection,Clinic,Dr. Camille Tan,Check-up
2026-07-27,Adult,Female,Urinary Tract Infection,Clinic,Dr. Paolo Rivera,Check-up
2026-07-28,Child,Female,Albumin (Protein) Creatinine Ratio,Laboratory,"Mark Villanueva, RMT",Laboratory
2026-07-28,Adult,Female,Anti-HBe,Laboratory,"Joanna Lim, RMT",Laboratory
2026-07-28,Adult,Male,Arterial Duplex Scan (Bilateral),Radiology,Dr. Andrea Sy,Imaging
2026-07-28,Child,Male,Asthma Monitoring,Clinic,Dr. Elena Bautista,Check-up
2026-07-28,Adult,Male,Blood Cs (1 site),Laboratory,"Patricia Mendoza, RMT",Laboratory
2026-07-28,Adult,Female,Dermatitis and Allergy,Clinic,Dr. Miguel Fernandez,Check-up
2026-07-28,Adult,Female,FT4 RIA,Laboratory,"Rafael Torres, RMT",Laboratory
2026-07-28,Adult,Male,Fever,Clinic,Dr. Ana Lopez,Check-up
2026-07-28,Adult,Female,H. Pylori Stool,Laboratory,"Carlo Navarro, RMT",Laboratory
2026-07-28,Senior,Female,Hypertension Monitoring,Clinic,Dr. Victor Manuel,Check-up
2026-07-28,Adult,Male,Urinalysis 10P,Laboratory,"Angela Reyes, RMT",Laboratory
2026-07-29,Child,Female,Drug Test (Urine),Laboratory,"Carlo Navarro, RMT",Laboratory
2026-07-29,Adult,Female,Face to Face Doctor Consultation,Clinic,Dr. Paolo Rivera,Check-up
2026-07-29,Child,Female,Plain Abdomen AP/LAT (Pedia),Radiology,Dr. Andrea Sy,Imaging
2026-07-29,Senior,Female,Reticulocyte Count,Laboratory,"Carlo Navarro, RMT",Laboratory
2026-07-29,Adult,Female,TPHA Screening,Laboratory,"Mark Villanueva, RMT",Laboratory
2026-07-30,Senior,Male,2 Hours Post Prandial,Laboratory,"Rafael Torres, RMT",Laboratory
2026-07-30,Adult,Male,Abdominal Pain,Clinic,Dr. Victor Manuel,Check-up
2026-07-30,Adult,Male,Amylase,Laboratory,"Carlo Navarro, RMT",Laboratory
2026-07-30,Adult,Female,Chest PA for Pregnant,Radiology,Dr. Henry Ong,Imaging
2026-07-30,Adult,Female,Gastritis,Clinic,Dr. Victor Manuel,Check-up
2026-07-30,Adult,Male,Headache,Clinic,Dr. Ana Lopez,Check-up
2026-07-30,Adult,Male,Troponin I Qualitive,Laboratory,"Rafael Torres, RMT",Laboratory
2026-07-30,Adult,Female,Upper Respiratory Infection,Clinic,Dr. Ana Lopez,Check-up
2026-07-31,Adult,Male,General Ultrasound (Abdomen),Radiology,Dr. Sofia Mercado,Imaging
2026-07-31,Senior,Male,KOH,Laboratory,"Joanna Lim, RMT",Laboratory
2026-07-31,Adult,Female,PPD Skin Test,Clinic,Dr. Miguel Fernandez,Vaccination
2026-07-31,Senior,Male,Upper Respiratory Infection,Clinic,Dr. Ana Lopez,Check-up
