consultation_date,age_group,gender,diagnosis,department,physician,consultation_type
2023-01-01,Adult,Male,2D Echo,Cardiology,Dr. Paolo Rivera,Cardiology
2023-01-01,Adult,Female,Annual Physical Examination,Annual Physical Examination,Dr. Paolo Rivera,Annual Physical Examination
2023-01-01,Child,Female,Blood Chemistry,Laboratory,"Angela Reyes, RMT",Laboratory
2023-01-01,Child,Female,Fecalysis,Laboratory,"Rafael Torres, RMT",Laboratory
2023-01-01,Adult,Male,Home Service Laboratory,Home Service,"Patricia Mendoza, RMT",Home Service
2023-01-01,Child,Male,Preventive Health Check-up,Clinic,Dr. Miguel Fernandez,Check-up
2023-01-01,Adult,Female,Upper Respiratory Infection,Clinic,Dr. Miguel Fernandez,Check-up
2023-01-02,Adult,Female,Headache,Clinic,Dr. Paolo Rivera,Check-up
2023-01-02,Adult,Female,Hepatitis Screening,Laboratory,"Rafael Torres, RMT",Laboratory
2023-01-02,Adult,Male,Routine Medical Consultation,Clinic,Dr. Ana Lopez,Check-up
2023-01-02,Adult,Male,SGPT,Laboratory,"Carlo Navarro, RMT",Laboratory
2023-01-02,Adult,Male,Upper Respiratory Infection,Clinic,Dr. Camille Tan,Check-up
2023-01-03,Adult,Female,Drug Testing,Drug Testing,"Joanna Lim, RMT",Drug Testing
2023-01-03,Adult,Male,Drug Testing,Drug Testing,"Carlo Navarro, RMT",Drug Testing
2023-01-03,Adult,Male,Electrocardiography,Cardiology,Dr. Paolo Rivera,Cardiology
2023-01-03,Adult,Male,Fasting Blood Sugar,Laboratory,"Angela Reyes, RMT",Laboratory
2023-01-03,Adult,Female,Hypertension Monitoring,Clinic,Dr. Elena Bautista,Check-up
2023-01-04,Adult,Male,Asthma Monitoring,Clinic,Dr. Elena Bautista,Check-up
2023-01-04,Adult,Male,Blood Chemistry,Laboratory,"Carlo Navarro, RMT",Laboratory
2023-01-04,Adult,Female,Chest X-ray,Radiology,Dr. Andrea Sy,Imaging
2023-01-04,Adult,Male,Chest X-ray,Radiology,Dr. Andrea Sy,Imaging
2023-01-04,Adult,Female,Diabetes Mellitus Monitoring,Clinic,Dr. Elena Bautista,Check-up
2023-01-04,Adult,Female,Hepatitis Screening,Laboratory,"Angela Reyes, RMT",Laboratory
2023-01-04,Senior,Male,Home Service Laboratory,Home Service,"Rafael Torres, RMT",Home Service
2023-01-04,Adult,Male,Pregnancy Test,Laboratory,"Patricia Mendoza, RMT",Laboratory
2023-01-04,Senior,Female,Ultrasound,Radiology,Dr. Andrea Sy,Imaging
2023-01-04,Child,Male,Upper Respiratory Infection,Clinic,Dr. Paolo Rivera,Check-up
2023-01-05,Adult,Male,Asthma Monitoring,Clinic,Dr. Victor Manuel,Check-up
2023-01-05,Adult,Male,Asthma Monitoring,Clinic,Dr. Elena Bautista,Check-up
2023-01-05,Adult,Male,Complete Blood Count,Laboratory,"Carlo Navarro, RMT",Laboratory
2023-01-05,Senior,Female,Diabetes Mellitus Monitoring,Clinic,Dr. Elena Bautista,Check-up
2023-01-05,Adult,Female,Diabetes Mellitus Monitoring,Clinic,Dr. Elena Bautista,Check-up
2023-01-05,Adult,Male,Drug Testing,Drug Testing,"Mark Villanueva, RMT",Drug Testing
2023-01-05,Adult,Male,Fasting Blood Sugar,Laboratory,"Joanna Lim, RMT",Laboratory
2023-01-05,Adult,Female,Headache,Clinic,Dr. Paolo Rivera,Check-up
2023-01-05,Child,Male,Upper Respiratory Infection,Clinic,Dr. Ana Lopez,Check-up
2023-01-06,Child,Female,Chest X-ray,Radiology,Dr. Henry Ong,Imaging
2023-01-06,Child,Male,Complete Blood Count,Laboratory,"Patricia Mendoza, RMT",Laboratory
2023-01-06,Adult,Male,Electrocardiography,Cardiology,Dr. Miguel Fernandez,Cardiology
2023-01-06,Adult,Female,Fecalysis,Laboratory,"Mark Villanueva, RMT",Laboratory
2023-01-06,Adult,Male,Fever,Clinic,Dr. Ana Lopez,Check-up
2023-01-06,Adult,Male,Pre-Employment Medical Exam,Clinic,Dr. Camille Tan,Pre-Employment Checkup
2023-01-06,Adult,Female,Preventive Health Check-up,Clinic,Dr. Ana Lopez,Check-up
2023-01-07,Adult,Male,Complete Blood Count,Laboratory,"Carlo Navarro, RMT",Laboratory
2023-01-07,Adult,Female,Creatinine,Laboratory,"Rafael Torres, RMT",Laboratory
2023-01-07,Adult,Male,Drug Testing,Drug Testing,"Joanna Lim, RMT",Drug Testing
2023-01-07,Adult,Male,Thyroid Function Test,Laboratory,"Rafael Torres, RMT",Laboratory
2023-01-07,Adult,Female,Upper Respiratory Infection,Clinic,Dr. Miguel Fernandez,Check-up
2023-01-08,Child,Female,Complete Blood Count,Laboratory,"Carlo Navarro, RMT",Laboratory
2023-01-08,Senior,Female,Diabetes Mellitus Monitoring,Clinic,Dr. Victor Manuel,Check-up
2023-01-08,Adult,Female,Gastritis,Clinic,Dr. Victor Manuel,Check-up
2023-01-08,Adult,Male,Gastritis,Clinic,Dr. Victor Manuel,Check-up
2023-01-08,Adult,Male,Pre-Employment Medical Exam,Clinic,Dr. Miguel Fernandez,Pre-Employment Checkup
2023-01-08,Adult,Female,Urinalysis,Laboratory,"Carlo Navarro, RMT",Laboratory
2023-01-08,Adult,Female,Urinary Tract Infection,Clinic,Dr. Paolo Rivera,Check-up
2023-01-08,Senior,Male,Vascular Study,Radiology,Dr. Henry Ong,Imaging
2023-01-09,Child,Female,Annual Physical Examination,Annual Physical Examination,Dr. Miguel Fernandez,Annual Physical Examination
2023-01-09,Adult,Male,Asthma Monitoring,Clinic,Dr. Elena Bautista,Check-up
2023-01-09,Senior,Male,Fasting Blood Sugar,Laboratory,"Angela Reyes, RMT",Laboratory
2023-01-09,Child,Male,Fever,Clinic,Dr. Miguel Fernandez,Check-up
2023-01-09,Adult,Male,Hepatitis Screening,Laboratory,"Mark Villanueva, RMT",Laboratory
2023-01-10,Senior,Female,2D Echo,Cardiology,Dr. Ana Lopez,Cardiology
2023-01-10,Child,Female,Blood Chemistry,Laboratory,"Carlo Navarro, RMT",Laboratory
2023-01-10,Adult,Female,Complete Blood Count,Laboratory,"Patricia Mendoza, RMT",Laboratory
2023-01-10,Child,Male,Complete Blood Count,Laboratory,"Mark Villanueva, RMT",Laboratory
2023-01-10,Adult,Male,Electrocardiography,Cardiology,Dr. Paolo Rivera,Cardiology
2023-01-10,Adult,Male,Hepatitis Screening,Laboratory,"Rafael Torres, RMT",Laboratory
2023-01-10,Adult,Male,Hepatitis Screening,Laboratory,"Angela Reyes, RMT",Laboratory
2023-01-10,Adult,Female,Home Service Laboratory,Home Service,"Joanna Lim, RMT",Home Service
2023-01-10,Adult,Male,Lipid Profile,Laboratory,"Joanna Lim, RMT",Laboratory
2023-01-10,Child,Male,Lipid Profile,Laboratory,"Mark Villanueva, RMT",Laboratory
2023-01-10,Adult,Male,Urinalysis,Laboratory,"Patricia Mendoza, RMT",Laboratory
2023-01-10,Adult,Male,Urinalysis,Laboratory,"Joanna Lim, RMT",Laboratory
2023-01-11,Adult,Male,Dermatitis and Allergy,Clinic,Dr. Ana Lopez,Check-up
2023-01-11,Senior,Male,Diabetes Mellitus Monitoring,Clinic,Dr. Victor Manuel,Check-up
2023-01-11,Child,Male,Fasting Blood Sugar,Laboratory,"Angela Reyes, RMT",Laboratory
2023-01-11,Child,Male,Hepatitis Screening,Laboratory,"Mark Villanueva, RMT",Laboratory
2023-01-11,Adult,Male,Home Service Laboratory,Home Service,"Mark Villanueva, RMT",Home Service
2023-01-11,Adult,Female,Pre-Employment Medical Exam,Clinic,Dr. Ana Lopez,Pre-Employment Checkup
2023-01-11,Adult,Female,Ultrasound,Radiology,Dr. Henry Ong,Imaging
2023-01-11,Adult,Female,Upper Respiratory Infection,Clinic,Dr. Camille Tan,Check-up
2023-01-11,Senior,Male,Urinalysis,Laboratory,"Patricia Mendoza, RMT",Laboratory
2023-01-12,Adult,Male,Annual Physical Examination,Annual Physical Examination,Dr. Miguel Fernandez,Annual Physical Examination
2023-01-12,Adult,Male,Asthma Monitoring,Clinic,Dr. Elena Bautista,Check-up
2023-01-12,Adult,Female,Hypertension Monitoring,Clinic,Dr. Victor Manuel,Check-up
2023-01-12,Adult,Female,Upper Respiratory Infection,Clinic,Dr. Ana Lopez,Check-up
2023-01-12,Senior,Male,Urinalysis,Laboratory,"Mark Villanueva, RMT",Laboratory
2023-01-13,Child,Male,Asthma Monitoring,Clinic,Dr. Victor Manuel,Check-up
2023-01-13,Adult,Male,Complete Blood Count,Laboratory,"Angela Reyes, RMT",Laboratory
2023-01-13,Adult,Female,Diabetes Mellitus Monitoring,Clinic,Dr. Elena Bautista,Check-up
2023-01-13,Adult,Female,Pregnancy Test,Laboratory,"Mark Villanueva, RMT",Laboratory
2023-01-13,Adult,Female,Preventive Health Check-up,Clinic,Dr. Paolo Rivera,Check-up
2023-01-14,Senior,Female,2D Echo,Cardiology,Dr. Camille Tan,Cardiology
2023-01-14,Adult,Male,Abdominal Pain,Clinic,Dr. Elena Bautista,Check-up
2023-01-14,Adult,Male,Asthma Monitoring,Clinic,Dr. Elena Bautista,Check-up
2023-01-14,Adult,Female,Asthma Monitoring,Clinic,Dr. Elena Bautista,Check-up
2023-01-14,Child,Male,Complete Blood Count,Laboratory,"Carlo Navarro, RMT",Laboratory
2023-01-14,Adult,Female,Dermatitis and Allergy,Clinic,Dr. Miguel Fernandez,Check-up
2023-01-14,Adult,Male,Hepatitis Screening,Laboratory,"Joanna Lim, RMT",Laboratory
2023-01-15,Senior,Male,2D Echo,Cardiology,Dr. Miguel Fernandez,Cardiology
2023-01-15,Adult,Female,Annual Physical Examination,Annual Physical Examination,Dr. Paolo Rivera,Annual Physical Examination
2023-01-15,Adult,Female,Creatinine,Laboratory,"Carlo Navarro, RMT",Laboratory
2023-01-15,Senior,Male,Electrocardiography,Cardiology,Dr. Ana Lopez,Cardiology
2023-01-15,Adult,Male,Fecalysis,Laboratory,"Patricia Mendoza, RMT",Laboratory
2023-01-15,Child,Female,Fever,Clinic,Dr. Camille Tan,Check-up
2023-01-15,Senior,Male,Fever,Clinic,Dr. Ana Lopez,Check-up
2023-01-15,Child,Female,Gastritis,Clinic,Dr. Elena Bautista,Check-up
2023-01-15,Child,Female,Routine Medical Consultation,Clinic,Dr. Camille Tan,Check-up
2023-01-15,Child,Male,Routine Medical Consultation,Clinic,Dr. Paolo Rivera,Check-up
2023-01-15,Adult,Female,Routine Medical Consultation,Clinic,Dr. Paolo Rivera,Check-up
2023-01-16,Adult,Male,Pre-Employment Medical Exam,Clinic,Dr. Camille Tan,Pre-Employment Checkup
2023-01-16,Adult,Male,SGPT,Laboratory,"Rafael Torres, RMT",Laboratory
2023-01-16,Child,Male,SGPT,Laboratory,"Joanna Lim, RMT",Laboratory
2023-01-16,Child,Male,Upper Respiratory Infection,Clinic,Dr. Camille Tan,Check-up
2023-01-16,Adult,Male,Urinalysis,Laboratory,"Carlo Navarro, RMT",Laboratory
2023-01-16,Adult,Female,Urinalysis,Laboratory,"Carlo Navarro, RMT",Laboratory
2023-01-16,Adult,Female,Vaccination,Clinic,Dr. Ana Lopez,Vaccination
2023-01-17,Adult,Female,Abdominal Pain,Clinic,Dr. Victor Manuel,Check-up
2023-01-17,Adult,Female,Diabetes Mellitus Monitoring,Clinic,Dr. Elena Bautista,Check-up
2023-01-17,Child,Female,Fasting Blood Sugar,Laboratory,"Rafael Torres, RMT",Laboratory
2023-01-17,Adult,Male,Fever,Clinic,Dr. Miguel Fernandez,Check-up
2023-01-17,Adult,Female,Vascular Study,Radiology,Dr. Andrea Sy,Imaging
2023-01-18,Adult,Male,Asthma Monitoring,Clinic,Dr. Victor Manuel,Check-up
2023-01-18,Adult,Male,Diabetes Mellitus Monitoring,Clinic,Dr. Elena Bautista,Check-up
2023-01-18,Adult,Male,Diabetes Mellitus Monitoring,Clinic,Dr. Victor Manuel,Check-up
2023-01-18,Adult,Female,Electrocardiography,Cardiology,Dr. Camille Tan,Cardiology
2023-01-18,Adult,Male,Lipid Profile,Laboratory,"Angela Reyes, RMT",Laboratory
2023-01-18,Adult,Female,Ultrasound,Radiology,Dr. Andrea Sy,Imaging
2023-01-18,Adult,Male,Urinary Tract Infection,Clinic,Dr. Camille Tan,Check-up
2023-01-19,Senior,Female,Chest X-ray,Radiology,Dr. Sofia Mercado,Imaging
2023-01-19,Adult,Male,Creatinine,Laboratory,"Carlo Navarro, RMT",Laboratory
2023-01-19,Adult,Female,Diabetes Mellitus Monitoring,Clinic,Dr. Victor Manuel,Check-up
2023-01-19,Adult,Female,Drug Testing,Drug Testing,"Carlo Navarro, RMT",Drug Testing
2023-01-19,Child,Male,Fever,Clinic,Dr. Camille Tan,Check-up
2023-01-19,Adult,Female,Lipid Profile,Laboratory,"Angela Reyes, RMT",Laboratory
2023-01-19,Adult,Female,Pregnancy Test,Laboratory,"Rafael Torres, RMT",Laboratory
2023-01-19,Adult,Male,Urinalysis,Laboratory,"Mark Villanueva, RMT",Laboratory
2023-01-20,Senior,Male,2D Echo,Cardiology,Dr. Paolo Rivera,Cardiology
2023-01-20,Adult,Male,Fecalysis,Laboratory,"Angela Reyes, RMT",Laboratory
2023-01-20,Adult,Male,Pre-Employment Medical Exam,Clinic,Dr. Camille Tan,Pre-Employment Checkup
2023-01-20,Adult,Female,Upper Respiratory Infection,Clinic,Dr. Miguel Fernandez,Check-up
2023-01-20,Adult,Female,Upper Respiratory Infection,Clinic,Dr. Camille Tan,Check-up
2023-01-21,Adult,Male,Blood Chemistry,Laboratory,"Carlo Navarro, RMT",Laboratory
2023-01-21,Adult,Female,Complete Blood Count,Laboratory,"Carlo Navarro, RMT",Laboratory
2023-01-21,Adult,Female,Drug Testing,Drug Testing,"Patricia Mendoza, RMT",Drug Testing
2023-01-21,Adult,Female,Fasting Blood Sugar,Laboratory,"Patricia Mendoza, RMT",Laboratory
2023-01-21,Child,Female,Lipid Profile,Laboratory,"Angela Reyes, RMT",Laboratory
2023-01-21,Adult,Male,Upper Respiratory Infection,Clinic,Dr. Ana Lopez,Check-up
2023-01-21,Senior,Male,Upper Respiratory Infection,Clinic,Dr. Miguel Fernandez,Check-up
2023-01-22,Adult,Female,Asthma Monitoring,Clinic,Dr. Elena Bautista,Check-up
2023-01-22,Senior,Female,Asthma Monitoring,Clinic,Dr. Victor Manuel,Check-up
2023-01-22,Senior,Female,Creatinine,Laboratory,"Mark Villanueva, RMT",Laboratory
2023-01-22,Adult,Female,Fecalysis,Laboratory,"Angela Reyes, RMT",Laboratory
2023-01-22,Adult,Male,Fever,Clinic,Dr. Paolo Rivera,Check-up
2023-01-22,Adult,Female,Fever,Clinic,Dr. Paolo Rivera,Check-up
2023-01-22,Adult,Male,Gastritis,Clinic,Dr. Elena Bautista,Check-up
2023-01-22,Adult,Male,Lipid Profile,Laboratory,"Patricia Mendoza, RMT",Laboratory
2023-01-22,Adult,Female,Upper Respiratory Infection,Clinic,Dr. Ana Lopez,Check-up
2023-01-22,Senior,Male,Urinary Tract Infection,Clinic,Dr. Camille Tan,Check-up
2023-01-23,Adult,Male,Asthma Monitoring,Clinic,Dr. Victor Manuel,Check-up
2023-01-23,Adult,Male,Fever,Clinic,Dr. Miguel Fernandez,Check-up
2023-01-23,Senior,Female,Hypertension Monitoring,Clinic,Dr. Elena Bautista,Check-up
2023-01-23,Adult,Female,Upper Respiratory Infection,Clinic,Dr. Camille Tan,Check-up
2023-01-24,Child,Female,Asthma Monitoring,Clinic,Dr. Elena Bautista,Check-up
2023-01-24,Senior,Male,Diabetes Mellitus Monitoring,Clinic,Dr. Victor Manuel,Check-up
2023-01-24,Senior,Male,Hypertension Monitoring,Clinic,Dr. Elena Bautista,Check-up
2023-01-24,Adult,Male,Preventive Health Check-up,Clinic,Dr. Camille Tan,Check-up
2023-01-24,Adult,Male,Urinary Tract Infection,Clinic,Dr. Miguel Fernandez,Check-up
2023-01-25,Adult,Female,Annual Physical Examination,Annual Physical Examination,Dr. Camille Tan,Annual Physical Examination
2023-01-25,Child,Male,Blood Chemistry,Laboratory,"Mark Villanueva, RMT",Laboratory
2023-01-25,Adult,Male,Chest X-ray,Radiology,Dr. Sofia Mercado,Imaging
2023-01-25,Adult,Female,Complete Blood Count,Laboratory,"Carlo Navarro, RMT",Laboratory
2023-01-25,Senior,Female,Diabetes Mellitus Monitoring,Clinic,Dr. Elena Bautista,Check-up
2023-01-25,Senior,Female,Hypertension Monitoring,Clinic,Dr. Elena Bautista,Check-up
2023-01-25,Child,Female,Routine Medical Consultation,Clinic,Dr. Camille Tan,Check-up
2023-01-25,Child,Male,Upper Respiratory Infection,Clinic,Dr. Ana Lopez,Check-up
2023-01-26,Adult,Male,Complete Blood Count,Laboratory,"Patricia Mendoza, RMT",Laboratory
2023-01-26,Adult,Male,Dermatitis and Allergy,Clinic,Dr. Miguel Fernandez,Check-up
2023-01-26,Adult,Male,Electrocardiography,Cardiology,Dr. Miguel Fernandez,Cardiology
2023-01-26,Adult,Female,Home Service Laboratory,Home Service,"Joanna Lim, RMT",Home Service
2023-01-26,Adult,Male,Home Service Laboratory,Home Service,"Mark Villanueva, RMT",Home Service
2023-01-26,Adult,Female,Hypertension Monitoring,Clinic,Dr. Elena Bautista,Check-up
2023-01-26,Adult,Male,Routine Medical Consultation,Clinic,Dr. Camille Tan,Check-up
2023-01-27,Adult,Male,Dermatitis and Allergy,Clinic,Dr. Miguel Fernandez,Check-up
2023-01-27,Adult,Female,Fasting Blood Sugar,Laboratory,"Angela Reyes, RMT",Laboratory
2023-01-27,Adult,Female,Gastritis,Clinic,Dr. Elena Bautista,Check-up
2023-01-27,Adult,Female,Urinalysis,Laboratory,"Patricia Mendoza, RMT",Laboratory
2023-01-28,Adult,Female,2D Echo,Cardiology,Dr. Camille Tan,Cardiology
2023-01-28,Adult,Male,Creatinine,Laboratory,"Rafael Torres, RMT",Laboratory
2023-01-28,Adult,Female,Dermatitis and Allergy,Clinic,Dr. Ana Lopez,Check-up
2023-01-28,Adult,Female,Dermatitis and Allergy,Clinic,Dr. Camille Tan,Check-up
2023-01-28,Adult,Female,Drug Testing,Drug Testing,"Angela Reyes, RMT",Drug Testing
2023-01-28,Adult,Female,Fecalysis,Laboratory,"Patricia Mendoza, RMT",Laboratory
2023-01-28,Adult,Female,Lipid Profile,Laboratory,"Joanna Lim, RMT",Laboratory
2023-01-28,Adult,Male,Thyroid Function Test,Laboratory,"Angela Reyes, RMT",Laboratory
2023-01-28,Adult,Male,Upper Respiratory Infection,Clinic,Dr. Camille Tan,Check-up
2023-01-29,Adult,Female,Asthma Monitoring,Clinic,Dr. Elena Bautista,Check-up
2023-01-29,Adult,Female,Chest X-ray,Radiology,Dr. Andrea Sy,Imaging
2023-01-29,Adult,Female,Chest X-ray,Radiology,Dr. Sofia Mercado,Imaging
2023-01-29,Adult,Female,Fasting Blood Sugar,Laboratory,"Mark Villanueva, RMT",Laboratory
2023-01-29,Child,Male,Fever,Clinic,Dr. Paolo Rivera,Check-up
2023-01-29,Adult,Female,SGPT,Laboratory,"Carlo Navarro, RMT",Laboratory
2023-01-29,Child,Male,Upper Respiratory Infection,Clinic,Dr. Paolo Rivera,Check-up
2023-01-29,Adult,Male,Upper Respiratory Infection,Clinic,Dr. Ana Lopez,Check-up
2023-01-29,Adult,Male,Upper Respiratory Infection,Clinic,Dr. Camille Tan,Check-up
2023-01-29,Senior,Male,Vascular Study,Radiology,Dr. Andrea Sy,Imaging
2023-01-30,Adult,Male,Fecalysis,Laboratory,"Mark Villanueva, RMT",Laboratory
2023-01-30,Child,Female,Fever,Clinic,Dr. Miguel Fernandez,Check-up
2023-01-30,Adult,Female,Pre-Employment Medical Exam,Clinic,Dr. Camille Tan,Pre-Employment Checkup
2023-01-30,Adult,Male,Routine Medical Consultation,Clinic,Dr. Miguel Fernandez,Check-up
2023-01-31,Adult,Male,Asthma Monitoring,Clinic,Dr. Victor Manuel,Check-up
2023-01-31,Child,Female,Creatinine,Laboratory,"Carlo Navarro, RMT",Laboratory
2023-01-31,Adult,Male,Diabetes Mellitus Monitoring,Clinic,Dr. Victor Manuel,Check-up
2023-01-31,Senior,Male,Diabetes Mellitus Monitoring,Clinic,Dr. Elena Bautista,Check-up
2023-01-31,Adult,Male,Drug Testing,Drug Testing,"Rafael Torres, RMT",Drug Testing
2023-01-31,Child,Female,Fasting Blood Sugar,Laboratory,"Angela Reyes, RMT",Laboratory
2023-01-31,Adult,Male,Hypertension Monitoring,Clinic,Dr. Elena Bautista,Check-up
2023-01-31,Child,Female,Urinary Tract Infection,Clinic,Dr. Camille Tan,Check-up
2023-02-01,Child,Male,Annual Physical Examination,Annual Physical Examination,Dr. Ana Lopez,Annual Physical Examination
2023-02-01,Adult,Male,Chest X-ray,Radiology,Dr. Sofia Mercado,Imaging
2023-02-01,Adult,Female,Diabetes Mellitus Monitoring,Clinic,Dr. Elena Bautista,Check-up
2023-02-01,Child,Male,Fever,Clinic,Dr. Paolo Rivera,Check-up
2023-02-01,Child,Female,Hepatitis Screening,Laboratory,"Mark Villanueva, RMT",Laboratory
2023-02-01,Adult,Male,Urinalysis,Laboratory,"Patricia Mendoza, RMT",Laboratory
2023-02-02,Adult,Female,Complete Blood Count,Laboratory,"Angela Reyes, RMT",Laboratory
2023-02-02,Child,Male,Fever,Clinic,Dr. Ana Lopez,Check-up
2023-02-02,Adult,Female,Headache,Clinic,Dr. Miguel Fernandez,Check-up
2023-02-02,Adult,Male,Hepatitis Screening,Laboratory,"Mark Villanueva, RMT",Laboratory
2023-02-02,Adult,Male,Routine Medical Consultation,Clinic,Dr. Paolo Rivera,Check-up
2023-02-02,Child,Male,Upper Respiratory Infection,Clinic,Dr. Miguel Fernandez,Check-up
2023-02-02,Adult,Female,Upper Respiratory Infection,Clinic,Dr. Camille Tan,Check-up
2023-02-03,Senior,Female,2D Echo,Cardiology,Dr. Camille Tan,Cardiology
2023-02-03,Adult,Female,Annual Physical Examination,Annual Physical Examination,Dr. Miguel Fernandez,Annual Physical Examination
2023-02-03,Adult,Male,Routine Medical Consultation,Clinic,Dr. Camille Tan,Check-up
2023-02-03,Adult,Male,Thyroid Function Test,Laboratory,"Joanna Lim, RMT",Laboratory
2023-02-03,Child,Female,Upper Respiratory Infection,Clinic,Dr. Miguel Fernandez,Check-up
2023-02-04,Adult,Male,2D Echo,Cardiology,Dr. Paolo Rivera,Cardiology
2023-02-04,Child,Male,Asthma Monitoring,Clinic,Dr. Victor Manuel,Check-up
2023-02-04,Adult,Female,Complete Blood Count,Laboratory,"Joanna Lim, RMT",Laboratory
2023-02-04,Adult,Female,Creatinine,Laboratory,"Rafael Torres, RMT",Laboratory
2023-02-04,Adult,Female,Drug Testing,Drug Testing,"Carlo Navarro, RMT",Drug Testing
2023-02-04,Adult,Male,Lipid Profile,Laboratory,"Joanna Lim, RMT",Laboratory
2023-02-04,Adult,Female,Pregnancy Test,Laboratory,"Carlo Navarro, RMT",Laboratory
2023-02-05,Adult,Male,Abdominal Pain,Clinic,Dr. Victor Manuel,Check-up
2023-02-05,Adult,Female,Asthma Monitoring,Clinic,Dr. Elena Bautista,Check-up
2023-02-05,Senior,Female,Asthma Monitoring,Clinic,Dr. Victor Manuel,Check-up
2023-02-05,Adult,Male,Complete Blood Count,Laboratory,"Carlo Navarro, RMT",Laboratory
2023-02-05,Senior,Male,Diabetes Mellitus Monitoring,Clinic,Dr. Victor Manuel,Check-up
2023-02-05,Adult,Female,Fever,Clinic,Dr. Camille Tan,Check-up
2023-02-05,Senior,Female,Hypertension Monitoring,Clinic,Dr. Elena Bautista,Check-up
2023-02-05,Adult,Male,Preventive Health Check-up,Clinic,Dr. Miguel Fernandez,Check-up
2023-02-05,Child,Female,Vaccination,Clinic,Dr. Camille Tan,Vaccination
2023-02-06,Adult,Female,Abdominal Pain,Clinic,Dr. Elena Bautista,Check-up
2023-02-06,Adult,Female,Annual Physical Examination,Annual Physical Examination,Dr. Ana Lopez,Annual Physical Examination
2023-02-06,Senior,Female,Asthma Monitoring,Clinic,Dr. Elena Bautista,Check-up
2023-02-06,Senior,Female,Headache,Clinic,Dr. Paolo Rivera,Check-up
2023-02-06,Adult,Male,Headache,Clinic,Dr. Ana Lopez,Check-up
2023-02-06,Child,Male,Home Service Laboratory,Home Service,"Mark Villanueva, RMT",Home Service
2023-02-06,Senior,Male,Hypertension Monitoring,Clinic,Dr. Victor Manuel,Check-up
2023-02-06,Adult,Female,Upper Respiratory Infection,Clinic,Dr. Ana Lopez,Check-up
2023-02-07,Adult,Female,Asthma Monitoring,Clinic,Dr. Elena Bautista,Check-up
2023-02-07,Adult,Female,Blood Chemistry,Laboratory,"Carlo Navarro, RMT",Laboratory
2023-02-07,Adult,Female,Gastritis,Clinic,Dr. Victor Manuel,Check-up
2023-02-07,Adult,Male,Upper Respiratory Infection,Clinic,Dr. Ana Lopez,Check-up
2023-02-07,Senior,Female,Upper Respiratory Infection,Clinic,Dr. Camille Tan,Check-up
2023-02-07,Senior,Male,Urinalysis,Laboratory,"Carlo Navarro, RMT",Laboratory
2023-02-07,Adult,Male,Urinalysis,Laboratory,"Rafael Torres, RMT",Laboratory
2023-02-08,Adult,Female,Annual Physical Examination,Annual Physical Examination,Dr. Paolo Rivera,Annual Physical Examination
2023-02-08,Adult,Female,Fasting Blood Sugar,Laboratory,"Patricia Mendoza, RMT",Laboratory
2023-02-08,Adult,Female,Gastritis,Clinic,Dr. Victor Manuel,Check-up
2023-02-08,Adult,Female,Hypertension Monitoring,Clinic,Dr. Elena Bautista,Check-up
2023-02-08,Adult,Male,Hypertension Monitoring,Clinic,Dr. Elena Bautista,Check-up
2023-02-08,Senior,Male,Preventive Health Check-up,Clinic,Dr. Paolo Rivera,Check-up
2023-02-09,Child,Female,Complete Blood Count,Laboratory,"Rafael Torres, RMT",Laboratory
2023-02-09,Adult,Female,Dermatitis and Allergy,Clinic,Dr. Camille Tan,Check-up
2023-02-09,Child,Male,Dermatitis and Allergy,Clinic,Dr. Camille Tan,Check-up
2023-02-09,Adult,Female,Diabetes Mellitus Monitoring,Clinic,Dr. Elena Bautista,Check-up
2023-02-09,Adult,Male,Diabetes Mellitus Monitoring,Clinic,Dr. Elena Bautista,Check-up
2023-02-09,Adult,Male,Hypertension Monitoring,Clinic,Dr. Victor Manuel,Check-up
2023-02-09,Adult,Male,Pregnancy Test,Laboratory,"Angela Reyes, RMT",Laboratory
2023-02-10,Child,Male,Annual Physical Examination,Annual Physical Examination,Dr. Paolo Rivera,Annual Physical Examination
2023-02-10,Senior,Male,Asthma Monitoring,Clinic,Dr. Elena Bautista,Check-up
2023-02-10,Child,Male,Complete Blood Count,Laboratory,"Carlo Navarro, RMT",Laboratory
2023-02-10,Adult,Female,Drug Testing,Drug Testing,"Angela Reyes, RMT",Drug Testing
2023-02-10,Adult,Female,Drug Testing,Drug Testing,"Carlo Navarro, RMT",Drug Testing
2023-02-10,Adult,Male,Fasting Blood Sugar,Laboratory,"Joanna Lim, RMT",Laboratory
2023-02-10,Child,Male,Gastritis,Clinic,Dr. Elena Bautista,Check-up
2023-02-10,Adult,Female,Ultrasound,Radiology,Dr. Sofia Mercado,Imaging
2023-02-11,Adult,Female,Chest X-ray,Radiology,Dr. Andrea Sy,Imaging
2023-02-11,Adult,Female,Hypertension Monitoring,Clinic,Dr. Victor Manuel,Check-up
2023-02-11,Adult,Male,Pre-Employment Medical Exam,Clinic,Dr. Ana Lopez,Pre-Employment Checkup
2023-02-11,Child,Female,Upper Respiratory Infection,Clinic,Dr. Paolo Rivera,Check-up
2023-02-11,Adult,Male,Urinalysis,Laboratory,"Rafael Torres, RMT",Laboratory
2023-02-11,Senior,Male,Vascular Study,Radiology,Dr. Henry Ong,Imaging
2023-02-12,Adult,Female,Dermatitis and Allergy,Clinic,Dr. Camille Tan,Check-up
2023-02-12,Adult,Male,Pregnancy Test,Laboratory,"Joanna Lim, RMT",Laboratory
2023-02-12,Adult,Male,Upper Respiratory Infection,Clinic,Dr. Miguel Fernandez,Check-up
2023-02-13,Adult,Female,Creatinine,Laboratory,"Mark Villanueva, RMT",Laboratory
2023-02-13,Senior,Female,Home Service Laboratory,Home Service,"Patricia Mendoza, RMT",Home Service
2023-02-13,Senior,Female,Lipid Profile,Laboratory,"Joanna Lim, RMT",Laboratory
2023-02-13,Adult,Female,Pre-Employment Medical Exam,Clinic,Dr. Camille Tan,Pre-Employment Checkup
2023-02-13,Adult,Male,Pregnancy Test,Laboratory,"Joanna Lim, RMT",Laboratory
2023-02-13,Adult,Male,Upper Respiratory Infection,Clinic,Dr. Paolo Rivera,Check-up
2023-02-13,Adult,Male,Urinary Tract Infection,Clinic,Dr. Camille Tan,Check-up
2023-02-14,Adult,Female,Asthma Monitoring,Clinic,Dr. Victor Manuel,Check-up
2023-02-14,Adult,Female,Lipid Profile,Laboratory,"Mark Villanueva, RMT",Laboratory
2023-02-14,Adult,Female,Routine Medical Consultation,Clinic,Dr. Miguel Fernandez,Check-up
2023-02-14,Senior,Male,Ultrasound,Radiology,Dr. Henry Ong,Imaging
2023-02-14,Child,Female,Ultrasound,Radiology,Dr. Sofia Mercado,Imaging
2023-02-14,Adult,Male,Upper Respiratory Infection,Clinic,Dr. Ana Lopez,Check-up
2023-02-14,Senior,Male,Urinalysis,Laboratory,"Mark Villanueva, RMT",Laboratory
2023-02-15,Adult,Female,Electrocardiography,Cardiology,Dr. Camille Tan,Cardiology
2023-02-15,Adult,Male,Fasting Blood Sugar,Laboratory,"Angela Reyes, RMT",Laboratory
2023-02-15,Child,Female,Upper Respiratory Infection,Clinic,Dr. Camille Tan,Check-up
2023-02-16,Adult,Male,Asthma Monitoring,Clinic,Dr. Elena Bautista,Check-up
2023-02-16,Child,Male,Blood Chemistry,Laboratory,"Mark Villanueva, RMT",Laboratory
2023-02-16,Adult,Male,Chest X-ray,Radiology,Dr. Sofia Mercado,Imaging
2023-02-16,Adult,Female,Hepatitis Screening,Laboratory,"Carlo Navarro, RMT",Laboratory
2023-02-16,Child,Female,Hepatitis Screening,Laboratory,"Mark Villanueva, RMT",Laboratory
2023-02-16,Adult,Female,Lipid Profile,Laboratory,"Joanna Lim, RMT",Laboratory
2023-02-16,Adult,Male,Preventive Health Check-up,Clinic,Dr. Paolo Rivera,Check-up
2023-02-16,Adult,Female,SGPT,Laboratory,"Rafael Torres, RMT",Laboratory
2023-02-17,Child,Female,Complete Blood Count,Laboratory,"Rafael Torres, RMT",Laboratory
2023-02-17,Child,Male,Gastritis,Clinic,Dr. Victor Manuel,Check-up
2023-02-17,Senior,Male,Hepatitis Screening,Laboratory,"Carlo Navarro, RMT",Laboratory
2023-02-17,Adult,Male,Preventive Health Check-up,Clinic,Dr. Paolo Rivera,Check-up
2023-02-17,Adult,Female,Upper Respiratory Infection,Clinic,Dr. Camille Tan,Check-up
2023-02-17,Child,Male,Upper Respiratory Infection,Clinic,Dr. Paolo Rivera,Check-up
2023-02-17,Child,Male,Urinary Tract Infection,Clinic,Dr. Camille Tan,Check-up
2023-02-17,Adult,Male,Vascular Study,Radiology,Dr. Sofia Mercado,Imaging
2023-02-18,Senior,Female,Chest X-ray,Radiology,Dr. Sofia Mercado,Imaging
2023-02-18,Adult,Female,Drug Testing,Drug Testing,"Carlo Navarro, RMT",Drug Testing
2023-02-18,Adult,Male,Drug Testing,Drug Testing,"Joanna Lim, RMT",Drug Testing
2023-02-18,Adult,Male,Drug Testing,Drug Testing,"Rafael Torres, RMT",Drug Testing
2023-02-18,Adult,Female,Fecalysis,Laboratory,"Rafael Torres, RMT",Laboratory
2023-02-18,Adult,Female,Home Service Laboratory,Home Service,"Rafael Torres, RMT",Home Service
2023-02-18,Child,Male,Lipid Profile,Laboratory,"Mark Villanueva, RMT",Laboratory
2023-02-18,Senior,Female,Preventive Health Check-up,Clinic,Dr. Camille Tan,Check-up
2023-02-18,Adult,Male,Ultrasound,Radiology,Dr. Andrea Sy,Imaging
2023-02-18,Senior,Female,Urinalysis,Laboratory,"Carlo Navarro, RMT",Laboratory
2023-02-19,Adult,Female,Annual Physical Examination,Annual Physical Examination,Dr. Miguel Fernandez,Annual Physical Examination
2023-02-19,Senior,Male,Complete Blood Count,Laboratory,"Carlo Navarro, RMT",Laboratory
2023-02-19,Child,Male,Fever,Clinic,Dr. Miguel Fernandez,Check-up
2023-02-19,Child,Male,Lipid Profile,Laboratory,"Joanna Lim, RMT",Laboratory
2023-02-19,Adult,Female,Pregnancy Test,Laboratory,"Patricia Mendoza, RMT",Laboratory
2023-02-19,Adult,Female,Upper Respiratory Infection,Clinic,Dr. Miguel Fernandez,Check-up
2023-02-19,Adult,Male,Urinalysis,Laboratory,"Patricia Mendoza, RMT",Laboratory
2023-02-20,Adult,Male,Blood Chemistry,Laboratory,"Mark Villanueva, RMT",Laboratory
2023-02-20,Adult,Female,Diabetes Mellitus Monitoring,Clinic,Dr. Elena Bautista,Check-up
2023-02-20,Senior,Female,Diabetes Mellitus Monitoring,Clinic,Dr. Elena Bautista,Check-up
2023-02-20,Senior,Male,Electrocardiography,Cardiology,Dr. Ana Lopez,Cardiology
2023-02-20,Adult,Female,Fecalysis,Laboratory,"Rafael Torres, RMT",Laboratory
2023-02-20,Adult,Female,Gastritis,Clinic,Dr. Elena Bautista,Check-up
2023-02-20,Senior,Female,Hypertension Monitoring,Clinic,Dr. Elena Bautista,Check-up
2023-02-20,Child,Female,Preventive Health Check-up,Clinic,Dr. Paolo Rivera,Check-up
2023-02-20,Adult,Female,Upper Respiratory Infection,Clinic,Dr. Miguel Fernandez,Check-up
2023-02-21,Adult,Female,Asthma Monitoring,Clinic,Dr. Elena Bautista,Check-up
2023-02-21,Adult,Male,Fasting Blood Sugar,Laboratory,"Angela Reyes, RMT",Laboratory
2023-02-21,Adult,Male,Fever,Clinic,Dr. Camille Tan,Check-up
2023-02-21,Adult,Male,Gastritis,Clinic,Dr. Elena Bautista,Check-up
2023-02-21,Adult,Male,Pre-Employment Medical Exam,Clinic,Dr. Miguel Fernandez,Pre-Employment Checkup
2023-02-21,Adult,Male,Upper Respiratory Infection,Clinic,Dr. Paolo Rivera,Check-up
2023-02-21,Adult,Male,Vaccination,Clinic,Dr. Ana Lopez,Vaccination
2023-02-22,Adult,Male,Blood Chemistry,Laboratory,"Carlo Navarro, RMT",Laboratory
2023-02-22,Adult,Male,Pre-Employment Medical Exam,Clinic,Dr. Ana Lopez,Pre-Employment Checkup
2023-02-22,Child,Male,Routine Medical Consultation,Clinic,Dr. Paolo Rivera,Check-up
2023-02-22,Adult,Male,Upper Respiratory Infection,Clinic,Dr. Paolo Rivera,Check-up
2023-02-22,Child,Male,Urinalysis,Laboratory,"Joanna Lim, RMT",Laboratory
2023-02-23,Adult,Female,Chest X-ray,Radiology,Dr. Andrea Sy,Imaging
2023-02-23,Child,Female,Complete Blood Count,Laboratory,"Carlo Navarro, RMT",Laboratory
2023-02-23,Adult,Male,Gastritis,Clinic,Dr. Victor Manuel,Check-up
2023-02-24,Adult,Female,Asthma Monitoring,Clinic,Dr. Victor Manuel,Check-up
2023-02-24,Adult,Male,Complete Blood Count,Laboratory,"Rafael Torres, RMT",Laboratory
2023-02-24,Adult,Male,Diabetes Mellitus Monitoring,Clinic,Dr. Elena Bautista,Check-up
2023-02-24,Adult,Male,Gastritis,Clinic,Dr. Victor Manuel,Check-up
2023-02-24,Adult,Male,Hypertension Monitoring,Clinic,Dr. Elena Bautista,Check-up
2023-02-24,Adult,Male,Pregnancy Test,Laboratory,"Angela Reyes, RMT",Laboratory
2023-02-24,Adult,Female,Preventive Health Check-up,Clinic,Dr. Ana Lopez,Check-up
2023-02-24,Adult,Female,Upper Respiratory Infection,Clinic,Dr. Ana Lopez,Check-up
2023-02-25,Adult,Male,Blood Chemistry,Laboratory,"Angela Reyes, RMT",Laboratory
2023-02-25,Senior,Female,Dermatitis and Allergy,Clinic,Dr. Paolo Rivera,Check-up
2023-02-25,Adult,Female,Drug Testing,Drug Testing,"Angela Reyes, RMT",Drug Testing
2023-02-25,Adult,Female,Fasting Blood Sugar,Laboratory,"Joanna Lim, RMT",Laboratory
2023-02-25,Adult,Female,SGPT,Laboratory,"Patricia Mendoza, RMT",Laboratory
2023-02-25,Adult,Female,Thyroid Function Test,Laboratory,"Rafael Torres, RMT",Laboratory
2023-02-25,Adult,Female,Urinary Tract Infection,Clinic,Dr. Miguel Fernandez,Check-up
2023-02-26,Adult,Female,Annual Physical Examination,Annual Physical Examination,Dr. Camille Tan,Annual Physical Examination
2023-02-26,Senior,Male,Blood Chemistry,Laboratory,"Carlo Navarro, RMT",Laboratory
2023-02-26,Adult,Male,Complete Blood Count,Laboratory,"Joanna Lim, RMT",Laboratory
2023-02-26,Senior,Male,Diabetes Mellitus Monitoring,Clinic,Dr. Victor Manuel,Check-up
2023-02-26,Senior,Female,Diabetes Mellitus Monitoring,Clinic,Dr. Victor Manuel,Check-up
2023-02-26,Adult,Male,Drug Testing,Drug Testing,"Rafael Torres, RMT",Drug Testing
2023-02-26,Adult,Male,Pre-Employment Medical Exam,Clinic,Dr. Camille Tan,Pre-Employment Checkup
2023-02-26,Adult,Male,Pre-Employment Medical Exam,Clinic,Dr. Paolo Rivera,Pre-Employment Checkup
2023-02-26,Senior,Male,Preventive Health Check-up,Clinic,Dr. Miguel Fernandez,Check-up
2023-02-26,Adult,Male,SGPT,Laboratory,"Carlo Navarro, RMT",Laboratory
2023-02-26,Child,Male,Urinalysis,Laboratory,"Rafael Torres, RMT",Laboratory
2023-02-27,Child,Male,Asthma Monitoring,Clinic,Dr. Victor Manuel,Check-up
2023-02-27,Senior,Female,Hepatitis Screening,Laboratory,"Carlo Navarro, RMT",Laboratory
2023-02-27,Adult,Male,Hepatitis Screening,Laboratory,"Patricia Mendoza, RMT",Laboratory
2023-02-27,Adult,Male,Pre-Employment Medical Exam,Clinic,Dr. Paolo Rivera,Pre-Employment Checkup
2023-02-28,Adult,Male,Annual Physical Examination,Annual Physical Examination,Dr. Ana Lopez,Annual Physical Examination
2023-02-28,Adult,Male,Asthma Monitoring,Clinic,Dr. Victor Manuel,Check-up
2023-02-28,Senior,Female,Diabetes Mellitus Monitoring,Clinic,Dr. Victor Manuel,Check-up
2023-02-28,Adult,Female,Fasting Blood Sugar,Laboratory,"Carlo Navarro, RMT",Laboratory
2023-02-28,Adult,Female,Gastritis,Clinic,Dr. Victor Manuel,Check-up
2023-02-28,Adult,Female,Headache,Clinic,Dr. Camille Tan,Check-up
2023-02-28,Adult,Male,Home Service Laboratory,Home Service,"Angela Reyes, RMT",Home Service
2023-02-28,Adult,Female,Hypertension Monitoring,Clinic,Dr. Victor Manuel,Check-up
2023-02-28,Adult,Male,Pre-Employment Medical Exam,Clinic,Dr. Paolo Rivera,Pre-Employment Checkup
2023-02-28,Adult,Female,Urinalysis,Laboratory,"Joanna Lim, RMT",Laboratory
2023-03-01,Adult,Female,Blood Chemistry,Laboratory,"Angela Reyes, RMT",Laboratory
2023-03-01,Adult,Female,Chest X-ray,Radiology,Dr. Sofia Mercado,Imaging
2023-03-01,Adult,Male,Drug Testing,Drug Testing,"Rafael Torres, RMT",Drug Testing
2023-03-01,Adult,Female,SGPT,Laboratory,"Carlo Navarro, RMT",Laboratory
2023-03-02,Child,Male,Complete Blood Count,Laboratory,"Patricia Mendoza, RMT",Laboratory
2023-03-02,Adult,Male,Fasting Blood Sugar,Laboratory,"Angela Reyes, RMT",Laboratory
2023-03-02,Adult,Male,Fever,Clinic,Dr. Paolo Rivera,Check-up
2023-03-02,Adult,Female,Hypertension Monitoring,Clinic,Dr. Elena Bautista,Check-up
2023-03-02,Adult,Male,Upper Respiratory Infection,Clinic,Dr. Paolo Rivera,Check-up
2023-03-02,Adult,Female,Urinalysis,Laboratory,"Patricia Mendoza, RMT",Laboratory
2023-03-03,Adult,Female,Abdominal Pain,Clinic,Dr. Victor Manuel,Check-up
2023-03-03,Child,Female,Annual Physical Examination,Annual Physical Examination,Dr. Miguel Fernandez,Annual Physical Examination
2023-03-03,Adult,Female,Asthma Monitoring,Clinic,Dr. Victor Manuel,Check-up
2023-03-03,Adult,Female,Blood Chemistry,Laboratory,"Angela Reyes, RMT",Laboratory
2023-03-03,Adult,Male,Routine Medical Consultation,Clinic,Dr. Miguel Fernandez,Check-up
2023-03-03,Senior,Female,Urinary Tract Infection,Clinic,Dr. Paolo Rivera,Check-up
2023-03-04,Adult,Female,Drug Testing,Drug Testing,"Rafael Torres, RMT",Drug Testing
2023-03-04,Adult,Male,Home Service Laboratory,Home Service,"Patricia Mendoza, RMT",Home Service
2023-03-04,Senior,Male,Hypertension Monitoring,Clinic,Dr. Elena Bautista,Check-up
2023-03-04,Adult,Male,Lipid Profile,Laboratory,"Angela Reyes, RMT",Laboratory
2023-03-04,Adult,Male,Ultrasound,Radiology,Dr. Sofia Mercado,Imaging
2023-03-05,Adult,Male,Diabetes Mellitus Monitoring,Clinic,Dr. Elena Bautista,Check-up
2023-03-05,Senior,Female,Diabetes Mellitus Monitoring,Clinic,Dr. Elena Bautista,Check-up
2023-03-05,Adult,Male,Pre-Employment Medical Exam,Clinic,Dr. Paolo Rivera,Pre-Employment Checkup
2023-03-06,Adult,Male,Blood Chemistry,Laboratory,"Rafael Torres, RMT",Laboratory
2023-03-06,Adult,Female,Dermatitis and Allergy,Clinic,Dr. Paolo Rivera,Check-up
2023-03-06,Senior,Male,Fasting Blood Sugar,Laboratory,"Patricia Mendoza, RMT",Laboratory
2023-03-06,Adult,Female,Pre-Employment Medical Exam,Clinic,Dr. Ana Lopez,Pre-Employment Checkup
2023-03-06,Adult,Male,Preventive Health Check-up,Clinic,Dr. Miguel Fernandez,Check-up
2023-03-06,Adult,Male,SGPT,Laboratory,"Joanna Lim, RMT",Laboratory
2023-03-07,Adult,Female,Abdominal Pain,Clinic,Dr. Elena Bautista,Check-up
2023-03-07,Adult,Male,Asthma Monitoring,Clinic,Dr. Victor Manuel,Check-up
2023-03-07,Senior,Female,Chest X-ray,Radiology,Dr. Sofia Mercado,Imaging
2023-03-07,Child,Female,Complete Blood Count,Laboratory,"Carlo Navarro, RMT",Laboratory
2023-03-07,Adult,Female,Electrocardiography,Cardiology,Dr. Ana Lopez,Cardiology
2023-03-07,Child,Female,Fasting Blood Sugar,Laboratory,"Mark Villanueva, RMT",Laboratory
2023-03-07,Adult,Female,SGPT,Laboratory,"Rafael Torres, RMT",Laboratory
2023-03-07,Adult,Female,Upper Respiratory Infection,Clinic,Dr. Camille Tan,Check-up
2023-03-07,Adult,Male,Upper Respiratory Infection,Clinic,Dr. Camille Tan,Check-up
2023-03-07,Adult,Male,Urinary Tract Infection,Clinic,Dr. Miguel Fernandez,Check-up
2023-03-07,Child,Female,Vaccination,Clinic,Dr. Ana Lopez,Vaccination
2023-03-08,Child,Female,Annual Physical Examination,Annual Physical Examination,Dr. Miguel Fernandez,Annual Physical Examination
2023-03-08,Adult,Female,Diabetes Mellitus Monitoring,Clinic,Dr. Victor Manuel,Check-up
2023-03-08,Adult,Female,Pre-Employment Medical Exam,Clinic,Dr. Miguel Fernandez,Pre-Employment Checkup
2023-03-08,Adult,Female,Pre-Employment Medical Exam,Clinic,Dr. Camille Tan,Pre-Employment Checkup
2023-03-08,Adult,Male,Preventive Health Check-up,Clinic,Dr. Miguel Fernandez,Check-up
2023-03-08,Adult,Female,Upper Respiratory Infection,Clinic,Dr. Camille Tan,Check-up
2023-03-08,Adult,Male,Urinary Tract Infection,Clinic,Dr. Paolo Rivera,Check-up
2023-03-09,Child,Male,Blood Chemistry,Laboratory,"Mark Villanueva, RMT",Laboratory
2023-03-09,Adult,Male,Creatinine,Laboratory,"Rafael Torres, RMT",Laboratory
2023-03-09,Senior,Female,Diabetes Mellitus Monitoring,Clinic,Dr. Elena Bautista,Check-up
2023-03-09,Child,Male,Electrocardiography,Cardiology,Dr. Miguel Fernandez,Cardiology
2023-03-09,Adult,Female,Hypertension Monitoring,Clinic,Dr. Elena Bautista,Check-up
2023-03-09,Adult,Male,Lipid Profile,Laboratory,"Patricia Mendoza, RMT",Laboratory
2023-03-09,Child,Male,Preventive Health Check-up,Clinic,Dr. Ana Lopez,Check-up
2023-03-10,Adult,Male,Abdominal Pain,Clinic,Dr. Victor Manuel,Check-up
2023-03-10,Adult,Female,Complete Blood Count,Laboratory,"Rafael Torres, RMT",Laboratory
2023-03-10,Child,Female,Fasting Blood Sugar,Laboratory,"Patricia Mendoza, RMT",Laboratory
2023-03-10,Child,Female,Home Service Laboratory,Home Service,"Mark Villanueva, RMT",Home Service
2023-03-10,Adult,Female,Lipid Profile,Laboratory,"Rafael Torres, RMT",Laboratory
2023-03-10,Child,Male,Upper Respiratory Infection,Clinic,Dr. Camille Tan,Check-up
2023-03-10,Child,Male,Upper Respiratory Infection,Clinic,Dr. Ana Lopez,Check-up
2023-03-10,Adult,Male,Urinalysis,Laboratory,"Joanna Lim, RMT",Laboratory
2023-03-10,Adult,Male,Vascular Study,Radiology,Dr. Sofia Mercado,Imaging
2023-03-11,Senior,Female,Complete Blood Count,Laboratory,"Rafael Torres, RMT",Laboratory
2023-03-11,Senior,Male,Diabetes Mellitus Monitoring,Clinic,Dr. Victor Manuel,Check-up
2023-03-11,Adult,Male,Electrocardiography,Cardiology,Dr. Ana Lopez,Cardiology
2023-03-11,Adult,Male,Hepatitis Screening,Laboratory,"Rafael Torres, RMT",Laboratory
2023-03-11,Senior,Female,Hypertension Monitoring,Clinic,Dr. Victor Manuel,Check-up
2023-03-11,Adult,Female,Lipid Profile,Laboratory,"Patricia Mendoza, RMT",Laboratory
2023-03-12,Adult,Male,Complete Blood Count,Laboratory,"Joanna Lim, RMT",Laboratory
2023-03-12,Adult,Male,Dermatitis and Allergy,Clinic,Dr. Ana Lopez,Check-up
2023-03-12,Adult,Female,Gastritis,Clinic,Dr. Victor Manuel,Check-up
2023-03-12,Adult,Male,Pregnancy Test,Laboratory,"Rafael Torres, RMT",Laboratory
2023-03-12,Adult,Female,Pregnancy Test,Laboratory,"Joanna Lim, RMT",Laboratory
2023-03-12,Adult,Female,SGPT,Laboratory,"Carlo Navarro, RMT",Laboratory
2023-03-12,Senior,Male,Upper Respiratory Infection,Clinic,Dr. Paolo Rivera,Check-up
2023-03-12,Adult,Male,Urinalysis,Laboratory,"Joanna Lim, RMT",Laboratory
2023-03-12,Adult,Female,Vascular Study,Radiology,Dr. Andrea Sy,Imaging
2023-03-13,Senior,Female,Annual Physical Examination,Annual Physical Examination,Dr. Camille Tan,Annual Physical Examination
2023-03-13,Adult,Male,Blood Chemistry,Laboratory,"Angela Reyes, RMT",Laboratory
2023-03-13,Child,Female,Dermatitis and Allergy,Clinic,Dr. Paolo Rivera,Check-up
2023-03-13,Child,Female,Electrocardiography,Cardiology,Dr. Camille Tan,Cardiology
2023-03-13,Adult,Male,Hypertension Monitoring,Clinic,Dr. Victor Manuel,Check-up
2023-03-13,Senior,Male,Lipid Profile,Laboratory,"Mark Villanueva, RMT",Laboratory
2023-03-13,Adult,Female,Pregnancy Test,Laboratory,"Carlo Navarro, RMT",Laboratory
2023-03-13,Adult,Female,Vaccination,Clinic,Dr. Paolo Rivera,Vaccination
2023-03-13,Adult,Female,Vascular Study,Radiology,Dr. Sofia Mercado,Imaging
2023-03-14,Adult,Female,2D Echo,Cardiology,Dr. Camille Tan,Cardiology
2023-03-14,Adult,Male,Asthma Monitoring,Clinic,Dr. Victor Manuel,Check-up
2023-03-14,Child,Male,Creatinine,Laboratory,"Patricia Mendoza, RMT",Laboratory
2023-03-14,Adult,Female,Dermatitis and Allergy,Clinic,Dr. Ana Lopez,Check-up
2023-03-14,Adult,Male,Diabetes Mellitus Monitoring,Clinic,Dr. Victor Manuel,Check-up
2023-03-14,Adult,Female,Hypertension Monitoring,Clinic,Dr. Elena Bautista,Check-up
2023-03-14,Adult,Male,Routine Medical Consultation,Clinic,Dr. Paolo Rivera,Check-up
2023-03-14,Adult,Male,Upper Respiratory Infection,Clinic,Dr. Camille Tan,Check-up
2023-03-14,Child,Male,Urinalysis,Laboratory,"Carlo Navarro, RMT",Laboratory
2023-03-14,Senior,Female,Urinalysis,Laboratory,"Mark Villanueva, RMT",Laboratory
2023-03-15,Adult,Male,Abdominal Pain,Clinic,Dr. Elena Bautista,Check-up
2023-03-15,Adult,Female,Asthma Monitoring,Clinic,Dr. Victor Manuel,Check-up
2023-03-15,Adult,Female,Blood Chemistry,Laboratory,"Joanna Lim, RMT",Laboratory
2023-03-15,Adult,Female,Creatinine,Laboratory,"Carlo Navarro, RMT",Laboratory
2023-03-15,Adult,Male,Electrocardiography,Cardiology,Dr. Ana Lopez,Cardiology
2023-03-15,Adult,Female,Gastritis,Clinic,Dr. Victor Manuel,Check-up
2023-03-15,Senior,Female,Hypertension Monitoring,Clinic,Dr. Elena Bautista,Check-up
2023-03-15,Adult,Female,Lipid Profile,Laboratory,"Patricia Mendoza, RMT",Laboratory
2023-03-15,Child,Male,Ultrasound,Radiology,Dr. Henry Ong,Imaging
2023-03-16,Senior,Male,Diabetes Mellitus Monitoring,Clinic,Dr. Elena Bautista,Check-up
2023-03-16,Adult,Female,Gastritis,Clinic,Dr. Victor Manuel,Check-up
2023-03-16,Child,Male,Gastritis,Clinic,Dr. Elena Bautista,Check-up
2023-03-16,Adult,Male,Pre-Employment Medical Exam,Clinic,Dr. Ana Lopez,Pre-Employment Checkup
2023-03-16,Senior,Male,Upper Respiratory Infection,Clinic,Dr. Miguel Fernandez,Check-up
2023-03-16,Adult,Female,Upper Respiratory Infection,Clinic,Dr. Miguel Fernandez,Check-up
2023-03-16,Adult,Male,Upper Respiratory Infection,Clinic,Dr. Miguel Fernandez,Check-up
2023-03-16,Adult,Female,Urinalysis,Laboratory,"Rafael Torres, RMT",Laboratory
2023-03-17,Adult,Male,Diabetes Mellitus Monitoring,Clinic,Dr. Victor Manuel,Check-up
2023-03-17,Adult,Female,Drug Testing,Drug Testing,"Angela Reyes, RMT",Drug Testing
2023-03-17,Adult,Male,Drug Testing,Drug Testing,"Angela Reyes, RMT",Drug Testing
2023-03-17,Adult,Female,Gastritis,Clinic,Dr. Victor Manuel,Check-up
2023-03-17,Adult,Male,Lipid Profile,Laboratory,"Angela Reyes, RMT",Laboratory
2023-03-17,Adult,Male,Pre-Employment Medical Exam,Clinic,Dr. Paolo Rivera,Pre-Employment Checkup
2023-03-17,Adult,Male,Upper Respiratory Infection,Clinic,Dr. Ana Lopez,Check-up
2023-03-18,Adult,Male,Asthma Monitoring,Clinic,Dr. Victor Manuel,Check-up
2023-03-18,Adult,Female,Chest X-ray,Radiology,Dr. Andrea Sy,Imaging
2023-03-18,Adult,Female,Diabetes Mellitus Monitoring,Clinic,Dr. Victor Manuel,Check-up
2023-03-18,Child,Female,Fasting Blood Sugar,Laboratory,"Mark Villanueva, RMT",Laboratory
2023-03-18,Senior,Male,Fasting Blood Sugar,Laboratory,"Mark Villanueva, RMT",Laboratory
2023-03-18,Adult,Female,Hepatitis Screening,Laboratory,"Rafael Torres, RMT",Laboratory
2023-03-18,Adult,Male,Hypertension Monitoring,Clinic,Dr. Elena Bautista,Check-up
2023-03-18,Adult,Male,SGPT,Laboratory,"Patricia Mendoza, RMT",Laboratory
2023-03-19,Adult,Male,Complete Blood Count,Laboratory,"Patricia Mendoza, RMT",Laboratory
2023-03-19,Senior,Male,Home Service Laboratory,Home Service,"Patricia Mendoza, RMT",Home Service
2023-03-19,Child,Male,Lipid Profile,Laboratory,"Angela Reyes, RMT",Laboratory
2023-03-19,Adult,Female,Preventive Health Check-up,Clinic,Dr. Paolo Rivera,Check-up
2023-03-19,Adult,Female,Preventive Health Check-up,Clinic,Dr. Miguel Fernandez,Check-up
2023-03-19,Adult,Female,Upper Respiratory Infection,Clinic,Dr. Paolo Rivera,Check-up
2023-03-20,Adult,Male,Blood Chemistry,Laboratory,"Rafael Torres, RMT",Laboratory
2023-03-20,Senior,Female,Gastritis,Clinic,Dr. Elena Bautista,Check-up
2023-03-20,Senior,Female,Upper Respiratory Infection,Clinic,Dr. Camille Tan,Check-up
2023-03-21,Adult,Male,Fasting Blood Sugar,Laboratory,"Rafael Torres, RMT",Laboratory
2023-03-21,Senior,Female,Fecalysis,Laboratory,"Rafael Torres, RMT",Laboratory
2023-03-21,Adult,Male,Fecalysis,Laboratory,"Carlo Navarro, RMT",Laboratory
2023-03-21,Child,Male,Fever,Clinic,Dr. Paolo Rivera,Check-up
2023-03-21,Adult,Male,Hepatitis Screening,Laboratory,"Rafael Torres, RMT",Laboratory
2023-03-21,Adult,Male,Hypertension Monitoring,Clinic,Dr. Elena Bautista,Check-up
2023-03-21,Adult,Male,Hypertension Monitoring,Clinic,Dr. Victor Manuel,Check-up
2023-03-21,Child,Female,Preventive Health Check-up,Clinic,Dr. Ana Lopez,Check-up
2023-03-21,Adult,Female,Urinalysis,Laboratory,"Joanna Lim, RMT",Laboratory
2023-03-21,Child,Female,Urinary Tract Infection,Clinic,Dr. Paolo Rivera,Check-up
2023-03-22,Adult,Male,Chest X-ray,Radiology,Dr. Andrea Sy,Imaging
2023-03-22,Adult,Female,Dermatitis and Allergy,Clinic,Dr. Ana Lopez,Check-up
2023-03-22,Adult,Male,Electrocardiography,Cardiology,Dr. Miguel Fernandez,Cardiology
2023-03-22,Adult,Male,Urinalysis,Laboratory,"Mark Villanueva, RMT",Laboratory
2023-03-23,Child,Male,Hepatitis Screening,Laboratory,"Carlo Navarro, RMT",Laboratory
2023-03-23,Senior,Female,Hypertension Monitoring,Clinic,Dr. Victor Manuel,Check-up
2023-03-23,Adult,Male,Upper Respiratory Infection,Clinic,Dr. Miguel Fernandez,Check-up
2023-03-23,Adult,Female,Urinalysis,Laboratory,"Carlo Navarro, RMT",Laboratory
2023-03-24,Senior,Female,Asthma Monitoring,Clinic,Dr. Elena Bautista,Check-up
2023-03-24,Child,Male,Asthma Monitoring,Clinic,Dr. Victor Manuel,Check-up
2023-03-24,Adult,Female,Blood Chemistry,Laboratory,"Carlo Navarro, RMT",Laboratory
2023-03-24,Adult,Female,Complete Blood Count,Laboratory,"Angela Reyes, RMT",Laboratory
2023-03-24,Adult,Male,Pre-Employment Medical Exam,Clinic,Dr. Ana Lopez,Pre-Employment Checkup
2023-03-24,Adult,Male,Upper Respiratory Infection,Clinic,Dr. Ana Lopez,Check-up
2023-03-24,Adult,Female,Urinalysis,Laboratory,"Rafael Torres, RMT",Laboratory
2023-03-25,Senior,Male,Annual Physical Examination,Annual Physical Examination,Dr. Miguel Fernandez,Annual Physical Examination
2023-03-25,Senior,Female,Complete Blood Count,Laboratory,"Joanna Lim, RMT",Laboratory
2023-03-25,Senior,Female,Dermatitis and Allergy,Clinic,Dr. Miguel Fernandez,Check-up
2023-03-25,Adult,Male,Hepatitis Screening,Laboratory,"Joanna Lim, RMT",Laboratory
2023-03-25,Senior,Female,Hypertension Monitoring,Clinic,Dr. Victor Manuel,Check-up
2023-03-25,Adult,Male,SGPT,Laboratory,"Patricia Mendoza, RMT",Laboratory
2023-03-25,Adult,Male,Urinalysis,Laboratory,"Mark Villanueva, RMT",Laboratory
2023-03-26,Senior,Male,2D Echo,Cardiology,Dr. Paolo Rivera,Cardiology
2023-03-26,Adult,Male,Asthma Monitoring,Clinic,Dr. Victor Manuel,Check-up
2023-03-26,Child,Female,Fasting Blood Sugar,Laboratory,"Rafael Torres, RMT",Laboratory
2023-03-26,Adult,Male,Gastritis,Clinic,Dr. Elena Bautista,Check-up
2023-03-26,Adult,Male,Urinalysis,Laboratory,"Mark Villanueva, RMT",Laboratory
2023-03-27,Adult,Female,Chest X-ray,Radiology,Dr. Henry Ong,Imaging
2023-03-27,Child,Female,Complete Blood Count,Laboratory,"Patricia Mendoza, RMT",Laboratory
2023-03-27,Adult,Female,Drug Testing,Drug Testing,"Joanna Lim, RMT",Drug Testing
2023-03-27,Adult,Male,Preventive Health Check-up,Clinic,Dr. Camille Tan,Check-up
2023-03-27,Adult,Male,Upper Respiratory Infection,Clinic,Dr. Paolo Rivera,Check-up
2023-03-28,Adult,Female,Chest X-ray,Radiology,Dr. Andrea Sy,Imaging
2023-03-28,Adult,Male,Drug Testing,Drug Testing,"Patricia Mendoza, RMT",Drug Testing
2023-03-28,Child,Female,Gastritis,Clinic,Dr. Elena Bautista,Check-up
2023-03-28,Adult,Female,Hepatitis Screening,Laboratory,"Rafael Torres, RMT",Laboratory
2023-03-28,Child,Male,Vaccination,Clinic,Dr. Miguel Fernandez,Vaccination
2023-03-29,Adult,Male,Asthma Monitoring,Clinic,Dr. Elena Bautista,Check-up
2023-03-29,Adult,Male,Dermatitis and Allergy,Clinic,Dr. Camille Tan,Check-up
2023-03-29,Senior,Female,Diabetes Mellitus Monitoring,Clinic,Dr. Victor Manuel,Check-up
2023-03-29,Senior,Female,Diabetes Mellitus Monitoring,Clinic,Dr. Elena Bautista,Check-up
2023-03-29,Adult,Male,Drug Testing,Drug Testing,"Carlo Navarro, RMT",Drug Testing
2023-03-29,Adult,Male,Fever,Clinic,Dr. Camille Tan,Check-up
2023-03-29,Adult,Female,Gastritis,Clinic,Dr. Elena Bautista,Check-up
2023-03-29,Child,Male,Headache,Clinic,Dr. Paolo Rivera,Check-up
2023-03-29,Adult,Female,Hypertension Monitoring,Clinic,Dr. Victor Manuel,Check-up
2023-03-29,Child,Female,Lipid Profile,Laboratory,"Joanna Lim, RMT",Laboratory
2023-03-29,Adult,Female,Lipid Profile,Laboratory,"Angela Reyes, RMT",Laboratory
2023-03-29,Senior,Male,Preventive Health Check-up,Clinic,Dr. Miguel Fernandez,Check-up
2023-03-29,Adult,Male,Preventive Health Check-up,Clinic,Dr. Ana Lopez,Check-up
2023-03-29,Child,Male,Upper Respiratory Infection,Clinic,Dr. Camille Tan,Check-up
2023-03-30,Senior,Male,Diabetes Mellitus Monitoring,Clinic,Dr. Victor Manuel,Check-up
2023-03-30,Senior,Male,Diabetes Mellitus Monitoring,Clinic,Dr. Elena Bautista,Check-up
2023-03-30,Adult,Male,Preventive Health Check-up,Clinic,Dr. Miguel Fernandez,Check-up
2023-03-30,Adult,Female,Thyroid Function Test,Laboratory,"Carlo Navarro, RMT",Laboratory
2023-03-30,Adult,Male,Upper Respiratory Infection,Clinic,Dr. Camille Tan,Check-up
2023-03-30,Senior,Male,Urinary Tract Infection,Clinic,Dr. Miguel Fernandez,Check-up
2023-03-30,Adult,Female,Urinary Tract Infection,Clinic,Dr. Camille Tan,Check-up
2023-03-30,Senior,Male,Vascular Study,Radiology,Dr. Sofia Mercado,Imaging
2023-03-31,Adult,Female,Asthma Monitoring,Clinic,Dr. Victor Manuel,Check-up
2023-03-31,Adult,Male,Complete Blood Count,Laboratory,"Joanna Lim, RMT",Laboratory
2023-03-31,Senior,Female,Diabetes Mellitus Monitoring,Clinic,Dr. Elena Bautista,Check-up
2023-03-31,Child,Male,Routine Medical Consultation,Clinic,Dr. Paolo Rivera,Check-up
2023-04-01,Adult,Female,Drug Testing,Drug Testing,"Mark Villanueva, RMT",Drug Testing
2023-04-01,Adult,Male,Electrocardiography,Cardiology,Dr. Paolo Rivera,Cardiology
2023-04-01,Adult,Male,Fasting Blood Sugar,Laboratory,"Mark Villanueva, RMT",Laboratory
2023-04-01,Adult,Female,Lipid Profile,Laboratory,"Joanna Lim, RMT",Laboratory
2023-04-01,Child,Male,Upper Respiratory Infection,Clinic,Dr. Ana Lopez,Check-up
2023-04-02,Adult,Female,Abdominal Pain,Clinic,Dr. Elena Bautista,Check-up
2023-04-02,Adult,Female,Diabetes Mellitus Monitoring,Clinic,Dr. Elena Bautista,Check-up
2023-04-02,Child,Female,Headache,Clinic,Dr. Paolo Rivera,Check-up
2023-04-02,Adult,Male,Upper Respiratory Infection,Clinic,Dr. Paolo Rivera,Check-up
2023-04-03,Child,Female,Blood Chemistry,Laboratory,"Joanna Lim, RMT",Laboratory
2023-04-03,Adult,Male,Dermatitis and Allergy,Clinic,Dr. Camille Tan,Check-up
2023-04-03,Child,Male,Electrocardiography,Cardiology,Dr. Ana Lopez,Cardiology
2023-04-03,Adult,Female,Home Service Laboratory,Home Service,"Rafael Torres, RMT",Home Service
2023-04-03,Senior,Female,Hypertension Monitoring,Clinic,Dr. Elena Bautista,Check-up
2023-04-03,Adult,Female,Pre-Employment Medical Exam,Clinic,Dr. Miguel Fernandez,Pre-Employment Checkup
2023-04-03,Adult,Male,Upper Respiratory Infection,Clinic,Dr. Camille Tan,Check-up
2023-04-04,Adult,Female,Asthma Monitoring,Clinic,Dr. Elena Bautista,Check-up
2023-04-04,Child,Male,Asthma Monitoring,Clinic,Dr. Victor Manuel,Check-up
2023-04-04,Adult,Male,Routine Medical Consultation,Clinic,Dr. Ana Lopez,Check-up
2023-04-04,Adult,Female,Thyroid Function Test,Laboratory,"Rafael Torres, RMT",Laboratory
2023-04-05,Senior,Female,2D Echo,Cardiology,Dr. Ana Lopez,Cardiology
2023-04-05,Adult,Male,Asthma Monitoring,Clinic,Dr. Elena Bautista,Check-up
2023-04-05,Adult,Female,Asthma Monitoring,Clinic,Dr. Victor Manuel,Check-up
2023-04-05,Adult,Female,Asthma Monitoring,Clinic,Dr. Elena Bautista,Check-up
2023-04-05,Child,Male,Blood Chemistry,Laboratory,"Rafael Torres, RMT",Laboratory
2023-04-05,Adult,Male,Chest X-ray,Radiology,Dr. Andrea Sy,Imaging
2023-04-05,Adult,Male,Complete Blood Count,Laboratory,"Mark Villanueva, RMT",Laboratory
2023-04-05,Senior,Male,Diabetes Mellitus Monitoring,Clinic,Dr. Elena Bautista,Check-up
2023-04-05,Adult,Female,Gastritis,Clinic,Dr. Elena Bautista,Check-up
2023-04-05,Adult,Female,Hypertension Monitoring,Clinic,Dr. Victor Manuel,Check-up
2023-04-05,Child,Female,Routine Medical Consultation,Clinic,Dr. Camille Tan,Check-up
2023-04-06,Senior,Female,Annual Physical Examination,Annual Physical Examination,Dr. Miguel Fernandez,Annual Physical Examination
2023-04-06,Adult,Male,Drug Testing,Drug Testing,"Carlo Navarro, RMT",Drug Testing
2023-04-06,Adult,Female,Fecalysis,Laboratory,"Angela Reyes, RMT",Laboratory
2023-04-06,Senior,Male,Headache,Clinic,Dr. Ana Lopez,Check-up
2023-04-06,Adult,Male,Pre-Employment Medical Exam,Clinic,Dr. Miguel Fernandez,Pre-Employment Checkup
2023-04-06,Adult,Female,Pre-Employment Medical Exam,Clinic,Dr. Camille Tan,Pre-Employment Checkup
2023-04-06,Adult,Male,Routine Medical Consultation,Clinic,Dr. Paolo Rivera,Check-up
2023-04-06,Adult,Male,Thyroid Function Test,Laboratory,"Angela Reyes, RMT",Laboratory
2023-04-07,Adult,Female,2D Echo,Cardiology,Dr. Miguel Fernandez,Cardiology
2023-04-07,Adult,Female,Blood Chemistry,Laboratory,"Carlo Navarro, RMT",Laboratory
2023-04-07,Senior,Female,Diabetes Mellitus Monitoring,Clinic,Dr. Elena Bautista,Check-up
2023-04-07,Adult,Female,Electrocardiography,Cardiology,Dr. Paolo Rivera,Cardiology
2023-04-07,Senior,Female,Fasting Blood Sugar,Laboratory,"Joanna Lim, RMT",Laboratory
2023-04-07,Adult,Male,Hypertension Monitoring,Clinic,Dr. Victor Manuel,Check-up
2023-04-07,Adult,Male,Preventive Health Check-up,Clinic,Dr. Paolo Rivera,Check-up
2023-04-08,Adult,Female,Asthma Monitoring,Clinic,Dr. Victor Manuel,Check-up
2023-04-08,Senior,Female,Blood Chemistry,Laboratory,"Angela Reyes, RMT",Laboratory
2023-04-08,Adult,Male,Diabetes Mellitus Monitoring,Clinic,Dr. Elena Bautista,Check-up
2023-04-08,Adult,Female,Gastritis,Clinic,Dr. Elena Bautista,Check-up
2023-04-08,Adult,Female,Pre-Employment Medical Exam,Clinic,Dr. Paolo Rivera,Pre-Employment Checkup
2023-04-08,Adult,Female,Urinalysis,Laboratory,"Angela Reyes, RMT",Laboratory
2023-04-09,Adult,Male,Annual Physical Examination,Annual Physical Examination,Dr. Ana Lopez,Annual Physical Examination
2023-04-09,Adult,Male,Blood Chemistry,Laboratory,"Carlo Navarro, RMT",Laboratory
2023-04-09,Adult,Male,Chest X-ray,Radiology,Dr. Sofia Mercado,Imaging
2023-04-09,Child,Male,Chest X-ray,Radiology,Dr. Henry Ong,Imaging
2023-04-09,Child,Male,Dermatitis and Allergy,Clinic,Dr. Paolo Rivera,Check-up
2023-04-09,Adult,Female,Home Service Laboratory,Home Service,"Rafael Torres, RMT",Home Service
2023-04-09,Child,Female,Home Service Laboratory,Home Service,"Mark Villanueva, RMT",Home Service
2023-04-09,Senior,Male,Lipid Profile,Laboratory,"Patricia Mendoza, RMT",Laboratory
2023-04-09,Adult,Female,Preventive Health Check-up,Clinic,Dr. Miguel Fernandez,Check-up
2023-04-09,Adult,Male,Preventive Health Check-up,Clinic,Dr. Ana Lopez,Check-up
2023-04-09,Adult,Female,Urinalysis,Laboratory,"Carlo Navarro, RMT",Laboratory
2023-04-09,Adult,Male,Vaccination,Clinic,Dr. Paolo Rivera,Vaccination
2023-04-10,Adult,Female,2D Echo,Cardiology,Dr. Paolo Rivera,Cardiology
2023-04-10,Senior,Male,Diabetes Mellitus Monitoring,Clinic,Dr. Elena Bautista,Check-up
2023-04-10,Adult,Female,Fasting Blood Sugar,Laboratory,"Mark Villanueva, RMT",Laboratory
2023-04-10,Senior,Male,Fasting Blood Sugar,Laboratory,"Patricia Mendoza, RMT",Laboratory
2023-04-10,Senior,Female,Hypertension Monitoring,Clinic,Dr. Elena Bautista,Check-up
2023-04-10,Adult,Male,Urinalysis,Laboratory,"Rafael Torres, RMT",Laboratory
2023-04-11,Adult,Male,Complete Blood Count,Laboratory,"Carlo Navarro, RMT",Laboratory
2023-04-11,Adult,Male,Diabetes Mellitus Monitoring,Clinic,Dr. Victor Manuel,Check-up
2023-04-11,Adult,Male,Diabetes Mellitus Monitoring,Clinic,Dr. Elena Bautista,Check-up
2023-04-11,Adult,Male,Fecalysis,Laboratory,"Rafael Torres, RMT",Laboratory
2023-04-11,Adult,Female,Pregnancy Test,Laboratory,"Carlo Navarro, RMT",Laboratory
2023-04-11,Adult,Male,Vaccination,Clinic,Dr. Camille Tan,Vaccination
2023-04-12,Adult,Male,Abdominal Pain,Clinic,Dr. Elena Bautista,Check-up
2023-04-12,Adult,Female,Gastritis,Clinic,Dr. Victor Manuel,Check-up
2023-04-12,Adult,Female,Gastritis,Clinic,Dr. Elena Bautista,Check-up
2023-04-12,Adult,Male,Hepatitis Screening,Laboratory,"Mark Villanueva, RMT",Laboratory
2023-04-12,Adult,Male,Ultrasound,Radiology,Dr. Andrea Sy,Imaging
2023-04-12,Adult,Male,Urinalysis,Laboratory,"Angela Reyes, RMT",Laboratory
2023-04-13,Adult,Male,Chest X-ray,Radiology,Dr. Andrea Sy,Imaging
2023-04-13,Adult,Female,Dermatitis and Allergy,Clinic,Dr. Paolo Rivera,Check-up
2023-04-13,Adult,Male,Drug Testing,Drug Testing,"Rafael Torres, RMT",Drug Testing
2023-04-13,Child,Female,Fasting Blood Sugar,Laboratory,"Angela Reyes, RMT",Laboratory
2023-04-13,Adult,Male,Fever,Clinic,Dr. Paolo Rivera,Check-up
2023-04-13,Adult,Female,Hypertension Monitoring,Clinic,Dr. Victor Manuel,Check-up
2023-04-13,Adult,Male,Preventive Health Check-up,Clinic,Dr. Miguel Fernandez,Check-up
2023-04-13,Adult,Male,Upper Respiratory Infection,Clinic,Dr. Miguel Fernandez,Check-up
2023-04-13,Adult,Male,Vascular Study,Radiology,Dr. Sofia Mercado,Imaging
2023-04-14,Adult,Male,Fecalysis,Laboratory,"Joanna Lim, RMT",Laboratory
2023-04-14,Child,Male,Gastritis,Clinic,Dr. Elena Bautista,Check-up
2023-04-14,Adult,Female,Headache,Clinic,Dr. Ana Lopez,Check-up
2023-04-14,Adult,Male,Hypertension Monitoring,Clinic,Dr. Victor Manuel,Check-up
2023-04-14,Adult,Female,Routine Medical Consultation,Clinic,Dr. Miguel Fernandez,Check-up
2023-04-14,Adult,Female,Upper Respiratory Infection,Clinic,Dr. Paolo Rivera,Check-up
2023-04-15,Adult,Female,Annual Physical Examination,Annual Physical Examination,Dr. Ana Lopez,Annual Physical Examination
2023-04-15,Adult,Male,Complete Blood Count,Laboratory,"Carlo Navarro, RMT",Laboratory
2023-04-15,Adult,Female,Dermatitis and Allergy,Clinic,Dr. Miguel Fernandez,Check-up
2023-04-15,Child,Female,Electrocardiography,Cardiology,Dr. Miguel Fernandez,Cardiology
2023-04-15,Adult,Male,Fever,Clinic,Dr. Miguel Fernandez,Check-up
2023-04-15,Senior,Male,Hypertension Monitoring,Clinic,Dr. Elena Bautista,Check-up
2023-04-15,Child,Female,Lipid Profile,Laboratory,"Rafael Torres, RMT",Laboratory
2023-04-15,Child,Female,Upper Respiratory Infection,Clinic,Dr. Camille Tan,Check-up
2023-04-15,Adult,Female,Vaccination,Clinic,Dr. Camille Tan,Vaccination
2023-04-15,Adult,Male,Vascular Study,Radiology,Dr. Sofia Mercado,Imaging
2023-04-16,Child,Male,Complete Blood Count,Laboratory,"Joanna Lim, RMT",Laboratory
2023-04-16,Adult,Female,Thyroid Function Test,Laboratory,"Angela Reyes, RMT",Laboratory
2023-04-16,Adult,Male,Ultrasound,Radiology,Dr. Henry Ong,Imaging
2023-04-16,Adult,Male,Urinalysis,Laboratory,"Rafael Torres, RMT",Laboratory
2023-04-17,Adult,Female,Drug Testing,Drug Testing,"Carlo Navarro, RMT",Drug Testing
2023-04-18,Adult,Male,Abdominal Pain,Clinic,Dr. Victor Manuel,Check-up
2023-04-18,Adult,Female,Complete Blood Count,Laboratory,"Joanna Lim, RMT",Laboratory
2023-04-18,Adult,Female,Ultrasound,Radiology,Dr. Andrea Sy,Imaging
2023-04-19,Senior,Female,Fever,Clinic,Dr. Miguel Fernandez,Check-up
2023-04-19,Adult,Male,Hepatitis Screening,Laboratory,"Carlo Navarro, RMT",Laboratory
2023-04-19,Adult,Female,Vascular Study,Radiology,Dr. Andrea Sy,Imaging
2023-04-20,Child,Male,SGPT,Laboratory,"Patricia Mendoza, RMT",Laboratory
2023-04-20,Senior,Male,Urinary Tract Infection,Clinic,Dr. Camille Tan,Check-up
2023-04-20,Child,Female,Urinary Tract Infection,Clinic,Dr. Camille Tan,Check-up
2023-04-21,Adult,Male,Annual Physical Examination,Annual Physical Examination,Dr. Miguel Fernandez,Annual Physical Examination
2023-04-21,Child,Male,Creatinine,Laboratory,"Rafael Torres, RMT",Laboratory
2023-04-21,Adult,Female,Diabetes Mellitus Monitoring,Clinic,Dr. Victor Manuel,Check-up
2023-04-21,Adult,Male,Diabetes Mellitus Monitoring,Clinic,Dr. Victor Manuel,Check-up
2023-04-21,Senior,Male,Home Service Laboratory,Home Service,"Carlo Navarro, RMT",Home Service
2023-04-21,Adult,Female,Hypertension Monitoring,Clinic,Dr. Victor Manuel,Check-up
2023-04-22,Senior,Male,2D Echo,Cardiology,Dr. Ana Lopez,Cardiology
2023-04-22,Adult,Female,Abdominal Pain,Clinic,Dr. Victor Manuel,Check-up
2023-04-22,Adult,Male,Annual Physical Examination,Annual Physical Examination,Dr. Paolo Rivera,Annual Physical Examination
2023-04-22,Child,Female,Blood Chemistry,Laboratory,"Angela Reyes, RMT",Laboratory
2023-04-22,Adult,Male,Chest X-ray,Radiology,Dr. Sofia Mercado,Imaging
2023-04-22,Adult,Male,Electrocardiography,Cardiology,Dr. Camille Tan,Cardiology
2023-04-22,Adult,Female,Hepatitis Screening,Laboratory,"Joanna Lim, RMT",Laboratory
2023-04-22,Adult,Male,Pre-Employment Medical Exam,Clinic,Dr. Camille Tan,Pre-Employment Checkup
2023-04-22,Child,Female,SGPT,Laboratory,"Carlo Navarro, RMT",Laboratory
2023-04-22,Child,Male,Upper Respiratory Infection,Clinic,Dr. Ana Lopez,Check-up
2023-04-23,Adult,Male,Asthma Monitoring,Clinic,Dr. Elena Bautista,Check-up
2023-04-23,Adult,Male,Diabetes Mellitus Monitoring,Clinic,Dr. Victor Manuel,Check-up
2023-04-23,Adult,Male,Drug Testing,Drug Testing,"Rafael Torres, RMT",Drug Testing
2023-04-23,Adult,Female,Fecalysis,Laboratory,"Angela Reyes, RMT",Laboratory
2023-04-23,Adult,Male,Fecalysis,Laboratory,"Joanna Lim, RMT",Laboratory
2023-04-23,Adult,Female,Pre-Employment Medical Exam,Clinic,Dr. Camille Tan,Pre-Employment Checkup
2023-04-23,Adult,Male,Pregnancy Test,Laboratory,"Angela Reyes, RMT",Laboratory
2023-04-24,Adult,Female,Blood Chemistry,Laboratory,"Carlo Navarro, RMT",Laboratory
2023-04-24,Senior,Female,Creatinine,Laboratory,"Mark Villanueva, RMT",Laboratory
2023-04-24,Senior,Female,Dermatitis and Allergy,Clinic,Dr. Camille Tan,Check-up
2023-04-24,Adult,Male,Lipid Profile,Laboratory,"Rafael Torres, RMT",Laboratory
2023-04-24,Adult,Female,Preventive Health Check-up,Clinic,Dr. Paolo Rivera,Check-up
2023-04-24,Adult,Male,Ultrasound,Radiology,Dr. Andrea Sy,Imaging
2023-04-24,Adult,Female,Upper Respiratory Infection,Clinic,Dr. Paolo Rivera,Check-up
2023-04-25,Adult,Male,Diabetes Mellitus Monitoring,Clinic,Dr. Victor Manuel,Check-up
2023-04-25,Adult,Male,Gastritis,Clinic,Dr. Elena Bautista,Check-up
2023-04-25,Adult,Male,Pre-Employment Medical Exam,Clinic,Dr. Paolo Rivera,Pre-Employment Checkup
2023-04-25,Adult,Male,Pregnancy Test,Laboratory,"Mark Villanueva, RMT",Laboratory
2023-04-25,Adult,Male,SGPT,Laboratory,"Rafael Torres, RMT",Laboratory
2023-04-25,Adult,Male,Urinalysis,Laboratory,"Carlo Navarro, RMT",Laboratory
2023-04-26,Senior,Female,Abdominal Pain,Clinic,Dr. Victor Manuel,Check-up
2023-04-26,Senior,Female,Chest X-ray,Radiology,Dr. Sofia Mercado,Imaging
2023-04-26,Adult,Male,Creatinine,Laboratory,"Rafael Torres, RMT",Laboratory
2023-04-26,Senior,Female,Headache,Clinic,Dr. Miguel Fernandez,Check-up
2023-04-26,Child,Male,Hepatitis Screening,Laboratory,"Rafael Torres, RMT",Laboratory
2023-04-26,Senior,Male,Hypertension Monitoring,Clinic,Dr. Elena Bautista,Check-up
2023-04-26,Adult,Male,Preventive Health Check-up,Clinic,Dr. Ana Lopez,Check-up
2023-04-26,Child,Female,SGPT,Laboratory,"Mark Villanueva, RMT",Laboratory
2023-04-27,Adult,Male,Annual Physical Examination,Annual Physical Examination,Dr. Paolo Rivera,Annual Physical Examination
2023-04-27,Senior,Male,Annual Physical Examination,Annual Physical Examination,Dr. Ana Lopez,Annual Physical Examination
2023-04-27,Adult,Male,Dermatitis and Allergy,Clinic,Dr. Paolo Rivera,Check-up
2023-04-27,Adult,Female,Home Service Laboratory,Home Service,"Rafael Torres, RMT",Home Service
2023-04-27,Adult,Female,Pre-Employment Medical Exam,Clinic,Dr. Paolo Rivera,Pre-Employment Checkup
2023-04-27,Adult,Male,SGPT,Laboratory,"Angela Reyes, RMT",Laboratory
2023-04-27,Adult,Male,Vascular Study,Radiology,Dr. Sofia Mercado,Imaging
2023-04-28,Adult,Male,Asthma Monitoring,Clinic,Dr. Elena Bautista,Check-up
2023-04-28,Adult,Female,Complete Blood Count,Laboratory,"Carlo Navarro, RMT",Laboratory
2023-04-28,Child,Male,Fasting Blood Sugar,Laboratory,"Patricia Mendoza, RMT",Laboratory
2023-04-28,Child,Male,Fever,Clinic,Dr. Ana Lopez,Check-up
2023-04-28,Adult,Female,Headache,Clinic,Dr. Miguel Fernandez,Check-up
2023-04-28,Senior,Male,Vascular Study,Radiology,Dr. Andrea Sy,Imaging
2023-04-29,Adult,Male,2D Echo,Cardiology,Dr. Paolo Rivera,Cardiology
2023-04-29,Adult,Female,Annual Physical Examination,Annual Physical Examination,Dr. Camille Tan,Annual Physical Examination
2023-04-29,Senior,Female,Electrocardiography,Cardiology,Dr. Paolo Rivera,Cardiology
2023-04-29,Child,Male,Fever,Clinic,Dr. Ana Lopez,Check-up
2023-04-29,Senior,Female,Hypertension Monitoring,Clinic,Dr. Victor Manuel,Check-up
2023-04-29,Adult,Female,Pre-Employment Medical Exam,Clinic,Dr. Camille Tan,Pre-Employment Checkup
2023-04-30,Adult,Male,2D Echo,Cardiology,Dr. Camille Tan,Cardiology
2023-04-30,Child,Male,Abdominal Pain,Clinic,Dr. Victor Manuel,Check-up
2023-04-30,Child,Male,Chest X-ray,Radiology,Dr. Andrea Sy,Imaging
2023-04-30,Child,Male,Complete Blood Count,Laboratory,"Rafael Torres, RMT",Laboratory
2023-04-30,Adult,Female,Hepatitis Screening,Laboratory,"Joanna Lim, RMT",Laboratory
2023-04-30,Senior,Male,Hypertension Monitoring,Clinic,Dr. Elena Bautista,Check-up
2023-04-30,Child,Female,Vaccination,Clinic,Dr. Miguel Fernandez,Vaccination
2023-05-01,Senior,Female,Diabetes Mellitus Monitoring,Clinic,Dr. Elena Bautista,Check-up
2023-05-01,Adult,Male,Routine Medical Consultation,Clinic,Dr. Camille Tan,Check-up
2023-05-02,Adult,Female,Annual Physical Examination,Annual Physical Examination,Dr. Ana Lopez,Annual Physical Examination
2023-05-02,Adult,Female,Asthma Monitoring,Clinic,Dr. Victor Manuel,Check-up
2023-05-02,Senior,Female,Diabetes Mellitus Monitoring,Clinic,Dr. Victor Manuel,Check-up
2023-05-02,Adult,Female,Drug Testing,Drug Testing,"Joanna Lim, RMT",Drug Testing
2023-05-02,Adult,Male,Headache,Clinic,Dr. Camille Tan,Check-up
2023-05-02,Child,Male,Hepatitis Screening,Laboratory,"Carlo Navarro, RMT",Laboratory
2023-05-02,Adult,Male,Pregnancy Test,Laboratory,"Patricia Mendoza, RMT",Laboratory
2023-05-02,Adult,Female,Preventive Health Check-up,Clinic,Dr. Ana Lopez,Check-up
2023-05-02,Adult,Female,Routine Medical Consultation,Clinic,Dr. Miguel Fernandez,Check-up
2023-05-02,Adult,Male,SGPT,Laboratory,"Patricia Mendoza, RMT",Laboratory
2023-05-03,Senior,Male,2D Echo,Cardiology,Dr. Paolo Rivera,Cardiology
2023-05-03,Adult,Female,Abdominal Pain,Clinic,Dr. Victor Manuel,Check-up
2023-05-03,Adult,Female,Asthma Monitoring,Clinic,Dr. Victor Manuel,Check-up
2023-05-04,Adult,Female,Asthma Monitoring,Clinic,Dr. Elena Bautista,Check-up
2023-05-04,Adult,Male,Gastritis,Clinic,Dr. Victor Manuel,Check-up
2023-05-04,Adult,Female,Ultrasound,Radiology,Dr. Andrea Sy,Imaging
2023-05-04,Adult,Female,Ultrasound,Radiology,Dr. Henry Ong,Imaging
2023-05-04,Adult,Male,Upper Respiratory Infection,Clinic,Dr. Ana Lopez,Check-up
2023-05-04,Adult,Female,Vascular Study,Radiology,Dr. Sofia Mercado,Imaging
2023-05-05,Adult,Female,Creatinine,Laboratory,"Carlo Navarro, RMT",Laboratory
2023-05-05,Adult,Male,Dermatitis and Allergy,Clinic,Dr. Camille Tan,Check-up
2023-05-05,Adult,Female,Fever,Clinic,Dr. Ana Lopez,Check-up
2023-05-05,Adult,Male,Lipid Profile,Laboratory,"Angela Reyes, RMT",Laboratory
2023-05-05,Child,Male,Preventive Health Check-up,Clinic,Dr. Camille Tan,Check-up
2023-05-06,Senior,Female,Annual Physical Examination,Annual Physical Examination,Dr. Ana Lopez,Annual Physical Examination
2023-05-06,Child,Female,Asthma Monitoring,Clinic,Dr. Victor Manuel,Check-up
2023-05-06,Adult,Male,Drug Testing,Drug Testing,"Rafael Torres, RMT",Drug Testing
2023-05-06,Adult,Male,Fasting Blood Sugar,Laboratory,"Rafael Torres, RMT",Laboratory
2023-05-06,Adult,Female,Fecalysis,Laboratory,"Carlo Navarro, RMT",Laboratory
2023-05-06,Adult,Male,Pregnancy Test,Laboratory,"Mark Villanueva, RMT",Laboratory
2023-05-06,Adult,Male,Ultrasound,Radiology,Dr. Sofia Mercado,Imaging
2023-05-07,Adult,Female,2D Echo,Cardiology,Dr. Miguel Fernandez,Cardiology
2023-05-07,Adult,Male,Blood Chemistry,Laboratory,"Rafael Torres, RMT",Laboratory
2023-05-07,Child,Female,Creatinine,Laboratory,"Rafael Torres, RMT",Laboratory
2023-05-07,Adult,Female,Dermatitis and Allergy,Clinic,Dr. Miguel Fernandez,Check-up
2023-05-07,Adult,Male,Dermatitis and Allergy,Clinic,Dr. Camille Tan,Check-up
2023-05-07,Adult,Male,Drug Testing,Drug Testing,"Mark Villanueva, RMT",Drug Testing
2023-05-07,Senior,Female,Fever,Clinic,Dr. Miguel Fernandez,Check-up
2023-05-07,Senior,Male,Hypertension Monitoring,Clinic,Dr. Elena Bautista,Check-up
2023-05-07,Adult,Male,SGPT,Laboratory,"Patricia Mendoza, RMT",Laboratory
2023-05-07,Child,Female,Upper Respiratory Infection,Clinic,Dr. Paolo Rivera,Check-up
2023-05-07,Adult,Female,Upper Respiratory Infection,Clinic,Dr. Camille Tan,Check-up
2023-05-08,Child,Male,Dermatitis and Allergy,Clinic,Dr. Miguel Fernandez,Check-up
2023-05-08,Senior,Female,Diabetes Mellitus Monitoring,Clinic,Dr. Elena Bautista,Check-up
2023-05-08,Adult,Male,Fecalysis,Laboratory,"Angela Reyes, RMT",Laboratory
2023-05-08,Child,Female,Hepatitis Screening,Laboratory,"Angela Reyes, RMT",Laboratory
2023-05-08,Adult,Female,Pre-Employment Medical Exam,Clinic,Dr. Paolo Rivera,Pre-Employment Checkup
2023-05-08,Child,Female,Ultrasound,Radiology,Dr. Henry Ong,Imaging
2023-05-09,Child,Male,Abdominal Pain,Clinic,Dr. Elena Bautista,Check-up
2023-05-09,Adult,Female,Drug Testing,Drug Testing,"Rafael Torres, RMT",Drug Testing
2023-05-09,Adult,Female,Drug Testing,Drug Testing,"Carlo Navarro, RMT",Drug Testing
2023-05-09,Adult,Female,Routine Medical Consultation,Clinic,Dr. Camille Tan,Check-up
2023-05-09,Senior,Female,Ultrasound,Radiology,Dr. Sofia Mercado,Imaging
2023-05-09,Adult,Female,Upper Respiratory Infection,Clinic,Dr. Paolo Rivera,Check-up
2023-05-09,Adult,Male,Upper Respiratory Infection,Clinic,Dr. Miguel Fernandez,Check-up
2023-05-10,Senior,Female,Diabetes Mellitus Monitoring,Clinic,Dr. Victor Manuel,Check-up
2023-05-10,Child,Female,Fasting Blood Sugar,Laboratory,"Angela Reyes, RMT",Laboratory
2023-05-10,Adult,Male,Lipid Profile,Laboratory,"Rafael Torres, RMT",Laboratory
2023-05-10,Adult,Female,Pregnancy Test,Laboratory,"Patricia Mendoza, RMT",Laboratory
2023-05-10,Adult,Male,Pregnancy Test,Laboratory,"Joanna Lim, RMT",Laboratory
2023-05-10,Adult,Male,Pregnancy Test,Laboratory,"Patricia Mendoza, RMT",Laboratory
2023-05-10,Adult,Male,Urinalysis,Laboratory,"Rafael Torres, RMT",Laboratory
2023-05-11,Child,Female,Chest X-ray,Radiology,Dr. Sofia Mercado,Imaging
2023-05-11,Adult,Male,Dermatitis and Allergy,Clinic,Dr. Paolo Rivera,Check-up
2023-05-11,Adult,Female,Electrocardiography,Cardiology,Dr. Miguel Fernandez,Cardiology
2023-05-11,Adult,Female,Electrocardiography,Cardiology,Dr. Ana Lopez,Cardiology
2023-05-11,Senior,Male,Fasting Blood Sugar,Laboratory,"Mark Villanueva, RMT",Laboratory
2023-05-11,Adult,Male,Fever,Clinic,Dr. Miguel Fernandez,Check-up
2023-05-11,Senior,Male,Gastritis,Clinic,Dr. Victor Manuel,Check-up
2023-05-11,Senior,Female,Hypertension Monitoring,Clinic,Dr. Victor Manuel,Check-up
2023-05-11,Senior,Female,Hypertension Monitoring,Clinic,Dr. Elena Bautista,Check-up
2023-05-11,Child,Female,Upper Respiratory Infection,Clinic,Dr. Paolo Rivera,Check-up
2023-05-11,Adult,Male,Upper Respiratory Infection,Clinic,Dr. Camille Tan,Check-up
2023-05-12,Adult,Female,Complete Blood Count,Laboratory,"Carlo Navarro, RMT",Laboratory
2023-05-12,Adult,Male,Diabetes Mellitus Monitoring,Clinic,Dr. Elena Bautista,Check-up
2023-05-12,Adult,Female,Fasting Blood Sugar,Laboratory,"Joanna Lim, RMT",Laboratory
2023-05-12,Adult,Female,Fecalysis,Laboratory,"Patricia Mendoza, RMT",Laboratory
2023-05-12,Senior,Female,Gastritis,Clinic,Dr. Elena Bautista,Check-up
2023-05-12,Adult,Male,Home Service Laboratory,Home Service,"Mark Villanueva, RMT",Home Service
2023-05-12,Adult,Male,Preventive Health Check-up,Clinic,Dr. Ana Lopez,Check-up
2023-05-12,Senior,Female,Upper Respiratory Infection,Clinic,Dr. Ana Lopez,Check-up
2023-05-13,Child,Male,Abdominal Pain,Clinic,Dr. Victor Manuel,Check-up
2023-05-13,Adult,Male,Complete Blood Count,Laboratory,"Carlo Navarro, RMT",Laboratory
2023-05-13,Adult,Male,Dermatitis and Allergy,Clinic,Dr. Miguel Fernandez,Check-up
2023-05-13,Adult,Female,Fecalysis,Laboratory,"Carlo Navarro, RMT",Laboratory
2023-05-13,Adult,Male,Hypertension Monitoring,Clinic,Dr. Victor Manuel,Check-up
2023-05-13,Adult,Female,Pregnancy Test,Laboratory,"Carlo Navarro, RMT",Laboratory
2023-05-14,Adult,Female,Asthma Monitoring,Clinic,Dr. Elena Bautista,Check-up
2023-05-14,Child,Male,Chest X-ray,Radiology,Dr. Andrea Sy,Imaging
2023-05-14,Adult,Female,Fecalysis,Laboratory,"Patricia Mendoza, RMT",Laboratory
2023-05-14,Adult,Male,Upper Respiratory Infection,Clinic,Dr. Paolo Rivera,Check-up
2023-05-15,Child,Male,Annual Physical Examination,Annual Physical Examination,Dr. Miguel Fernandez,Annual Physical Examination
2023-05-15,Adult,Male,Drug Testing,Drug Testing,"Carlo Navarro, RMT",Drug Testing
2023-05-15,Adult,Female,Electrocardiography,Cardiology,Dr. Paolo Rivera,Cardiology
2023-05-15,Senior,Female,Hypertension Monitoring,Clinic,Dr. Victor Manuel,Check-up
2023-05-15,Adult,Female,Lipid Profile,Laboratory,"Joanna Lim, RMT",Laboratory
2023-05-15,Adult,Female,Pre-Employment Medical Exam,Clinic,Dr. Ana Lopez,Pre-Employment Checkup
2023-05-15,Adult,Female,Routine Medical Consultation,Clinic,Dr. Miguel Fernandez,Check-up
2023-05-16,Adult,Female,Complete Blood Count,Laboratory,"Mark Villanueva, RMT",Laboratory
2023-05-16,Adult,Female,Dermatitis and Allergy,Clinic,Dr. Camille Tan,Check-up
2023-05-16,Adult,Male,Drug Testing,Drug Testing,"Patricia Mendoza, RMT",Drug Testing
2023-05-16,Child,Male,Gastritis,Clinic,Dr. Elena Bautista,Check-up
2023-05-16,Adult,Male,Gastritis,Clinic,Dr. Elena Bautista,Check-up
2023-05-16,Adult,Male,Home Service Laboratory,Home Service,"Rafael Torres, RMT",Home Service
2023-05-16,Adult,Female,Lipid Profile,Laboratory,"Patricia Mendoza, RMT",Laboratory
2023-05-16,Child,Male,Urinalysis,Laboratory,"Carlo Navarro, RMT",Laboratory
2023-05-16,Child,Male,Vaccination,Clinic,Dr. Ana Lopez,Vaccination
2023-05-17,Adult,Male,Blood Chemistry,Laboratory,"Carlo Navarro, RMT",Laboratory
2023-05-17,Child,Male,Blood Chemistry,Laboratory,"Carlo Navarro, RMT",Laboratory
2023-05-17,Child,Female,Fecalysis,Laboratory,"Carlo Navarro, RMT",Laboratory
2023-05-17,Senior,Male,Hypertension Monitoring,Clinic,Dr. Elena Bautista,Check-up
2023-05-17,Adult,Male,Lipid Profile,Laboratory,"Angela Reyes, RMT",Laboratory
2023-05-17,Adult,Female,Lipid Profile,Laboratory,"Joanna Lim, RMT",Laboratory
2023-05-17,Child,Male,Urinalysis,Laboratory,"Patricia Mendoza, RMT",Laboratory
2023-05-18,Adult,Female,Abdominal Pain,Clinic,Dr. Victor Manuel,Check-up
2023-05-18,Adult,Male,Asthma Monitoring,Clinic,Dr. Elena Bautista,Check-up
2023-05-18,Child,Male,Asthma Monitoring,Clinic,Dr. Victor Manuel,Check-up
2023-05-18,Adult,Female,Hepatitis Screening,Laboratory,"Rafael Torres, RMT",Laboratory
2023-05-18,Adult,Male,Hypertension Monitoring,Clinic,Dr. Victor Manuel,Check-up
2023-05-18,Adult,Male,Pre-Employment Medical Exam,Clinic,Dr. Ana Lopez,Pre-Employment Checkup
2023-05-18,Senior,Male,Upper Respiratory Infection,Clinic,Dr. Camille Tan,Check-up
2023-05-18,Adult,Male,Upper Respiratory Infection,Clinic,Dr. Camille Tan,Check-up
2023-05-19,Child,Female,Abdominal Pain,Clinic,Dr. Victor Manuel,Check-up
2023-05-19,Senior,Male,Creatinine,Laboratory,"Angela Reyes, RMT",Laboratory
2023-05-19,Adult,Male,Gastritis,Clinic,Dr. Victor Manuel,Check-up
2023-05-19,Adult,Male,Lipid Profile,Laboratory,"Rafael Torres, RMT",Laboratory
2023-05-19,Adult,Male,SGPT,Laboratory,"Rafael Torres, RMT",Laboratory
2023-05-19,Adult,Male,Urinalysis,Laboratory,"Angela Reyes, RMT",Laboratory
2023-05-20,Adult,Female,Annual Physical Examination,Annual Physical Examination,Dr. Miguel Fernandez,Annual Physical Examination
2023-05-20,Senior,Female,Complete Blood Count,Laboratory,"Mark Villanueva, RMT",Laboratory
2023-05-20,Senior,Female,Complete Blood Count,Laboratory,"Joanna Lim, RMT",Laboratory
2023-05-20,Adult,Male,Dermatitis and Allergy,Clinic,Dr. Paolo Rivera,Check-up
2023-05-20,Adult,Male,Diabetes Mellitus Monitoring,Clinic,Dr. Victor Manuel,Check-up
2023-05-20,Child,Male,Electrocardiography,Cardiology,Dr. Camille Tan,Cardiology
2023-05-20,Senior,Male,Headache,Clinic,Dr. Camille Tan,Check-up
2023-05-20,Adult,Male,Upper Respiratory Infection,Clinic,Dr. Miguel Fernandez,Check-up
2023-05-20,Adult,Female,Urinalysis,Laboratory,"Joanna Lim, RMT",Laboratory
2023-05-20,Adult,Female,Vaccination,Clinic,Dr. Camille Tan,Vaccination
2023-05-21,Senior,Male,Blood Chemistry,Laboratory,"Carlo Navarro, RMT",Laboratory
2023-05-21,Child,Female,Blood Chemistry,Laboratory,"Carlo Navarro, RMT",Laboratory
2023-05-21,Adult,Male,Fecalysis,Laboratory,"Rafael Torres, RMT",Laboratory
2023-05-21,Adult,Female,Pre-Employment Medical Exam,Clinic,Dr. Ana Lopez,Pre-Employment Checkup
2023-05-21,Adult,Female,Pregnancy Test,Laboratory,"Joanna Lim, RMT",Laboratory
2023-05-21,Adult,Female,Ultrasound,Radiology,Dr. Henry Ong,Imaging
2023-05-21,Child,Female,Urinary Tract Infection,Clinic,Dr. Paolo Rivera,Check-up
2023-05-22,Adult,Male,2D Echo,Cardiology,Dr. Miguel Fernandez,Cardiology
2023-05-22,Senior,Female,Diabetes Mellitus Monitoring,Clinic,Dr. Victor Manuel,Check-up
2023-05-22,Adult,Male,Drug Testing,Drug Testing,"Joanna Lim, RMT",Drug Testing
2023-05-22,Adult,Male,Hepatitis Screening,Laboratory,"Mark Villanueva, RMT",Laboratory
2023-05-22,Adult,Female,Home Service Laboratory,Home Service,"Carlo Navarro, RMT",Home Service
2023-05-22,Child,Female,Thyroid Function Test,Laboratory,"Joanna Lim, RMT",Laboratory
2023-05-22,Adult,Female,Upper Respiratory Infection,Clinic,Dr. Camille Tan,Check-up
2023-05-22,Adult,Male,Urinalysis,Laboratory,"Angela Reyes, RMT",Laboratory
2023-05-22,Adult,Male,Vascular Study,Radiology,Dr. Sofia Mercado,Imaging
2023-05-23,Adult,Male,Abdominal Pain,Clinic,Dr. Elena Bautista,Check-up
2023-05-23,Adult,Female,Diabetes Mellitus Monitoring,Clinic,Dr. Elena Bautista,Check-up
2023-05-23,Adult,Male,Diabetes Mellitus Monitoring,Clinic,Dr. Elena Bautista,Check-up
2023-05-23,Child,Male,Fever,Clinic,Dr. Ana Lopez,Check-up
2023-05-23,Senior,Female,Hypertension Monitoring,Clinic,Dr. Victor Manuel,Check-up
2023-05-23,Child,Female,Lipid Profile,Laboratory,"Mark Villanueva, RMT",Laboratory
2023-05-23,Adult,Female,Urinary Tract Infection,Clinic,Dr. Miguel Fernandez,Check-up
2023-05-24,Adult,Male,Chest X-ray,Radiology,Dr. Sofia Mercado,Imaging
2023-05-24,Child,Female,Complete Blood Count,Laboratory,"Patricia Mendoza, RMT",Laboratory
2023-05-24,Adult,Male,Drug Testing,Drug Testing,"Rafael Torres, RMT",Drug Testing
2023-05-24,Child,Male,Fasting Blood Sugar,Laboratory,"Rafael Torres, RMT",Laboratory
2023-05-24,Adult,Male,Gastritis,Clinic,Dr. Elena Bautista,Check-up
2023-05-24,Adult,Male,Hepatitis Screening,Laboratory,"Joanna Lim, RMT",Laboratory
2023-05-24,Adult,Female,Lipid Profile,Laboratory,"Rafael Torres, RMT",Laboratory
2023-05-24,Senior,Female,Ultrasound,Radiology,Dr. Henry Ong,Imaging
2023-05-24,Adult,Female,Urinalysis,Laboratory,"Carlo Navarro, RMT",Laboratory
2023-05-26,Adult,Female,Annual Physical Examination,Annual Physical Examination,Dr. Ana Lopez,Annual Physical Examination
2023-05-26,Adult,Male,Hepatitis Screening,Laboratory,"Patricia Mendoza, RMT",Laboratory
2023-05-26,Adult,Male,Hypertension Monitoring,Clinic,Dr. Victor Manuel,Check-up
2023-05-26,Adult,Female,Pregnancy Test,Laboratory,"Mark Villanueva, RMT",Laboratory
2023-05-26,Child,Female,Preventive Health Check-up,Clinic,Dr. Paolo Rivera,Check-up
2023-05-26,Adult,Male,SGPT,Laboratory,"Joanna Lim, RMT",Laboratory
2023-05-27,Adult,Female,Abdominal Pain,Clinic,Dr. Elena Bautista,Check-up
2023-05-27,Adult,Female,Blood Chemistry,Laboratory,"Carlo Navarro, RMT",Laboratory
2023-05-27,Child,Female,Blood Chemistry,Laboratory,"Carlo Navarro, RMT",Laboratory
2023-05-27,Adult,Male,Complete Blood Count,Laboratory,"Mark Villanueva, RMT",Laboratory
2023-05-27,Adult,Male,Complete Blood Count,Laboratory,"Carlo Navarro, RMT",Laboratory
2023-05-27,Adult,Male,Diabetes Mellitus Monitoring,Clinic,Dr. Victor Manuel,Check-up
2023-05-27,Child,Male,Fasting Blood Sugar,Laboratory,"Rafael Torres, RMT",Laboratory
2023-05-27,Adult,Male,Fasting Blood Sugar,Laboratory,"Angela Reyes, RMT",Laboratory
2023-05-27,Adult,Female,Headache,Clinic,Dr. Paolo Rivera,Check-up
2023-05-27,Adult,Female,Routine Medical Consultation,Clinic,Dr. Ana Lopez,Check-up
2023-05-27,Adult,Female,Upper Respiratory Infection,Clinic,Dr. Ana Lopez,Check-up
2023-05-28,Adult,Male,Chest X-ray,Radiology,Dr. Andrea Sy,Imaging
2023-05-28,Adult,Female,Complete Blood Count,Laboratory,"Carlo Navarro, RMT",Laboratory
2023-05-28,Adult,Female,SGPT,Laboratory,"Carlo Navarro, RMT",Laboratory
2023-05-29,Child,Male,Blood Chemistry,Laboratory,"Angela Reyes, RMT",Laboratory
2023-05-29,Adult,Male,Creatinine,Laboratory,"Patricia Mendoza, RMT",Laboratory
2023-05-29,Adult,Male,Electrocardiography,Cardiology,Dr. Paolo Rivera,Cardiology
2023-05-29,Child,Female,Electrocardiography,Cardiology,Dr. Ana Lopez,Cardiology
2023-05-29,Adult,Male,Fasting Blood Sugar,Laboratory,"Rafael Torres, RMT",Laboratory
2023-05-29,Adult,Male,Gastritis,Clinic,Dr. Elena Bautista,Check-up
2023-05-29,Child,Female,Headache,Clinic,Dr. Camille Tan,Check-up
2023-05-29,Child,Male,Routine Medical Consultation,Clinic,Dr. Miguel Fernandez,Check-up
2023-05-29,Adult,Female,Routine Medical Consultation,Clinic,Dr. Paolo Rivera,Check-up
2023-05-30,Child,Male,Chest X-ray,Radiology,Dr. Henry Ong,Imaging
2023-05-30,Adult,Male,Electrocardiography,Cardiology,Dr. Camille Tan,Cardiology
2023-05-30,Child,Female,Gastritis,Clinic,Dr. Victor Manuel,Check-up
2023-05-30,Child,Female,Hepatitis Screening,Laboratory,"Mark Villanueva, RMT",Laboratory
2023-05-31,Adult,Male,Annual Physical Examination,Annual Physical Examination,Dr. Ana Lopez,Annual Physical Examination
2023-05-31,Adult,Female,Blood Chemistry,Laboratory,"Rafael Torres, RMT",Laboratory
2023-05-31,Adult,Male,Chest X-ray,Radiology,Dr. Andrea Sy,Imaging
2023-05-31,Adult,Male,Fasting Blood Sugar,Laboratory,"Carlo Navarro, RMT",Laboratory
2023-05-31,Adult,Female,Preventive Health Check-up,Clinic,Dr. Ana Lopez,Check-up
2023-05-31,Adult,Female,Preventive Health Check-up,Clinic,Dr. Camille Tan,Check-up
2023-05-31,Child,Male,Vaccination,Clinic,Dr. Ana Lopez,Vaccination
2023-06-01,Child,Female,Asthma Monitoring,Clinic,Dr. Elena Bautista,Check-up
2023-06-01,Child,Male,Fasting Blood Sugar,Laboratory,"Angela Reyes, RMT",Laboratory
2023-06-01,Adult,Female,Fasting Blood Sugar,Laboratory,"Rafael Torres, RMT",Laboratory
2023-06-01,Adult,Female,Fasting Blood Sugar,Laboratory,"Mark Villanueva, RMT",Laboratory
2023-06-01,Adult,Female,Hypertension Monitoring,Clinic,Dr. Elena Bautista,Check-up
2023-06-01,Adult,Male,Pregnancy Test,Laboratory,"Joanna Lim, RMT",Laboratory
2023-06-01,Adult,Female,Thyroid Function Test,Laboratory,"Patricia Mendoza, RMT",Laboratory
2023-06-01,Child,Female,Upper Respiratory Infection,Clinic,Dr. Miguel Fernandez,Check-up
2023-06-01,Adult,Female,Vaccination,Clinic,Dr. Ana Lopez,Vaccination
2023-06-02,Adult,Female,Chest X-ray,Radiology,Dr. Sofia Mercado,Imaging
2023-06-02,Adult,Female,Fecalysis,Laboratory,"Carlo Navarro, RMT",Laboratory
2023-06-02,Senior,Male,Hypertension Monitoring,Clinic,Dr. Elena Bautista,Check-up
2023-06-02,Adult,Male,Lipid Profile,Laboratory,"Patricia Mendoza, RMT",Laboratory
2023-06-03,Adult,Male,Annual Physical Examination,Annual Physical Examination,Dr. Ana Lopez,Annual Physical Examination
2023-06-03,Adult,Female,Fasting Blood Sugar,Laboratory,"Joanna Lim, RMT",Laboratory
2023-06-03,Adult,Male,Routine Medical Consultation,Clinic,Dr. Paolo Rivera,Check-up
2023-06-03,Adult,Male,Ultrasound,Radiology,Dr. Sofia Mercado,Imaging
2023-06-03,Child,Female,Vaccination,Clinic,Dr. Paolo Rivera,Vaccination
2023-06-04,Adult,Female,2D Echo,Cardiology,Dr. Paolo Rivera,Cardiology
2023-06-04,Adult,Male,Blood Chemistry,Laboratory,"Rafael Torres, RMT",Laboratory
2023-06-04,Adult,Female,Dermatitis and Allergy,Clinic,Dr. Ana Lopez,Check-up
2023-06-04,Adult,Female,Diabetes Mellitus Monitoring,Clinic,Dr. Elena Bautista,Check-up
2023-06-04,Adult,Female,Fasting Blood Sugar,Laboratory,"Mark Villanueva, RMT",Laboratory
2023-06-04,Adult,Male,Home Service Laboratory,Home Service,"Carlo Navarro, RMT",Home Service
2023-06-04,Child,Female,Vaccination,Clinic,Dr. Ana Lopez,Vaccination
2023-06-05,Adult,Male,Complete Blood Count,Laboratory,"Mark Villanueva, RMT",Laboratory
2023-06-05,Adult,Male,Drug Testing,Drug Testing,"Patricia Mendoza, RMT",Drug Testing
2023-06-05,Adult,Female,Fever,Clinic,Dr. Miguel Fernandez,Check-up
2023-06-05,Adult,Male,Gastritis,Clinic,Dr. Victor Manuel,Check-up
2023-06-05,Adult,Male,Hypertension Monitoring,Clinic,Dr. Elena Bautista,Check-up
2023-06-05,Adult,Male,Lipid Profile,Laboratory,"Carlo Navarro, RMT",Laboratory
2023-06-05,Adult,Female,Routine Medical Consultation,Clinic,Dr. Ana Lopez,Check-up
2023-06-05,Adult,Male,Upper Respiratory Infection,Clinic,Dr. Miguel Fernandez,Check-up
2023-06-05,Adult,Female,Upper Respiratory Infection,Clinic,Dr. Miguel Fernandez,Check-up
2023-06-05,Adult,Female,Urinalysis,Laboratory,"Patricia Mendoza, RMT",Laboratory
2023-06-05,Adult,Female,Urinalysis,Laboratory,"Joanna Lim, RMT",Laboratory
2023-06-06,Child,Female,Complete Blood Count,Laboratory,"Angela Reyes, RMT",Laboratory
2023-06-06,Adult,Female,Creatinine,Laboratory,"Rafael Torres, RMT",Laboratory
2023-06-06,Senior,Male,Fasting Blood Sugar,Laboratory,"Angela Reyes, RMT",Laboratory
2023-06-06,Child,Female,Hepatitis Screening,Laboratory,"Joanna Lim, RMT",Laboratory
2023-06-06,Adult,Male,Pre-Employment Medical Exam,Clinic,Dr. Miguel Fernandez,Pre-Employment Checkup
2023-06-06,Adult,Female,Upper Respiratory Infection,Clinic,Dr. Camille Tan,Check-up
2023-06-06,Adult,Male,Upper Respiratory Infection,Clinic,Dr. Camille Tan,Check-up
2023-06-07,Senior,Female,Annual Physical Examination,Annual Physical Examination,Dr. Miguel Fernandez,Annual Physical Examination
2023-06-07,Adult,Male,Drug Testing,Drug Testing,"Rafael Torres, RMT",Drug Testing
2023-06-07,Senior,Female,Hypertension Monitoring,Clinic,Dr. Elena Bautista,Check-up
2023-06-07,Child,Male,Preventive Health Check-up,Clinic,Dr. Ana Lopez,Check-up
2023-06-07,Adult,Male,Ultrasound,Radiology,Dr. Sofia Mercado,Imaging
2023-06-07,Adult,Female,Upper Respiratory Infection,Clinic,Dr. Miguel Fernandez,Check-up
2023-06-07,Adult,Female,Upper Respiratory Infection,Clinic,Dr. Ana Lopez,Check-up
2023-06-08,Adult,Female,Annual Physical Examination,Annual Physical Examination,Dr. Paolo Rivera,Annual Physical Examination
2023-06-08,Adult,Male,Fecalysis,Laboratory,"Carlo Navarro, RMT",Laboratory
2023-06-08,Adult,Male,Fecalysis,Laboratory,"Joanna Lim, RMT",Laboratory
2023-06-08,Adult,Female,Fever,Clinic,Dr. Miguel Fernandez,Check-up
2023-06-08,Adult,Male,Pre-Employment Medical Exam,Clinic,Dr. Camille Tan,Pre-Employment Checkup
2023-06-08,Adult,Female,Upper Respiratory Infection,Clinic,Dr. Miguel Fernandez,Check-up
2023-06-08,Senior,Male,Vascular Study,Radiology,Dr. Andrea Sy,Imaging
2023-06-09,Child,Female,Annual Physical Examination,Annual Physical Examination,Dr. Miguel Fernandez,Annual Physical Examination
2023-06-09,Adult,Male,Asthma Monitoring,Clinic,Dr. Elena Bautista,Check-up
2023-06-09,Adult,Male,Drug Testing,Drug Testing,"Carlo Navarro, RMT",Drug Testing
2023-06-09,Adult,Female,Fever,Clinic,Dr. Paolo Rivera,Check-up
2023-06-09,Adult,Male,Hypertension Monitoring,Clinic,Dr. Victor Manuel,Check-up
2023-06-09,Adult,Female,Thyroid Function Test,Laboratory,"Mark Villanueva, RMT",Laboratory
2023-06-10,Adult,Male,Abdominal Pain,Clinic,Dr. Victor Manuel,Check-up
2023-06-10,Adult,Female,Asthma Monitoring,Clinic,Dr. Elena Bautista,Check-up
2023-06-10,Adult,Male,Blood Chemistry,Laboratory,"Rafael Torres, RMT",Laboratory
2023-06-10,Adult,Female,Chest X-ray,Radiology,Dr. Henry Ong,Imaging
2023-06-10,Child,Female,Chest X-ray,Radiology,Dr. Sofia Mercado,Imaging
2023-06-10,Senior,Female,Complete Blood Count,Laboratory,"Patricia Mendoza, RMT",Laboratory
2023-06-10,Adult,Female,Creatinine,Laboratory,"Patricia Mendoza, RMT",Laboratory
2023-06-10,Adult,Male,Gastritis,Clinic,Dr. Elena Bautista,Check-up
2023-06-10,Adult,Male,Pre-Employment Medical Exam,Clinic,Dr. Miguel Fernandez,Pre-Employment Checkup
2023-06-11,Child,Female,Abdominal Pain,Clinic,Dr. Victor Manuel,Check-up
2023-06-11,Adult,Female,Creatinine,Laboratory,"Joanna Lim, RMT",Laboratory
2023-06-11,Adult,Female,Diabetes Mellitus Monitoring,Clinic,Dr. Victor Manuel,Check-up
2023-06-11,Adult,Female,Gastritis,Clinic,Dr. Victor Manuel,Check-up
2023-06-11,Adult,Male,Hypertension Monitoring,Clinic,Dr. Victor Manuel,Check-up
2023-06-11,Adult,Female,Hypertension Monitoring,Clinic,Dr. Elena Bautista,Check-up
2023-06-11,Adult,Female,Upper Respiratory Infection,Clinic,Dr. Miguel Fernandez,Check-up
2023-06-11,Adult,Female,Urinary Tract Infection,Clinic,Dr. Camille Tan,Check-up
2023-06-11,Adult,Male,Vaccination,Clinic,Dr. Camille Tan,Vaccination
2023-06-12,Adult,Male,Complete Blood Count,Laboratory,"Mark Villanueva, RMT",Laboratory
2023-06-12,Adult,Female,Creatinine,Laboratory,"Rafael Torres, RMT",Laboratory
2023-06-12,Adult,Female,Headache,Clinic,Dr. Ana Lopez,Check-up
2023-06-12,Senior,Male,Hypertension Monitoring,Clinic,Dr. Victor Manuel,Check-up
2023-06-12,Adult,Male,Routine Medical Consultation,Clinic,Dr. Paolo Rivera,Check-up
2023-06-12,Child,Female,Upper Respiratory Infection,Clinic,Dr. Miguel Fernandez,Check-up
2023-06-13,Child,Female,Asthma Monitoring,Clinic,Dr. Victor Manuel,Check-up
2023-06-13,Senior,Female,Diabetes Mellitus Monitoring,Clinic,Dr. Elena Bautista,Check-up
2023-06-13,Adult,Male,Fasting Blood Sugar,Laboratory,"Joanna Lim, RMT",Laboratory
2023-06-13,Adult,Male,Gastritis,Clinic,Dr. Elena Bautista,Check-up
2023-06-13,Child,Male,Gastritis,Clinic,Dr. Victor Manuel,Check-up
2023-06-13,Senior,Female,Hypertension Monitoring,Clinic,Dr. Elena Bautista,Check-up
2023-06-13,Adult,Female,Lipid Profile,Laboratory,"Mark Villanueva, RMT",Laboratory
2023-06-13,Adult,Female,Upper Respiratory Infection,Clinic,Dr. Camille Tan,Check-up
2023-06-14,Adult,Male,Annual Physical Examination,Annual Physical Examination,Dr. Paolo Rivera,Annual Physical Examination
2023-06-14,Adult,Female,Complete Blood Count,Laboratory,"Joanna Lim, RMT",Laboratory
2023-06-14,Child,Female,Creatinine,Laboratory,"Patricia Mendoza, RMT",Laboratory
2023-06-14,Adult,Female,Fever,Clinic,Dr. Ana Lopez,Check-up
2023-06-14,Senior,Female,Hypertension Monitoring,Clinic,Dr. Victor Manuel,Check-up
2023-06-14,Senior,Male,Hypertension Monitoring,Clinic,Dr. Victor Manuel,Check-up
2023-06-15,Adult,Male,Complete Blood Count,Laboratory,"Carlo Navarro, RMT",Laboratory
2023-06-15,Adult,Male,Complete Blood Count,Laboratory,"Rafael Torres, RMT",Laboratory
2023-06-15,Adult,Male,Headache,Clinic,Dr. Ana Lopez,Check-up
2023-06-15,Adult,Female,Urinalysis,Laboratory,"Rafael Torres, RMT",Laboratory
2023-06-16,Adult,Female,Annual Physical Examination,Annual Physical Examination,Dr. Paolo Rivera,Annual Physical Examination
2023-06-16,Child,Female,Asthma Monitoring,Clinic,Dr. Victor Manuel,Check-up
2023-06-16,Child,Female,Fever,Clinic,Dr. Miguel Fernandez,Check-up
2023-06-16,Adult,Male,Fever,Clinic,Dr. Miguel Fernandez,Check-up
2023-06-16,Adult,Male,Hepatitis Screening,Laboratory,"Patricia Mendoza, RMT",Laboratory
2023-06-16,Child,Male,SGPT,Laboratory,"Joanna Lim, RMT",Laboratory
2023-06-16,Adult,Male,Vaccination,Clinic,Dr. Ana Lopez,Vaccination
2023-06-16,Adult,Female,Vascular Study,Radiology,Dr. Henry Ong,Imaging
2023-06-17,Adult,Male,Creatinine,Laboratory,"Carlo Navarro, RMT",Laboratory
2023-06-17,Adult,Male,Dermatitis and Allergy,Clinic,Dr. Miguel Fernandez,Check-up
2023-06-17,Adult,Female,Diabetes Mellitus Monitoring,Clinic,Dr. Elena Bautista,Check-up
2023-06-17,Adult,Male,Electrocardiography,Cardiology,Dr. Camille Tan,Cardiology
2023-06-17,Adult,Female,Fasting Blood Sugar,Laboratory,"Patricia Mendoza, RMT",Laboratory
2023-06-17,Senior,Male,Hypertension Monitoring,Clinic,Dr. Victor Manuel,Check-up
2023-06-17,Child,Male,Preventive Health Check-up,Clinic,Dr. Paolo Rivera,Check-up
2023-06-17,Adult,Female,Preventive Health Check-up,Clinic,Dr. Ana Lopez,Check-up
2023-06-17,Adult,Female,Routine Medical Consultation,Clinic,Dr. Miguel Fernandez,Check-up
2023-06-18,Senior,Male,Abdominal Pain,Clinic,Dr. Victor Manuel,Check-up
2023-06-18,Adult,Female,Asthma Monitoring,Clinic,Dr. Victor Manuel,Check-up
2023-06-18,Child,Male,Blood Chemistry,Laboratory,"Angela Reyes, RMT",Laboratory
2023-06-18,Adult,Female,Chest X-ray,Radiology,Dr. Andrea Sy,Imaging
2023-06-18,Adult,Male,Complete Blood Count,Laboratory,"Rafael Torres, RMT",Laboratory
2023-06-18,Senior,Female,Diabetes Mellitus Monitoring,Clinic,Dr. Elena Bautista,Check-up
2023-06-18,Senior,Male,Electrocardiography,Cardiology,Dr. Miguel Fernandez,Cardiology
2023-06-18,Adult,Male,Pre-Employment Medical Exam,Clinic,Dr. Paolo Rivera,Pre-Employment Checkup
2023-06-18,Adult,Female,Pre-Employment Medical Exam,Clinic,Dr. Ana Lopez,Pre-Employment Checkup
2023-06-18,Adult,Female,Ultrasound,Radiology,Dr. Henry Ong,Imaging
2023-06-18,Adult,Male,Urinalysis,Laboratory,"Joanna Lim, RMT",Laboratory
2023-06-19,Adult,Female,Abdominal Pain,Clinic,Dr. Victor Manuel,Check-up
2023-06-19,Child,Male,Annual Physical Examination,Annual Physical Examination,Dr. Ana Lopez,Annual Physical Examination
2023-06-19,Adult,Male,Complete Blood Count,Laboratory,"Joanna Lim, RMT",Laboratory
2023-06-19,Adult,Male,Dermatitis and Allergy,Clinic,Dr. Miguel Fernandez,Check-up
2023-06-19,Child,Male,Dermatitis and Allergy,Clinic,Dr. Ana Lopez,Check-up
2023-06-19,Adult,Male,Diabetes Mellitus Monitoring,Clinic,Dr. Elena Bautista,Check-up
2023-06-19,Adult,Male,Gastritis,Clinic,Dr. Victor Manuel,Check-up
2023-06-19,Adult,Female,Gastritis,Clinic,Dr. Elena Bautista,Check-up
2023-06-20,Senior,Male,Abdominal Pain,Clinic,Dr. Elena Bautista,Check-up
2023-06-20,Adult,Female,Asthma Monitoring,Clinic,Dr. Victor Manuel,Check-up
2023-06-20,Adult,Female,Chest X-ray,Radiology,Dr. Henry Ong,Imaging
2023-06-20,Adult,Male,Dermatitis and Allergy,Clinic,Dr. Paolo Rivera,Check-up
2023-06-21,Adult,Female,Blood Chemistry,Laboratory,"Rafael Torres, RMT",Laboratory
2023-06-21,Senior,Male,Blood Chemistry,Laboratory,"Joanna Lim, RMT",Laboratory
2023-06-21,Adult,Female,Chest X-ray,Radiology,Dr. Sofia Mercado,Imaging
2023-06-21,Adult,Female,Complete Blood Count,Laboratory,"Patricia Mendoza, RMT",Laboratory
2023-06-21,Adult,Male,Fasting Blood Sugar,Laboratory,"Angela Reyes, RMT",Laboratory
2023-06-21,Senior,Female,Headache,Clinic,Dr. Miguel Fernandez,Check-up
2023-06-22,Senior,Female,Annual Physical Examination,Annual Physical Examination,Dr. Miguel Fernandez,Annual Physical Examination
2023-06-22,Adult,Male,Blood Chemistry,Laboratory,"Carlo Navarro, RMT",Laboratory
2023-06-22,Senior,Female,Diabetes Mellitus Monitoring,Clinic,Dr. Elena Bautista,Check-up
2023-06-22,Adult,Male,Diabetes Mellitus Monitoring,Clinic,Dr. Victor Manuel,Check-up
2023-06-22,Child,Female,Electrocardiography,Cardiology,Dr. Miguel Fernandez,Cardiology
2023-06-22,Adult,Female,Pregnancy Test,Laboratory,"Patricia Mendoza, RMT",Laboratory
2023-06-22,Adult,Female,Upper Respiratory Infection,Clinic,Dr. Miguel Fernandez,Check-up
2023-06-23,Adult,Male,Asthma Monitoring,Clinic,Dr. Elena Bautista,Check-up
2023-06-23,Adult,Female,Routine Medical Consultation,Clinic,Dr. Paolo Rivera,Check-up
2023-06-23,Adult,Male,Thyroid Function Test,Laboratory,"Angela Reyes, RMT",Laboratory
2023-06-23,Senior,Male,Urinalysis,Laboratory,"Angela Reyes, RMT",Laboratory
2023-06-23,Senior,Male,Urinary Tract Infection,Clinic,Dr. Camille Tan,Check-up
2023-06-24,Senior,Male,Blood Chemistry,Laboratory,"Angela Reyes, RMT",Laboratory
2023-06-24,Child,Male,Complete Blood Count,Laboratory,"Carlo Navarro, RMT",Laboratory
2023-06-24,Adult,Female,Complete Blood Count,Laboratory,"Carlo Navarro, RMT",Laboratory
2023-06-24,Adult,Male,Fever,Clinic,Dr. Ana Lopez,Check-up
2023-06-24,Adult,Male,Routine Medical Consultation,Clinic,Dr. Miguel Fernandez,Check-up
2023-06-24,Adult,Male,Ultrasound,Radiology,Dr. Henry Ong,Imaging
2023-06-24,Adult,Male,Upper Respiratory Infection,Clinic,Dr. Ana Lopez,Check-up
2023-06-24,Adult,Male,Urinalysis,Laboratory,"Patricia Mendoza, RMT",Laboratory
2023-06-25,Senior,Female,Blood Chemistry,Laboratory,"Rafael Torres, RMT",Laboratory
2023-06-25,Child,Female,Creatinine,Laboratory,"Joanna Lim, RMT",Laboratory
2023-06-25,Adult,Female,Gastritis,Clinic,Dr. Victor Manuel,Check-up
2023-06-25,Senior,Female,Hypertension Monitoring,Clinic,Dr. Elena Bautista,Check-up
2023-06-25,Adult,Male,Lipid Profile,Laboratory,"Rafael Torres, RMT",Laboratory
2023-06-25,Senior,Male,Preventive Health Check-up,Clinic,Dr. Ana Lopez,Check-up
2023-06-25,Child,Male,Upper Respiratory Infection,Clinic,Dr. Camille Tan,Check-up
2023-06-25,Adult,Male,Upper Respiratory Infection,Clinic,Dr. Paolo Rivera,Check-up
2023-06-25,Adult,Female,Upper Respiratory Infection,Clinic,Dr. Camille Tan,Check-up
2023-06-25,Adult,Female,Urinalysis,Laboratory,"Rafael Torres, RMT",Laboratory
2023-06-26,Child,Male,Chest X-ray,Radiology,Dr. Sofia Mercado,Imaging
2023-06-26,Adult,Male,Chest X-ray,Radiology,Dr. Henry Ong,Imaging
2023-06-26,Adult,Female,Drug Testing,Drug Testing,"Rafael Torres, RMT",Drug Testing
2023-06-26,Adult,Male,Fasting Blood Sugar,Laboratory,"Mark Villanueva, RMT",Laboratory
2023-06-26,Adult,Female,Ultrasound,Radiology,Dr. Henry Ong,Imaging
2023-06-26,Adult,Male,Vaccination,Clinic,Dr. Camille Tan,Vaccination
2023-06-27,Child,Female,Annual Physical Examination,Annual Physical Examination,Dr. Paolo Rivera,Annual Physical Examination
2023-06-27,Adult,Female,Blood Chemistry,Laboratory,"Patricia Mendoza, RMT",Laboratory
2023-06-27,Adult,Male,Fever,Clinic,Dr. Ana Lopez,Check-up
2023-06-27,Adult,Male,Hypertension Monitoring,Clinic,Dr. Victor Manuel,Check-up
2023-06-27,Child,Male,Lipid Profile,Laboratory,"Patricia Mendoza, RMT",Laboratory
2023-06-27,Adult,Female,Pre-Employment Medical Exam,Clinic,Dr. Paolo Rivera,Pre-Employment Checkup
2023-06-27,Adult,Female,Preventive Health Check-up,Clinic,Dr. Miguel Fernandez,Check-up
2023-06-28,Adult,Male,Complete Blood Count,Laboratory,"Rafael Torres, RMT",Laboratory
2023-06-28,Adult,Male,Drug Testing,Drug Testing,"Mark Villanueva, RMT",Drug Testing
2023-06-28,Adult,Male,Fecalysis,Laboratory,"Rafael Torres, RMT",Laboratory
2023-06-28,Adult,Male,Fever,Clinic,Dr. Camille Tan,Check-up
2023-06-28,Adult,Male,Headache,Clinic,Dr. Ana Lopez,Check-up
2023-06-28,Senior,Male,Home Service Laboratory,Home Service,"Mark Villanueva, RMT",Home Service
2023-06-28,Adult,Male,Pre-Employment Medical Exam,Clinic,Dr. Camille Tan,Pre-Employment Checkup
2023-06-28,Senior,Female,Urinalysis,Laboratory,"Angela Reyes, RMT",Laboratory
2023-06-29,Child,Female,Abdominal Pain,Clinic,Dr. Elena Bautista,Check-up
2023-06-29,Adult,Female,Annual Physical Examination,Annual Physical Examination,Dr. Ana Lopez,Annual Physical Examination
2023-06-29,Adult,Female,Complete Blood Count,Laboratory,"Patricia Mendoza, RMT",Laboratory
2023-06-29,Adult,Female,Electrocardiography,Cardiology,Dr. Ana Lopez,Cardiology
2023-06-29,Child,Male,Fecalysis,Laboratory,"Patricia Mendoza, RMT",Laboratory
2023-06-29,Adult,Male,SGPT,Laboratory,"Mark Villanueva, RMT",Laboratory
2023-06-29,Adult,Female,SGPT,Laboratory,"Patricia Mendoza, RMT",Laboratory
2023-06-30,Adult,Female,Abdominal Pain,Clinic,Dr. Victor Manuel,Check-up
2023-06-30,Adult,Female,Annual Physical Examination,Annual Physical Examination,Dr. Paolo Rivera,Annual Physical Examination
2023-06-30,Adult,Male,Annual Physical Examination,Annual Physical Examination,Dr. Camille Tan,Annual Physical Examination
2023-06-30,Senior,Male,Chest X-ray,Radiology,Dr. Henry Ong,Imaging
2023-06-30,Adult,Male,Fecalysis,Laboratory,"Joanna Lim, RMT",Laboratory
2023-06-30,Adult,Female,Routine Medical Consultation,Clinic,Dr. Miguel Fernandez,Check-up
2023-07-01,Adult,Female,Asthma Monitoring,Clinic,Dr. Elena Bautista,Check-up
2023-07-01,Senior,Female,Blood Chemistry,Laboratory,"Joanna Lim, RMT",Laboratory
2023-07-01,Senior,Female,Electrocardiography,Cardiology,Dr. Paolo Rivera,Cardiology
2023-07-01,Child,Male,Home Service Laboratory,Home Service,"Joanna Lim, RMT",Home Service
2023-07-01,Adult,Male,Hypertension Monitoring,Clinic,Dr. Victor Manuel,Check-up
2023-07-01,Adult,Male,Routine Medical Consultation,Clinic,Dr. Camille Tan,Check-up
2023-07-01,Adult,Male,Routine Medical Consultation,Clinic,Dr. Paolo Rivera,Check-up
2023-07-01,Adult,Male,Thyroid Function Test,Laboratory,"Joanna Lim, RMT",Laboratory
2023-07-01,Senior,Male,Vascular Study,Radiology,Dr. Henry Ong,Imaging
2023-07-02,Adult,Female,Electrocardiography,Cardiology,Dr. Ana Lopez,Cardiology
2023-07-02,Senior,Female,Fecalysis,Laboratory,"Patricia Mendoza, RMT",Laboratory
2023-07-02,Adult,Female,Fever,Clinic,Dr. Camille Tan,Check-up
2023-07-02,Adult,Female,Gastritis,Clinic,Dr. Elena Bautista,Check-up
2023-07-02,Senior,Female,Hypertension Monitoring,Clinic,Dr. Elena Bautista,Check-up
2023-07-02,Adult,Male,Preventive Health Check-up,Clinic,Dr. Paolo Rivera,Check-up
2023-07-02,Adult,Female,Preventive Health Check-up,Clinic,Dr. Camille Tan,Check-up
2023-07-02,Adult,Female,Ultrasound,Radiology,Dr. Sofia Mercado,Imaging
2023-07-02,Adult,Male,Vaccination,Clinic,Dr. Camille Tan,Vaccination
2023-07-02,Adult,Male,Vascular Study,Radiology,Dr. Andrea Sy,Imaging
2023-07-03,Senior,Male,2D Echo,Cardiology,Dr. Camille Tan,Cardiology
2023-07-03,Adult,Female,Creatinine,Laboratory,"Patricia Mendoza, RMT",Laboratory
2023-07-04,Adult,Male,Complete Blood Count,Laboratory,"Patricia Mendoza, RMT",Laboratory
2023-07-04,Adult,Male,Hypertension Monitoring,Clinic,Dr. Victor Manuel,Check-up
2023-07-04,Adult,Female,Lipid Profile,Laboratory,"Angela Reyes, RMT",Laboratory
2023-07-04,Child,Female,Lipid Profile,Laboratory,"Joanna Lim, RMT",Laboratory
2023-07-04,Child,Male,Lipid Profile,Laboratory,"Patricia Mendoza, RMT",Laboratory
2023-07-04,Adult,Female,Pre-Employment Medical Exam,Clinic,Dr. Ana Lopez,Pre-Employment Checkup
2023-07-04,Senior,Male,Urinalysis,Laboratory,"Rafael Torres, RMT",Laboratory
2023-07-05,Adult,Male,Annual Physical Examination,Annual Physical Examination,Dr. Ana Lopez,Annual Physical Examination
2023-07-05,Child,Male,Dermatitis and Allergy,Clinic,Dr. Ana Lopez,Check-up
2023-07-05,Adult,Male,Drug Testing,Drug Testing,"Patricia Mendoza, RMT",Drug Testing
2023-07-05,Adult,Male,Fecalysis,Laboratory,"Patricia Mendoza, RMT",Laboratory
2023-07-05,Senior,Male,Headache,Clinic,Dr. Miguel Fernandez,Check-up
2023-07-05,Senior,Female,Preventive Health Check-up,Clinic,Dr. Camille Tan,Check-up
2023-07-05,Adult,Female,Vascular Study,Radiology,Dr. Henry Ong,Imaging
2023-07-06,Adult,Male,Diabetes Mellitus Monitoring,Clinic,Dr. Victor Manuel,Check-up
2023-07-06,Adult,Male,Fecalysis,Laboratory,"Mark Villanueva, RMT",Laboratory
2023-07-06,Adult,Male,Hepatitis Screening,Laboratory,"Rafael Torres, RMT",Laboratory
2023-07-06,Senior,Female,Hypertension Monitoring,Clinic,Dr. Elena Bautista,Check-up
2023-07-06,Adult,Male,Lipid Profile,Laboratory,"Patricia Mendoza, RMT",Laboratory
2023-07-07,Child,Female,Complete Blood Count,Laboratory,"Rafael Torres, RMT",Laboratory
2023-07-07,Adult,Female,Drug Testing,Drug Testing,"Joanna Lim, RMT",Drug Testing
2023-07-07,Adult,Male,Electrocardiography,Cardiology,Dr. Camille Tan,Cardiology
2023-07-07,Adult,Female,Fecalysis,Laboratory,"Joanna Lim, RMT",Laboratory
2023-07-07,Senior,Male,Fecalysis,Laboratory,"Patricia Mendoza, RMT",Laboratory
2023-07-07,Senior,Female,Headache,Clinic,Dr. Paolo Rivera,Check-up
2023-07-07,Adult,Male,Home Service Laboratory,Home Service,"Rafael Torres, RMT",Home Service
2023-07-07,Adult,Female,Hypertension Monitoring,Clinic,Dr. Victor Manuel,Check-up
2023-07-07,Child,Female,Thyroid Function Test,Laboratory,"Patricia Mendoza, RMT",Laboratory
2023-07-08,Adult,Female,Asthma Monitoring,Clinic,Dr. Victor Manuel,Check-up
2023-07-08,Adult,Male,Fasting Blood Sugar,Laboratory,"Joanna Lim, RMT",Laboratory
2023-07-08,Adult,Male,Home Service Laboratory,Home Service,"Joanna Lim, RMT",Home Service
2023-07-08,Child,Male,Routine Medical Consultation,Clinic,Dr. Paolo Rivera,Check-up
2023-07-08,Adult,Female,Urinalysis,Laboratory,"Rafael Torres, RMT",Laboratory
2023-07-09,Adult,Male,Asthma Monitoring,Clinic,Dr. Victor Manuel,Check-up
2023-07-09,Adult,Male,Blood Chemistry,Laboratory,"Carlo Navarro, RMT",Laboratory
2023-07-09,Adult,Female,Diabetes Mellitus Monitoring,Clinic,Dr. Elena Bautista,Check-up
2023-07-09,Child,Female,Gastritis,Clinic,Dr. Victor Manuel,Check-up
2023-07-09,Adult,Male,Hypertension Monitoring,Clinic,Dr. Elena Bautista,Check-up
2023-07-09,Senior,Male,Hypertension Monitoring,Clinic,Dr. Elena Bautista,Check-up
2023-07-10,Adult,Female,Fecalysis,Laboratory,"Angela Reyes, RMT",Laboratory
2023-07-10,Child,Female,Gastritis,Clinic,Dr. Elena Bautista,Check-up
2023-07-10,Adult,Male,Gastritis,Clinic,Dr. Victor Manuel,Check-up
2023-07-10,Adult,Female,Pregnancy Test,Laboratory,"Patricia Mendoza, RMT",Laboratory
2023-07-10,Adult,Female,Routine Medical Consultation,Clinic,Dr. Ana Lopez,Check-up
2023-07-10,Adult,Male,SGPT,Laboratory,"Mark Villanueva, RMT",Laboratory
2023-07-10,Adult,Female,Upper Respiratory Infection,Clinic,Dr. Camille Tan,Check-up
2023-07-11,Child,Female,Complete Blood Count,Laboratory,"Mark Villanueva, RMT",Laboratory
2023-07-11,Senior,Female,Diabetes Mellitus Monitoring,Clinic,Dr. Victor Manuel,Check-up
2023-07-11,Adult,Female,Drug Testing,Drug Testing,"Rafael Torres, RMT",Drug Testing
2023-07-11,Adult,Male,Gastritis,Clinic,Dr. Elena Bautista,Check-up
2023-07-11,Adult,Female,Hypertension Monitoring,Clinic,Dr. Victor Manuel,Check-up
2023-07-11,Child,Male,Ultrasound,Radiology,Dr. Andrea Sy,Imaging
2023-07-11,Adult,Female,Urinalysis,Laboratory,"Rafael Torres, RMT",Laboratory
2023-07-12,Adult,Female,Asthma Monitoring,Clinic,Dr. Elena Bautista,Check-up
2023-07-12,Adult,Female,Chest X-ray,Radiology,Dr. Andrea Sy,Imaging
2023-07-12,Adult,Male,Drug Testing,Drug Testing,"Patricia Mendoza, RMT",Drug Testing
2023-07-12,Adult,Female,Gastritis,Clinic,Dr. Victor Manuel,Check-up
2023-07-12,Child,Female,Headache,Clinic,Dr. Miguel Fernandez,Check-up
2023-07-12,Senior,Female,Hypertension Monitoring,Clinic,Dr. Victor Manuel,Check-up
2023-07-12,Senior,Female,Hypertension Monitoring,Clinic,Dr. Elena Bautista,Check-up
2023-07-12,Adult,Male,Hypertension Monitoring,Clinic,Dr. Victor Manuel,Check-up
2023-07-12,Adult,Male,Pregnancy Test,Laboratory,"Carlo Navarro, RMT",Laboratory
2023-07-13,Adult,Female,Annual Physical Examination,Annual Physical Examination,Dr. Paolo Rivera,Annual Physical Examination
2023-07-13,Adult,Female,Annual Physical Examination,Annual Physical Examination,Dr. Camille Tan,Annual Physical Examination
2023-07-13,Adult,Female,Complete Blood Count,Laboratory,"Patricia Mendoza, RMT",Laboratory
2023-07-13,Adult,Female,Dermatitis and Allergy,Clinic,Dr. Miguel Fernandez,Check-up
2023-07-13,Adult,Female,Diabetes Mellitus Monitoring,Clinic,Dr. Elena Bautista,Check-up
2023-07-13,Adult,Female,Fasting Blood Sugar,Laboratory,"Rafael Torres, RMT",Laboratory
2023-07-13,Adult,Female,Headache,Clinic,Dr. Miguel Fernandez,Check-up
2023-07-13,Child,Female,Routine Medical Consultation,Clinic,Dr. Miguel Fernandez,Check-up
2023-07-13,Adult,Male,Urinalysis,Laboratory,"Carlo Navarro, RMT",Laboratory
2023-07-14,Adult,Male,Abdominal Pain,Clinic,Dr. Victor Manuel,Check-up
2023-07-14,Child,Female,Blood Chemistry,Laboratory,"Angela Reyes, RMT",Laboratory
2023-07-14,Adult,Male,Urinalysis,Laboratory,"Joanna Lim, RMT",Laboratory
2023-07-14,Adult,Female,Urinalysis,Laboratory,"Rafael Torres, RMT",Laboratory
2023-07-15,Adult,Female,Chest X-ray,Radiology,Dr. Sofia Mercado,Imaging
2023-07-15,Adult,Male,Complete Blood Count,Laboratory,"Rafael Torres, RMT",Laboratory
2023-07-15,Adult,Male,Drug Testing,Drug Testing,"Mark Villanueva, RMT",Drug Testing
2023-07-15,Adult,Male,Fasting Blood Sugar,Laboratory,"Carlo Navarro, RMT",Laboratory
2023-07-15,Child,Female,Fecalysis,Laboratory,"Rafael Torres, RMT",Laboratory
2023-07-15,Adult,Female,Hepatitis Screening,Laboratory,"Mark Villanueva, RMT",Laboratory
2023-07-15,Adult,Female,Pre-Employment Medical Exam,Clinic,Dr. Ana Lopez,Pre-Employment Checkup
2023-07-15,Adult,Female,Routine Medical Consultation,Clinic,Dr. Camille Tan,Check-up
2023-07-15,Adult,Female,Ultrasound,Radiology,Dr. Andrea Sy,Imaging
2023-07-15,Adult,Female,Upper Respiratory Infection,Clinic,Dr. Camille Tan,Check-up
2023-07-15,Child,Female,Upper Respiratory Infection,Clinic,Dr. Miguel Fernandez,Check-up
2023-07-15,Adult,Male,Upper Respiratory Infection,Clinic,Dr. Miguel Fernandez,Check-up
2023-07-15,Child,Male,Vaccination,Clinic,Dr. Ana Lopez,Vaccination
2023-07-15,Adult,Female,Vaccination,Clinic,Dr. Miguel Fernandez,Vaccination
2023-07-16,Adult,Female,Asthma Monitoring,Clinic,Dr. Elena Bautista,Check-up
2023-07-16,Senior,Female,Diabetes Mellitus Monitoring,Clinic,Dr. Victor Manuel,Check-up
2023-07-16,Child,Female,Hepatitis Screening,Laboratory,"Rafael Torres, RMT",Laboratory
2023-07-16,Senior,Female,Lipid Profile,Laboratory,"Patricia Mendoza, RMT",Laboratory
2023-07-16,Adult,Female,Upper Respiratory Infection,Clinic,Dr. Ana Lopez,Check-up
2023-07-16,Child,Male,Urinalysis,Laboratory,"Rafael Torres, RMT",Laboratory
2023-07-16,Adult,Female,Urinary Tract Infection,Clinic,Dr. Miguel Fernandez,Check-up
2023-07-17,Child,Female,Blood Chemistry,Laboratory,"Joanna Lim, RMT",Laboratory
2023-07-17,Child,Female,Lipid Profile,Laboratory,"Angela Reyes, RMT",Laboratory
2023-07-17,Adult,Female,Pre-Employment Medical Exam,Clinic,Dr. Miguel Fernandez,Pre-Employment Checkup
2023-07-17,Senior,Male,Routine Medical Consultation,Clinic,Dr. Miguel Fernandez,Check-up
2023-07-17,Child,Female,Thyroid Function Test,Laboratory,"Angela Reyes, RMT",Laboratory
2023-07-17,Adult,Male,Upper Respiratory Infection,Clinic,Dr. Paolo Rivera,Check-up
2023-07-17,Adult,Female,Upper Respiratory Infection,Clinic,Dr. Paolo Rivera,Check-up
2023-07-17,Child,Female,Upper Respiratory Infection,Clinic,Dr. Ana Lopez,Check-up
2023-07-18,Adult,Male,Asthma Monitoring,Clinic,Dr. Victor Manuel,Check-up
2023-07-18,Senior,Male,Chest X-ray,Radiology,Dr. Henry Ong,Imaging
2023-07-18,Child,Female,Dermatitis and Allergy,Clinic,Dr. Paolo Rivera,Check-up
2023-07-18,Child,Female,Electrocardiography,Cardiology,Dr. Camille Tan,Cardiology
2023-07-18,Adult,Female,Hypertension Monitoring,Clinic,Dr. Elena Bautista,Check-up
2023-07-18,Adult,Male,Hypertension Monitoring,Clinic,Dr. Elena Bautista,Check-up
2023-07-18,Adult,Female,Lipid Profile,Laboratory,"Carlo Navarro, RMT",Laboratory
2023-07-18,Adult,Female,Preventive Health Check-up,Clinic,Dr. Miguel Fernandez,Check-up
2023-07-18,Child,Female,Upper Respiratory Infection,Clinic,Dr. Camille Tan,Check-up
2023-07-19,Child,Male,Electrocardiography,Cardiology,Dr. Ana Lopez,Cardiology
2023-07-19,Adult,Female,Pre-Employment Medical Exam,Clinic,Dr. Paolo Rivera,Pre-Employment Checkup
2023-07-19,Adult,Male,Preventive Health Check-up,Clinic,Dr. Camille Tan,Check-up
2023-07-19,Adult,Male,Upper Respiratory Infection,Clinic,Dr. Paolo Rivera,Check-up
2023-07-19,Adult,Female,Urinary Tract Infection,Clinic,Dr. Miguel Fernandez,Check-up
2023-07-19,Adult,Female,Urinary Tract Infection,Clinic,Dr. Ana Lopez,Check-up
2023-07-20,Child,Female,Blood Chemistry,Laboratory,"Rafael Torres, RMT",Laboratory
2023-07-20,Child,Male,Creatinine,Laboratory,"Joanna Lim, RMT",Laboratory
2023-07-20,Adult,Male,Fasting Blood Sugar,Laboratory,"Rafael Torres, RMT",Laboratory
2023-07-20,Adult,Female,Headache,Clinic,Dr. Ana Lopez,Check-up
2023-07-20,Child,Male,Urinary Tract Infection,Clinic,Dr. Ana Lopez,Check-up
2023-07-21,Adult,Male,Chest X-ray,Radiology,Dr. Henry Ong,Imaging
2023-07-22,Child,Male,Annual Physical Examination,Annual Physical Examination,Dr. Miguel Fernandez,Annual Physical Examination
2023-07-22,Adult,Male,Blood Chemistry,Laboratory,"Joanna Lim, RMT",Laboratory
2023-07-22,Adult,Male,Complete Blood Count,Laboratory,"Mark Villanueva, RMT",Laboratory
2023-07-22,Adult,Male,Creatinine,Laboratory,"Joanna Lim, RMT",Laboratory
2023-07-22,Adult,Female,Fever,Clinic,Dr. Paolo Rivera,Check-up
2023-07-22,Adult,Male,Upper Respiratory Infection,Clinic,Dr. Miguel Fernandez,Check-up
2023-07-23,Adult,Female,Blood Chemistry,Laboratory,"Mark Villanueva, RMT",Laboratory
2023-07-23,Child,Female,Fasting Blood Sugar,Laboratory,"Patricia Mendoza, RMT",Laboratory
2023-07-23,Adult,Male,Lipid Profile,Laboratory,"Patricia Mendoza, RMT",Laboratory
2023-07-23,Adult,Male,Pregnancy Test,Laboratory,"Patricia Mendoza, RMT",Laboratory
2023-07-23,Child,Male,Upper Respiratory Infection,Clinic,Dr. Ana Lopez,Check-up
2023-07-23,Adult,Female,Upper Respiratory Infection,Clinic,Dr. Ana Lopez,Check-up
2023-07-23,Senior,Male,Upper Respiratory Infection,Clinic,Dr. Miguel Fernandez,Check-up
2023-07-23,Adult,Female,Urinalysis,Laboratory,"Mark Villanueva, RMT",Laboratory
2023-07-24,Adult,Male,Annual Physical Examination,Annual Physical Examination,Dr. Camille Tan,Annual Physical Examination
2023-07-24,Adult,Male,Drug Testing,Drug Testing,"Joanna Lim, RMT",Drug Testing
2023-07-24,Child,Male,Electrocardiography,Cardiology,Dr. Miguel Fernandez,Cardiology
2023-07-24,Adult,Male,Fever,Clinic,Dr. Paolo Rivera,Check-up
2023-07-24,Adult,Female,Gastritis,Clinic,Dr. Elena Bautista,Check-up
2023-07-24,Adult,Male,Home Service Laboratory,Home Service,"Joanna Lim, RMT",Home Service
2023-07-24,Adult,Female,Hypertension Monitoring,Clinic,Dr. Elena Bautista,Check-up
2023-07-24,Adult,Female,Pre-Employment Medical Exam,Clinic,Dr. Miguel Fernandez,Pre-Employment Checkup
2023-07-24,Adult,Male,Pregnancy Test,Laboratory,"Joanna Lim, RMT",Laboratory
2023-07-24,Adult,Male,Thyroid Function Test,Laboratory,"Angela Reyes, RMT",Laboratory
2023-07-24,Adult,Male,Urinalysis,Laboratory,"Rafael Torres, RMT",Laboratory
2023-07-25,Adult,Female,Asthma Monitoring,Clinic,Dr. Victor Manuel,Check-up
2023-07-25,Adult,Male,Blood Chemistry,Laboratory,"Patricia Mendoza, RMT",Laboratory
2023-07-25,Adult,Male,Creatinine,Laboratory,"Patricia Mendoza, RMT",Laboratory
2023-07-25,Senior,Male,Hypertension Monitoring,Clinic,Dr. Victor Manuel,Check-up
2023-07-25,Adult,Female,Upper Respiratory Infection,Clinic,Dr. Paolo Rivera,Check-up
2023-07-25,Adult,Male,Urinary Tract Infection,Clinic,Dr. Camille Tan,Check-up
2023-07-26,Adult,Female,Abdominal Pain,Clinic,Dr. Victor Manuel,Check-up
2023-07-26,Adult,Male,Blood Chemistry,Laboratory,"Joanna Lim, RMT",Laboratory
2023-07-26,Adult,Female,Chest X-ray,Radiology,Dr. Henry Ong,Imaging
2023-07-26,Adult,Female,Electrocardiography,Cardiology,Dr. Paolo Rivera,Cardiology
2023-07-26,Senior,Female,Fever,Clinic,Dr. Miguel Fernandez,Check-up
2023-07-26,Adult,Male,Hypertension Monitoring,Clinic,Dr. Victor Manuel,Check-up
2023-07-26,Adult,Male,SGPT,Laboratory,"Patricia Mendoza, RMT",Laboratory
2023-07-26,Adult,Male,Upper Respiratory Infection,Clinic,Dr. Ana Lopez,Check-up
2023-07-26,Adult,Male,Urinary Tract Infection,Clinic,Dr. Ana Lopez,Check-up
2023-07-27,Adult,Male,Asthma Monitoring,Clinic,Dr. Elena Bautista,Check-up
2023-07-27,Senior,Female,Complete Blood Count,Laboratory,"Rafael Torres, RMT",Laboratory
2023-07-27,Adult,Female,Diabetes Mellitus Monitoring,Clinic,Dr. Victor Manuel,Check-up
2023-07-27,Adult,Female,Fecalysis,Laboratory,"Rafael Torres, RMT",Laboratory
2023-07-27,Adult,Female,Fever,Clinic,Dr. Ana Lopez,Check-up
2023-07-27,Adult,Male,Routine Medical Consultation,Clinic,Dr. Paolo Rivera,Check-up
2023-07-28,Adult,Male,Annual Physical Examination,Annual Physical Examination,Dr. Camille Tan,Annual Physical Examination
2023-07-28,Senior,Male,Chest X-ray,Radiology,Dr. Andrea Sy,Imaging
2023-07-28,Adult,Male,Dermatitis and Allergy,Clinic,Dr. Camille Tan,Check-up
2023-07-28,Adult,Male,Fasting Blood Sugar,Laboratory,"Patricia Mendoza, RMT",Laboratory
2023-07-28,Senior,Female,Fever,Clinic,Dr. Paolo Rivera,Check-up
2023-07-29,Adult,Male,Abdominal Pain,Clinic,Dr. Elena Bautista,Check-up
2023-07-29,Adult,Male,Blood Chemistry,Laboratory,"Angela Reyes, RMT",Laboratory
2023-07-29,Child,Male,Creatinine,Laboratory,"Carlo Navarro, RMT",Laboratory
2023-07-29,Adult,Male,Drug Testing,Drug Testing,"Mark Villanueva, RMT",Drug Testing
2023-07-29,Adult,Female,Fasting Blood Sugar,Laboratory,"Angela Reyes, RMT",Laboratory
2023-07-29,Adult,Female,Headache,Clinic,Dr. Camille Tan,Check-up
2023-07-29,Adult,Male,Pre-Employment Medical Exam,Clinic,Dr. Paolo Rivera,Pre-Employment Checkup
2023-07-29,Adult,Male,Pregnancy Test,Laboratory,"Carlo Navarro, RMT",Laboratory
2023-07-29,Adult,Female,SGPT,Laboratory,"Joanna Lim, RMT",Laboratory
2023-07-29,Adult,Male,Upper Respiratory Infection,Clinic,Dr. Paolo Rivera,Check-up
2023-07-29,Senior,Male,Upper Respiratory Infection,Clinic,Dr. Miguel Fernandez,Check-up
2023-07-30,Adult,Male,Creatinine,Laboratory,"Patricia Mendoza, RMT",Laboratory
2023-07-30,Adult,Female,Drug Testing,Drug Testing,"Joanna Lim, RMT",Drug Testing
2023-07-30,Senior,Female,Lipid Profile,Laboratory,"Rafael Torres, RMT",Laboratory
2023-07-30,Adult,Female,Lipid Profile,Laboratory,"Angela Reyes, RMT",Laboratory
2023-07-30,Senior,Female,Upper Respiratory Infection,Clinic,Dr. Miguel Fernandez,Check-up
2023-07-31,Child,Female,Abdominal Pain,Clinic,Dr. Victor Manuel,Check-up
2023-07-31,Adult,Female,Blood Chemistry,Laboratory,"Angela Reyes, RMT",Laboratory
2023-07-31,Adult,Male,Complete Blood Count,Laboratory,"Rafael Torres, RMT",Laboratory
2023-07-31,Adult,Female,Hepatitis Screening,Laboratory,"Patricia Mendoza, RMT",Laboratory
2023-07-31,Senior,Female,Routine Medical Consultation,Clinic,Dr. Camille Tan,Check-up
2023-08-01,Adult,Male,Blood Chemistry,Laboratory,"Patricia Mendoza, RMT",Laboratory
2023-08-01,Child,Female,Gastritis,Clinic,Dr. Victor Manuel,Check-up
2023-08-01,Senior,Female,Home Service Laboratory,Home Service,"Carlo Navarro, RMT",Home Service
2023-08-01,Adult,Female,Lipid Profile,Laboratory,"Patricia Mendoza, RMT",Laboratory
2023-08-01,Child,Female,Vaccination,Clinic,Dr. Paolo Rivera,Vaccination
2023-08-02,Adult,Female,Asthma Monitoring,Clinic,Dr. Elena Bautista,Check-up
2023-08-02,Senior,Female,Diabetes Mellitus Monitoring,Clinic,Dr. Elena Bautista,Check-up
2023-08-02,Adult,Male,Hypertension Monitoring,Clinic,Dr. Victor Manuel,Check-up
2023-08-02,Adult,Female,Urinalysis,Laboratory,"Patricia Mendoza, RMT",Laboratory
2023-08-03,Adult,Male,Asthma Monitoring,Clinic,Dr. Elena Bautista,Check-up
2023-08-03,Adult,Female,Complete Blood Count,Laboratory,"Mark Villanueva, RMT",Laboratory
2023-08-03,Adult,Female,Creatinine,Laboratory,"Carlo Navarro, RMT",Laboratory
2023-08-03,Child,Male,Lipid Profile,Laboratory,"Angela Reyes, RMT",Laboratory
2023-08-03,Adult,Male,Preventive Health Check-up,Clinic,Dr. Paolo Rivera,Check-up
2023-08-04,Adult,Female,Annual Physical Examination,Annual Physical Examination,Dr. Camille Tan,Annual Physical Examination
2023-08-04,Adult,Female,Asthma Monitoring,Clinic,Dr. Victor Manuel,Check-up
2023-08-04,Adult,Male,Electrocardiography,Cardiology,Dr. Camille Tan,Cardiology
2023-08-04,Adult,Female,Headache,Clinic,Dr. Paolo Rivera,Check-up
2023-08-04,Adult,Female,Pre-Employment Medical Exam,Clinic,Dr. Miguel Fernandez,Pre-Employment Checkup
2023-08-04,Adult,Male,Upper Respiratory Infection,Clinic,Dr. Miguel Fernandez,Check-up
2023-08-05,Adult,Female,Complete Blood Count,Laboratory,"Mark Villanueva, RMT",Laboratory
2023-08-05,Adult,Male,Fever,Clinic,Dr. Paolo Rivera,Check-up
2023-08-05,Senior,Female,Hypertension Monitoring,Clinic,Dr. Victor Manuel,Check-up
2023-08-05,Adult,Male,Pre-Employment Medical Exam,Clinic,Dr. Miguel Fernandez,Pre-Employment Checkup
2023-08-05,Child,Male,Urinalysis,Laboratory,"Joanna Lim, RMT",Laboratory
2023-08-05,Adult,Female,Urinary Tract Infection,Clinic,Dr. Miguel Fernandez,Check-up
2023-08-06,Adult,Female,Blood Chemistry,Laboratory,"Rafael Torres, RMT",Laboratory
2023-08-06,Adult,Male,Creatinine,Laboratory,"Carlo Navarro, RMT",Laboratory
2023-08-06,Adult,Female,Creatinine,Laboratory,"Angela Reyes, RMT",Laboratory
2023-08-06,Child,Female,Gastritis,Clinic,Dr. Elena Bautista,Check-up
2023-08-06,Adult,Male,Hypertension Monitoring,Clinic,Dr. Victor Manuel,Check-up
2023-08-06,Adult,Male,Lipid Profile,Laboratory,"Joanna Lim, RMT",Laboratory
2023-08-06,Adult,Female,Pre-Employment Medical Exam,Clinic,Dr. Camille Tan,Pre-Employment Checkup
2023-08-06,Adult,Female,SGPT,Laboratory,"Angela Reyes, RMT",Laboratory
2023-08-06,Adult,Female,Upper Respiratory Infection,Clinic,Dr. Paolo Rivera,Check-up
2023-08-06,Child,Male,Upper Respiratory Infection,Clinic,Dr. Paolo Rivera,Check-up
2023-08-06,Adult,Female,Urinalysis,Laboratory,"Patricia Mendoza, RMT",Laboratory
2023-08-06,Adult,Male,Urinary Tract Infection,Clinic,Dr. Paolo Rivera,Check-up
2023-08-07,Adult,Female,Chest X-ray,Radiology,Dr. Henry Ong,Imaging
2023-08-07,Child,Female,Fever,Clinic,Dr. Miguel Fernandez,Check-up
2023-08-07,Adult,Male,Headache,Clinic,Dr. Paolo Rivera,Check-up
2023-08-07,Adult,Male,Home Service Laboratory,Home Service,"Mark Villanueva, RMT",Home Service
2023-08-08,Adult,Female,Electrocardiography,Cardiology,Dr. Camille Tan,Cardiology
2023-08-08,Child,Female,Hepatitis Screening,Laboratory,"Rafael Torres, RMT",Laboratory
2023-08-08,Adult,Female,Routine Medical Consultation,Clinic,Dr. Ana Lopez,Check-up
2023-08-08,Adult,Male,Upper Respiratory Infection,Clinic,Dr. Miguel Fernandez,Check-up
2023-08-09,Adult,Male,2D Echo,Cardiology,Dr. Camille Tan,Cardiology
2023-08-09,Child,Male,Blood Chemistry,Laboratory,"Patricia Mendoza, RMT",Laboratory
2023-08-09,Adult,Female,Complete Blood Count,Laboratory,"Joanna Lim, RMT",Laboratory
2023-08-09,Senior,Female,Dermatitis and Allergy,Clinic,Dr. Paolo Rivera,Check-up
2023-08-09,Adult,Female,Diabetes Mellitus Monitoring,Clinic,Dr. Victor Manuel,Check-up
2023-08-09,Adult,Male,Fecalysis,Laboratory,"Mark Villanueva, RMT",Laboratory
2023-08-09,Adult,Male,Fever,Clinic,Dr. Miguel Fernandez,Check-up
2023-08-09,Child,Female,Hepatitis Screening,Laboratory,"Joanna Lim, RMT",Laboratory
2023-08-09,Child,Female,Vaccination,Clinic,Dr. Paolo Rivera,Vaccination
2023-08-10,Adult,Female,2D Echo,Cardiology,Dr. Paolo Rivera,Cardiology
2023-08-10,Adult,Female,Blood Chemistry,Laboratory,"Carlo Navarro, RMT",Laboratory
2023-08-10,Adult,Male,Electrocardiography,Cardiology,Dr. Ana Lopez,Cardiology
2023-08-10,Adult,Male,Headache,Clinic,Dr. Paolo Rivera,Check-up
2023-08-10,Adult,Female,Hypertension Monitoring,Clinic,Dr. Elena Bautista,Check-up
2023-08-10,Adult,Female,Lipid Profile,Laboratory,"Carlo Navarro, RMT",Laboratory
2023-08-10,Adult,Female,Preventive Health Check-up,Clinic,Dr. Ana Lopez,Check-up
2023-08-10,Child,Female,Routine Medical Consultation,Clinic,Dr. Ana Lopez,Check-up
2023-08-10,Adult,Female,SGPT,Laboratory,"Mark Villanueva, RMT",Laboratory
2023-08-11,Adult,Female,Asthma Monitoring,Clinic,Dr. Elena Bautista,Check-up
2023-08-11,Child,Female,Chest X-ray,Radiology,Dr. Andrea Sy,Imaging
2023-08-11,Adult,Female,Diabetes Mellitus Monitoring,Clinic,Dr. Elena Bautista,Check-up
2023-08-11,Adult,Male,Fecalysis,Laboratory,"Rafael Torres, RMT",Laboratory
2023-08-11,Senior,Male,Hypertension Monitoring,Clinic,Dr. Victor Manuel,Check-up
2023-08-11,Adult,Female,Pre-Employment Medical Exam,Clinic,Dr. Miguel Fernandez,Pre-Employment Checkup
2023-08-11,Senior,Male,Preventive Health Check-up,Clinic,Dr. Paolo Rivera,Check-up
2023-08-11,Adult,Male,Routine Medical Consultation,Clinic,Dr. Paolo Rivera,Check-up
2023-08-11,Adult,Female,Upper Respiratory Infection,Clinic,Dr. Ana Lopez,Check-up
2023-08-12,Adult,Male,Diabetes Mellitus Monitoring,Clinic,Dr. Elena Bautista,Check-up
2023-08-12,Senior,Female,Diabetes Mellitus Monitoring,Clinic,Dr. Elena Bautista,Check-up
2023-08-12,Adult,Female,Drug Testing,Drug Testing,"Angela Reyes, RMT",Drug Testing
2023-08-12,Senior,Female,Fecalysis,Laboratory,"Patricia Mendoza, RMT",Laboratory
2023-08-12,Child,Female,Routine Medical Consultation,Clinic,Dr. Miguel Fernandez,Check-up
2023-08-13,Adult,Female,Drug Testing,Drug Testing,"Patricia Mendoza, RMT",Drug Testing
2023-08-13,Senior,Male,Hypertension Monitoring,Clinic,Dr. Victor Manuel,Check-up
2023-08-13,Adult,Female,Upper Respiratory Infection,Clinic,Dr. Camille Tan,Check-up
2023-08-13,Adult,Male,Upper Respiratory Infection,Clinic,Dr. Miguel Fernandez,Check-up
2023-08-13,Adult,Female,Vascular Study,Radiology,Dr. Sofia Mercado,Imaging
2023-08-14,Senior,Male,Diabetes Mellitus Monitoring,Clinic,Dr. Victor Manuel,Check-up
2023-08-14,Adult,Female,Routine Medical Consultation,Clinic,Dr. Ana Lopez,Check-up
2023-08-15,Child,Male,Dermatitis and Allergy,Clinic,Dr. Miguel Fernandez,Check-up
2023-08-15,Child,Female,Electrocardiography,Cardiology,Dr. Camille Tan,Cardiology
2023-08-15,Adult,Male,Fasting Blood Sugar,Laboratory,"Patricia Mendoza, RMT",Laboratory
2023-08-15,Adult,Male,Hepatitis Screening,Laboratory,"Angela Reyes, RMT",Laboratory
2023-08-15,Child,Female,Thyroid Function Test,Laboratory,"Patricia Mendoza, RMT",Laboratory
2023-08-16,Child,Male,Asthma Monitoring,Clinic,Dr. Elena Bautista,Check-up
2023-08-16,Child,Female,Asthma Monitoring,Clinic,Dr. Victor Manuel,Check-up
2023-08-16,Adult,Female,Chest X-ray,Radiology,Dr. Andrea Sy,Imaging
2023-08-16,Adult,Female,Chest X-ray,Radiology,Dr. Henry Ong,Imaging
2023-08-16,Child,Male,Complete Blood Count,Laboratory,"Joanna Lim, RMT",Laboratory
2023-08-16,Adult,Female,Hypertension Monitoring,Clinic,Dr. Elena Bautista,Check-up
2023-08-16,Senior,Female,Hypertension Monitoring,Clinic,Dr. Elena Bautista,Check-up
2023-08-16,Adult,Male,Lipid Profile,Laboratory,"Carlo Navarro, RMT",Laboratory
2023-08-16,Adult,Male,Routine Medical Consultation,Clinic,Dr. Paolo Rivera,Check-up
2023-08-16,Adult,Female,Upper Respiratory Infection,Clinic,Dr. Paolo Rivera,Check-up
2023-08-16,Adult,Female,Upper Respiratory Infection,Clinic,Dr. Ana Lopez,Check-up
2023-08-17,Adult,Male,Complete Blood Count,Laboratory,"Rafael Torres, RMT",Laboratory
2023-08-17,Adult,Female,Drug Testing,Drug Testing,"Rafael Torres, RMT",Drug Testing
2023-08-17,Adult,Male,Lipid Profile,Laboratory,"Carlo Navarro, RMT",Laboratory
2023-08-17,Adult,Male,Preventive Health Check-up,Clinic,Dr. Miguel Fernandez,Check-up
2023-08-17,Senior,Female,Ultrasound,Radiology,Dr. Sofia Mercado,Imaging
2023-08-17,Child,Female,Urinalysis,Laboratory,"Carlo Navarro, RMT",Laboratory
2023-08-17,Senior,Male,Vaccination,Clinic,Dr. Ana Lopez,Vaccination
2023-08-18,Adult,Female,Diabetes Mellitus Monitoring,Clinic,Dr. Elena Bautista,Check-up
2023-08-18,Senior,Female,Diabetes Mellitus Monitoring,Clinic,Dr. Elena Bautista,Check-up
2023-08-18,Adult,Male,Gastritis,Clinic,Dr. Victor Manuel,Check-up
2023-08-18,Senior,Male,Gastritis,Clinic,Dr. Elena Bautista,Check-up
2023-08-18,Adult,Male,Pre-Employment Medical Exam,Clinic,Dr. Ana Lopez,Pre-Employment Checkup
2023-08-18,Adult,Female,SGPT,Laboratory,"Angela Reyes, RMT",Laboratory
2023-08-18,Adult,Male,Upper Respiratory Infection,Clinic,Dr. Miguel Fernandez,Check-up
2023-08-18,Child,Male,Urinalysis,Laboratory,"Mark Villanueva, RMT",Laboratory
2023-08-19,Child,Male,Complete Blood Count,Laboratory,"Carlo Navarro, RMT",Laboratory
2023-08-19,Adult,Female,Fasting Blood Sugar,Laboratory,"Rafael Torres, RMT",Laboratory
2023-08-19,Adult,Male,Gastritis,Clinic,Dr. Elena Bautista,Check-up
2023-08-19,Senior,Male,Hypertension Monitoring,Clinic,Dr. Victor Manuel,Check-up
2023-08-19,Adult,Male,Hypertension Monitoring,Clinic,Dr. Victor Manuel,Check-up
2023-08-19,Adult,Male,Upper Respiratory Infection,Clinic,Dr. Camille Tan,Check-up
2023-08-20,Adult,Male,Asthma Monitoring,Clinic,Dr. Elena Bautista,Check-up
2023-08-20,Adult,Male,Complete Blood Count,Laboratory,"Patricia Mendoza, RMT",Laboratory
2023-08-20,Adult,Male,Creatinine,Laboratory,"Joanna Lim, RMT",Laboratory
2023-08-20,Adult,Female,Electrocardiography,Cardiology,Dr. Camille Tan,Cardiology
2023-08-20,Adult,Male,Headache,Clinic,Dr. Miguel Fernandez,Check-up
2023-08-20,Adult,Male,Thyroid Function Test,Laboratory,"Rafael Torres, RMT",Laboratory
2023-08-20,Adult,Female,Ultrasound,Radiology,Dr. Andrea Sy,Imaging
2023-08-20,Senior,Male,Urinalysis,Laboratory,"Joanna Lim, RMT",Laboratory
2023-08-20,Adult,Male,Urinalysis,Laboratory,"Patricia Mendoza, RMT",Laboratory
2023-08-20,Adult,Female,Urinalysis,Laboratory,"Patricia Mendoza, RMT",Laboratory
2023-08-21,Senior,Male,Chest X-ray,Radiology,Dr. Henry Ong,Imaging
2023-08-21,Adult,Male,Drug Testing,Drug Testing,"Patricia Mendoza, RMT",Drug Testing
2023-08-21,Adult,Female,Drug Testing,Drug Testing,"Mark Villanueva, RMT",Drug Testing
2023-08-21,Adult,Female,Fever,Clinic,Dr. Camille Tan,Check-up
2023-08-21,Adult,Male,Hepatitis Screening,Laboratory,"Rafael Torres, RMT",Laboratory
2023-08-22,Senior,Male,Blood Chemistry,Laboratory,"Mark Villanueva, RMT",Laboratory
2023-08-22,Adult,Female,Fever,Clinic,Dr. Miguel Fernandez,Check-up
2023-08-22,Adult,Female,Preventive Health Check-up,Clinic,Dr. Ana Lopez,Check-up
2023-08-22,Adult,Female,Upper Respiratory Infection,Clinic,Dr. Miguel Fernandez,Check-up
2023-08-22,Senior,Female,Upper Respiratory Infection,Clinic,Dr. Paolo Rivera,Check-up
2023-08-22,Adult,Male,Vascular Study,Radiology,Dr. Sofia Mercado,Imaging
2023-08-23,Adult,Male,2D Echo,Cardiology,Dr. Camille Tan,Cardiology
2023-08-23,Adult,Male,Blood Chemistry,Laboratory,"Patricia Mendoza, RMT",Laboratory
2023-08-23,Adult,Female,Chest X-ray,Radiology,Dr. Henry Ong,Imaging
2023-08-23,Child,Male,Fever,Clinic,Dr. Camille Tan,Check-up
2023-08-23,Adult,Male,Hypertension Monitoring,Clinic,Dr. Victor Manuel,Check-up
2023-08-23,Senior,Male,Hypertension Monitoring,Clinic,Dr. Elena Bautista,Check-up
2023-08-23,Adult,Female,Pre-Employment Medical Exam,Clinic,Dr. Paolo Rivera,Pre-Employment Checkup
2023-08-23,Adult,Male,Thyroid Function Test,Laboratory,"Patricia Mendoza, RMT",Laboratory
2023-08-23,Child,Female,Ultrasound,Radiology,Dr. Henry Ong,Imaging
2023-08-23,Adult,Female,Upper Respiratory Infection,Clinic,Dr. Ana Lopez,Check-up
2023-08-23,Adult,Male,Urinalysis,Laboratory,"Angela Reyes, RMT",Laboratory
2023-08-23,Adult,Female,Urinary Tract Infection,Clinic,Dr. Camille Tan,Check-up
2023-08-24,Adult,Male,Abdominal Pain,Clinic,Dr. Elena Bautista,Check-up
2023-08-24,Child,Female,Fever,Clinic,Dr. Miguel Fernandez,Check-up
2023-08-24,Adult,Male,Pregnancy Test,Laboratory,"Joanna Lim, RMT",Laboratory
2023-08-24,Adult,Male,Thyroid Function Test,Laboratory,"Mark Villanueva, RMT",Laboratory
2023-08-24,Child,Female,Urinary Tract Infection,Clinic,Dr. Ana Lopez,Check-up
2023-08-25,Child,Female,Abdominal Pain,Clinic,Dr. Victor Manuel,Check-up
2023-08-25,Adult,Male,Diabetes Mellitus Monitoring,Clinic,Dr. Elena Bautista,Check-up
2023-08-25,Adult,Male,Gastritis,Clinic,Dr. Victor Manuel,Check-up
2023-08-25,Adult,Female,Home Service Laboratory,Home Service,"Mark Villanueva, RMT",Home Service
2023-08-25,Adult,Male,Hypertension Monitoring,Clinic,Dr. Victor Manuel,Check-up
2023-08-25,Senior,Male,Hypertension Monitoring,Clinic,Dr. Elena Bautista,Check-up
2023-08-25,Adult,Female,Lipid Profile,Laboratory,"Rafael Torres, RMT",Laboratory
2023-08-25,Senior,Male,Upper Respiratory Infection,Clinic,Dr. Paolo Rivera,Check-up
2023-08-26,Adult,Female,Blood Chemistry,Laboratory,"Angela Reyes, RMT",Laboratory
2023-08-26,Adult,Female,Electrocardiography,Cardiology,Dr. Ana Lopez,Cardiology
2023-08-26,Adult,Male,Fever,Clinic,Dr. Ana Lopez,Check-up
2023-08-26,Adult,Male,Pregnancy Test,Laboratory,"Rafael Torres, RMT",Laboratory
2023-08-26,Adult,Female,Pregnancy Test,Laboratory,"Angela Reyes, RMT",Laboratory
2023-08-26,Adult,Male,Ultrasound,Radiology,Dr. Henry Ong,Imaging
2023-08-26,Adult,Male,Urinalysis,Laboratory,"Patricia Mendoza, RMT",Laboratory
2023-08-26,Adult,Male,Vaccination,Clinic,Dr. Camille Tan,Vaccination
2023-08-26,Senior,Female,Vascular Study,Radiology,Dr. Henry Ong,Imaging
2023-08-27,Adult,Male,Annual Physical Examination,Annual Physical Examination,Dr. Camille Tan,Annual Physical Examination
2023-08-27,Adult,Male,Blood Chemistry,Laboratory,"Mark Villanueva, RMT",Laboratory
2023-08-27,Adult,Female,Dermatitis and Allergy,Clinic,Dr. Camille Tan,Check-up
2023-08-27,Adult,Female,Fasting Blood Sugar,Laboratory,"Carlo Navarro, RMT",Laboratory
2023-08-27,Child,Female,Fasting Blood Sugar,Laboratory,"Patricia Mendoza, RMT",Laboratory
2023-08-27,Adult,Female,Fecalysis,Laboratory,"Mark Villanueva, RMT",Laboratory
2023-08-27,Child,Female,Fever,Clinic,Dr. Camille Tan,Check-up
2023-08-27,Adult,Female,Hypertension Monitoring,Clinic,Dr. Victor Manuel,Check-up
2023-08-28,Senior,Female,Complete Blood Count,Laboratory,"Joanna Lim, RMT",Laboratory
2023-08-28,Adult,Male,Diabetes Mellitus Monitoring,Clinic,Dr. Victor Manuel,Check-up
2023-08-28,Senior,Female,Home Service Laboratory,Home Service,"Patricia Mendoza, RMT",Home Service
2023-08-28,Adult,Female,Home Service Laboratory,Home Service,"Rafael Torres, RMT",Home Service
2023-08-28,Adult,Male,Pre-Employment Medical Exam,Clinic,Dr. Ana Lopez,Pre-Employment Checkup
2023-08-28,Senior,Female,Ultrasound,Radiology,Dr. Andrea Sy,Imaging
2023-08-28,Senior,Female,Upper Respiratory Infection,Clinic,Dr. Miguel Fernandez,Check-up
2023-08-28,Adult,Female,Upper Respiratory Infection,Clinic,Dr. Paolo Rivera,Check-up
2023-08-28,Adult,Female,Upper Respiratory Infection,Clinic,Dr. Camille Tan,Check-up
2023-08-29,Adult,Male,Annual Physical Examination,Annual Physical Examination,Dr. Paolo Rivera,Annual Physical Examination
2023-08-29,Senior,Male,Diabetes Mellitus Monitoring,Clinic,Dr. Victor Manuel,Check-up
2023-08-29,Adult,Male,Diabetes Mellitus Monitoring,Clinic,Dr. Victor Manuel,Check-up
2023-08-29,Child,Female,Electrocardiography,Cardiology,Dr. Paolo Rivera,Cardiology
2023-08-29,Adult,Female,Hypertension Monitoring,Clinic,Dr. Victor Manuel,Check-up
2023-08-29,Senior,Male,Hypertension Monitoring,Clinic,Dr. Victor Manuel,Check-up
2023-08-29,Adult,Male,Pre-Employment Medical Exam,Clinic,Dr. Paolo Rivera,Pre-Employment Checkup
2023-08-30,Senior,Female,Diabetes Mellitus Monitoring,Clinic,Dr. Victor Manuel,Check-up
2023-08-30,Adult,Male,Drug Testing,Drug Testing,"Carlo Navarro, RMT",Drug Testing
2023-08-30,Adult,Male,Fasting Blood Sugar,Laboratory,"Joanna Lim, RMT",Laboratory
2023-08-30,Adult,Male,Gastritis,Clinic,Dr. Victor Manuel,Check-up
2023-08-30,Adult,Female,Hypertension Monitoring,Clinic,Dr. Elena Bautista,Check-up
2023-08-30,Adult,Male,Pre-Employment Medical Exam,Clinic,Dr. Camille Tan,Pre-Employment Checkup
2023-08-30,Adult,Male,Pregnancy Test,Laboratory,"Rafael Torres, RMT",Laboratory
2023-08-30,Adult,Female,Preventive Health Check-up,Clinic,Dr. Camille Tan,Check-up
2023-08-31,Adult,Female,Annual Physical Examination,Annual Physical Examination,Dr. Camille Tan,Annual Physical Examination
2023-08-31,Senior,Female,Fasting Blood Sugar,Laboratory,"Rafael Torres, RMT",Laboratory
2023-08-31,Adult,Female,Headache,Clinic,Dr. Camille Tan,Check-up
2023-08-31,Child,Female,Home Service Laboratory,Home Service,"Patricia Mendoza, RMT",Home Service
2023-08-31,Child,Male,Thyroid Function Test,Laboratory,"Patricia Mendoza, RMT",Laboratory
2023-08-31,Adult,Male,Urinalysis,Laboratory,"Angela Reyes, RMT",Laboratory
2023-08-31,Adult,Female,Urinalysis,Laboratory,"Rafael Torres, RMT",Laboratory
2023-08-31,Child,Female,Urinary Tract Infection,Clinic,Dr. Ana Lopez,Check-up
2023-09-01,Adult,Female,Chest X-ray,Radiology,Dr. Henry Ong,Imaging
2023-09-01,Adult,Male,Drug Testing,Drug Testing,"Angela Reyes, RMT",Drug Testing
2023-09-01,Adult,Female,Drug Testing,Drug Testing,"Carlo Navarro, RMT",Drug Testing
2023-09-01,Adult,Male,Fasting Blood Sugar,Laboratory,"Mark Villanueva, RMT",Laboratory
2023-09-01,Child,Female,Routine Medical Consultation,Clinic,Dr. Ana Lopez,Check-up
2023-09-02,Adult,Male,Blood Chemistry,Laboratory,"Mark Villanueva, RMT",Laboratory
2023-09-02,Child,Male,Electrocardiography,Cardiology,Dr. Camille Tan,Cardiology
2023-09-02,Adult,Female,Fasting Blood Sugar,Laboratory,"Patricia Mendoza, RMT",Laboratory
2023-09-02,Adult,Male,Fever,Clinic,Dr. Paolo Rivera,Check-up
2023-09-02,Adult,Female,Hypertension Monitoring,Clinic,Dr. Victor Manuel,Check-up
2023-09-02,Adult,Female,SGPT,Laboratory,"Mark Villanueva, RMT",Laboratory
2023-09-02,Child,Male,Upper Respiratory Infection,Clinic,Dr. Camille Tan,Check-up
2023-09-03,Senior,Female,Fecalysis,Laboratory,"Angela Reyes, RMT",Laboratory
2023-09-03,Adult,Female,Pre-Employment Medical Exam,Clinic,Dr. Paolo Rivera,Pre-Employment Checkup
2023-09-03,Adult,Male,Pregnancy Test,Laboratory,"Joanna Lim, RMT",Laboratory
2023-09-03,Adult,Female,Preventive Health Check-up,Clinic,Dr. Paolo Rivera,Check-up
2023-09-03,Adult,Female,Thyroid Function Test,Laboratory,"Rafael Torres, RMT",Laboratory
2023-09-03,Adult,Female,Urinalysis,Laboratory,"Carlo Navarro, RMT",Laboratory
2023-09-03,Adult,Male,Vascular Study,Radiology,Dr. Henry Ong,Imaging
2023-09-04,Child,Female,Asthma Monitoring,Clinic,Dr. Elena Bautista,Check-up
2023-09-04,Adult,Male,Blood Chemistry,Laboratory,"Angela Reyes, RMT",Laboratory
2023-09-04,Adult,Male,Diabetes Mellitus Monitoring,Clinic,Dr. Elena Bautista,Check-up
2023-09-04,Child,Female,Fever,Clinic,Dr. Ana Lopez,Check-up
2023-09-04,Adult,Male,Gastritis,Clinic,Dr. Elena Bautista,Check-up
2023-09-04,Adult,Female,Urinary Tract Infection,Clinic,Dr. Miguel Fernandez,Check-up
2023-09-05,Adult,Female,Complete Blood Count,Laboratory,"Joanna Lim, RMT",Laboratory
2023-09-05,Adult,Male,Diabetes Mellitus Monitoring,Clinic,Dr. Victor Manuel,Check-up
2023-09-05,Adult,Male,Drug Testing,Drug Testing,"Mark Villanueva, RMT",Drug Testing
2023-09-05,Adult,Female,Headache,Clinic,Dr. Ana Lopez,Check-up
2023-09-05,Senior,Male,Hypertension Monitoring,Clinic,Dr. Victor Manuel,Check-up
2023-09-05,Adult,Female,Preventive Health Check-up,Clinic,Dr. Ana Lopez,Check-up
2023-09-05,Adult,Male,SGPT,Laboratory,"Angela Reyes, RMT",Laboratory
2023-09-06,Adult,Male,Abdominal Pain,Clinic,Dr. Victor Manuel,Check-up
2023-09-06,Adult,Female,Blood Chemistry,Laboratory,"Angela Reyes, RMT",Laboratory
2023-09-06,Senior,Female,Fasting Blood Sugar,Laboratory,"Rafael Torres, RMT",Laboratory
2023-09-06,Adult,Male,Gastritis,Clinic,Dr. Elena Bautista,Check-up
2023-09-06,Adult,Female,Hepatitis Screening,Laboratory,"Rafael Torres, RMT",Laboratory
2023-09-06,Adult,Female,Lipid Profile,Laboratory,"Carlo Navarro, RMT",Laboratory
2023-09-06,Adult,Male,Preventive Health Check-up,Clinic,Dr. Miguel Fernandez,Check-up
2023-09-06,Child,Female,Vaccination,Clinic,Dr. Paolo Rivera,Vaccination
2023-09-07,Adult,Female,2D Echo,Cardiology,Dr. Ana Lopez,Cardiology
2023-09-07,Adult,Female,Asthma Monitoring,Clinic,Dr. Victor Manuel,Check-up
2023-09-07,Adult,Female,Complete Blood Count,Laboratory,"Joanna Lim, RMT",Laboratory
2023-09-07,Adult,Female,Diabetes Mellitus Monitoring,Clinic,Dr. Elena Bautista,Check-up
2023-09-07,Adult,Male,Diabetes Mellitus Monitoring,Clinic,Dr. Victor Manuel,Check-up
2023-09-07,Senior,Female,Gastritis,Clinic,Dr. Victor Manuel,Check-up
2023-09-07,Adult,Female,Gastritis,Clinic,Dr. Elena Bautista,Check-up
2023-09-08,Adult,Female,Creatinine,Laboratory,"Patricia Mendoza, RMT",Laboratory
2023-09-08,Child,Male,Creatinine,Laboratory,"Angela Reyes, RMT",Laboratory
2023-09-08,Senior,Female,Diabetes Mellitus Monitoring,Clinic,Dr. Elena Bautista,Check-up
2023-09-08,Adult,Male,Gastritis,Clinic,Dr. Victor Manuel,Check-up
2023-09-08,Adult,Female,Headache,Clinic,Dr. Miguel Fernandez,Check-up
2023-09-08,Adult,Male,Lipid Profile,Laboratory,"Rafael Torres, RMT",Laboratory
2023-09-08,Adult,Male,Upper Respiratory Infection,Clinic,Dr. Camille Tan,Check-up
2023-09-08,Child,Female,Urinalysis,Laboratory,"Patricia Mendoza, RMT",Laboratory
2023-09-09,Senior,Female,Abdominal Pain,Clinic,Dr. Victor Manuel,Check-up
2023-09-09,Adult,Female,Asthma Monitoring,Clinic,Dr. Victor Manuel,Check-up
2023-09-09,Senior,Male,Complete Blood Count,Laboratory,"Mark Villanueva, RMT",Laboratory
2023-09-09,Adult,Male,Creatinine,Laboratory,"Mark Villanueva, RMT",Laboratory
2023-09-09,Adult,Male,Fecalysis,Laboratory,"Patricia Mendoza, RMT",Laboratory
2023-09-09,Child,Male,Upper Respiratory Infection,Clinic,Dr. Paolo Rivera,Check-up
2023-09-09,Adult,Female,Upper Respiratory Infection,Clinic,Dr. Paolo Rivera,Check-up
2023-09-10,Child,Female,Blood Chemistry,Laboratory,"Patricia Mendoza, RMT",Laboratory
2023-09-10,Child,Male,Complete Blood Count,Laboratory,"Rafael Torres, RMT",Laboratory
2023-09-10,Adult,Female,Drug Testing,Drug Testing,"Rafael Torres, RMT",Drug Testing
2023-09-10,Adult,Male,Electrocardiography,Cardiology,Dr. Ana Lopez,Cardiology
2023-09-10,Adult,Male,Routine Medical Consultation,Clinic,Dr. Camille Tan,Check-up
2023-09-10,Child,Male,Upper Respiratory Infection,Clinic,Dr. Paolo Rivera,Check-up
2023-09-10,Child,Female,Urinalysis,Laboratory,"Joanna Lim, RMT",Laboratory
2023-09-11,Senior,Male,2D Echo,Cardiology,Dr. Ana Lopez,Cardiology
2023-09-11,Adult,Female,Blood Chemistry,Laboratory,"Angela Reyes, RMT",Laboratory
2023-09-11,Adult,Male,Complete Blood Count,Laboratory,"Carlo Navarro, RMT",Laboratory
2023-09-11,Child,Male,Fecalysis,Laboratory,"Mark Villanueva, RMT",Laboratory
2023-09-11,Senior,Male,Gastritis,Clinic,Dr. Elena Bautista,Check-up
2023-09-11,Senior,Male,Hypertension Monitoring,Clinic,Dr. Elena Bautista,Check-up
2023-09-11,Adult,Male,Hypertension Monitoring,Clinic,Dr. Victor Manuel,Check-up
2023-09-11,Adult,Male,Urinary Tract Infection,Clinic,Dr. Ana Lopez,Check-up
2023-09-12,Adult,Female,Complete Blood Count,Laboratory,"Patricia Mendoza, RMT",Laboratory
2023-09-12,Adult,Female,Diabetes Mellitus Monitoring,Clinic,Dr. Elena Bautista,Check-up
2023-09-12,Child,Female,Fecalysis,Laboratory,"Patricia Mendoza, RMT",Laboratory
2023-09-12,Adult,Male,Headache,Clinic,Dr. Ana Lopez,Check-up
2023-09-12,Senior,Male,Hypertension Monitoring,Clinic,Dr. Elena Bautista,Check-up
2023-09-12,Adult,Male,Upper Respiratory Infection,Clinic,Dr. Paolo Rivera,Check-up
2023-09-13,Senior,Male,2D Echo,Cardiology,Dr. Paolo Rivera,Cardiology
2023-09-13,Adult,Male,Blood Chemistry,Laboratory,"Carlo Navarro, RMT",Laboratory
2023-09-13,Child,Male,Complete Blood Count,Laboratory,"Angela Reyes, RMT",Laboratory
2023-09-13,Adult,Male,Complete Blood Count,Laboratory,"Carlo Navarro, RMT",Laboratory
2023-09-13,Adult,Female,Home Service Laboratory,Home Service,"Joanna Lim, RMT",Home Service
2023-09-13,Adult,Male,Home Service Laboratory,Home Service,"Mark Villanueva, RMT",Home Service
2023-09-13,Child,Female,Upper Respiratory Infection,Clinic,Dr. Camille Tan,Check-up
2023-09-14,Adult,Male,Asthma Monitoring,Clinic,Dr. Victor Manuel,Check-up
2023-09-14,Child,Female,Blood Chemistry,Laboratory,"Mark Villanueva, RMT",Laboratory
2023-09-14,Child,Male,Creatinine,Laboratory,"Angela Reyes, RMT",Laboratory
2023-09-14,Adult,Male,Dermatitis and Allergy,Clinic,Dr. Camille Tan,Check-up
2023-09-14,Child,Female,Dermatitis and Allergy,Clinic,Dr. Paolo Rivera,Check-up
2023-09-14,Adult,Female,Drug Testing,Drug Testing,"Patricia Mendoza, RMT",Drug Testing
2023-09-14,Senior,Female,Fecalysis,Laboratory,"Mark Villanueva, RMT",Laboratory
2023-09-14,Adult,Male,Urinary Tract Infection,Clinic,Dr. Camille Tan,Check-up
2023-09-15,Adult,Male,Hypertension Monitoring,Clinic,Dr. Victor Manuel,Check-up
2023-09-15,Senior,Male,SGPT,Laboratory,"Patricia Mendoza, RMT",Laboratory
2023-09-16,Adult,Female,Abdominal Pain,Clinic,Dr. Elena Bautista,Check-up
2023-09-16,Adult,Male,Creatinine,Laboratory,"Carlo Navarro, RMT",Laboratory
2023-09-16,Adult,Male,Fecalysis,Laboratory,"Mark Villanueva, RMT",Laboratory
2023-09-16,Adult,Female,Fever,Clinic,Dr. Miguel Fernandez,Check-up
2023-09-16,Adult,Female,Hypertension Monitoring,Clinic,Dr. Victor Manuel,Check-up
2023-09-16,Adult,Female,Lipid Profile,Laboratory,"Carlo Navarro, RMT",Laboratory
2023-09-16,Adult,Female,Pre-Employment Medical Exam,Clinic,Dr. Paolo Rivera,Pre-Employment Checkup
2023-09-17,Adult,Female,Annual Physical Examination,Annual Physical Examination,Dr. Camille Tan,Annual Physical Examination
2023-09-17,Child,Male,Dermatitis and Allergy,Clinic,Dr. Miguel Fernandez,Check-up
2023-09-17,Adult,Female,Electrocardiography,Cardiology,Dr. Paolo Rivera,Cardiology
2023-09-17,Adult,Male,Lipid Profile,Laboratory,"Carlo Navarro, RMT",Laboratory
2023-09-17,Senior,Male,SGPT,Laboratory,"Joanna Lim, RMT",Laboratory
2023-09-17,Child,Female,Upper Respiratory Infection,Clinic,Dr. Camille Tan,Check-up
2023-09-18,Adult,Female,Diabetes Mellitus Monitoring,Clinic,Dr. Victor Manuel,Check-up
2023-09-18,Adult,Male,Fasting Blood Sugar,Laboratory,"Patricia Mendoza, RMT",Laboratory
2023-09-18,Adult,Male,Fasting Blood Sugar,Laboratory,"Mark Villanueva, RMT",Laboratory
2023-09-18,Child,Male,Fever,Clinic,Dr. Ana Lopez,Check-up
2023-09-18,Senior,Female,Hypertension Monitoring,Clinic,Dr. Victor Manuel,Check-up
2023-09-18,Adult,Male,Pre-Employment Medical Exam,Clinic,Dr. Camille Tan,Pre-Employment Checkup
2023-09-18,Adult,Female,Preventive Health Check-up,Clinic,Dr. Paolo Rivera,Check-up
2023-09-18,Child,Male,Routine Medical Consultation,Clinic,Dr. Paolo Rivera,Check-up
2023-09-18,Adult,Male,Ultrasound,Radiology,Dr. Sofia Mercado,Imaging
2023-09-18,Adult,Female,Upper Respiratory Infection,Clinic,Dr. Camille Tan,Check-up
2023-09-18,Adult,Male,Upper Respiratory Infection,Clinic,Dr. Ana Lopez,Check-up
2023-09-19,Adult,Male,Asthma Monitoring,Clinic,Dr. Victor Manuel,Check-up
2023-09-19,Senior,Female,Diabetes Mellitus Monitoring,Clinic,Dr. Elena Bautista,Check-up
2023-09-19,Adult,Male,Diabetes Mellitus Monitoring,Clinic,Dr. Victor Manuel,Check-up
2023-09-19,Senior,Female,Diabetes Mellitus Monitoring,Clinic,Dr. Victor Manuel,Check-up
2023-09-19,Adult,Male,Drug Testing,Drug Testing,"Angela Reyes, RMT",Drug Testing
2023-09-19,Adult,Male,Fasting Blood Sugar,Laboratory,"Patricia Mendoza, RMT",Laboratory
2023-09-19,Senior,Male,Hypertension Monitoring,Clinic,Dr. Victor Manuel,Check-up
2023-09-19,Senior,Female,Lipid Profile,Laboratory,"Carlo Navarro, RMT",Laboratory
2023-09-19,Adult,Male,Routine Medical Consultation,Clinic,Dr. Camille Tan,Check-up
2023-09-19,Adult,Female,Thyroid Function Test,Laboratory,"Mark Villanueva, RMT",Laboratory
2023-09-19,Adult,Male,Thyroid Function Test,Laboratory,"Rafael Torres, RMT",Laboratory
2023-09-19,Adult,Female,Upper Respiratory Infection,Clinic,Dr. Camille Tan,Check-up
2023-09-20,Senior,Male,Abdominal Pain,Clinic,Dr. Victor Manuel,Check-up
2023-09-20,Adult,Male,Blood Chemistry,Laboratory,"Joanna Lim, RMT",Laboratory
2023-09-20,Adult,Female,Complete Blood Count,Laboratory,"Rafael Torres, RMT",Laboratory
2023-09-20,Child,Male,Dermatitis and Allergy,Clinic,Dr. Miguel Fernandez,Check-up
2023-09-20,Senior,Male,Diabetes Mellitus Monitoring,Clinic,Dr. Elena Bautista,Check-up
2023-09-20,Adult,Male,Fever,Clinic,Dr. Paolo Rivera,Check-up
2023-09-20,Senior,Male,Hypertension Monitoring,Clinic,Dr. Elena Bautista,Check-up
2023-09-20,Adult,Female,Pregnancy Test,Laboratory,"Patricia Mendoza, RMT",Laboratory
2023-09-20,Child,Female,Preventive Health Check-up,Clinic,Dr. Miguel Fernandez,Check-up
2023-09-20,Adult,Female,Preventive Health Check-up,Clinic,Dr. Miguel Fernandez,Check-up
2023-09-20,Child,Male,Urinalysis,Laboratory,"Angela Reyes, RMT",Laboratory
2023-09-20,Adult,Male,Urinary Tract Infection,Clinic,Dr. Miguel Fernandez,Check-up
2023-09-21,Senior,Male,Fecalysis,Laboratory,"Mark Villanueva, RMT",Laboratory
2023-09-21,Adult,Female,Gastritis,Clinic,Dr. Victor Manuel,Check-up
2023-09-21,Senior,Female,Hypertension Monitoring,Clinic,Dr. Victor Manuel,Check-up
2023-09-21,Adult,Male,Preventive Health Check-up,Clinic,Dr. Miguel Fernandez,Check-up
2023-09-21,Adult,Male,Preventive Health Check-up,Clinic,Dr. Paolo Rivera,Check-up
2023-09-21,Adult,Male,Upper Respiratory Infection,Clinic,Dr. Ana Lopez,Check-up
2023-09-22,Senior,Female,Blood Chemistry,Laboratory,"Patricia Mendoza, RMT",Laboratory
2023-09-22,Adult,Male,Chest X-ray,Radiology,Dr. Sofia Mercado,Imaging
2023-09-22,Adult,Male,Lipid Profile,Laboratory,"Mark Villanueva, RMT",Laboratory
2023-09-22,Senior,Male,Lipid Profile,Laboratory,"Patricia Mendoza, RMT",Laboratory
2023-09-22,Adult,Female,Upper Respiratory Infection,Clinic,Dr. Paolo Rivera,Check-up
2023-09-23,Adult,Male,Abdominal Pain,Clinic,Dr. Victor Manuel,Check-up
2023-09-23,Adult,Male,Annual Physical Examination,Annual Physical Examination,Dr. Ana Lopez,Annual Physical Examination
2023-09-23,Adult,Male,Asthma Monitoring,Clinic,Dr. Elena Bautista,Check-up
2023-09-23,Adult,Male,Asthma Monitoring,Clinic,Dr. Victor Manuel,Check-up
2023-09-23,Adult,Male,Chest X-ray,Radiology,Dr. Andrea Sy,Imaging
2023-09-23,Adult,Male,Creatinine,Laboratory,"Patricia Mendoza, RMT",Laboratory
2023-09-23,Adult,Male,Fever,Clinic,Dr. Paolo Rivera,Check-up
2023-09-23,Adult,Male,Hypertension Monitoring,Clinic,Dr. Elena Bautista,Check-up
2023-09-23,Adult,Male,SGPT,Laboratory,"Joanna Lim, RMT",Laboratory
2023-09-23,Senior,Female,Urinalysis,Laboratory,"Mark Villanueva, RMT",Laboratory
2023-09-23,Adult,Male,Vaccination,Clinic,Dr. Camille Tan,Vaccination
2023-09-24,Adult,Female,Hepatitis Screening,Laboratory,"Mark Villanueva, RMT",Laboratory
2023-09-24,Adult,Male,Hepatitis Screening,Laboratory,"Angela Reyes, RMT",Laboratory
2023-09-24,Adult,Female,Preventive Health Check-up,Clinic,Dr. Camille Tan,Check-up
2023-09-24,Adult,Male,Upper Respiratory Infection,Clinic,Dr. Ana Lopez,Check-up
2023-09-25,Child,Male,Blood Chemistry,Laboratory,"Patricia Mendoza, RMT",Laboratory
2023-09-25,Adult,Male,Diabetes Mellitus Monitoring,Clinic,Dr. Elena Bautista,Check-up
2023-09-25,Adult,Female,Drug Testing,Drug Testing,"Patricia Mendoza, RMT",Drug Testing
2023-09-25,Adult,Female,Lipid Profile,Laboratory,"Rafael Torres, RMT",Laboratory
2023-09-25,Adult,Male,Ultrasound,Radiology,Dr. Andrea Sy,Imaging
2023-09-26,Adult,Male,Asthma Monitoring,Clinic,Dr. Elena Bautista,Check-up
2023-09-26,Child,Male,Creatinine,Laboratory,"Rafael Torres, RMT",Laboratory
2023-09-26,Child,Female,Creatinine,Laboratory,"Angela Reyes, RMT",Laboratory
2023-09-26,Adult,Female,Lipid Profile,Laboratory,"Angela Reyes, RMT",Laboratory
2023-09-26,Adult,Male,Pregnancy Test,Laboratory,"Carlo Navarro, RMT",Laboratory
2023-09-26,Adult,Female,Upper Respiratory Infection,Clinic,Dr. Miguel Fernandez,Check-up
2023-09-26,Child,Male,Urinalysis,Laboratory,"Mark Villanueva, RMT",Laboratory
2023-09-27,Adult,Male,2D Echo,Cardiology,Dr. Ana Lopez,Cardiology
2023-09-27,Adult,Male,Fasting Blood Sugar,Laboratory,"Angela Reyes, RMT",Laboratory
2023-09-27,Adult,Female,Hepatitis Screening,Laboratory,"Carlo Navarro, RMT",Laboratory
2023-09-27,Adult,Male,Hypertension Monitoring,Clinic,Dr. Victor Manuel,Check-up
2023-09-27,Adult,Female,Vascular Study,Radiology,Dr. Andrea Sy,Imaging
2023-09-28,Adult,Female,Abdominal Pain,Clinic,Dr. Elena Bautista,Check-up
2023-09-28,Senior,Male,Annual Physical Examination,Annual Physical Examination,Dr. Miguel Fernandez,Annual Physical Examination
2023-09-28,Adult,Female,Annual Physical Examination,Annual Physical Examination,Dr. Camille Tan,Annual Physical Examination
2023-09-28,Child,Female,Complete Blood Count,Laboratory,"Carlo Navarro, RMT",Laboratory
2023-09-28,Adult,Female,Fasting Blood Sugar,Laboratory,"Joanna Lim, RMT",Laboratory
2023-09-28,Adult,Female,Gastritis,Clinic,Dr. Victor Manuel,Check-up
2023-09-28,Adult,Female,Hepatitis Screening,Laboratory,"Patricia Mendoza, RMT",Laboratory
2023-09-28,Adult,Female,Hypertension Monitoring,Clinic,Dr. Elena Bautista,Check-up
2023-09-28,Child,Male,Upper Respiratory Infection,Clinic,Dr. Paolo Rivera,Check-up
2023-09-28,Adult,Male,Upper Respiratory Infection,Clinic,Dr. Miguel Fernandez,Check-up
2023-09-29,Adult,Female,Chest X-ray,Radiology,Dr. Sofia Mercado,Imaging
2023-09-29,Adult,Male,Complete Blood Count,Laboratory,"Angela Reyes, RMT",Laboratory
2023-09-29,Adult,Male,Hypertension Monitoring,Clinic,Dr. Elena Bautista,Check-up
2023-09-29,Adult,Female,Pregnancy Test,Laboratory,"Patricia Mendoza, RMT",Laboratory
2023-09-29,Adult,Female,Upper Respiratory Infection,Clinic,Dr. Paolo Rivera,Check-up
2023-09-30,Adult,Male,2D Echo,Cardiology,Dr. Miguel Fernandez,Cardiology
2023-09-30,Child,Female,Abdominal Pain,Clinic,Dr. Elena Bautista,Check-up
2023-09-30,Adult,Male,Blood Chemistry,Laboratory,"Patricia Mendoza, RMT",Laboratory
2023-09-30,Child,Male,Creatinine,Laboratory,"Patricia Mendoza, RMT",Laboratory
2023-09-30,Child,Female,Dermatitis and Allergy,Clinic,Dr. Paolo Rivera,Check-up
2023-09-30,Adult,Female,Fecalysis,Laboratory,"Joanna Lim, RMT",Laboratory
2023-09-30,Child,Female,Fever,Clinic,Dr. Miguel Fernandez,Check-up
2023-10-01,Adult,Female,Blood Chemistry,Laboratory,"Patricia Mendoza, RMT",Laboratory
2023-10-01,Adult,Female,Chest X-ray,Radiology,Dr. Andrea Sy,Imaging
2023-10-01,Adult,Male,Diabetes Mellitus Monitoring,Clinic,Dr. Victor Manuel,Check-up
2023-10-01,Senior,Male,Diabetes Mellitus Monitoring,Clinic,Dr. Elena Bautista,Check-up
2023-10-01,Child,Female,Lipid Profile,Laboratory,"Rafael Torres, RMT",Laboratory
2023-10-01,Adult,Male,Routine Medical Consultation,Clinic,Dr. Camille Tan,Check-up
2023-10-01,Adult,Male,Thyroid Function Test,Laboratory,"Rafael Torres, RMT",Laboratory
2023-10-01,Child,Female,Vaccination,Clinic,Dr. Camille Tan,Vaccination
2023-10-02,Child,Male,Complete Blood Count,Laboratory,"Joanna Lim, RMT",Laboratory
2023-10-02,Adult,Female,Drug Testing,Drug Testing,"Mark Villanueva, RMT",Drug Testing
2023-10-03,Adult,Female,Annual Physical Examination,Annual Physical Examination,Dr. Miguel Fernandez,Annual Physical Examination
2023-10-03,Adult,Male,Blood Chemistry,Laboratory,"Rafael Torres, RMT",Laboratory
2023-10-03,Adult,Female,Blood Chemistry,Laboratory,"Carlo Navarro, RMT",Laboratory
2023-10-03,Adult,Female,Hepatitis Screening,Laboratory,"Carlo Navarro, RMT",Laboratory
2023-10-03,Adult,Female,Hypertension Monitoring,Clinic,Dr. Elena Bautista,Check-up
2023-10-03,Adult,Female,Hypertension Monitoring,Clinic,Dr. Victor Manuel,Check-up
2023-10-03,Child,Female,Preventive Health Check-up,Clinic,Dr. Ana Lopez,Check-up
2023-10-04,Adult,Male,Blood Chemistry,Laboratory,"Rafael Torres, RMT",Laboratory
2023-10-04,Adult,Male,Complete Blood Count,Laboratory,"Angela Reyes, RMT",Laboratory
2023-10-04,Adult,Female,Hypertension Monitoring,Clinic,Dr. Victor Manuel,Check-up
2023-10-04,Adult,Female,Hypertension Monitoring,Clinic,Dr. Elena Bautista,Check-up
2023-10-04,Adult,Male,Pre-Employment Medical Exam,Clinic,Dr. Miguel Fernandez,Pre-Employment Checkup
2023-10-04,Adult,Female,Pre-Employment Medical Exam,Clinic,Dr. Paolo Rivera,Pre-Employment Checkup
2023-10-04,Child,Male,Routine Medical Consultation,Clinic,Dr. Miguel Fernandez,Check-up
2023-10-04,Adult,Male,Thyroid Function Test,Laboratory,"Angela Reyes, RMT",Laboratory
2023-10-05,Adult,Female,Blood Chemistry,Laboratory,"Rafael Torres, RMT",Laboratory
2023-10-05,Adult,Male,Chest X-ray,Radiology,Dr. Henry Ong,Imaging
2023-10-05,Adult,Female,Drug Testing,Drug Testing,"Carlo Navarro, RMT",Drug Testing
2023-10-05,Adult,Female,Electrocardiography,Cardiology,Dr. Paolo Rivera,Cardiology
2023-10-05,Adult,Male,Hepatitis Screening,Laboratory,"Angela Reyes, RMT",Laboratory
2023-10-05,Child,Male,Home Service Laboratory,Home Service,"Joanna Lim, RMT",Home Service
2023-10-05,Adult,Female,Urinalysis,Laboratory,"Angela Reyes, RMT",Laboratory
2023-10-05,Adult,Male,Vaccination,Clinic,Dr. Miguel Fernandez,Vaccination
2023-10-06,Senior,Female,Fever,Clinic,Dr. Paolo Rivera,Check-up
2023-10-06,Child,Female,Gastritis,Clinic,Dr. Victor Manuel,Check-up
2023-10-06,Adult,Female,Hypertension Monitoring,Clinic,Dr. Victor Manuel,Check-up
2023-10-06,Adult,Male,Upper Respiratory Infection,Clinic,Dr. Paolo Rivera,Check-up
2023-10-07,Adult,Female,2D Echo,Cardiology,Dr. Ana Lopez,Cardiology
2023-10-07,Child,Male,Headache,Clinic,Dr. Ana Lopez,Check-up
2023-10-07,Senior,Female,Hypertension Monitoring,Clinic,Dr. Victor Manuel,Check-up
2023-10-07,Adult,Female,Ultrasound,Radiology,Dr. Sofia Mercado,Imaging
2023-10-07,Child,Female,Vaccination,Clinic,Dr. Miguel Fernandez,Vaccination
2023-10-08,Adult,Male,2D Echo,Cardiology,Dr. Camille Tan,Cardiology
2023-10-08,Adult,Male,Complete Blood Count,Laboratory,"Joanna Lim, RMT",Laboratory
2023-10-08,Adult,Female,Diabetes Mellitus Monitoring,Clinic,Dr. Elena Bautista,Check-up
2023-10-08,Adult,Female,Drug Testing,Drug Testing,"Carlo Navarro, RMT",Drug Testing
2023-10-08,Adult,Male,Home Service Laboratory,Home Service,"Mark Villanueva, RMT",Home Service
2023-10-09,Adult,Female,Chest X-ray,Radiology,Dr. Andrea Sy,Imaging
2023-10-09,Adult,Male,Complete Blood Count,Laboratory,"Joanna Lim, RMT",Laboratory
2023-10-09,Adult,Male,Diabetes Mellitus Monitoring,Clinic,Dr. Elena Bautista,Check-up
2023-10-09,Adult,Male,Fasting Blood Sugar,Laboratory,"Rafael Torres, RMT",Laboratory
2023-10-09,Adult,Female,Fecalysis,Laboratory,"Rafael Torres, RMT",Laboratory
2023-10-09,Adult,Female,Gastritis,Clinic,Dr. Elena Bautista,Check-up
2023-10-09,Adult,Male,Hypertension Monitoring,Clinic,Dr. Victor Manuel,Check-up
2023-10-09,Adult,Female,Upper Respiratory Infection,Clinic,Dr. Ana Lopez,Check-up
2023-10-10,Adult,Female,Drug Testing,Drug Testing,"Mark Villanueva, RMT",Drug Testing
2023-10-10,Adult,Male,Gastritis,Clinic,Dr. Victor Manuel,Check-up
2023-10-10,Senior,Male,Hypertension Monitoring,Clinic,Dr. Elena Bautista,Check-up
2023-10-10,Adult,Female,Pregnancy Test,Laboratory,"Carlo Navarro, RMT",Laboratory
2023-10-10,Senior,Female,Upper Respiratory Infection,Clinic,Dr. Ana Lopez,Check-up
2023-10-10,Senior,Male,Upper Respiratory Infection,Clinic,Dr. Camille Tan,Check-up
2023-10-10,Child,Male,Urinalysis,Laboratory,"Patricia Mendoza, RMT",Laboratory
2023-10-11,Adult,Female,Blood Chemistry,Laboratory,"Angela Reyes, RMT",Laboratory
2023-10-11,Adult,Female,Gastritis,Clinic,Dr. Victor Manuel,Check-up
2023-10-11,Adult,Male,SGPT,Laboratory,"Rafael Torres, RMT",Laboratory
2023-10-11,Adult,Female,Ultrasound,Radiology,Dr. Henry Ong,Imaging
2023-10-11,Adult,Female,Upper Respiratory Infection,Clinic,Dr. Miguel Fernandez,Check-up
2023-10-12,Adult,Male,Annual Physical Examination,Annual Physical Examination,Dr. Miguel Fernandez,Annual Physical Examination
2023-10-12,Child,Male,Complete Blood Count,Laboratory,"Mark Villanueva, RMT",Laboratory
2023-10-12,Adult,Female,Creatinine,Laboratory,"Joanna Lim, RMT",Laboratory
2023-10-12,Adult,Male,Home Service Laboratory,Home Service,"Angela Reyes, RMT",Home Service
2023-10-12,Senior,Female,Hypertension Monitoring,Clinic,Dr. Victor Manuel,Check-up
2023-10-12,Adult,Male,Lipid Profile,Laboratory,"Mark Villanueva, RMT",Laboratory
2023-10-12,Adult,Female,Pre-Employment Medical Exam,Clinic,Dr. Paolo Rivera,Pre-Employment Checkup
2023-10-12,Adult,Male,Urinalysis,Laboratory,"Joanna Lim, RMT",Laboratory
2023-10-13,Adult,Male,Abdominal Pain,Clinic,Dr. Victor Manuel,Check-up
2023-10-13,Adult,Male,Annual Physical Examination,Annual Physical Examination,Dr. Camille Tan,Annual Physical Examination
2023-10-13,Adult,Female,Chest X-ray,Radiology,Dr. Andrea Sy,Imaging
2023-10-13,Child,Male,Fever,Clinic,Dr. Ana Lopez,Check-up
2023-10-13,Senior,Female,Hepatitis Screening,Laboratory,"Angela Reyes, RMT",Laboratory
2023-10-13,Child,Male,Thyroid Function Test,Laboratory,"Joanna Lim, RMT",Laboratory
2023-10-14,Adult,Female,Chest X-ray,Radiology,Dr. Sofia Mercado,Imaging
2023-10-14,Child,Female,Complete Blood Count,Laboratory,"Carlo Navarro, RMT",Laboratory
2023-10-14,Adult,Female,Complete Blood Count,Laboratory,"Angela Reyes, RMT",Laboratory
2023-10-14,Child,Female,Creatinine,Laboratory,"Angela Reyes, RMT",Laboratory
2023-10-14,Adult,Female,Preventive Health Check-up,Clinic,Dr. Miguel Fernandez,Check-up
2023-10-14,Child,Female,Upper Respiratory Infection,Clinic,Dr. Camille Tan,Check-up
2023-10-15,Adult,Male,Annual Physical Examination,Annual Physical Examination,Dr. Miguel Fernandez,Annual Physical Examination
2023-10-15,Child,Male,Dermatitis and Allergy,Clinic,Dr. Miguel Fernandez,Check-up
2023-10-15,Adult,Female,Upper Respiratory Infection,Clinic,Dr. Camille Tan,Check-up
2023-10-15,Adult,Male,Upper Respiratory Infection,Clinic,Dr. Miguel Fernandez,Check-up
2023-10-16,Adult,Female,Blood Chemistry,Laboratory,"Patricia Mendoza, RMT",Laboratory
2023-10-16,Adult,Male,Chest X-ray,Radiology,Dr. Henry Ong,Imaging
2023-10-16,Adult,Female,Fecalysis,Laboratory,"Rafael Torres, RMT",Laboratory
2023-10-16,Adult,Male,Home Service Laboratory,Home Service,"Rafael Torres, RMT",Home Service
2023-10-16,Adult,Female,Pregnancy Test,Laboratory,"Patricia Mendoza, RMT",Laboratory
2023-10-16,Adult,Male,Routine Medical Consultation,Clinic,Dr. Paolo Rivera,Check-up
2023-10-16,Adult,Male,Upper Respiratory Infection,Clinic,Dr. Miguel Fernandez,Check-up
2023-10-16,Adult,Female,Urinalysis,Laboratory,"Rafael Torres, RMT",Laboratory
2023-10-16,Adult,Male,Urinalysis,Laboratory,"Joanna Lim, RMT",Laboratory
2023-10-17,Adult,Female,Abdominal Pain,Clinic,Dr. Victor Manuel,Check-up
2023-10-17,Senior,Male,Diabetes Mellitus Monitoring,Clinic,Dr. Victor Manuel,Check-up
2023-10-17,Adult,Female,SGPT,Laboratory,"Carlo Navarro, RMT",Laboratory
2023-10-17,Child,Female,Ultrasound,Radiology,Dr. Henry Ong,Imaging
2023-10-18,Child,Female,Asthma Monitoring,Clinic,Dr. Victor Manuel,Check-up
2023-10-18,Adult,Female,Drug Testing,Drug Testing,"Angela Reyes, RMT",Drug Testing
2023-10-18,Adult,Male,Fever,Clinic,Dr. Camille Tan,Check-up
2023-10-18,Child,Female,Gastritis,Clinic,Dr. Elena Bautista,Check-up
2023-10-18,Senior,Male,Urinalysis,Laboratory,"Joanna Lim, RMT",Laboratory
2023-10-19,Adult,Male,Blood Chemistry,Laboratory,"Mark Villanueva, RMT",Laboratory
2023-10-19,Adult,Male,Complete Blood Count,Laboratory,"Mark Villanueva, RMT",Laboratory
2023-10-19,Adult,Male,Dermatitis and Allergy,Clinic,Dr. Paolo Rivera,Check-up
2023-10-19,Child,Male,Electrocardiography,Cardiology,Dr. Miguel Fernandez,Cardiology
2023-10-19,Child,Male,Gastritis,Clinic,Dr. Elena Bautista,Check-up
2023-10-19,Senior,Female,Hypertension Monitoring,Clinic,Dr. Victor Manuel,Check-up
2023-10-19,Adult,Female,Lipid Profile,Laboratory,"Angela Reyes, RMT",Laboratory
2023-10-19,Adult,Female,Ultrasound,Radiology,Dr. Henry Ong,Imaging
2023-10-19,Adult,Female,Urinary Tract Infection,Clinic,Dr. Paolo Rivera,Check-up
2023-10-20,Senior,Female,Blood Chemistry,Laboratory,"Rafael Torres, RMT",Laboratory
2023-10-20,Adult,Female,Complete Blood Count,Laboratory,"Carlo Navarro, RMT",Laboratory
2023-10-20,Adult,Male,Gastritis,Clinic,Dr. Victor Manuel,Check-up
2023-10-20,Child,Female,Gastritis,Clinic,Dr. Victor Manuel,Check-up
2023-10-20,Adult,Male,Upper Respiratory Infection,Clinic,Dr. Miguel Fernandez,Check-up
2023-10-20,Adult,Female,Urinalysis,Laboratory,"Rafael Torres, RMT",Laboratory
2023-10-20,Child,Male,Vaccination,Clinic,Dr. Paolo Rivera,Vaccination
2023-10-20,Adult,Male,Vascular Study,Radiology,Dr. Andrea Sy,Imaging
2023-10-21,Child,Male,Fever,Clinic,Dr. Ana Lopez,Check-up
2023-10-21,Adult,Male,Headache,Clinic,Dr. Ana Lopez,Check-up
2023-10-22,Adult,Female,Blood Chemistry,Laboratory,"Rafael Torres, RMT",Laboratory
2023-10-22,Senior,Female,Chest X-ray,Radiology,Dr. Andrea Sy,Imaging
2023-10-22,Adult,Female,Creatinine,Laboratory,"Mark Villanueva, RMT",Laboratory
2023-10-22,Adult,Male,Fasting Blood Sugar,Laboratory,"Patricia Mendoza, RMT",Laboratory
2023-10-22,Senior,Female,Hypertension Monitoring,Clinic,Dr. Victor Manuel,Check-up
2023-10-22,Adult,Male,Lipid Profile,Laboratory,"Carlo Navarro, RMT",Laboratory
2023-10-22,Adult,Female,Pre-Employment Medical Exam,Clinic,Dr. Ana Lopez,Pre-Employment Checkup
2023-10-22,Adult,Male,Upper Respiratory Infection,Clinic,Dr. Paolo Rivera,Check-up
2023-10-22,Adult,Female,Urinalysis,Laboratory,"Angela Reyes, RMT",Laboratory
2023-10-22,Adult,Male,Urinalysis,Laboratory,"Joanna Lim, RMT",Laboratory
2023-10-23,Adult,Female,2D Echo,Cardiology,Dr. Paolo Rivera,Cardiology
2023-10-23,Adult,Female,Blood Chemistry,Laboratory,"Mark Villanueva, RMT",Laboratory
2023-10-23,Adult,Female,Chest X-ray,Radiology,Dr. Sofia Mercado,Imaging
2023-10-23,Senior,Male,Diabetes Mellitus Monitoring,Clinic,Dr. Victor Manuel,Check-up
2023-10-23,Adult,Male,Fever,Clinic,Dr. Ana Lopez,Check-up
2023-10-23,Senior,Male,Gastritis,Clinic,Dr. Elena Bautista,Check-up
2023-10-23,Senior,Female,Hypertension Monitoring,Clinic,Dr. Victor Manuel,Check-up
2023-10-24,Child,Male,Blood Chemistry,Laboratory,"Mark Villanueva, RMT",Laboratory
2023-10-24,Adult,Female,Blood Chemistry,Laboratory,"Rafael Torres, RMT",Laboratory
2023-10-24,Adult,Female,Complete Blood Count,Laboratory,"Carlo Navarro, RMT",Laboratory
2023-10-24,Adult,Male,Creatinine,Laboratory,"Patricia Mendoza, RMT",Laboratory
2023-10-24,Senior,Male,Creatinine,Laboratory,"Mark Villanueva, RMT",Laboratory
2023-10-24,Adult,Male,Dermatitis and Allergy,Clinic,Dr. Camille Tan,Check-up
2023-10-24,Adult,Female,Diabetes Mellitus Monitoring,Clinic,Dr. Elena Bautista,Check-up
2023-10-24,Adult,Male,Drug Testing,Drug Testing,"Patricia Mendoza, RMT",Drug Testing
2023-10-24,Adult,Female,Lipid Profile,Laboratory,"Rafael Torres, RMT",Laboratory
2023-10-24,Adult,Female,Pre-Employment Medical Exam,Clinic,Dr. Miguel Fernandez,Pre-Employment Checkup
2023-10-24,Adult,Male,Upper Respiratory Infection,Clinic,Dr. Ana Lopez,Check-up
2023-10-24,Adult,Female,Urinary Tract Infection,Clinic,Dr. Miguel Fernandez,Check-up
2023-10-24,Senior,Female,Vascular Study,Radiology,Dr. Henry Ong,Imaging
2023-10-25,Adult,Male,Electrocardiography,Cardiology,Dr. Miguel Fernandez,Cardiology
2023-10-25,Adult,Male,Fasting Blood Sugar,Laboratory,"Carlo Navarro, RMT",Laboratory
2023-10-25,Senior,Female,Hypertension Monitoring,Clinic,Dr. Victor Manuel,Check-up
2023-10-25,Adult,Male,Lipid Profile,Laboratory,"Carlo Navarro, RMT",Laboratory
2023-10-25,Senior,Female,Preventive Health Check-up,Clinic,Dr. Paolo Rivera,Check-up
2023-10-25,Adult,Female,Ultrasound,Radiology,Dr. Henry Ong,Imaging
2023-10-25,Adult,Female,Urinalysis,Laboratory,"Rafael Torres, RMT",Laboratory
2023-10-25,Senior,Male,Vascular Study,Radiology,Dr. Andrea Sy,Imaging
2023-10-26,Adult,Male,Abdominal Pain,Clinic,Dr. Victor Manuel,Check-up
2023-10-26,Senior,Female,Asthma Monitoring,Clinic,Dr. Victor Manuel,Check-up
2023-10-26,Adult,Male,Asthma Monitoring,Clinic,Dr. Victor Manuel,Check-up
2023-10-26,Adult,Male,Complete Blood Count,Laboratory,"Joanna Lim, RMT",Laboratory
2023-10-26,Child,Female,Dermatitis and Allergy,Clinic,Dr. Miguel Fernandez,Check-up
2023-10-26,Child,Female,Fasting Blood Sugar,Laboratory,"Mark Villanueva, RMT",Laboratory
2023-10-27,Adult,Male,Lipid Profile,Laboratory,"Angela Reyes, RMT",Laboratory
2023-10-28,Adult,Male,Blood Chemistry,Laboratory,"Patricia Mendoza, RMT",Laboratory
2023-10-28,Adult,Female,Complete Blood Count,Laboratory,"Mark Villanueva, RMT",Laboratory
2023-10-28,Senior,Female,Electrocardiography,Cardiology,Dr. Camille Tan,Cardiology
2023-10-28,Adult,Male,Hepatitis Screening,Laboratory,"Angela Reyes, RMT",Laboratory
2023-10-28,Adult,Male,Lipid Profile,Laboratory,"Angela Reyes, RMT",Laboratory
2023-10-28,Adult,Female,Lipid Profile,Laboratory,"Joanna Lim, RMT",Laboratory
2023-10-28,Adult,Female,Lipid Profile,Laboratory,"Rafael Torres, RMT",Laboratory
2023-10-28,Child,Female,Urinalysis,Laboratory,"Mark Villanueva, RMT",Laboratory
2023-10-29,Adult,Male,Blood Chemistry,Laboratory,"Joanna Lim, RMT",Laboratory
2023-10-29,Adult,Male,Complete Blood Count,Laboratory,"Patricia Mendoza, RMT",Laboratory
2023-10-29,Adult,Male,Dermatitis and Allergy,Clinic,Dr. Camille Tan,Check-up
2023-10-29,Child,Female,Electrocardiography,Cardiology,Dr. Camille Tan,Cardiology
2023-10-29,Adult,Male,Pre-Employment Medical Exam,Clinic,Dr. Ana Lopez,Pre-Employment Checkup
2023-10-29,Senior,Male,Vascular Study,Radiology,Dr. Sofia Mercado,Imaging
2023-10-30,Adult,Female,Abdominal Pain,Clinic,Dr. Elena Bautista,Check-up
2023-10-30,Adult,Male,Asthma Monitoring,Clinic,Dr. Elena Bautista,Check-up
2023-10-30,Adult,Male,Dermatitis and Allergy,Clinic,Dr. Miguel Fernandez,Check-up
2023-10-30,Adult,Female,Drug Testing,Drug Testing,"Angela Reyes, RMT",Drug Testing
2023-10-30,Adult,Female,Fasting Blood Sugar,Laboratory,"Mark Villanueva, RMT",Laboratory
2023-10-30,Adult,Male,Fecalysis,Laboratory,"Mark Villanueva, RMT",Laboratory
2023-10-30,Adult,Female,Gastritis,Clinic,Dr. Victor Manuel,Check-up
2023-10-30,Adult,Female,Pre-Employment Medical Exam,Clinic,Dr. Paolo Rivera,Pre-Employment Checkup
2023-10-30,Adult,Female,SGPT,Laboratory,"Joanna Lim, RMT",Laboratory
2023-10-30,Adult,Female,SGPT,Laboratory,"Mark Villanueva, RMT",Laboratory
2023-10-30,Adult,Male,Ultrasound,Radiology,Dr. Henry Ong,Imaging
2023-10-30,Adult,Male,Upper Respiratory Infection,Clinic,Dr. Miguel Fernandez,Check-up
2023-10-31,Adult,Female,Asthma Monitoring,Clinic,Dr. Elena Bautista,Check-up
2023-10-31,Child,Male,Complete Blood Count,Laboratory,"Angela Reyes, RMT",Laboratory
2023-10-31,Adult,Male,Dermatitis and Allergy,Clinic,Dr. Camille Tan,Check-up
2023-10-31,Child,Female,Gastritis,Clinic,Dr. Elena Bautista,Check-up
2023-10-31,Adult,Male,Hepatitis Screening,Laboratory,"Carlo Navarro, RMT",Laboratory
2023-10-31,Senior,Female,Hypertension Monitoring,Clinic,Dr. Elena Bautista,Check-up
2023-11-01,Child,Female,Annual Physical Examination,Annual Physical Examination,Dr. Camille Tan,Annual Physical Examination
2023-11-01,Adult,Female,Gastritis,Clinic,Dr. Elena Bautista,Check-up
2023-11-01,Adult,Male,Hypertension Monitoring,Clinic,Dr. Elena Bautista,Check-up
2023-11-01,Adult,Female,Hypertension Monitoring,Clinic,Dr. Elena Bautista,Check-up
2023-11-01,Adult,Male,Pregnancy Test,Laboratory,"Patricia Mendoza, RMT",Laboratory
2023-11-01,Adult,Male,Thyroid Function Test,Laboratory,"Joanna Lim, RMT",Laboratory
2023-11-02,Child,Female,Abdominal Pain,Clinic,Dr. Victor Manuel,Check-up
2023-11-02,Adult,Male,Home Service Laboratory,Home Service,"Carlo Navarro, RMT",Home Service
2023-11-02,Adult,Male,Thyroid Function Test,Laboratory,"Joanna Lim, RMT",Laboratory
2023-11-03,Adult,Male,Blood Chemistry,Laboratory,"Carlo Navarro, RMT",Laboratory
2023-11-03,Adult,Male,Blood Chemistry,Laboratory,"Angela Reyes, RMT",Laboratory
2023-11-03,Adult,Female,Diabetes Mellitus Monitoring,Clinic,Dr. Elena Bautista,Check-up
2023-11-03,Adult,Male,Diabetes Mellitus Monitoring,Clinic,Dr. Elena Bautista,Check-up
2023-11-03,Adult,Male,Drug Testing,Drug Testing,"Angela Reyes, RMT",Drug Testing
2023-11-03,Adult,Male,Electrocardiography,Cardiology,Dr. Ana Lopez,Cardiology
2023-11-03,Child,Female,Gastritis,Clinic,Dr. Victor Manuel,Check-up
2023-11-03,Senior,Female,Vascular Study,Radiology,Dr. Andrea Sy,Imaging
2023-11-03,Adult,Female,Vascular Study,Radiology,Dr. Henry Ong,Imaging
2023-11-04,Adult,Male,Drug Testing,Drug Testing,"Angela Reyes, RMT",Drug Testing
2023-11-04,Adult,Female,SGPT,Laboratory,"Mark Villanueva, RMT",Laboratory
2023-11-04,Adult,Female,SGPT,Laboratory,"Joanna Lim, RMT",Laboratory
2023-11-05,Child,Female,Asthma Monitoring,Clinic,Dr. Victor Manuel,Check-up
2023-11-05,Adult,Female,Complete Blood Count,Laboratory,"Patricia Mendoza, RMT",Laboratory
2023-11-05,Adult,Male,Complete Blood Count,Laboratory,"Rafael Torres, RMT",Laboratory
2023-11-05,Child,Female,Dermatitis and Allergy,Clinic,Dr. Camille Tan,Check-up
2023-11-05,Adult,Female,Fecalysis,Laboratory,"Patricia Mendoza, RMT",Laboratory
2023-11-05,Adult,Female,Headache,Clinic,Dr. Miguel Fernandez,Check-up
2023-11-05,Adult,Male,Headache,Clinic,Dr. Camille Tan,Check-up
2023-11-05,Senior,Male,Hypertension Monitoring,Clinic,Dr. Elena Bautista,Check-up
2023-11-05,Senior,Male,Hypertension Monitoring,Clinic,Dr. Victor Manuel,Check-up
2023-11-05,Adult,Female,Lipid Profile,Laboratory,"Mark Villanueva, RMT",Laboratory
2023-11-06,Adult,Male,Blood Chemistry,Laboratory,"Patricia Mendoza, RMT",Laboratory
2023-11-06,Adult,Male,Complete Blood Count,Laboratory,"Patricia Mendoza, RMT",Laboratory
2023-11-06,Adult,Male,Complete Blood Count,Laboratory,"Rafael Torres, RMT",Laboratory
2023-11-06,Adult,Male,Drug Testing,Drug Testing,"Carlo Navarro, RMT",Drug Testing
2023-11-06,Child,Male,Fever,Clinic,Dr. Paolo Rivera,Check-up
2023-11-06,Senior,Male,Hypertension Monitoring,Clinic,Dr. Victor Manuel,Check-up
2023-11-06,Adult,Male,Hypertension Monitoring,Clinic,Dr. Victor Manuel,Check-up
2023-11-06,Adult,Male,Routine Medical Consultation,Clinic,Dr. Ana Lopez,Check-up
2023-11-06,Adult,Male,Thyroid Function Test,Laboratory,"Joanna Lim, RMT",Laboratory
2023-11-06,Adult,Male,Urinalysis,Laboratory,"Mark Villanueva, RMT",Laboratory
2023-11-07,Adult,Female,Dermatitis and Allergy,Clinic,Dr. Camille Tan,Check-up
2023-11-07,Child,Male,Home Service Laboratory,Home Service,"Mark Villanueva, RMT",Home Service
2023-11-07,Adult,Male,Preventive Health Check-up,Clinic,Dr. Miguel Fernandez,Check-up
2023-11-07,Adult,Male,SGPT,Laboratory,"Rafael Torres, RMT",Laboratory
2023-11-07,Adult,Female,Vaccination,Clinic,Dr. Ana Lopez,Vaccination
2023-11-08,Adult,Male,Urinalysis,Laboratory,"Carlo Navarro, RMT",Laboratory
2023-11-08,Adult,Female,Vaccination,Clinic,Dr. Miguel Fernandez,Vaccination
2023-11-09,Adult,Male,Complete Blood Count,Laboratory,"Mark Villanueva, RMT",Laboratory
2023-11-09,Adult,Male,Diabetes Mellitus Monitoring,Clinic,Dr. Victor Manuel,Check-up
2023-11-09,Senior,Female,Diabetes Mellitus Monitoring,Clinic,Dr. Elena Bautista,Check-up
2023-11-09,Adult,Male,Hypertension Monitoring,Clinic,Dr. Elena Bautista,Check-up
2023-11-09,Adult,Male,Lipid Profile,Laboratory,"Mark Villanueva, RMT",Laboratory
2023-11-09,Adult,Female,Pre-Employment Medical Exam,Clinic,Dr. Camille Tan,Pre-Employment Checkup
2023-11-09,Child,Female,Preventive Health Check-up,Clinic,Dr. Miguel Fernandez,Check-up
2023-11-09,Adult,Female,Routine Medical Consultation,Clinic,Dr. Camille Tan,Check-up
2023-11-09,Adult,Female,Vascular Study,Radiology,Dr. Andrea Sy,Imaging
2023-11-10,Adult,Female,Asthma Monitoring,Clinic,Dr. Elena Bautista,Check-up
2023-11-10,Adult,Female,Blood Chemistry,Laboratory,"Angela Reyes, RMT",Laboratory
2023-11-10,Adult,Male,Blood Chemistry,Laboratory,"Angela Reyes, RMT",Laboratory
2023-11-10,Adult,Female,Blood Chemistry,Laboratory,"Patricia Mendoza, RMT",Laboratory
2023-11-10,Adult,Female,Chest X-ray,Radiology,Dr. Andrea Sy,Imaging
2023-11-10,Senior,Male,Diabetes Mellitus Monitoring,Clinic,Dr. Elena Bautista,Check-up
2023-11-10,Adult,Female,Pre-Employment Medical Exam,Clinic,Dr. Miguel Fernandez,Pre-Employment Checkup
2023-11-11,Adult,Female,Blood Chemistry,Laboratory,"Carlo Navarro, RMT",Laboratory
2023-11-11,Adult,Male,Chest X-ray,Radiology,Dr. Andrea Sy,Imaging
2023-11-11,Adult,Male,Gastritis,Clinic,Dr. Elena Bautista,Check-up
2023-11-11,Senior,Male,Hypertension Monitoring,Clinic,Dr. Elena Bautista,Check-up
2023-11-11,Adult,Male,Pregnancy Test,Laboratory,"Joanna Lim, RMT",Laboratory
2023-11-11,Adult,Male,Thyroid Function Test,Laboratory,"Joanna Lim, RMT",Laboratory
2023-11-12,Adult,Female,Annual Physical Examination,Annual Physical Examination,Dr. Miguel Fernandez,Annual Physical Examination
2023-11-12,Adult,Male,Asthma Monitoring,Clinic,Dr. Elena Bautista,Check-up
2023-11-12,Child,Male,Complete Blood Count,Laboratory,"Carlo Navarro, RMT",Laboratory
2023-11-12,Child,Male,Electrocardiography,Cardiology,Dr. Camille Tan,Cardiology
2023-11-12,Adult,Male,Gastritis,Clinic,Dr. Elena Bautista,Check-up
2023-11-12,Adult,Female,Hypertension Monitoring,Clinic,Dr. Victor Manuel,Check-up
2023-11-12,Adult,Female,Urinalysis,Laboratory,"Carlo Navarro, RMT",Laboratory
2023-11-12,Adult,Female,Vascular Study,Radiology,Dr. Andrea Sy,Imaging
2023-11-13,Child,Male,Blood Chemistry,Laboratory,"Joanna Lim, RMT",Laboratory
2023-11-13,Adult,Female,Complete Blood Count,Laboratory,"Carlo Navarro, RMT",Laboratory
2023-11-13,Adult,Male,Electrocardiography,Cardiology,Dr. Miguel Fernandez,Cardiology
2023-11-13,Adult,Male,Hypertension Monitoring,Clinic,Dr. Victor Manuel,Check-up
2023-11-13,Adult,Female,Ultrasound,Radiology,Dr. Henry Ong,Imaging
2023-11-13,Adult,Male,Upper Respiratory Infection,Clinic,Dr. Camille Tan,Check-up
2023-11-14,Child,Male,Annual Physical Examination,Annual Physical Examination,Dr. Paolo Rivera,Annual Physical Examination
2023-11-14,Adult,Female,Asthma Monitoring,Clinic,Dr. Victor Manuel,Check-up
2023-11-14,Adult,Female,Diabetes Mellitus Monitoring,Clinic,Dr. Elena Bautista,Check-up
2023-11-14,Adult,Male,Fasting Blood Sugar,Laboratory,"Angela Reyes, RMT",Laboratory
2023-11-14,Adult,Male,Headache,Clinic,Dr. Miguel Fernandez,Check-up
2023-11-14,Adult,Male,Headache,Clinic,Dr. Paolo Rivera,Check-up
2023-11-14,Adult,Male,Hepatitis Screening,Laboratory,"Carlo Navarro, RMT",Laboratory
2023-11-14,Adult,Male,Home Service Laboratory,Home Service,"Carlo Navarro, RMT",Home Service
2023-11-14,Adult,Male,Upper Respiratory Infection,Clinic,Dr. Paolo Rivera,Check-up
2023-11-14,Adult,Male,Urinalysis,Laboratory,"Mark Villanueva, RMT",Laboratory
2023-11-15,Adult,Male,Annual Physical Examination,Annual Physical Examination,Dr. Miguel Fernandez,Annual Physical Examination
2023-11-15,Adult,Male,Asthma Monitoring,Clinic,Dr. Elena Bautista,Check-up
2023-11-15,Adult,Male,Blood Chemistry,Laboratory,"Mark Villanueva, RMT",Laboratory
2023-11-15,Child,Male,Dermatitis and Allergy,Clinic,Dr. Miguel Fernandez,Check-up
2023-11-15,Senior,Male,Hypertension Monitoring,Clinic,Dr. Victor Manuel,Check-up
2023-11-16,Child,Female,Electrocardiography,Cardiology,Dr. Ana Lopez,Cardiology
2023-11-16,Adult,Male,Hypertension Monitoring,Clinic,Dr. Elena Bautista,Check-up
2023-11-16,Adult,Female,Urinalysis,Laboratory,"Patricia Mendoza, RMT",Laboratory
2023-11-17,Child,Male,Annual Physical Examination,Annual Physical Examination,Dr. Camille Tan,Annual Physical Examination
2023-11-17,Adult,Male,Dermatitis and Allergy,Clinic,Dr. Paolo Rivera,Check-up
2023-11-17,Senior,Female,Diabetes Mellitus Monitoring,Clinic,Dr. Elena Bautista,Check-up
2023-11-17,Adult,Female,Fasting Blood Sugar,Laboratory,"Angela Reyes, RMT",Laboratory
2023-11-17,Adult,Male,Pregnancy Test,Laboratory,"Rafael Torres, RMT",Laboratory
2023-11-17,Child,Male,Ultrasound,Radiology,Dr. Andrea Sy,Imaging
2023-11-18,Adult,Male,Abdominal Pain,Clinic,Dr. Elena Bautista,Check-up
2023-11-18,Adult,Male,Blood Chemistry,Laboratory,"Carlo Navarro, RMT",Laboratory
2023-11-18,Senior,Male,Complete Blood Count,Laboratory,"Patricia Mendoza, RMT",Laboratory
2023-11-18,Child,Male,Creatinine,Laboratory,"Angela Reyes, RMT",Laboratory
2023-11-18,Adult,Female,Drug Testing,Drug Testing,"Mark Villanueva, RMT",Drug Testing
2023-11-18,Adult,Male,Fecalysis,Laboratory,"Angela Reyes, RMT",Laboratory
2023-11-18,Adult,Male,Gastritis,Clinic,Dr. Victor Manuel,Check-up
2023-11-18,Adult,Male,Headache,Clinic,Dr. Paolo Rivera,Check-up
2023-11-18,Adult,Male,Hypertension Monitoring,Clinic,Dr. Victor Manuel,Check-up
2023-11-18,Adult,Male,Urinalysis,Laboratory,"Patricia Mendoza, RMT",Laboratory
2023-11-19,Adult,Female,Creatinine,Laboratory,"Patricia Mendoza, RMT",Laboratory
2023-11-19,Senior,Male,Fecalysis,Laboratory,"Joanna Lim, RMT",Laboratory
2023-11-19,Adult,Male,Fever,Clinic,Dr. Ana Lopez,Check-up
2023-11-19,Adult,Male,Headache,Clinic,Dr. Paolo Rivera,Check-up
2023-11-19,Child,Female,Upper Respiratory Infection,Clinic,Dr. Miguel Fernandez,Check-up
2023-11-19,Child,Female,Urinary Tract Infection,Clinic,Dr. Miguel Fernandez,Check-up
2023-11-20,Adult,Male,Abdominal Pain,Clinic,Dr. Victor Manuel,Check-up
2023-11-20,Child,Female,Chest X-ray,Radiology,Dr. Sofia Mercado,Imaging
2023-11-20,Adult,Female,Complete Blood Count,Laboratory,"Patricia Mendoza, RMT",Laboratory
2023-11-20,Adult,Male,Creatinine,Laboratory,"Mark Villanueva, RMT",Laboratory
2023-11-20,Child,Male,Fasting Blood Sugar,Laboratory,"Patricia Mendoza, RMT",Laboratory
2023-11-20,Adult,Female,Hepatitis Screening,Laboratory,"Rafael Torres, RMT",Laboratory
2023-11-20,Adult,Male,Pre-Employment Medical Exam,Clinic,Dr. Paolo Rivera,Pre-Employment Checkup
2023-11-20,Adult,Male,Upper Respiratory Infection,Clinic,Dr. Miguel Fernandez,Check-up
2023-11-21,Adult,Female,Blood Chemistry,Laboratory,"Rafael Torres, RMT",Laboratory
2023-11-21,Adult,Male,Lipid Profile,Laboratory,"Joanna Lim, RMT",Laboratory
2023-11-21,Child,Male,Routine Medical Consultation,Clinic,Dr. Camille Tan,Check-up
2023-11-21,Adult,Female,Ultrasound,Radiology,Dr. Henry Ong,Imaging
2023-11-21,Senior,Female,Urinalysis,Laboratory,"Rafael Torres, RMT",Laboratory
2023-11-22,Adult,Female,Annual Physical Examination,Annual Physical Examination,Dr. Ana Lopez,Annual Physical Examination
2023-11-22,Adult,Male,Electrocardiography,Cardiology,Dr. Paolo Rivera,Cardiology
2023-11-22,Child,Female,Fasting Blood Sugar,Laboratory,"Mark Villanueva, RMT",Laboratory
2023-11-22,Adult,Male,Fecalysis,Laboratory,"Patricia Mendoza, RMT",Laboratory
2023-11-22,Child,Male,Gastritis,Clinic,Dr. Elena Bautista,Check-up
2023-11-22,Adult,Female,Lipid Profile,Laboratory,"Carlo Navarro, RMT",Laboratory
2023-11-23,Senior,Female,2D Echo,Cardiology,Dr. Ana Lopez,Cardiology
2023-11-23,Adult,Male,Chest X-ray,Radiology,Dr. Sofia Mercado,Imaging
2023-11-23,Senior,Female,Diabetes Mellitus Monitoring,Clinic,Dr. Victor Manuel,Check-up
2023-11-23,Adult,Male,Headache,Clinic,Dr. Ana Lopez,Check-up
2023-11-23,Adult,Male,Lipid Profile,Laboratory,"Angela Reyes, RMT",Laboratory
2023-11-23,Child,Female,Lipid Profile,Laboratory,"Angela Reyes, RMT",Laboratory
2023-11-23,Adult,Female,Pre-Employment Medical Exam,Clinic,Dr. Miguel Fernandez,Pre-Employment Checkup
2023-11-23,Adult,Male,Routine Medical Consultation,Clinic,Dr. Camille Tan,Check-up
2023-11-23,Senior,Male,Vascular Study,Radiology,Dr. Sofia Mercado,Imaging
2023-11-24,Adult,Female,Annual Physical Examination,Annual Physical Examination,Dr. Paolo Rivera,Annual Physical Examination
2023-11-24,Adult,Male,Annual Physical Examination,Annual Physical Examination,Dr. Paolo Rivera,Annual Physical Examination
2023-11-24,Child,Female,Complete Blood Count,Laboratory,"Mark Villanueva, RMT",Laboratory
2023-11-24,Adult,Female,Drug Testing,Drug Testing,"Mark Villanueva, RMT",Drug Testing
2023-11-24,Adult,Female,SGPT,Laboratory,"Rafael Torres, RMT",Laboratory
2023-11-24,Senior,Male,Ultrasound,Radiology,Dr. Andrea Sy,Imaging
2023-11-24,Child,Male,Urinalysis,Laboratory,"Rafael Torres, RMT",Laboratory
2023-11-24,Adult,Female,Urinalysis,Laboratory,"Mark Villanueva, RMT",Laboratory
2023-11-24,Adult,Male,Urinary Tract Infection,Clinic,Dr. Ana Lopez,Check-up
2023-11-25,Child,Female,Abdominal Pain,Clinic,Dr. Elena Bautista,Check-up
2023-11-25,Adult,Male,Asthma Monitoring,Clinic,Dr. Elena Bautista,Check-up
2023-11-25,Child,Female,Complete Blood Count,Laboratory,"Patricia Mendoza, RMT",Laboratory
2023-11-25,Adult,Male,Complete Blood Count,Laboratory,"Angela Reyes, RMT",Laboratory
2023-11-25,Adult,Male,Diabetes Mellitus Monitoring,Clinic,Dr. Victor Manuel,Check-up
2023-11-25,Adult,Male,Pre-Employment Medical Exam,Clinic,Dr. Miguel Fernandez,Pre-Employment Checkup
2023-11-26,Adult,Female,Blood Chemistry,Laboratory,"Joanna Lim, RMT",Laboratory
2023-11-26,Adult,Male,Pre-Employment Medical Exam,Clinic,Dr. Paolo Rivera,Pre-Employment Checkup
2023-11-26,Adult,Male,Urinalysis,Laboratory,"Patricia Mendoza, RMT",Laboratory
2023-11-26,Adult,Male,Urinalysis,Laboratory,"Rafael Torres, RMT",Laboratory
2023-11-27,Adult,Female,Complete Blood Count,Laboratory,"Patricia Mendoza, RMT",Laboratory
2023-11-27,Adult,Female,Complete Blood Count,Laboratory,"Rafael Torres, RMT",Laboratory
2023-11-27,Child,Male,Complete Blood Count,Laboratory,"Joanna Lim, RMT",Laboratory
2023-11-27,Adult,Female,Electrocardiography,Cardiology,Dr. Ana Lopez,Cardiology
2023-11-27,Senior,Male,Hypertension Monitoring,Clinic,Dr. Victor Manuel,Check-up
2023-11-27,Adult,Male,Pregnancy Test,Laboratory,"Joanna Lim, RMT",Laboratory
2023-11-27,Adult,Male,Urinalysis,Laboratory,"Mark Villanueva, RMT",Laboratory
2023-11-28,Adult,Female,Asthma Monitoring,Clinic,Dr. Elena Bautista,Check-up
2023-11-28,Adult,Female,Fever,Clinic,Dr. Miguel Fernandez,Check-up
2023-11-28,Senior,Female,Gastritis,Clinic,Dr. Elena Bautista,Check-up
2023-11-28,Adult,Female,Pre-Employment Medical Exam,Clinic,Dr. Paolo Rivera,Pre-Employment Checkup
2023-11-28,Adult,Female,Pregnancy Test,Laboratory,"Rafael Torres, RMT",Laboratory
2023-11-28,Child,Male,SGPT,Laboratory,"Mark Villanueva, RMT",Laboratory
2023-11-28,Adult,Female,Upper Respiratory Infection,Clinic,Dr. Paolo Rivera,Check-up
2023-11-29,Adult,Male,Creatinine,Laboratory,"Joanna Lim, RMT",Laboratory
2023-11-29,Adult,Male,Gastritis,Clinic,Dr. Victor Manuel,Check-up
2023-11-29,Adult,Male,Headache,Clinic,Dr. Paolo Rivera,Check-up
2023-11-29,Adult,Male,Home Service Laboratory,Home Service,"Patricia Mendoza, RMT",Home Service
2023-11-29,Adult,Female,Pregnancy Test,Laboratory,"Mark Villanueva, RMT",Laboratory
2023-11-29,Adult,Female,Upper Respiratory Infection,Clinic,Dr. Ana Lopez,Check-up
2023-11-29,Adult,Male,Urinalysis,Laboratory,"Joanna Lim, RMT",Laboratory
2023-11-30,Adult,Male,Blood Chemistry,Laboratory,"Rafael Torres, RMT",Laboratory
2023-11-30,Adult,Male,Hepatitis Screening,Laboratory,"Mark Villanueva, RMT",Laboratory
2023-11-30,Adult,Female,Upper Respiratory Infection,Clinic,Dr. Paolo Rivera,Check-up
2023-12-01,Child,Female,Blood Chemistry,Laboratory,"Mark Villanueva, RMT",Laboratory
2023-12-01,Adult,Female,Creatinine,Laboratory,"Angela Reyes, RMT",Laboratory
2023-12-01,Adult,Male,Fever,Clinic,Dr. Ana Lopez,Check-up
2023-12-01,Adult,Female,Hypertension Monitoring,Clinic,Dr. Victor Manuel,Check-up
2023-12-01,Senior,Male,Ultrasound,Radiology,Dr. Sofia Mercado,Imaging
2023-12-01,Adult,Female,Ultrasound,Radiology,Dr. Andrea Sy,Imaging
2023-12-01,Adult,Female,Upper Respiratory Infection,Clinic,Dr. Paolo Rivera,Check-up
2023-12-02,Senior,Female,Annual Physical Examination,Annual Physical Examination,Dr. Ana Lopez,Annual Physical Examination
2023-12-02,Adult,Female,Drug Testing,Drug Testing,"Carlo Navarro, RMT",Drug Testing
2023-12-02,Child,Male,Gastritis,Clinic,Dr. Victor Manuel,Check-up
2023-12-02,Adult,Female,Hypertension Monitoring,Clinic,Dr. Victor Manuel,Check-up
2023-12-02,Adult,Female,Upper Respiratory Infection,Clinic,Dr. Camille Tan,Check-up
2023-12-02,Child,Female,Upper Respiratory Infection,Clinic,Dr. Camille Tan,Check-up
2023-12-02,Child,Female,Urinalysis,Laboratory,"Patricia Mendoza, RMT",Laboratory
2023-12-02,Adult,Female,Vascular Study,Radiology,Dr. Sofia Mercado,Imaging
2023-12-03,Adult,Female,Asthma Monitoring,Clinic,Dr. Elena Bautista,Check-up
2023-12-03,Adult,Male,Diabetes Mellitus Monitoring,Clinic,Dr. Victor Manuel,Check-up
2023-12-03,Child,Female,Fasting Blood Sugar,Laboratory,"Rafael Torres, RMT",Laboratory
2023-12-03,Adult,Female,Headache,Clinic,Dr. Ana Lopez,Check-up
2023-12-03,Adult,Male,Hypertension Monitoring,Clinic,Dr. Victor Manuel,Check-up
2023-12-03,Child,Male,SGPT,Laboratory,"Rafael Torres, RMT",Laboratory
2023-12-03,Adult,Male,Urinalysis,Laboratory,"Carlo Navarro, RMT",Laboratory
2023-12-04,Adult,Male,Blood Chemistry,Laboratory,"Mark Villanueva, RMT",Laboratory
2023-12-04,Adult,Female,Complete Blood Count,Laboratory,"Joanna Lim, RMT",Laboratory
2023-12-04,Senior,Female,Diabetes Mellitus Monitoring,Clinic,Dr. Victor Manuel,Check-up
2023-12-04,Adult,Male,Fecalysis,Laboratory,"Patricia Mendoza, RMT",Laboratory
2023-12-04,Adult,Female,Hypertension Monitoring,Clinic,Dr. Elena Bautista,Check-up
2023-12-05,Adult,Female,Creatinine,Laboratory,"Mark Villanueva, RMT",Laboratory
2023-12-05,Child,Female,Dermatitis and Allergy,Clinic,Dr. Camille Tan,Check-up
2023-12-05,Senior,Male,Fasting Blood Sugar,Laboratory,"Joanna Lim, RMT",Laboratory
2023-12-05,Adult,Female,Fecalysis,Laboratory,"Carlo Navarro, RMT",Laboratory
2023-12-05,Adult,Female,Hypertension Monitoring,Clinic,Dr. Victor Manuel,Check-up
2023-12-05,Adult,Female,Pre-Employment Medical Exam,Clinic,Dr. Paolo Rivera,Pre-Employment Checkup
2023-12-05,Senior,Male,Preventive Health Check-up,Clinic,Dr. Ana Lopez,Check-up
2023-12-05,Senior,Female,Ultrasound,Radiology,Dr. Sofia Mercado,Imaging
2023-12-05,Adult,Female,Ultrasound,Radiology,Dr. Andrea Sy,Imaging
2023-12-05,Adult,Female,Urinalysis,Laboratory,"Mark Villanueva, RMT",Laboratory
2023-12-06,Adult,Female,Abdominal Pain,Clinic,Dr. Victor Manuel,Check-up
2023-12-06,Child,Female,Creatinine,Laboratory,"Patricia Mendoza, RMT",Laboratory
2023-12-06,Adult,Female,Dermatitis and Allergy,Clinic,Dr. Camille Tan,Check-up
2023-12-06,Adult,Male,Diabetes Mellitus Monitoring,Clinic,Dr. Victor Manuel,Check-up
2023-12-06,Adult,Female,Diabetes Mellitus Monitoring,Clinic,Dr. Victor Manuel,Check-up
2023-12-06,Adult,Male,Fasting Blood Sugar,Laboratory,"Mark Villanueva, RMT",Laboratory
2023-12-06,Adult,Female,Fecalysis,Laboratory,"Mark Villanueva, RMT",Laboratory
2023-12-06,Adult,Male,Fever,Clinic,Dr. Miguel Fernandez,Check-up
2023-12-06,Adult,Female,Ultrasound,Radiology,Dr. Henry Ong,Imaging
2023-12-06,Adult,Female,Urinalysis,Laboratory,"Carlo Navarro, RMT",Laboratory
2023-12-06,Adult,Male,Vaccination,Clinic,Dr. Camille Tan,Vaccination
2023-12-07,Adult,Female,Asthma Monitoring,Clinic,Dr. Elena Bautista,Check-up
2023-12-07,Adult,Female,Dermatitis and Allergy,Clinic,Dr. Miguel Fernandez,Check-up
2023-12-07,Adult,Female,Drug Testing,Drug Testing,"Angela Reyes, RMT",Drug Testing
2023-12-07,Adult,Female,Fasting Blood Sugar,Laboratory,"Carlo Navarro, RMT",Laboratory
2023-12-07,Adult,Female,Fecalysis,Laboratory,"Angela Reyes, RMT",Laboratory
2023-12-07,Adult,Male,Home Service Laboratory,Home Service,"Carlo Navarro, RMT",Home Service
2023-12-07,Adult,Female,Preventive Health Check-up,Clinic,Dr. Paolo Rivera,Check-up
2023-12-08,Adult,Male,Fecalysis,Laboratory,"Patricia Mendoza, RMT",Laboratory
2023-12-08,Senior,Male,Fever,Clinic,Dr. Miguel Fernandez,Check-up
2023-12-08,Child,Female,Lipid Profile,Laboratory,"Patricia Mendoza, RMT",Laboratory
2023-12-08,Child,Male,Lipid Profile,Laboratory,"Mark Villanueva, RMT",Laboratory
2023-12-08,Adult,Male,Thyroid Function Test,Laboratory,"Joanna Lim, RMT",Laboratory
2023-12-09,Child,Male,Annual Physical Examination,Annual Physical Examination,Dr. Camille Tan,Annual Physical Examination
2023-12-09,Adult,Female,Blood Chemistry,Laboratory,"Rafael Torres, RMT",Laboratory
2023-12-09,Senior,Male,Blood Chemistry,Laboratory,"Joanna Lim, RMT",Laboratory
2023-12-09,Adult,Female,Drug Testing,Drug Testing,"Mark Villanueva, RMT",Drug Testing
2023-12-09,Child,Male,Fasting Blood Sugar,Laboratory,"Joanna Lim, RMT",Laboratory
2023-12-09,Adult,Male,Fasting Blood Sugar,Laboratory,"Rafael Torres, RMT",Laboratory
2023-12-09,Adult,Male,Fecalysis,Laboratory,"Angela Reyes, RMT",Laboratory
2023-12-09,Adult,Male,Headache,Clinic,Dr. Camille Tan,Check-up
2023-12-09,Adult,Male,Pregnancy Test,Laboratory,"Angela Reyes, RMT",Laboratory
2023-12-09,Adult,Female,Upper Respiratory Infection,Clinic,Dr. Ana Lopez,Check-up
2023-12-09,Adult,Male,Urinalysis,Laboratory,"Angela Reyes, RMT",Laboratory
2023-12-10,Child,Male,Complete Blood Count,Laboratory,"Patricia Mendoza, RMT",Laboratory
2023-12-10,Adult,Male,Diabetes Mellitus Monitoring,Clinic,Dr. Elena Bautista,Check-up
2023-12-10,Adult,Female,Fecalysis,Laboratory,"Mark Villanueva, RMT",Laboratory
2023-12-10,Adult,Female,Pre-Employment Medical Exam,Clinic,Dr. Camille Tan,Pre-Employment Checkup
2023-12-10,Adult,Female,Upper Respiratory Infection,Clinic,Dr. Ana Lopez,Check-up
2023-12-10,Adult,Female,Urinalysis,Laboratory,"Joanna Lim, RMT",Laboratory
2023-12-10,Adult,Female,Vaccination,Clinic,Dr. Camille Tan,Vaccination
2023-12-11,Adult,Female,Annual Physical Examination,Annual Physical Examination,Dr. Camille Tan,Annual Physical Examination
2023-12-11,Senior,Male,Complete Blood Count,Laboratory,"Carlo Navarro, RMT",Laboratory
2023-12-11,Senior,Male,Diabetes Mellitus Monitoring,Clinic,Dr. Elena Bautista,Check-up
2023-12-11,Adult,Female,Hepatitis Screening,Laboratory,"Carlo Navarro, RMT",Laboratory
2023-12-11,Adult,Male,Urinalysis,Laboratory,"Patricia Mendoza, RMT",Laboratory
2023-12-12,Senior,Female,Hypertension Monitoring,Clinic,Dr. Victor Manuel,Check-up
2023-12-12,Adult,Male,Lipid Profile,Laboratory,"Carlo Navarro, RMT",Laboratory
2023-12-12,Adult,Female,Upper Respiratory Infection,Clinic,Dr. Ana Lopez,Check-up
2023-12-12,Senior,Female,Vascular Study,Radiology,Dr. Henry Ong,Imaging
2023-12-13,Adult,Female,Annual Physical Examination,Annual Physical Examination,Dr. Paolo Rivera,Annual Physical Examination
2023-12-13,Adult,Male,Asthma Monitoring,Clinic,Dr. Victor Manuel,Check-up
2023-12-13,Adult,Male,Dermatitis and Allergy,Clinic,Dr. Miguel Fernandez,Check-up
2023-12-13,Adult,Male,Diabetes Mellitus Monitoring,Clinic,Dr. Elena Bautista,Check-up
2023-12-13,Child,Male,Hepatitis Screening,Laboratory,"Patricia Mendoza, RMT",Laboratory
2023-12-14,Adult,Female,Blood Chemistry,Laboratory,"Joanna Lim, RMT",Laboratory
2023-12-14,Adult,Male,Electrocardiography,Cardiology,Dr. Camille Tan,Cardiology
2023-12-14,Senior,Female,Hypertension Monitoring,Clinic,Dr. Victor Manuel,Check-up
2023-12-14,Adult,Male,Urinary Tract Infection,Clinic,Dr. Paolo Rivera,Check-up
2023-12-15,Adult,Male,Annual Physical Examination,Annual Physical Examination,Dr. Paolo Rivera,Annual Physical Examination
2023-12-15,Child,Male,Annual Physical Examination,Annual Physical Examination,Dr. Camille Tan,Annual Physical Examination
2023-12-15,Adult,Male,Blood Chemistry,Laboratory,"Mark Villanueva, RMT",Laboratory
2023-12-15,Child,Male,Dermatitis and Allergy,Clinic,Dr. Camille Tan,Check-up
2023-12-15,Adult,Female,Dermatitis and Allergy,Clinic,Dr. Miguel Fernandez,Check-up
2023-12-15,Adult,Female,Fasting Blood Sugar,Laboratory,"Carlo Navarro, RMT",Laboratory
2023-12-15,Senior,Male,Fever,Clinic,Dr. Miguel Fernandez,Check-up
2023-12-15,Child,Male,Gastritis,Clinic,Dr. Elena Bautista,Check-up
2023-12-15,Adult,Female,Preventive Health Check-up,Clinic,Dr. Camille Tan,Check-up
2023-12-16,Adult,Female,Abdominal Pain,Clinic,Dr. Victor Manuel,Check-up
2023-12-16,Child,Male,Complete Blood Count,Laboratory,"Rafael Torres, RMT",Laboratory
2023-12-16,Senior,Male,Diabetes Mellitus Monitoring,Clinic,Dr. Victor Manuel,Check-up
2023-12-16,Adult,Female,SGPT,Laboratory,"Mark Villanueva, RMT",Laboratory
2023-12-17,Adult,Male,2D Echo,Cardiology,Dr. Miguel Fernandez,Cardiology
2023-12-17,Child,Male,Blood Chemistry,Laboratory,"Mark Villanueva, RMT",Laboratory
2023-12-17,Child,Male,Blood Chemistry,Laboratory,"Angela Reyes, RMT",Laboratory
2023-12-17,Adult,Female,Complete Blood Count,Laboratory,"Rafael Torres, RMT",Laboratory
2023-12-17,Adult,Female,Creatinine,Laboratory,"Joanna Lim, RMT",Laboratory
2023-12-17,Adult,Female,Hypertension Monitoring,Clinic,Dr. Victor Manuel,Check-up
2023-12-17,Adult,Male,Thyroid Function Test,Laboratory,"Mark Villanueva, RMT",Laboratory
2023-12-17,Adult,Female,Urinalysis,Laboratory,"Carlo Navarro, RMT",Laboratory
2023-12-17,Child,Female,Urinalysis,Laboratory,"Mark Villanueva, RMT",Laboratory
2023-12-17,Adult,Male,Urinary Tract Infection,Clinic,Dr. Paolo Rivera,Check-up
2023-12-17,Child,Female,Vaccination,Clinic,Dr. Miguel Fernandez,Vaccination
2023-12-18,Adult,Male,Abdominal Pain,Clinic,Dr. Victor Manuel,Check-up
2023-12-18,Adult,Female,Asthma Monitoring,Clinic,Dr. Victor Manuel,Check-up
2023-12-18,Adult,Male,Diabetes Mellitus Monitoring,Clinic,Dr. Elena Bautista,Check-up
2023-12-18,Child,Female,Fasting Blood Sugar,Laboratory,"Rafael Torres, RMT",Laboratory
2023-12-18,Adult,Female,Fasting Blood Sugar,Laboratory,"Patricia Mendoza, RMT",Laboratory
2023-12-18,Adult,Female,Pre-Employment Medical Exam,Clinic,Dr. Ana Lopez,Pre-Employment Checkup
2023-12-18,Adult,Female,Urinalysis,Laboratory,"Rafael Torres, RMT",Laboratory
2023-12-19,Adult,Female,Chest X-ray,Radiology,Dr. Henry Ong,Imaging
2023-12-19,Adult,Male,Complete Blood Count,Laboratory,"Carlo Navarro, RMT",Laboratory
2023-12-19,Senior,Female,Complete Blood Count,Laboratory,"Rafael Torres, RMT",Laboratory
2023-12-19,Adult,Male,Complete Blood Count,Laboratory,"Joanna Lim, RMT",Laboratory
2023-12-19,Adult,Female,Complete Blood Count,Laboratory,"Joanna Lim, RMT",Laboratory
2023-12-19,Senior,Male,Diabetes Mellitus Monitoring,Clinic,Dr. Elena Bautista,Check-up
2023-12-19,Senior,Male,Fasting Blood Sugar,Laboratory,"Angela Reyes, RMT",Laboratory
2023-12-19,Adult,Male,Hypertension Monitoring,Clinic,Dr. Victor Manuel,Check-up
2023-12-19,Adult,Male,Routine Medical Consultation,Clinic,Dr. Camille Tan,Check-up
2023-12-19,Child,Female,SGPT,Laboratory,"Carlo Navarro, RMT",Laboratory
2023-12-20,Adult,Male,Chest X-ray,Radiology,Dr. Henry Ong,Imaging
2023-12-20,Adult,Female,Dermatitis and Allergy,Clinic,Dr. Paolo Rivera,Check-up
2023-12-20,Adult,Male,Fecalysis,Laboratory,"Patricia Mendoza, RMT",Laboratory
2023-12-20,Adult,Female,Gastritis,Clinic,Dr. Victor Manuel,Check-up
2023-12-20,Child,Male,Home Service Laboratory,Home Service,"Patricia Mendoza, RMT",Home Service
2023-12-20,Adult,Male,Preventive Health Check-up,Clinic,Dr. Camille Tan,Check-up
2023-12-20,Adult,Female,SGPT,Laboratory,"Joanna Lim, RMT",Laboratory
2023-12-20,Senior,Male,Ultrasound,Radiology,Dr. Sofia Mercado,Imaging
2023-12-21,Adult,Female,Abdominal Pain,Clinic,Dr. Victor Manuel,Check-up
2023-12-21,Senior,Female,Asthma Monitoring,Clinic,Dr. Victor Manuel,Check-up
2023-12-21,Senior,Male,Blood Chemistry,Laboratory,"Patricia Mendoza, RMT",Laboratory
2023-12-21,Child,Male,Chest X-ray,Radiology,Dr. Sofia Mercado,Imaging
2023-12-21,Adult,Female,Drug Testing,Drug Testing,"Patricia Mendoza, RMT",Drug Testing
2023-12-21,Adult,Male,Fecalysis,Laboratory,"Carlo Navarro, RMT",Laboratory
2023-12-21,Adult,Male,Gastritis,Clinic,Dr. Elena Bautista,Check-up
2023-12-21,Adult,Female,Hypertension Monitoring,Clinic,Dr. Victor Manuel,Check-up
2023-12-21,Adult,Male,Pre-Employment Medical Exam,Clinic,Dr. Camille Tan,Pre-Employment Checkup
2023-12-21,Adult,Female,Vaccination,Clinic,Dr. Camille Tan,Vaccination
2023-12-22,Adult,Female,Annual Physical Examination,Annual Physical Examination,Dr. Camille Tan,Annual Physical Examination
2023-12-22,Adult,Male,Blood Chemistry,Laboratory,"Rafael Torres, RMT",Laboratory
2023-12-22,Adult,Male,Complete Blood Count,Laboratory,"Patricia Mendoza, RMT",Laboratory
2023-12-22,Adult,Female,Fasting Blood Sugar,Laboratory,"Rafael Torres, RMT",Laboratory
2023-12-22,Senior,Female,Hypertension Monitoring,Clinic,Dr. Victor Manuel,Check-up
2023-12-22,Adult,Female,Preventive Health Check-up,Clinic,Dr. Miguel Fernandez,Check-up
2023-12-22,Adult,Female,Routine Medical Consultation,Clinic,Dr. Miguel Fernandez,Check-up
2023-12-22,Adult,Female,Urinary Tract Infection,Clinic,Dr. Paolo Rivera,Check-up
2023-12-23,Adult,Female,Blood Chemistry,Laboratory,"Mark Villanueva, RMT",Laboratory
2023-12-23,Senior,Male,Diabetes Mellitus Monitoring,Clinic,Dr. Victor Manuel,Check-up
2023-12-23,Adult,Female,Diabetes Mellitus Monitoring,Clinic,Dr. Victor Manuel,Check-up
2023-12-23,Child,Female,Electrocardiography,Cardiology,Dr. Miguel Fernandez,Cardiology
2023-12-23,Adult,Female,Thyroid Function Test,Laboratory,"Joanna Lim, RMT",Laboratory
2023-12-23,Adult,Male,Upper Respiratory Infection,Clinic,Dr. Miguel Fernandez,Check-up
2023-12-23,Child,Female,Upper Respiratory Infection,Clinic,Dr. Camille Tan,Check-up
2023-12-23,Senior,Male,Urinary Tract Infection,Clinic,Dr. Camille Tan,Check-up
2023-12-23,Adult,Female,Urinary Tract Infection,Clinic,Dr. Miguel Fernandez,Check-up
2023-12-24,Adult,Female,Drug Testing,Drug Testing,"Mark Villanueva, RMT",Drug Testing
2023-12-24,Adult,Female,Drug Testing,Drug Testing,"Patricia Mendoza, RMT",Drug Testing
2023-12-24,Adult,Male,Pregnancy Test,Laboratory,"Carlo Navarro, RMT",Laboratory
2023-12-25,Adult,Male,Abdominal Pain,Clinic,Dr. Victor Manuel,Check-up
2023-12-25,Adult,Male,Asthma Monitoring,Clinic,Dr. Victor Manuel,Check-up
2023-12-25,Adult,Female,Pre-Employment Medical Exam,Clinic,Dr. Ana Lopez,Pre-Employment Checkup
2023-12-25,Adult,Male,Preventive Health Check-up,Clinic,Dr. Paolo Rivera,Check-up
2023-12-25,Child,Female,Ultrasound,Radiology,Dr. Henry Ong,Imaging
2023-12-25,Adult,Female,Vascular Study,Radiology,Dr. Andrea Sy,Imaging
2023-12-26,Adult,Female,Asthma Monitoring,Clinic,Dr. Victor Manuel,Check-up
2023-12-26,Senior,Male,Home Service Laboratory,Home Service,"Rafael Torres, RMT",Home Service
2023-12-27,Adult,Male,Abdominal Pain,Clinic,Dr. Victor Manuel,Check-up
2023-12-27,Adult,Female,Annual Physical Examination,Annual Physical Examination,Dr. Ana Lopez,Annual Physical Examination
2023-12-27,Adult,Male,Annual Physical Examination,Annual Physical Examination,Dr. Ana Lopez,Annual Physical Examination
2023-12-27,Child,Female,Annual Physical Examination,Annual Physical Examination,Dr. Paolo Rivera,Annual Physical Examination
2023-12-27,Senior,Male,Chest X-ray,Radiology,Dr. Sofia Mercado,Imaging
2023-12-27,Senior,Male,Diabetes Mellitus Monitoring,Clinic,Dr. Victor Manuel,Check-up
2023-12-27,Senior,Female,Diabetes Mellitus Monitoring,Clinic,Dr. Elena Bautista,Check-up
2023-12-27,Adult,Male,Home Service Laboratory,Home Service,"Joanna Lim, RMT",Home Service
2023-12-27,Adult,Female,Hypertension Monitoring,Clinic,Dr. Elena Bautista,Check-up
2023-12-28,Adult,Female,2D Echo,Cardiology,Dr. Miguel Fernandez,Cardiology
2023-12-28,Adult,Male,Complete Blood Count,Laboratory,"Rafael Torres, RMT",Laboratory
2023-12-28,Child,Male,Complete Blood Count,Laboratory,"Joanna Lim, RMT",Laboratory
2023-12-28,Adult,Male,Complete Blood Count,Laboratory,"Carlo Navarro, RMT",Laboratory
2023-12-28,Adult,Male,Dermatitis and Allergy,Clinic,Dr. Ana Lopez,Check-up
2023-12-28,Adult,Female,Diabetes Mellitus Monitoring,Clinic,Dr. Elena Bautista,Check-up
2023-12-28,Adult,Male,Headache,Clinic,Dr. Ana Lopez,Check-up
2023-12-28,Adult,Female,Hepatitis Screening,Laboratory,"Joanna Lim, RMT",Laboratory
2023-12-28,Adult,Female,Hypertension Monitoring,Clinic,Dr. Victor Manuel,Check-up
2023-12-29,Adult,Female,Chest X-ray,Radiology,Dr. Sofia Mercado,Imaging
2023-12-29,Adult,Female,Drug Testing,Drug Testing,"Angela Reyes, RMT",Drug Testing
2023-12-29,Adult,Male,Drug Testing,Drug Testing,"Carlo Navarro, RMT",Drug Testing
2023-12-29,Child,Female,Fasting Blood Sugar,Laboratory,"Carlo Navarro, RMT",Laboratory
2023-12-29,Adult,Male,Gastritis,Clinic,Dr. Victor Manuel,Check-up
2023-12-29,Senior,Male,Hypertension Monitoring,Clinic,Dr. Elena Bautista,Check-up
2023-12-29,Adult,Male,Vascular Study,Radiology,Dr. Sofia Mercado,Imaging
2023-12-29,Adult,Female,Vascular Study,Radiology,Dr. Andrea Sy,Imaging
2023-12-30,Adult,Male,Abdominal Pain,Clinic,Dr. Victor Manuel,Check-up
2023-12-30,Senior,Female,Complete Blood Count,Laboratory,"Carlo Navarro, RMT",Laboratory
2023-12-30,Adult,Female,Complete Blood Count,Laboratory,"Joanna Lim, RMT",Laboratory
2023-12-30,Adult,Male,Dermatitis and Allergy,Clinic,Dr. Paolo Rivera,Check-up
2023-12-30,Senior,Male,Hypertension Monitoring,Clinic,Dr. Victor Manuel,Check-up
2023-12-30,Adult,Male,Ultrasound,Radiology,Dr. Henry Ong,Imaging
2023-12-31,Adult,Female,Diabetes Mellitus Monitoring,Clinic,Dr. Victor Manuel,Check-up
2023-12-31,Adult,Male,Fever,Clinic,Dr. Miguel Fernandez,Check-up
2023-12-31,Adult,Female,Headache,Clinic,Dr. Camille Tan,Check-up
2023-12-31,Senior,Male,Hypertension Monitoring,Clinic,Dr. Elena Bautista,Check-up
2023-12-31,Adult,Female,Routine Medical Consultation,Clinic,Dr. Ana Lopez,Check-up
2024-01-01,Senior,Male,Chest X-ray,Radiology,Dr. Andrea Sy,Imaging
2024-01-01,Adult,Female,Headache,Clinic,Dr. Ana Lopez,Check-up
2024-01-01,Adult,Male,Pre-Employment Medical Exam,Clinic,Dr. Paolo Rivera,Pre-Employment Checkup
2024-01-01,Adult,Male,Preventive Health Check-up,Clinic,Dr. Camille Tan,Check-up
2024-01-01,Adult,Female,Thyroid Function Test,Laboratory,"Rafael Torres, RMT",Laboratory
2024-01-01,Adult,Female,Upper Respiratory Infection,Clinic,Dr. Paolo Rivera,Check-up
2024-01-02,Adult,Male,Complete Blood Count,Laboratory,"Angela Reyes, RMT",Laboratory
2024-01-02,Child,Male,Dermatitis and Allergy,Clinic,Dr. Ana Lopez,Check-up
2024-01-02,Adult,Male,Diabetes Mellitus Monitoring,Clinic,Dr. Elena Bautista,Check-up
2024-01-02,Senior,Male,Fever,Clinic,Dr. Ana Lopez,Check-up
2024-01-02,Adult,Female,Headache,Clinic,Dr. Ana Lopez,Check-up
2024-01-02,Adult,Male,Hypertension Monitoring,Clinic,Dr. Victor Manuel,Check-up
2024-01-02,Adult,Female,Preventive Health Check-up,Clinic,Dr. Paolo Rivera,Check-up
2024-01-02,Senior,Female,Upper Respiratory Infection,Clinic,Dr. Miguel Fernandez,Check-up
2024-01-02,Child,Male,Urinalysis,Laboratory,"Mark Villanueva, RMT",Laboratory
2024-01-02,Child,Female,Vaccination,Clinic,Dr. Ana Lopez,Vaccination
2024-01-03,Adult,Male,Fasting Blood Sugar,Laboratory,"Patricia Mendoza, RMT",Laboratory
2024-01-03,Child,Male,Fever,Clinic,Dr. Ana Lopez,Check-up
2024-01-03,Adult,Male,Pre-Employment Medical Exam,Clinic,Dr. Paolo Rivera,Pre-Employment Checkup
2024-01-03,Adult,Male,Upper Respiratory Infection,Clinic,Dr. Paolo Rivera,Check-up
2024-01-04,Adult,Female,2D Echo,Cardiology,Dr. Paolo Rivera,Cardiology
2024-01-04,Child,Female,Fasting Blood Sugar,Laboratory,"Mark Villanueva, RMT",Laboratory
2024-01-04,Child,Female,Fecalysis,Laboratory,"Mark Villanueva, RMT",Laboratory
2024-01-04,Adult,Male,Gastritis,Clinic,Dr. Elena Bautista,Check-up
2024-01-04,Adult,Female,Hypertension Monitoring,Clinic,Dr. Victor Manuel,Check-up
2024-01-04,Adult,Female,Upper Respiratory Infection,Clinic,Dr. Camille Tan,Check-up
2024-01-04,Senior,Female,Urinalysis,Laboratory,"Joanna Lim, RMT",Laboratory
2024-01-05,Adult,Male,Complete Blood Count,Laboratory,"Joanna Lim, RMT",Laboratory
2024-01-05,Adult,Male,Hypertension Monitoring,Clinic,Dr. Elena Bautista,Check-up
2024-01-05,Adult,Female,Preventive Health Check-up,Clinic,Dr. Camille Tan,Check-up
2024-01-05,Adult,Female,Preventive Health Check-up,Clinic,Dr. Miguel Fernandez,Check-up
2024-01-05,Adult,Female,Preventive Health Check-up,Clinic,Dr. Ana Lopez,Check-up
2024-01-05,Adult,Male,Urinary Tract Infection,Clinic,Dr. Paolo Rivera,Check-up
2024-01-05,Adult,Female,Vaccination,Clinic,Dr. Miguel Fernandez,Vaccination
2024-01-06,Child,Female,Annual Physical Examination,Annual Physical Examination,Dr. Paolo Rivera,Annual Physical Examination
2024-01-06,Child,Female,Asthma Monitoring,Clinic,Dr. Victor Manuel,Check-up
2024-01-06,Child,Female,Blood Chemistry,Laboratory,"Rafael Torres, RMT",Laboratory
2024-01-06,Adult,Male,Blood Chemistry,Laboratory,"Carlo Navarro, RMT",Laboratory
2024-01-06,Adult,Female,Dermatitis and Allergy,Clinic,Dr. Camille Tan,Check-up
2024-01-06,Adult,Male,Fasting Blood Sugar,Laboratory,"Carlo Navarro, RMT",Laboratory
2024-01-06,Senior,Male,Hypertension Monitoring,Clinic,Dr. Elena Bautista,Check-up
2024-01-07,Child,Male,Annual Physical Examination,Annual Physical Examination,Dr. Ana Lopez,Annual Physical Examination
2024-01-07,Senior,Male,Blood Chemistry,Laboratory,"Patricia Mendoza, RMT",Laboratory
2024-01-07,Adult,Female,Blood Chemistry,Laboratory,"Patricia Mendoza, RMT",Laboratory
2024-01-07,Adult,Female,Chest X-ray,Radiology,Dr. Sofia Mercado,Imaging
2024-01-07,Adult,Male,Dermatitis and Allergy,Clinic,Dr. Camille Tan,Check-up
2024-01-07,Adult,Female,Diabetes Mellitus Monitoring,Clinic,Dr. Elena Bautista,Check-up
2024-01-07,Child,Male,Headache,Clinic,Dr. Miguel Fernandez,Check-up
2024-01-07,Adult,Male,Hypertension Monitoring,Clinic,Dr. Victor Manuel,Check-up
2024-01-07,Senior,Male,Hypertension Monitoring,Clinic,Dr. Elena Bautista,Check-up
2024-01-07,Senior,Female,Urinalysis,Laboratory,"Carlo Navarro, RMT",Laboratory
2024-01-08,Senior,Male,Annual Physical Examination,Annual Physical Examination,Dr. Ana Lopez,Annual Physical Examination
2024-01-08,Senior,Male,Annual Physical Examination,Annual Physical Examination,Dr. Paolo Rivera,Annual Physical Examination
2024-01-08,Adult,Female,Diabetes Mellitus Monitoring,Clinic,Dr. Elena Bautista,Check-up
2024-01-08,Adult,Female,Electrocardiography,Cardiology,Dr. Camille Tan,Cardiology
2024-01-08,Adult,Male,Fever,Clinic,Dr. Camille Tan,Check-up
2024-01-08,Adult,Male,Routine Medical Consultation,Clinic,Dr. Miguel Fernandez,Check-up
2024-01-08,Senior,Female,Routine Medical Consultation,Clinic,Dr. Miguel Fernandez,Check-up
2024-01-08,Adult,Male,SGPT,Laboratory,"Joanna Lim, RMT",Laboratory
2024-01-08,Adult,Female,Thyroid Function Test,Laboratory,"Angela Reyes, RMT",Laboratory
2024-01-08,Adult,Female,Upper Respiratory Infection,Clinic,Dr. Paolo Rivera,Check-up
2024-01-08,Adult,Male,Upper Respiratory Infection,Clinic,Dr. Paolo Rivera,Check-up
2024-01-08,Adult,Male,Upper Respiratory Infection,Clinic,Dr. Ana Lopez,Check-up
2024-01-09,Adult,Female,Annual Physical Examination,Annual Physical Examination,Dr. Camille Tan,Annual Physical Examination
2024-01-09,Adult,Male,Blood Chemistry,Laboratory,"Mark Villanueva, RMT",Laboratory
2024-01-09,Senior,Female,Complete Blood Count,Laboratory,"Carlo Navarro, RMT",Laboratory
2024-01-09,Senior,Male,Diabetes Mellitus Monitoring,Clinic,Dr. Elena Bautista,Check-up
2024-01-09,Adult,Male,Electrocardiography,Cardiology,Dr. Miguel Fernandez,Cardiology
2024-01-09,Adult,Male,Gastritis,Clinic,Dr. Victor Manuel,Check-up
2024-01-09,Adult,Female,Lipid Profile,Laboratory,"Rafael Torres, RMT",Laboratory
2024-01-09,Adult,Female,Upper Respiratory Infection,Clinic,Dr. Miguel Fernandez,Check-up
2024-01-10,Adult,Female,Fasting Blood Sugar,Laboratory,"Mark Villanueva, RMT",Laboratory
2024-01-10,Adult,Female,Fasting Blood Sugar,Laboratory,"Angela Reyes, RMT",Laboratory
2024-01-10,Senior,Male,Hypertension Monitoring,Clinic,Dr. Elena Bautista,Check-up
2024-01-10,Adult,Male,Pre-Employment Medical Exam,Clinic,Dr. Paolo Rivera,Pre-Employment Checkup
2024-01-10,Adult,Male,Pre-Employment Medical Exam,Clinic,Dr. Miguel Fernandez,Pre-Employment Checkup
2024-01-10,Adult,Male,Preventive Health Check-up,Clinic,Dr. Paolo Rivera,Check-up
2024-01-10,Adult,Male,Routine Medical Consultation,Clinic,Dr. Ana Lopez,Check-up
2024-01-10,Adult,Female,Upper Respiratory Infection,Clinic,Dr. Miguel Fernandez,Check-up
2024-01-11,Senior,Male,2D Echo,Cardiology,Dr. Ana Lopez,Cardiology
2024-01-11,Senior,Female,Annual Physical Examination,Annual Physical Examination,Dr. Ana Lopez,Annual Physical Examination
2024-01-11,Adult,Male,Blood Chemistry,Laboratory,"Mark Villanueva, RMT",Laboratory
2024-01-11,Adult,Male,Headache,Clinic,Dr. Camille Tan,Check-up
2024-01-11,Adult,Female,Lipid Profile,Laboratory,"Angela Reyes, RMT",Laboratory
2024-01-11,Adult,Male,SGPT,Laboratory,"Rafael Torres, RMT",Laboratory
2024-01-12,Adult,Male,Fasting Blood Sugar,Laboratory,"Angela Reyes, RMT",Laboratory
2024-01-12,Senior,Female,Hypertension Monitoring,Clinic,Dr. Victor Manuel,Check-up
2024-01-12,Senior,Male,Hypertension Monitoring,Clinic,Dr. Elena Bautista,Check-up
2024-01-12,Adult,Female,Pre-Employment Medical Exam,Clinic,Dr. Miguel Fernandez,Pre-Employment Checkup
2024-01-12,Adult,Male,Pregnancy Test,Laboratory,"Rafael Torres, RMT",Laboratory
2024-01-13,Adult,Female,Chest X-ray,Radiology,Dr. Andrea Sy,Imaging
2024-01-13,Adult,Male,Chest X-ray,Radiology,Dr. Andrea Sy,Imaging
2024-01-13,Adult,Female,Creatinine,Laboratory,"Mark Villanueva, RMT",Laboratory
2024-01-14,Adult,Male,2D Echo,Cardiology,Dr. Camille Tan,Cardiology
2024-01-14,Adult,Female,Creatinine,Laboratory,"Patricia Mendoza, RMT",Laboratory
2024-01-14,Adult,Male,Diabetes Mellitus Monitoring,Clinic,Dr. Victor Manuel,Check-up
2024-01-14,Adult,Male,Hepatitis Screening,Laboratory,"Joanna Lim, RMT",Laboratory
2024-01-14,Adult,Male,Hypertension Monitoring,Clinic,Dr. Victor Manuel,Check-up
2024-01-14,Adult,Male,Thyroid Function Test,Laboratory,"Rafael Torres, RMT",Laboratory
2024-01-14,Adult,Male,Ultrasound,Radiology,Dr. Henry Ong,Imaging
2024-01-14,Child,Female,Vaccination,Clinic,Dr. Paolo Rivera,Vaccination
2024-01-14,Senior,Female,Vascular Study,Radiology,Dr. Henry Ong,Imaging
2024-01-15,Adult,Male,Asthma Monitoring,Clinic,Dr. Victor Manuel,Check-up
2024-01-15,Child,Female,Asthma Monitoring,Clinic,Dr. Elena Bautista,Check-up
2024-01-15,Adult,Female,Asthma Monitoring,Clinic,Dr. Victor Manuel,Check-up
2024-01-15,Adult,Male,Complete Blood Count,Laboratory,"Carlo Navarro, RMT",Laboratory
2024-01-15,Senior,Female,Diabetes Mellitus Monitoring,Clinic,Dr. Victor Manuel,Check-up
2024-01-15,Child,Female,Fecalysis,Laboratory,"Rafael Torres, RMT",Laboratory
2024-01-15,Senior,Male,Hypertension Monitoring,Clinic,Dr. Victor Manuel,Check-up
2024-01-15,Child,Male,Lipid Profile,Laboratory,"Joanna Lim, RMT",Laboratory
2024-01-15,Adult,Male,Upper Respiratory Infection,Clinic,Dr. Miguel Fernandez,Check-up
2024-01-15,Adult,Male,Upper Respiratory Infection,Clinic,Dr. Ana Lopez,Check-up
2024-01-15,Adult,Female,Upper Respiratory Infection,Clinic,Dr. Ana Lopez,Check-up
2024-01-16,Adult,Male,Complete Blood Count,Laboratory,"Angela Reyes, RMT",Laboratory
2024-01-16,Adult,Male,Drug Testing,Drug Testing,"Joanna Lim, RMT",Drug Testing
2024-01-16,Adult,Male,Fecalysis,Laboratory,"Joanna Lim, RMT",Laboratory
2024-01-16,Child,Female,Gastritis,Clinic,Dr. Victor Manuel,Check-up
2024-01-16,Senior,Male,Gastritis,Clinic,Dr. Victor Manuel,Check-up
2024-01-16,Adult,Female,Gastritis,Clinic,Dr. Victor Manuel,Check-up
2024-01-16,Adult,Male,Hepatitis Screening,Laboratory,"Carlo Navarro, RMT",Laboratory
2024-01-16,Adult,Male,Hepatitis Screening,Laboratory,"Rafael Torres, RMT",Laboratory
2024-01-16,Senior,Female,Hypertension Monitoring,Clinic,Dr. Elena Bautista,Check-up
2024-01-16,Adult,Male,Pre-Employment Medical Exam,Clinic,Dr. Ana Lopez,Pre-Employment Checkup
2024-01-16,Adult,Female,Preventive Health Check-up,Clinic,Dr. Camille Tan,Check-up
2024-01-17,Adult,Male,Annual Physical Examination,Annual Physical Examination,Dr. Miguel Fernandez,Annual Physical Examination
2024-01-17,Child,Female,Annual Physical Examination,Annual Physical Examination,Dr. Camille Tan,Annual Physical Examination
2024-01-17,Senior,Female,Chest X-ray,Radiology,Dr. Henry Ong,Imaging
2024-01-17,Child,Female,Creatinine,Laboratory,"Mark Villanueva, RMT",Laboratory
2024-01-17,Adult,Female,Dermatitis and Allergy,Clinic,Dr. Camille Tan,Check-up
2024-01-17,Adult,Female,Drug Testing,Drug Testing,"Rafael Torres, RMT",Drug Testing
2024-01-17,Adult,Male,Hypertension Monitoring,Clinic,Dr. Victor Manuel,Check-up
2024-01-17,Child,Female,Urinalysis,Laboratory,"Rafael Torres, RMT",Laboratory
2024-01-18,Adult,Male,Abdominal Pain,Clinic,Dr. Elena Bautista,Check-up
2024-01-18,Adult,Male,Annual Physical Examination,Annual Physical Examination,Dr. Paolo Rivera,Annual Physical Examination
2024-01-18,Adult,Female,Asthma Monitoring,Clinic,Dr. Victor Manuel,Check-up
2024-01-18,Adult,Male,Chest X-ray,Radiology,Dr. Andrea Sy,Imaging
2024-01-18,Adult,Female,Chest X-ray,Radiology,Dr. Sofia Mercado,Imaging
2024-01-18,Adult,Female,Creatinine,Laboratory,"Rafael Torres, RMT",Laboratory
2024-01-18,Adult,Male,Creatinine,Laboratory,"Patricia Mendoza, RMT",Laboratory
2024-01-18,Adult,Male,Gastritis,Clinic,Dr. Elena Bautista,Check-up
2024-01-18,Child,Male,Thyroid Function Test,Laboratory,"Joanna Lim, RMT",Laboratory
2024-01-18,Adult,Female,Urinalysis,Laboratory,"Carlo Navarro, RMT",Laboratory
2024-01-19,Child,Male,Chest X-ray,Radiology,Dr. Henry Ong,Imaging
2024-01-19,Adult,Male,Drug Testing,Drug Testing,"Patricia Mendoza, RMT",Drug Testing
2024-01-19,Adult,Female,Drug Testing,Drug Testing,"Joanna Lim, RMT",Drug Testing
2024-01-19,Adult,Male,Fasting Blood Sugar,Laboratory,"Joanna Lim, RMT",Laboratory
2024-01-19,Adult,Male,Fecalysis,Laboratory,"Mark Villanueva, RMT",Laboratory
2024-01-19,Adult,Male,Fever,Clinic,Dr. Paolo Rivera,Check-up
2024-01-19,Adult,Female,Hypertension Monitoring,Clinic,Dr. Elena Bautista,Check-up
2024-01-19,Child,Male,Ultrasound,Radiology,Dr. Sofia Mercado,Imaging
2024-01-19,Adult,Female,Urinalysis,Laboratory,"Carlo Navarro, RMT",Laboratory
2024-01-20,Adult,Male,Abdominal Pain,Clinic,Dr. Elena Bautista,Check-up
2024-01-20,Adult,Female,Creatinine,Laboratory,"Mark Villanueva, RMT",Laboratory
2024-01-20,Adult,Male,Dermatitis and Allergy,Clinic,Dr. Miguel Fernandez,Check-up
2024-01-20,Senior,Female,Diabetes Mellitus Monitoring,Clinic,Dr. Victor Manuel,Check-up
2024-01-20,Adult,Male,Headache,Clinic,Dr. Ana Lopez,Check-up
2024-01-20,Child,Female,Home Service Laboratory,Home Service,"Patricia Mendoza, RMT",Home Service
2024-01-20,Adult,Male,Pre-Employment Medical Exam,Clinic,Dr. Ana Lopez,Pre-Employment Checkup
2024-01-21,Senior,Male,2D Echo,Cardiology,Dr. Paolo Rivera,Cardiology
2024-01-21,Adult,Male,Asthma Monitoring,Clinic,Dr. Elena Bautista,Check-up
2024-01-21,Adult,Female,Diabetes Mellitus Monitoring,Clinic,Dr. Elena Bautista,Check-up
2024-01-21,Child,Female,Fasting Blood Sugar,Laboratory,"Carlo Navarro, RMT",Laboratory
2024-01-21,Adult,Male,Gastritis,Clinic,Dr. Elena Bautista,Check-up
2024-01-21,Adult,Female,Lipid Profile,Laboratory,"Rafael Torres, RMT",Laboratory
2024-01-21,Adult,Female,Pregnancy Test,Laboratory,"Joanna Lim, RMT",Laboratory
2024-01-21,Child,Male,SGPT,Laboratory,"Mark Villanueva, RMT",Laboratory
2024-01-21,Adult,Male,Ultrasound,Radiology,Dr. Sofia Mercado,Imaging
2024-01-21,Adult,Female,Upper Respiratory Infection,Clinic,Dr. Miguel Fernandez,Check-up
2024-01-22,Adult,Female,Chest X-ray,Radiology,Dr. Sofia Mercado,Imaging
2024-01-22,Adult,Female,Diabetes Mellitus Monitoring,Clinic,Dr. Victor Manuel,Check-up
2024-01-22,Adult,Female,Drug Testing,Drug Testing,"Mark Villanueva, RMT",Drug Testing
2024-01-22,Child,Female,Gastritis,Clinic,Dr. Elena Bautista,Check-up
2024-01-22,Adult,Male,Pre-Employment Medical Exam,Clinic,Dr. Paolo Rivera,Pre-Employment Checkup
2024-01-22,Adult,Female,Urinary Tract Infection,Clinic,Dr. Miguel Fernandez,Check-up
2024-01-22,Child,Female,Urinary Tract Infection,Clinic,Dr. Camille Tan,Check-up
2024-01-23,Adult,Female,Blood Chemistry,Laboratory,"Patricia Mendoza, RMT",Laboratory
2024-01-23,Child,Female,Fasting Blood Sugar,Laboratory,"Patricia Mendoza, RMT",Laboratory
2024-01-23,Adult,Female,Pregnancy Test,Laboratory,"Rafael Torres, RMT",Laboratory
2024-01-23,Adult,Male,Preventive Health Check-up,Clinic,Dr. Ana Lopez,Check-up
2024-01-23,Child,Male,SGPT,Laboratory,"Carlo Navarro, RMT",Laboratory
2024-01-23,Adult,Female,Upper Respiratory Infection,Clinic,Dr. Paolo Rivera,Check-up
2024-01-23,Adult,Female,Upper Respiratory Infection,Clinic,Dr. Camille Tan,Check-up
2024-01-24,Child,Male,Asthma Monitoring,Clinic,Dr. Victor Manuel,Check-up
2024-01-24,Adult,Male,Fecalysis,Laboratory,"Mark Villanueva, RMT",Laboratory
2024-01-24,Adult,Female,Fever,Clinic,Dr. Miguel Fernandez,Check-up
2024-01-24,Adult,Male,Preventive Health Check-up,Clinic,Dr. Ana Lopez,Check-up
2024-01-24,Adult,Male,Routine Medical Consultation,Clinic,Dr. Paolo Rivera,Check-up
2024-01-24,Adult,Male,Urinalysis,Laboratory,"Carlo Navarro, RMT",Laboratory
2024-01-25,Child,Male,Asthma Monitoring,Clinic,Dr. Victor Manuel,Check-up
2024-01-25,Senior,Female,Fever,Clinic,Dr. Camille Tan,Check-up
2024-01-25,Child,Female,Fever,Clinic,Dr. Paolo Rivera,Check-up
2024-01-25,Senior,Female,Hypertension Monitoring,Clinic,Dr. Victor Manuel,Check-up
2024-01-25,Adult,Female,Lipid Profile,Laboratory,"Rafael Torres, RMT",Laboratory
2024-01-25,Adult,Male,Pre-Employment Medical Exam,Clinic,Dr. Ana Lopez,Pre-Employment Checkup
2024-01-25,Adult,Female,Routine Medical Consultation,Clinic,Dr. Paolo Rivera,Check-up
2024-01-25,Adult,Female,Routine Medical Consultation,Clinic,Dr. Camille Tan,Check-up
2024-01-25,Adult,Female,Upper Respiratory Infection,Clinic,Dr. Miguel Fernandez,Check-up
2024-01-25,Adult,Female,Urinalysis,Laboratory,"Mark Villanueva, RMT",Laboratory
2024-01-26,Senior,Male,Electrocardiography,Cardiology,Dr. Miguel Fernandez,Cardiology
2024-01-26,Adult,Male,Hypertension Monitoring,Clinic,Dr. Elena Bautista,Check-up
2024-01-26,Adult,Male,Lipid Profile,Laboratory,"Rafael Torres, RMT",Laboratory
2024-01-26,Adult,Female,Pregnancy Test,Laboratory,"Rafael Torres, RMT",Laboratory
2024-01-26,Senior,Male,SGPT,Laboratory,"Carlo Navarro, RMT",Laboratory
2024-01-26,Adult,Male,Upper Respiratory Infection,Clinic,Dr. Paolo Rivera,Check-up
2024-01-26,Adult,Female,Urinalysis,Laboratory,"Rafael Torres, RMT",Laboratory
2024-01-27,Adult,Female,Asthma Monitoring,Clinic,Dr. Elena Bautista,Check-up
2024-01-27,Adult,Female,Chest X-ray,Radiology,Dr. Henry Ong,Imaging
2024-01-27,Child,Female,Complete Blood Count,Laboratory,"Carlo Navarro, RMT",Laboratory
2024-01-27,Adult,Female,Complete Blood Count,Laboratory,"Joanna Lim, RMT",Laboratory
2024-01-27,Adult,Male,Drug Testing,Drug Testing,"Angela Reyes, RMT",Drug Testing
2024-01-27,Child,Female,Gastritis,Clinic,Dr. Elena Bautista,Check-up
2024-01-27,Adult,Male,Gastritis,Clinic,Dr. Elena Bautista,Check-up
2024-01-27,Adult,Female,Hypertension Monitoring,Clinic,Dr. Elena Bautista,Check-up
2024-01-27,Adult,Female,Lipid Profile,Laboratory,"Rafael Torres, RMT",Laboratory
2024-01-27,Child,Female,Lipid Profile,Laboratory,"Angela Reyes, RMT",Laboratory
2024-01-27,Adult,Female,Preventive Health Check-up,Clinic,Dr. Ana Lopez,Check-up
2024-01-27,Adult,Male,SGPT,Laboratory,"Angela Reyes, RMT",Laboratory
2024-01-27,Adult,Male,Upper Respiratory Infection,Clinic,Dr. Miguel Fernandez,Check-up
2024-01-28,Child,Male,Blood Chemistry,Laboratory,"Patricia Mendoza, RMT",Laboratory
2024-01-28,Adult,Male,Blood Chemistry,Laboratory,"Carlo Navarro, RMT",Laboratory
2024-01-28,Senior,Male,Diabetes Mellitus Monitoring,Clinic,Dr. Victor Manuel,Check-up
2024-01-28,Adult,Male,Drug Testing,Drug Testing,"Angela Reyes, RMT",Drug Testing
2024-01-28,Senior,Female,Headache,Clinic,Dr. Ana Lopez,Check-up
2024-01-28,Adult,Male,Pre-Employment Medical Exam,Clinic,Dr. Miguel Fernandez,Pre-Employment Checkup
2024-01-28,Adult,Male,Upper Respiratory Infection,Clinic,Dr. Camille Tan,Check-up
2024-01-28,Adult,Female,Upper Respiratory Infection,Clinic,Dr. Paolo Rivera,Check-up
2024-01-28,Child,Female,Urinary Tract Infection,Clinic,Dr. Ana Lopez,Check-up
2024-01-28,Senior,Female,Vascular Study,Radiology,Dr. Sofia Mercado,Imaging
2024-01-29,Adult,Male,Asthma Monitoring,Clinic,Dr. Victor Manuel,Check-up
2024-01-29,Senior,Female,Diabetes Mellitus Monitoring,Clinic,Dr. Victor Manuel,Check-up
2024-01-29,Adult,Female,Upper Respiratory Infection,Clinic,Dr. Paolo Rivera,Check-up
2024-01-29,Adult,Female,Upper Respiratory Infection,Clinic,Dr. Camille Tan,Check-up
2024-01-29,Adult,Male,Urinalysis,Laboratory,"Mark Villanueva, RMT",Laboratory
2024-01-29,Child,Male,Vaccination,Clinic,Dr. Miguel Fernandez,Vaccination
2024-01-30,Adult,Male,Blood Chemistry,Laboratory,"Mark Villanueva, RMT",Laboratory
2024-01-30,Child,Male,Fasting Blood Sugar,Laboratory,"Patricia Mendoza, RMT",Laboratory
2024-01-30,Adult,Male,Hypertension Monitoring,Clinic,Dr. Elena Bautista,Check-up
2024-01-30,Adult,Male,Upper Respiratory Infection,Clinic,Dr. Ana Lopez,Check-up
2024-01-30,Child,Male,Upper Respiratory Infection,Clinic,Dr. Camille Tan,Check-up
2024-01-31,Adult,Female,2D Echo,Cardiology,Dr. Paolo Rivera,Cardiology
2024-01-31,Adult,Male,Complete Blood Count,Laboratory,"Carlo Navarro, RMT",Laboratory
2024-01-31,Adult,Male,Dermatitis and Allergy,Clinic,Dr. Ana Lopez,Check-up
2024-01-31,Adult,Female,Drug Testing,Drug Testing,"Joanna Lim, RMT",Drug Testing
2024-01-31,Adult,Male,Fasting Blood Sugar,Laboratory,"Patricia Mendoza, RMT",Laboratory
2024-01-31,Child,Male,Fever,Clinic,Dr. Ana Lopez,Check-up
2024-01-31,Adult,Male,Gastritis,Clinic,Dr. Elena Bautista,Check-up
2024-01-31,Adult,Female,Pre-Employment Medical Exam,Clinic,Dr. Ana Lopez,Pre-Employment Checkup
2024-01-31,Child,Male,Preventive Health Check-up,Clinic,Dr. Camille Tan,Check-up
2024-01-31,Adult,Male,Routine Medical Consultation,Clinic,Dr. Paolo Rivera,Check-up
2024-02-01,Adult,Female,2D Echo,Cardiology,Dr. Camille Tan,Cardiology
2024-02-01,Adult,Male,Abdominal Pain,Clinic,Dr. Elena Bautista,Check-up
2024-02-01,Adult,Female,Complete Blood Count,Laboratory,"Rafael Torres, RMT",Laboratory
2024-02-01,Senior,Female,Diabetes Mellitus Monitoring,Clinic,Dr. Victor Manuel,Check-up
2024-02-01,Adult,Male,Electrocardiography,Cardiology,Dr. Miguel Fernandez,Cardiology
2024-02-01,Adult,Male,Fasting Blood Sugar,Laboratory,"Rafael Torres, RMT",Laboratory
2024-02-01,Senior,Male,Fasting Blood Sugar,Laboratory,"Joanna Lim, RMT",Laboratory
2024-02-01,Adult,Male,Fever,Clinic,Dr. Ana Lopez,Check-up
2024-02-01,Senior,Female,Hypertension Monitoring,Clinic,Dr. Elena Bautista,Check-up
2024-02-01,Adult,Male,Pregnancy Test,Laboratory,"Rafael Torres, RMT",Laboratory
2024-02-01,Adult,Male,Routine Medical Consultation,Clinic,Dr. Miguel Fernandez,Check-up
2024-02-01,Adult,Female,Routine Medical Consultation,Clinic,Dr. Miguel Fernandez,Check-up
2024-02-01,Adult,Male,Upper Respiratory Infection,Clinic,Dr. Camille Tan,Check-up
2024-02-01,Adult,Male,Upper Respiratory Infection,Clinic,Dr. Miguel Fernandez,Check-up
2024-02-01,Adult,Male,Upper Respiratory Infection,Clinic,Dr. Paolo Rivera,Check-up
2024-02-01,Adult,Male,Urinalysis,Laboratory,"Angela Reyes, RMT",Laboratory
2024-02-02,Adult,Female,Chest X-ray,Radiology,Dr. Sofia Mercado,Imaging
2024-02-02,Adult,Female,Complete Blood Count,Laboratory,"Carlo Navarro, RMT",Laboratory
2024-02-02,Adult,Male,Creatinine,Laboratory,"Angela Reyes, RMT",Laboratory
2024-02-02,Adult,Male,Fecalysis,Laboratory,"Patricia Mendoza, RMT",Laboratory
2024-02-02,Adult,Female,Fecalysis,Laboratory,"Carlo Navarro, RMT",Laboratory
2024-02-02,Adult,Female,Gastritis,Clinic,Dr. Victor Manuel,Check-up
2024-02-02,Adult,Male,Vaccination,Clinic,Dr. Camille Tan,Vaccination
2024-02-03,Adult,Male,Blood Chemistry,Laboratory,"Joanna Lim, RMT",Laboratory
2024-02-03,Senior,Male,Creatinine,Laboratory,"Patricia Mendoza, RMT",Laboratory
2024-02-03,Senior,Male,Diabetes Mellitus Monitoring,Clinic,Dr. Victor Manuel,Check-up
2024-02-03,Child,Male,Electrocardiography,Cardiology,Dr. Camille Tan,Cardiology
2024-02-03,Senior,Male,Hypertension Monitoring,Clinic,Dr. Victor Manuel,Check-up
2024-02-03,Senior,Male,Hypertension Monitoring,Clinic,Dr. Elena Bautista,Check-up
2024-02-03,Adult,Female,Lipid Profile,Laboratory,"Rafael Torres, RMT",Laboratory
2024-02-03,Adult,Female,Lipid Profile,Laboratory,"Patricia Mendoza, RMT",Laboratory
2024-02-03,Child,Male,Urinary Tract Infection,Clinic,Dr. Camille Tan,Check-up
2024-02-04,Adult,Male,Asthma Monitoring,Clinic,Dr. Elena Bautista,Check-up
2024-02-04,Child,Male,Asthma Monitoring,Clinic,Dr. Elena Bautista,Check-up
2024-02-04,Adult,Female,Dermatitis and Allergy,Clinic,Dr. Paolo Rivera,Check-up
2024-02-04,Adult,Male,Fasting Blood Sugar,Laboratory,"Angela Reyes, RMT",Laboratory
2024-02-04,Adult,Female,Fever,Clinic,Dr. Ana Lopez,Check-up
2024-02-04,Adult,Female,Fever,Clinic,Dr. Camille Tan,Check-up
2024-02-04,Adult,Male,Pre-Employment Medical Exam,Clinic,Dr. Miguel Fernandez,Pre-Employment Checkup
2024-02-04,Adult,Female,Preventive Health Check-up,Clinic,Dr. Ana Lopez,Check-up
2024-02-04,Adult,Male,Urinalysis,Laboratory,"Rafael Torres, RMT",Laboratory
2024-02-05,Adult,Female,Annual Physical Examination,Annual Physical Examination,Dr. Miguel Fernandez,Annual Physical Examination
2024-02-05,Adult,Male,Annual Physical Examination,Annual Physical Examination,Dr. Miguel Fernandez,Annual Physical Examination
2024-02-05,Adult,Female,Blood Chemistry,Laboratory,"Joanna Lim, RMT",Laboratory
2024-02-05,Adult,Female,Complete Blood Count,Laboratory,"Mark Villanueva, RMT",Laboratory
2024-02-05,Adult,Female,Electrocardiography,Cardiology,Dr. Miguel Fernandez,Cardiology
2024-02-05,Adult,Male,Gastritis,Clinic,Dr. Victor Manuel,Check-up
2024-02-05,Adult,Male,Hypertension Monitoring,Clinic,Dr. Victor Manuel,Check-up
2024-02-05,Adult,Male,Preventive Health Check-up,Clinic,Dr. Ana Lopez,Check-up
2024-02-05,Senior,Female,Upper Respiratory Infection,Clinic,Dr. Ana Lopez,Check-up
2024-02-05,Adult,Female,Upper Respiratory Infection,Clinic,Dr. Ana Lopez,Check-up
2024-02-05,Adult,Male,Upper Respiratory Infection,Clinic,Dr. Ana Lopez,Check-up
2024-02-05,Adult,Male,Urinary Tract Infection,Clinic,Dr. Miguel Fernandez,Check-up
2024-02-06,Child,Female,Complete Blood Count,Laboratory,"Rafael Torres, RMT",Laboratory
2024-02-06,Adult,Female,Complete Blood Count,Laboratory,"Carlo Navarro, RMT",Laboratory
2024-02-06,Child,Female,Fasting Blood Sugar,Laboratory,"Carlo Navarro, RMT",Laboratory
2024-02-06,Adult,Male,Fecalysis,Laboratory,"Rafael Torres, RMT",Laboratory
2024-02-06,Adult,Female,Hypertension Monitoring,Clinic,Dr. Elena Bautista,Check-up
2024-02-06,Child,Male,Lipid Profile,Laboratory,"Carlo Navarro, RMT",Laboratory
2024-02-06,Adult,Female,Pre-Employment Medical Exam,Clinic,Dr. Camille Tan,Pre-Employment Checkup
2024-02-06,Adult,Female,Ultrasound,Radiology,Dr. Henry Ong,Imaging
2024-02-06,Adult,Female,Upper Respiratory Infection,Clinic,Dr. Camille Tan,Check-up
2024-02-06,Child,Female,Urinary Tract Infection,Clinic,Dr. Paolo Rivera,Check-up
2024-02-07,Senior,Male,Diabetes Mellitus Monitoring,Clinic,Dr. Victor Manuel,Check-up
2024-02-07,Adult,Male,Electrocardiography,Cardiology,Dr. Miguel Fernandez,Cardiology
2024-02-07,Child,Male,Fever,Clinic,Dr. Camille Tan,Check-up
2024-02-07,Child,Male,Headache,Clinic,Dr. Camille Tan,Check-up
2024-02-07,Adult,Female,Hepatitis Screening,Laboratory,"Angela Reyes, RMT",Laboratory
2024-02-07,Adult,Female,Hepatitis Screening,Laboratory,"Mark Villanueva, RMT",Laboratory
2024-02-07,Senior,Male,Hypertension Monitoring,Clinic,Dr. Victor Manuel,Check-up
2024-02-07,Adult,Female,Urinary Tract Infection,Clinic,Dr. Ana Lopez,Check-up
2024-02-08,Adult,Male,Annual Physical Examination,Annual Physical Examination,Dr. Camille Tan,Annual Physical Examination
2024-02-08,Adult,Female,Fecalysis,Laboratory,"Angela Reyes, RMT",Laboratory
2024-02-08,Adult,Male,SGPT,Laboratory,"Angela Reyes, RMT",Laboratory
2024-02-08,Adult,Male,Upper Respiratory Infection,Clinic,Dr. Camille Tan,Check-up
2024-02-09,Adult,Female,Blood Chemistry,Laboratory,"Carlo Navarro, RMT",Laboratory
2024-02-09,Adult,Female,Dermatitis and Allergy,Clinic,Dr. Ana Lopez,Check-up
2024-02-09,Child,Male,Fecalysis,Laboratory,"Joanna Lim, RMT",Laboratory
2024-02-10,Senior,Male,Asthma Monitoring,Clinic,Dr. Victor Manuel,Check-up
2024-02-10,Adult,Male,Diabetes Mellitus Monitoring,Clinic,Dr. Elena Bautista,Check-up
2024-02-10,Adult,Female,Drug Testing,Drug Testing,"Carlo Navarro, RMT",Drug Testing
2024-02-10,Adult,Female,Drug Testing,Drug Testing,"Joanna Lim, RMT",Drug Testing
2024-02-10,Adult,Female,Fecalysis,Laboratory,"Patricia Mendoza, RMT",Laboratory
2024-02-10,Adult,Male,Hypertension Monitoring,Clinic,Dr. Victor Manuel,Check-up
2024-02-10,Senior,Female,Thyroid Function Test,Laboratory,"Angela Reyes, RMT",Laboratory
2024-02-11,Senior,Female,2D Echo,Cardiology,Dr. Ana Lopez,Cardiology
2024-02-11,Adult,Female,Annual Physical Examination,Annual Physical Examination,Dr. Paolo Rivera,Annual Physical Examination
2024-02-11,Adult,Male,Complete Blood Count,Laboratory,"Rafael Torres, RMT",Laboratory
2024-02-11,Adult,Male,Diabetes Mellitus Monitoring,Clinic,Dr. Victor Manuel,Check-up
2024-02-11,Adult,Male,Diabetes Mellitus Monitoring,Clinic,Dr. Elena Bautista,Check-up
2024-02-11,Adult,Male,Headache,Clinic,Dr. Camille Tan,Check-up
2024-02-11,Child,Female,Home Service Laboratory,Home Service,"Carlo Navarro, RMT",Home Service
2024-02-11,Adult,Male,Upper Respiratory Infection,Clinic,Dr. Paolo Rivera,Check-up
2024-02-12,Senior,Male,Blood Chemistry,Laboratory,"Carlo Navarro, RMT",Laboratory
2024-02-12,Child,Female,Complete Blood Count,Laboratory,"Angela Reyes, RMT",Laboratory
2024-02-12,Adult,Female,Complete Blood Count,Laboratory,"Joanna Lim, RMT",Laboratory
2024-02-12,Adult,Female,Fever,Clinic,Dr. Ana Lopez,Check-up
2024-02-12,Child,Female,Routine Medical Consultation,Clinic,Dr. Miguel Fernandez,Check-up
2024-02-12,Senior,Female,Ultrasound,Radiology,Dr. Sofia Mercado,Imaging
2024-02-12,Senior,Female,Urinalysis,Laboratory,"Joanna Lim, RMT",Laboratory
2024-02-12,Child,Male,Vaccination,Clinic,Dr. Ana Lopez,Vaccination
2024-02-13,Adult,Male,Blood Chemistry,Laboratory,"Rafael Torres, RMT",Laboratory
2024-02-13,Adult,Male,Complete Blood Count,Laboratory,"Angela Reyes, RMT",Laboratory
2024-02-13,Senior,Female,Diabetes Mellitus Monitoring,Clinic,Dr. Elena Bautista,Check-up
2024-02-13,Adult,Male,Gastritis,Clinic,Dr. Victor Manuel,Check-up
2024-02-13,Senior,Female,Hypertension Monitoring,Clinic,Dr. Victor Manuel,Check-up
2024-02-14,Adult,Male,Annual Physical Examination,Annual Physical Examination,Dr. Miguel Fernandez,Annual Physical Examination
2024-02-14,Adult,Female,Chest X-ray,Radiology,Dr. Henry Ong,Imaging
2024-02-14,Senior,Male,Electrocardiography,Cardiology,Dr. Camille Tan,Cardiology
2024-02-14,Adult,Female,Upper Respiratory Infection,Clinic,Dr. Camille Tan,Check-up
2024-02-14,Child,Female,Upper Respiratory Infection,Clinic,Dr. Paolo Rivera,Check-up
2024-02-14,Adult,Male,Vaccination,Clinic,Dr. Miguel Fernandez,Vaccination
2024-02-15,Adult,Female,Asthma Monitoring,Clinic,Dr. Victor Manuel,Check-up
2024-02-15,Adult,Male,Blood Chemistry,Laboratory,"Joanna Lim, RMT",Laboratory
2024-02-15,Adult,Male,Drug Testing,Drug Testing,"Rafael Torres, RMT",Drug Testing
2024-02-15,Child,Female,Home Service Laboratory,Home Service,"Joanna Lim, RMT",Home Service
2024-02-15,Adult,Female,Lipid Profile,Laboratory,"Angela Reyes, RMT",Laboratory
2024-02-15,Adult,Male,Urinalysis,Laboratory,"Mark Villanueva, RMT",Laboratory
2024-02-16,Adult,Female,Drug Testing,Drug Testing,"Mark Villanueva, RMT",Drug Testing
2024-02-16,Child,Male,Electrocardiography,Cardiology,Dr. Miguel Fernandez,Cardiology
2024-02-16,Adult,Male,Electrocardiography,Cardiology,Dr. Miguel Fernandez,Cardiology
2024-02-16,Adult,Female,Fasting Blood Sugar,Laboratory,"Angela Reyes, RMT",Laboratory
2024-02-16,Adult,Male,Hypertension Monitoring,Clinic,Dr. Elena Bautista,Check-up
2024-02-16,Senior,Male,Upper Respiratory Infection,Clinic,Dr. Camille Tan,Check-up
2024-02-17,Adult,Female,2D Echo,Cardiology,Dr. Ana Lopez,Cardiology
2024-02-17,Senior,Female,Annual Physical Examination,Annual Physical Examination,Dr. Miguel Fernandez,Annual Physical Examination
2024-02-17,Adult,Female,Asthma Monitoring,Clinic,Dr. Elena Bautista,Check-up
2024-02-17,Adult,Female,Blood Chemistry,Laboratory,"Angela Reyes, RMT",Laboratory
2024-02-17,Adult,Male,Complete Blood Count,Laboratory,"Angela Reyes, RMT",Laboratory
2024-02-17,Adult,Female,Fever,Clinic,Dr. Ana Lopez,Check-up
2024-02-17,Senior,Male,Gastritis,Clinic,Dr. Elena Bautista,Check-up
2024-02-17,Senior,Male,Preventive Health Check-up,Clinic,Dr. Ana Lopez,Check-up
2024-02-17,Adult,Female,Upper Respiratory Infection,Clinic,Dr. Camille Tan,Check-up
2024-02-18,Adult,Female,Blood Chemistry,Laboratory,"Angela Reyes, RMT",Laboratory
2024-02-18,Adult,Female,Complete Blood Count,Laboratory,"Carlo Navarro, RMT",Laboratory
2024-02-18,Adult,Male,Diabetes Mellitus Monitoring,Clinic,Dr. Elena Bautista,Check-up
2024-02-18,Adult,Male,Lipid Profile,Laboratory,"Mark Villanueva, RMT",Laboratory
2024-02-18,Senior,Female,Ultrasound,Radiology,Dr. Andrea Sy,Imaging
2024-02-18,Adult,Female,Upper Respiratory Infection,Clinic,Dr. Paolo Rivera,Check-up
2024-02-18,Adult,Female,Urinalysis,Laboratory,"Rafael Torres, RMT",Laboratory
2024-02-18,Adult,Male,Urinary Tract Infection,Clinic,Dr. Camille Tan,Check-up
2024-02-19,Adult,Female,Dermatitis and Allergy,Clinic,Dr. Ana Lopez,Check-up
2024-02-19,Adult,Male,Diabetes Mellitus Monitoring,Clinic,Dr. Victor Manuel,Check-up
2024-02-19,Adult,Female,Urinalysis,Laboratory,"Rafael Torres, RMT",Laboratory
2024-02-19,Adult,Female,Urinalysis,Laboratory,"Carlo Navarro, RMT",Laboratory
2024-02-20,Adult,Female,Blood Chemistry,Laboratory,"Rafael Torres, RMT",Laboratory
2024-02-20,Child,Female,Chest X-ray,Radiology,Dr. Andrea Sy,Imaging
2024-02-20,Senior,Female,Diabetes Mellitus Monitoring,Clinic,Dr. Victor Manuel,Check-up
2024-02-20,Adult,Female,Diabetes Mellitus Monitoring,Clinic,Dr. Victor Manuel,Check-up
2024-02-20,Adult,Male,Pre-Employment Medical Exam,Clinic,Dr. Camille Tan,Pre-Employment Checkup
2024-02-20,Adult,Female,Preventive Health Check-up,Clinic,Dr. Camille Tan,Check-up
2024-02-20,Adult,Female,Upper Respiratory Infection,Clinic,Dr. Camille Tan,Check-up
2024-02-21,Child,Female,Annual Physical Examination,Annual Physical Examination,Dr. Camille Tan,Annual Physical Examination
2024-02-21,Child,Male,Blood Chemistry,Laboratory,"Mark Villanueva, RMT",Laboratory
2024-02-21,Adult,Male,Chest X-ray,Radiology,Dr. Andrea Sy,Imaging
2024-02-21,Adult,Female,SGPT,Laboratory,"Rafael Torres, RMT",Laboratory
2024-02-21,Senior,Female,Thyroid Function Test,Laboratory,"Angela Reyes, RMT",Laboratory
2024-02-22,Child,Female,Asthma Monitoring,Clinic,Dr. Victor Manuel,Check-up
2024-02-22,Adult,Female,Fasting Blood Sugar,Laboratory,"Mark Villanueva, RMT",Laboratory
2024-02-22,Adult,Female,Fever,Clinic,Dr. Ana Lopez,Check-up
2024-02-22,Adult,Female,Hypertension Monitoring,Clinic,Dr. Victor Manuel,Check-up
2024-02-22,Adult,Male,SGPT,Laboratory,"Angela Reyes, RMT",Laboratory
2024-02-23,Senior,Male,Abdominal Pain,Clinic,Dr. Elena Bautista,Check-up
2024-02-23,Adult,Male,Complete Blood Count,Laboratory,"Rafael Torres, RMT",Laboratory
2024-02-23,Adult,Female,Creatinine,Laboratory,"Joanna Lim, RMT",Laboratory
2024-02-23,Adult,Male,Diabetes Mellitus Monitoring,Clinic,Dr. Elena Bautista,Check-up
2024-02-23,Adult,Female,Ultrasound,Radiology,Dr. Andrea Sy,Imaging
2024-02-24,Adult,Female,Asthma Monitoring,Clinic,Dr. Elena Bautista,Check-up
2024-02-24,Adult,Male,Blood Chemistry,Laboratory,"Angela Reyes, RMT",Laboratory
2024-02-24,Adult,Male,Dermatitis and Allergy,Clinic,Dr. Paolo Rivera,Check-up
2024-02-24,Adult,Female,Dermatitis and Allergy,Clinic,Dr. Paolo Rivera,Check-up
2024-02-24,Adult,Female,Gastritis,Clinic,Dr. Elena Bautista,Check-up
2024-02-24,Adult,Female,Preventive Health Check-up,Clinic,Dr. Miguel Fernandez,Check-up
2024-02-25,Senior,Female,2D Echo,Cardiology,Dr. Paolo Rivera,Cardiology
2024-02-25,Adult,Female,Chest X-ray,Radiology,Dr. Henry Ong,Imaging
2024-02-25,Adult,Male,Creatinine,Laboratory,"Carlo Navarro, RMT",Laboratory
2024-02-25,Child,Male,Dermatitis and Allergy,Clinic,Dr. Camille Tan,Check-up
2024-02-25,Senior,Female,Diabetes Mellitus Monitoring,Clinic,Dr. Victor Manuel,Check-up
2024-02-25,Child,Male,Preventive Health Check-up,Clinic,Dr. Camille Tan,Check-up
2024-02-25,Adult,Male,Urinalysis,Laboratory,"Rafael Torres, RMT",Laboratory
2024-02-25,Adult,Male,Urinary Tract Infection,Clinic,Dr. Camille Tan,Check-up
2024-02-25,Senior,Male,Urinary Tract Infection,Clinic,Dr. Paolo Rivera,Check-up
2024-02-25,Adult,Female,Vaccination,Clinic,Dr. Paolo Rivera,Vaccination
2024-02-26,Adult,Male,Annual Physical Examination,Annual Physical Examination,Dr. Paolo Rivera,Annual Physical Examination
2024-02-26,Adult,Female,Blood Chemistry,Laboratory,"Patricia Mendoza, RMT",Laboratory
2024-02-26,Child,Male,Complete Blood Count,Laboratory,"Angela Reyes, RMT",Laboratory
2024-02-26,Adult,Female,Drug Testing,Drug Testing,"Carlo Navarro, RMT",Drug Testing
2024-02-26,Adult,Female,Fecalysis,Laboratory,"Rafael Torres, RMT",Laboratory
2024-02-26,Adult,Female,Fever,Clinic,Dr. Ana Lopez,Check-up
2024-02-26,Adult,Female,Hypertension Monitoring,Clinic,Dr. Elena Bautista,Check-up
2024-02-26,Adult,Female,Pre-Employment Medical Exam,Clinic,Dr. Paolo Rivera,Pre-Employment Checkup
2024-02-26,Adult,Male,Pre-Employment Medical Exam,Clinic,Dr. Paolo Rivera,Pre-Employment Checkup
2024-02-26,Adult,Male,Ultrasound,Radiology,Dr. Henry Ong,Imaging
2024-02-27,Adult,Female,Dermatitis and Allergy,Clinic,Dr. Paolo Rivera,Check-up
2024-02-27,Senior,Female,Diabetes Mellitus Monitoring,Clinic,Dr. Victor Manuel,Check-up
2024-02-27,Adult,Female,Drug Testing,Drug Testing,"Mark Villanueva, RMT",Drug Testing
2024-02-27,Adult,Female,Lipid Profile,Laboratory,"Angela Reyes, RMT",Laboratory
2024-02-27,Adult,Male,Ultrasound,Radiology,Dr. Andrea Sy,Imaging
2024-02-27,Adult,Female,Ultrasound,Radiology,Dr. Henry Ong,Imaging
2024-02-27,Adult,Male,Urinary Tract Infection,Clinic,Dr. Camille Tan,Check-up
2024-02-27,Adult,Male,Vascular Study,Radiology,Dr. Henry Ong,Imaging
2024-02-28,Adult,Male,Abdominal Pain,Clinic,Dr. Victor Manuel,Check-up
2024-02-28,Adult,Male,Annual Physical Examination,Annual Physical Examination,Dr. Paolo Rivera,Annual Physical Examination
2024-02-28,Adult,Female,Complete Blood Count,Laboratory,"Patricia Mendoza, RMT",Laboratory
2024-02-28,Adult,Female,Diabetes Mellitus Monitoring,Clinic,Dr. Elena Bautista,Check-up
2024-02-28,Adult,Male,Electrocardiography,Cardiology,Dr. Paolo Rivera,Cardiology
2024-02-28,Senior,Female,Hypertension Monitoring,Clinic,Dr. Victor Manuel,Check-up
2024-02-28,Adult,Female,Lipid Profile,Laboratory,"Carlo Navarro, RMT",Laboratory
2024-02-28,Adult,Female,Pregnancy Test,Laboratory,"Carlo Navarro, RMT",Laboratory
2024-02-28,Adult,Male,Routine Medical Consultation,Clinic,Dr. Ana Lopez,Check-up
2024-02-28,Adult,Male,Thyroid Function Test,Laboratory,"Patricia Mendoza, RMT",Laboratory
2024-02-28,Child,Male,Urinalysis,Laboratory,"Angela Reyes, RMT",Laboratory
2024-02-28,Senior,Male,Vaccination,Clinic,Dr. Ana Lopez,Vaccination
2024-02-28,Adult,Female,Vascular Study,Radiology,Dr. Henry Ong,Imaging
2024-02-29,Adult,Female,Annual Physical Examination,Annual Physical Examination,Dr. Paolo Rivera,Annual Physical Examination
2024-02-29,Adult,Male,Complete Blood Count,Laboratory,"Rafael Torres, RMT",Laboratory
2024-02-29,Adult,Female,Electrocardiography,Cardiology,Dr. Paolo Rivera,Cardiology
2024-02-29,Adult,Female,Fasting Blood Sugar,Laboratory,"Rafael Torres, RMT",Laboratory
2024-02-29,Adult,Female,Hypertension Monitoring,Clinic,Dr. Elena Bautista,Check-up
2024-02-29,Adult,Male,Hypertension Monitoring,Clinic,Dr. Victor Manuel,Check-up
2024-02-29,Adult,Male,Pregnancy Test,Laboratory,"Rafael Torres, RMT",Laboratory
2024-02-29,Senior,Female,Urinalysis,Laboratory,"Mark Villanueva, RMT",Laboratory
2024-03-01,Adult,Male,Blood Chemistry,Laboratory,"Rafael Torres, RMT",Laboratory
2024-03-01,Adult,Female,Dermatitis and Allergy,Clinic,Dr. Miguel Fernandez,Check-up
2024-03-01,Adult,Female,Electrocardiography,Cardiology,Dr. Paolo Rivera,Cardiology
2024-03-01,Adult,Female,Fecalysis,Laboratory,"Patricia Mendoza, RMT",Laboratory
2024-03-01,Child,Male,Hepatitis Screening,Laboratory,"Mark Villanueva, RMT",Laboratory
2024-03-01,Adult,Female,Hypertension Monitoring,Clinic,Dr. Victor Manuel,Check-up
2024-03-01,Child,Female,Lipid Profile,Laboratory,"Patricia Mendoza, RMT",Laboratory
2024-03-01,Adult,Female,Ultrasound,Radiology,Dr. Sofia Mercado,Imaging
2024-03-01,Adult,Male,Urinalysis,Laboratory,"Patricia Mendoza, RMT",Laboratory
2024-03-01,Child,Male,Vaccination,Clinic,Dr. Camille Tan,Vaccination
2024-03-02,Child,Male,Chest X-ray,Radiology,Dr. Henry Ong,Imaging
2024-03-02,Adult,Female,Dermatitis and Allergy,Clinic,Dr. Miguel Fernandez,Check-up
2024-03-02,Adult,Male,Drug Testing,Drug Testing,"Rafael Torres, RMT",Drug Testing
2024-03-02,Senior,Female,Hypertension Monitoring,Clinic,Dr. Victor Manuel,Check-up
2024-03-02,Adult,Male,Hypertension Monitoring,Clinic,Dr. Victor Manuel,Check-up
2024-03-02,Adult,Female,Hypertension Monitoring,Clinic,Dr. Victor Manuel,Check-up
2024-03-02,Adult,Female,Ultrasound,Radiology,Dr. Henry Ong,Imaging
2024-03-02,Adult,Male,Urinalysis,Laboratory,"Rafael Torres, RMT",Laboratory
2024-03-03,Adult,Male,Complete Blood Count,Laboratory,"Rafael Torres, RMT",Laboratory
2024-03-03,Adult,Male,Hepatitis Screening,Laboratory,"Rafael Torres, RMT",Laboratory
2024-03-03,Adult,Male,Hypertension Monitoring,Clinic,Dr. Elena Bautista,Check-up
2024-03-03,Adult,Female,Lipid Profile,Laboratory,"Angela Reyes, RMT",Laboratory
2024-03-03,Adult,Male,Lipid Profile,Laboratory,"Patricia Mendoza, RMT",Laboratory
2024-03-03,Adult,Female,Pre-Employment Medical Exam,Clinic,Dr. Paolo Rivera,Pre-Employment Checkup
2024-03-03,Adult,Female,Vaccination,Clinic,Dr. Camille Tan,Vaccination
2024-03-04,Adult,Female,Blood Chemistry,Laboratory,"Angela Reyes, RMT",Laboratory
2024-03-04,Adult,Male,Diabetes Mellitus Monitoring,Clinic,Dr. Victor Manuel,Check-up
2024-03-04,Adult,Female,Diabetes Mellitus Monitoring,Clinic,Dr. Victor Manuel,Check-up
2024-03-04,Adult,Female,Fasting Blood Sugar,Laboratory,"Carlo Navarro, RMT",Laboratory
2024-03-04,Adult,Female,Fasting Blood Sugar,Laboratory,"Patricia Mendoza, RMT",Laboratory
2024-03-04,Adult,Female,Fasting Blood Sugar,Laboratory,"Joanna Lim, RMT",Laboratory
2024-03-04,Senior,Male,Hypertension Monitoring,Clinic,Dr. Victor Manuel,Check-up
2024-03-04,Adult,Female,SGPT,Laboratory,"Joanna Lim, RMT",Laboratory
2024-03-04,Adult,Male,Thyroid Function Test,Laboratory,"Rafael Torres, RMT",Laboratory
2024-03-04,Adult,Male,Ultrasound,Radiology,Dr. Henry Ong,Imaging
2024-03-04,Adult,Female,Upper Respiratory Infection,Clinic,Dr. Camille Tan,Check-up
2024-03-05,Adult,Male,Creatinine,Laboratory,"Joanna Lim, RMT",Laboratory
2024-03-05,Adult,Female,Drug Testing,Drug Testing,"Joanna Lim, RMT",Drug Testing
2024-03-05,Adult,Male,Fever,Clinic,Dr. Camille Tan,Check-up
2024-03-05,Adult,Male,Pregnancy Test,Laboratory,"Carlo Navarro, RMT",Laboratory
2024-03-05,Adult,Male,Routine Medical Consultation,Clinic,Dr. Paolo Rivera,Check-up
2024-03-05,Adult,Male,Ultrasound,Radiology,Dr. Andrea Sy,Imaging
2024-03-06,Adult,Male,Annual Physical Examination,Annual Physical Examination,Dr. Miguel Fernandez,Annual Physical Examination
2024-03-06,Adult,Male,Chest X-ray,Radiology,Dr. Andrea Sy,Imaging
2024-03-06,Adult,Female,Creatinine,Laboratory,"Mark Villanueva, RMT",Laboratory
2024-03-06,Child,Female,Electrocardiography,Cardiology,Dr. Paolo Rivera,Cardiology
2024-03-06,Adult,Male,Lipid Profile,Laboratory,"Angela Reyes, RMT",Laboratory
2024-03-06,Adult,Female,Pre-Employment Medical Exam,Clinic,Dr. Paolo Rivera,Pre-Employment Checkup
2024-03-06,Adult,Female,SGPT,Laboratory,"Rafael Torres, RMT",Laboratory
2024-03-07,Adult,Male,Abdominal Pain,Clinic,Dr. Victor Manuel,Check-up
2024-03-07,Child,Male,Annual Physical Examination,Annual Physical Examination,Dr. Paolo Rivera,Annual Physical Examination
2024-03-07,Adult,Male,Drug Testing,Drug Testing,"Mark Villanueva, RMT",Drug Testing
2024-03-07,Adult,Female,Fecalysis,Laboratory,"Angela Reyes, RMT",Laboratory
2024-03-07,Adult,Male,Routine Medical Consultation,Clinic,Dr. Paolo Rivera,Check-up
2024-03-07,Senior,Female,Upper Respiratory Infection,Clinic,Dr. Ana Lopez,Check-up
2024-03-07,Adult,Female,Vascular Study,Radiology,Dr. Henry Ong,Imaging
2024-03-08,Child,Female,Complete Blood Count,Laboratory,"Joanna Lim, RMT",Laboratory
2024-03-08,Senior,Female,Diabetes Mellitus Monitoring,Clinic,Dr. Victor Manuel,Check-up
2024-03-08,Adult,Female,Hepatitis Screening,Laboratory,"Mark Villanueva, RMT",Laboratory
2024-03-08,Adult,Female,Pre-Employment Medical Exam,Clinic,Dr. Ana Lopez,Pre-Employment Checkup
2024-03-08,Adult,Male,Upper Respiratory Infection,Clinic,Dr. Ana Lopez,Check-up
2024-03-09,Adult,Male,Chest X-ray,Radiology,Dr. Andrea Sy,Imaging
2024-03-09,Senior,Female,Diabetes Mellitus Monitoring,Clinic,Dr. Elena Bautista,Check-up
2024-03-09,Adult,Female,Drug Testing,Drug Testing,"Angela Reyes, RMT",Drug Testing
2024-03-09,Adult,Female,Fasting Blood Sugar,Laboratory,"Joanna Lim, RMT",Laboratory
2024-03-09,Adult,Female,Pre-Employment Medical Exam,Clinic,Dr. Ana Lopez,Pre-Employment Checkup
2024-03-09,Child,Female,Upper Respiratory Infection,Clinic,Dr. Ana Lopez,Check-up
2024-03-09,Adult,Male,Urinalysis,Laboratory,"Patricia Mendoza, RMT",Laboratory
2024-03-09,Adult,Male,Vascular Study,Radiology,Dr. Andrea Sy,Imaging
2024-03-10,Adult,Male,2D Echo,Cardiology,Dr. Paolo Rivera,Cardiology
2024-03-10,Adult,Male,Abdominal Pain,Clinic,Dr. Elena Bautista,Check-up
2024-03-10,Adult,Male,Complete Blood Count,Laboratory,"Angela Reyes, RMT",Laboratory
2024-03-10,Adult,Female,Drug Testing,Drug Testing,"Mark Villanueva, RMT",Drug Testing
2024-03-11,Senior,Male,Abdominal Pain,Clinic,Dr. Victor Manuel,Check-up
2024-03-11,Child,Male,Dermatitis and Allergy,Clinic,Dr. Camille Tan,Check-up
2024-03-11,Adult,Female,Dermatitis and Allergy,Clinic,Dr. Paolo Rivera,Check-up
2024-03-11,Adult,Male,Drug Testing,Drug Testing,"Carlo Navarro, RMT",Drug Testing
2024-03-11,Adult,Female,Pregnancy Test,Laboratory,"Carlo Navarro, RMT",Laboratory
2024-03-11,Child,Male,Thyroid Function Test,Laboratory,"Mark Villanueva, RMT",Laboratory
2024-03-11,Child,Male,Upper Respiratory Infection,Clinic,Dr. Paolo Rivera,Check-up
2024-03-11,Senior,Female,Urinalysis,Laboratory,"Carlo Navarro, RMT",Laboratory
2024-03-11,Adult,Female,Urinary Tract Infection,Clinic,Dr. Camille Tan,Check-up
2024-03-12,Senior,Female,Annual Physical Examination,Annual Physical Examination,Dr. Paolo Rivera,Annual Physical Examination
2024-03-12,Adult,Female,Asthma Monitoring,Clinic,Dr. Elena Bautista,Check-up
2024-03-12,Adult,Female,Complete Blood Count,Laboratory,"Patricia Mendoza, RMT",Laboratory
2024-03-12,Adult,Male,Electrocardiography,Cardiology,Dr. Paolo Rivera,Cardiology
2024-03-12,Adult,Male,Fasting Blood Sugar,Laboratory,"Mark Villanueva, RMT",Laboratory
2024-03-12,Child,Female,Lipid Profile,Laboratory,"Carlo Navarro, RMT",Laboratory
2024-03-12,Adult,Female,Upper Respiratory Infection,Clinic,Dr. Camille Tan,Check-up
2024-03-13,Adult,Male,Asthma Monitoring,Clinic,Dr. Victor Manuel,Check-up
2024-03-13,Adult,Female,Blood Chemistry,Laboratory,"Mark Villanueva, RMT",Laboratory
2024-03-13,Adult,Female,Chest X-ray,Radiology,Dr. Sofia Mercado,Imaging
2024-03-13,Adult,Female,Complete Blood Count,Laboratory,"Carlo Navarro, RMT",Laboratory
2024-03-13,Child,Male,Complete Blood Count,Laboratory,"Angela Reyes, RMT",Laboratory
2024-03-13,Adult,Male,Creatinine,Laboratory,"Joanna Lim, RMT",Laboratory
2024-03-13,Adult,Male,Creatinine,Laboratory,"Mark Villanueva, RMT",Laboratory
2024-03-13,Adult,Female,Diabetes Mellitus Monitoring,Clinic,Dr. Victor Manuel,Check-up
2024-03-13,Adult,Male,Diabetes Mellitus Monitoring,Clinic,Dr. Elena Bautista,Check-up
2024-03-13,Adult,Female,Electrocardiography,Cardiology,Dr. Camille Tan,Cardiology
2024-03-13,Adult,Male,Fever,Clinic,Dr. Paolo Rivera,Check-up
2024-03-14,Adult,Male,Asthma Monitoring,Clinic,Dr. Elena Bautista,Check-up
2024-03-14,Adult,Female,Complete Blood Count,Laboratory,"Patricia Mendoza, RMT",Laboratory
2024-03-14,Adult,Female,Diabetes Mellitus Monitoring,Clinic,Dr. Victor Manuel,Check-up
2024-03-14,Adult,Male,Headache,Clinic,Dr. Camille Tan,Check-up
2024-03-14,Senior,Female,Hypertension Monitoring,Clinic,Dr. Elena Bautista,Check-up
2024-03-14,Adult,Male,Urinalysis,Laboratory,"Angela Reyes, RMT",Laboratory
2024-03-15,Child,Male,Blood Chemistry,Laboratory,"Angela Reyes, RMT",Laboratory
2024-03-15,Child,Male,Chest X-ray,Radiology,Dr. Sofia Mercado,Imaging
2024-03-15,Adult,Male,Dermatitis and Allergy,Clinic,Dr. Ana Lopez,Check-up
2024-03-15,Adult,Female,Fasting Blood Sugar,Laboratory,"Mark Villanueva, RMT",Laboratory
2024-03-15,Adult,Male,Fever,Clinic,Dr. Paolo Rivera,Check-up
2024-03-15,Adult,Female,Gastritis,Clinic,Dr. Victor Manuel,Check-up
2024-03-15,Adult,Female,Pre-Employment Medical Exam,Clinic,Dr. Camille Tan,Pre-Employment Checkup
2024-03-15,Child,Male,Preventive Health Check-up,Clinic,Dr. Paolo Rivera,Check-up
2024-03-15,Child,Female,Urinalysis,Laboratory,"Angela Reyes, RMT",Laboratory
2024-03-16,Adult,Female,Annual Physical Examination,Annual Physical Examination,Dr. Miguel Fernandez,Annual Physical Examination
2024-03-16,Adult,Female,Diabetes Mellitus Monitoring,Clinic,Dr. Victor Manuel,Check-up
2024-03-16,Adult,Male,Fever,Clinic,Dr. Miguel Fernandez,Check-up
2024-03-16,Adult,Male,Home Service Laboratory,Home Service,"Rafael Torres, RMT",Home Service
2024-03-17,Adult,Female,Chest X-ray,Radiology,Dr. Sofia Mercado,Imaging
2024-03-17,Adult,Female,Fecalysis,Laboratory,"Mark Villanueva, RMT",Laboratory
2024-03-17,Adult,Female,Home Service Laboratory,Home Service,"Mark Villanueva, RMT",Home Service
2024-03-17,Child,Female,SGPT,Laboratory,"Carlo Navarro, RMT",Laboratory
2024-03-17,Adult,Female,SGPT,Laboratory,"Joanna Lim, RMT",Laboratory
2024-03-17,Adult,Male,Thyroid Function Test,Laboratory,"Carlo Navarro, RMT",Laboratory
2024-03-17,Adult,Female,Upper Respiratory Infection,Clinic,Dr. Ana Lopez,Check-up
2024-03-17,Adult,Male,Urinary Tract Infection,Clinic,Dr. Camille Tan,Check-up
2024-03-18,Senior,Female,Creatinine,Laboratory,"Rafael Torres, RMT",Laboratory
2024-03-18,Adult,Female,Diabetes Mellitus Monitoring,Clinic,Dr. Elena Bautista,Check-up
2024-03-18,Adult,Female,Electrocardiography,Cardiology,Dr. Ana Lopez,Cardiology
2024-03-18,Adult,Female,Fasting Blood Sugar,Laboratory,"Carlo Navarro, RMT",Laboratory
2024-03-18,Adult,Male,Hypertension Monitoring,Clinic,Dr. Elena Bautista,Check-up
2024-03-19,Child,Male,Asthma Monitoring,Clinic,Dr. Elena Bautista,Check-up
2024-03-19,Senior,Female,Creatinine,Laboratory,"Patricia Mendoza, RMT",Laboratory
2024-03-19,Child,Male,Fasting Blood Sugar,Laboratory,"Rafael Torres, RMT",Laboratory
2024-03-19,Adult,Male,Fasting Blood Sugar,Laboratory,"Angela Reyes, RMT",Laboratory
2024-03-19,Senior,Female,Fasting Blood Sugar,Laboratory,"Patricia Mendoza, RMT",Laboratory
2024-03-19,Child,Male,Headache,Clinic,Dr. Paolo Rivera,Check-up
2024-03-19,Adult,Female,Hepatitis Screening,Laboratory,"Mark Villanueva, RMT",Laboratory
2024-03-19,Adult,Male,Pre-Employment Medical Exam,Clinic,Dr. Miguel Fernandez,Pre-Employment Checkup
2024-03-19,Adult,Female,Routine Medical Consultation,Clinic,Dr. Miguel Fernandez,Check-up
2024-03-19,Child,Male,Routine Medical Consultation,Clinic,Dr. Miguel Fernandez,Check-up
2024-03-19,Adult,Female,SGPT,Laboratory,"Joanna Lim, RMT",Laboratory
2024-03-19,Adult,Female,Ultrasound,Radiology,Dr. Henry Ong,Imaging
2024-03-20,Adult,Female,Chest X-ray,Radiology,Dr. Andrea Sy,Imaging
2024-03-20,Adult,Male,Chest X-ray,Radiology,Dr. Henry Ong,Imaging
2024-03-20,Senior,Male,Hypertension Monitoring,Clinic,Dr. Victor Manuel,Check-up
2024-03-20,Adult,Male,Pre-Employment Medical Exam,Clinic,Dr. Paolo Rivera,Pre-Employment Checkup
2024-03-20,Adult,Male,Upper Respiratory Infection,Clinic,Dr. Camille Tan,Check-up
2024-03-21,Senior,Male,2D Echo,Cardiology,Dr. Camille Tan,Cardiology
2024-03-21,Adult,Male,Blood Chemistry,Laboratory,"Rafael Torres, RMT",Laboratory
2024-03-21,Adult,Female,Diabetes Mellitus Monitoring,Clinic,Dr. Elena Bautista,Check-up
2024-03-21,Adult,Female,Pre-Employment Medical Exam,Clinic,Dr. Ana Lopez,Pre-Employment Checkup
2024-03-21,Child,Female,Preventive Health Check-up,Clinic,Dr. Camille Tan,Check-up
2024-03-21,Adult,Female,Routine Medical Consultation,Clinic,Dr. Ana Lopez,Check-up
2024-03-21,Adult,Female,Vascular Study,Radiology,Dr. Henry Ong,Imaging
2024-03-22,Adult,Female,Complete Blood Count,Laboratory,"Joanna Lim, RMT",Laboratory
2024-03-22,Senior,Male,Diabetes Mellitus Monitoring,Clinic,Dr. Victor Manuel,Check-up
2024-03-22,Adult,Male,Diabetes Mellitus Monitoring,Clinic,Dr. Victor Manuel,Check-up
2024-03-22,Adult,Female,Hepatitis Screening,Laboratory,"Mark Villanueva, RMT",Laboratory
2024-03-22,Adult,Female,Pregnancy Test,Laboratory,"Carlo Navarro, RMT",Laboratory
2024-03-22,Adult,Male,SGPT,Laboratory,"Patricia Mendoza, RMT",Laboratory
2024-03-22,Adult,Male,Upper Respiratory Infection,Clinic,Dr. Paolo Rivera,Check-up
2024-03-22,Child,Female,Urinary Tract Infection,Clinic,Dr. Miguel Fernandez,Check-up
2024-03-23,Adult,Female,2D Echo,Cardiology,Dr. Paolo Rivera,Cardiology
2024-03-23,Adult,Male,Dermatitis and Allergy,Clinic,Dr. Ana Lopez,Check-up
2024-03-23,Adult,Female,Electrocardiography,Cardiology,Dr. Paolo Rivera,Cardiology
2024-03-23,Senior,Female,Fasting Blood Sugar,Laboratory,"Mark Villanueva, RMT",Laboratory
2024-03-23,Adult,Female,Fever,Clinic,Dr. Ana Lopez,Check-up
2024-03-23,Adult,Female,Gastritis,Clinic,Dr. Elena Bautista,Check-up
2024-03-23,Adult,Male,Thyroid Function Test,Laboratory,"Angela Reyes, RMT",Laboratory
2024-03-23,Adult,Female,Ultrasound,Radiology,Dr. Sofia Mercado,Imaging
2024-03-23,Adult,Male,Urinalysis,Laboratory,"Mark Villanueva, RMT",Laboratory
2024-03-23,Adult,Female,Urinary Tract Infection,Clinic,Dr. Paolo Rivera,Check-up
2024-03-24,Child,Female,Asthma Monitoring,Clinic,Dr. Elena Bautista,Check-up
2024-03-24,Adult,Male,Blood Chemistry,Laboratory,"Rafael Torres, RMT",Laboratory
2024-03-24,Adult,Female,Chest X-ray,Radiology,Dr. Sofia Mercado,Imaging
2024-03-24,Senior,Female,Hypertension Monitoring,Clinic,Dr. Elena Bautista,Check-up
2024-03-24,Adult,Female,Pre-Employment Medical Exam,Clinic,Dr. Miguel Fernandez,Pre-Employment Checkup
2024-03-24,Child,Male,Routine Medical Consultation,Clinic,Dr. Ana Lopez,Check-up
2024-03-24,Adult,Female,Thyroid Function Test,Laboratory,"Patricia Mendoza, RMT",Laboratory
2024-03-25,Adult,Female,Drug Testing,Drug Testing,"Angela Reyes, RMT",Drug Testing
2024-03-25,Adult,Male,Hypertension Monitoring,Clinic,Dr. Victor Manuel,Check-up
2024-03-26,Senior,Female,2D Echo,Cardiology,Dr. Miguel Fernandez,Cardiology
2024-03-26,Adult,Female,2D Echo,Cardiology,Dr. Miguel Fernandez,Cardiology
2024-03-26,Adult,Female,Blood Chemistry,Laboratory,"Patricia Mendoza, RMT",Laboratory
2024-03-26,Child,Male,Blood Chemistry,Laboratory,"Patricia Mendoza, RMT",Laboratory
2024-03-26,Adult,Female,Fever,Clinic,Dr. Miguel Fernandez,Check-up
2024-03-26,Senior,Male,Headache,Clinic,Dr. Ana Lopez,Check-up
2024-03-26,Adult,Male,Hypertension Monitoring,Clinic,Dr. Victor Manuel,Check-up
2024-03-26,Senior,Male,Hypertension Monitoring,Clinic,Dr. Victor Manuel,Check-up
2024-03-26,Adult,Female,Lipid Profile,Laboratory,"Rafael Torres, RMT",Laboratory
2024-03-26,Adult,Female,Preventive Health Check-up,Clinic,Dr. Camille Tan,Check-up
2024-03-26,Adult,Female,SGPT,Laboratory,"Joanna Lim, RMT",Laboratory
2024-03-27,Adult,Female,Blood Chemistry,Laboratory,"Carlo Navarro, RMT",Laboratory
2024-03-27,Adult,Male,Blood Chemistry,Laboratory,"Joanna Lim, RMT",Laboratory
2024-03-27,Adult,Female,Lipid Profile,Laboratory,"Joanna Lim, RMT",Laboratory
2024-03-28,Adult,Male,Asthma Monitoring,Clinic,Dr. Victor Manuel,Check-up
2024-03-28,Child,Female,Blood Chemistry,Laboratory,"Angela Reyes, RMT",Laboratory
2024-03-28,Adult,Male,Dermatitis and Allergy,Clinic,Dr. Miguel Fernandez,Check-up
2024-03-28,Adult,Female,Drug Testing,Drug Testing,"Joanna Lim, RMT",Drug Testing
2024-03-28,Adult,Male,Gastritis,Clinic,Dr. Victor Manuel,Check-up
2024-03-28,Adult,Male,Hypertension Monitoring,Clinic,Dr. Victor Manuel,Check-up
2024-03-28,Senior,Male,SGPT,Laboratory,"Patricia Mendoza, RMT",Laboratory
2024-03-29,Adult,Male,Blood Chemistry,Laboratory,"Rafael Torres, RMT",Laboratory
2024-03-29,Adult,Female,Complete Blood Count,Laboratory,"Angela Reyes, RMT",Laboratory
2024-03-29,Adult,Female,Electrocardiography,Cardiology,Dr. Camille Tan,Cardiology
2024-03-29,Adult,Male,Fever,Clinic,Dr. Paolo Rivera,Check-up
2024-03-29,Child,Male,Gastritis,Clinic,Dr. Victor Manuel,Check-up
2024-03-29,Adult,Male,Hepatitis Screening,Laboratory,"Rafael Torres, RMT",Laboratory
2024-03-29,Adult,Male,Pregnancy Test,Laboratory,"Mark Villanueva, RMT",Laboratory
2024-03-29,Adult,Male,Urinalysis,Laboratory,"Carlo Navarro, RMT",Laboratory
2024-03-29,Adult,Female,Urinary Tract Infection,Clinic,Dr. Ana Lopez,Check-up
2024-03-30,Adult,Female,Asthma Monitoring,Clinic,Dr. Elena Bautista,Check-up
2024-03-30,Adult,Female,Electrocardiography,Cardiology,Dr. Miguel Fernandez,Cardiology
2024-03-30,Adult,Male,Fasting Blood Sugar,Laboratory,"Carlo Navarro, RMT",Laboratory
2024-03-30,Adult,Female,Headache,Clinic,Dr. Miguel Fernandez,Check-up
2024-03-30,Adult,Male,Routine Medical Consultation,Clinic,Dr. Miguel Fernandez,Check-up
2024-03-30,Child,Female,Thyroid Function Test,Laboratory,"Rafael Torres, RMT",Laboratory
2024-03-30,Adult,Female,Urinalysis,Laboratory,"Angela Reyes, RMT",Laboratory
2024-03-30,Adult,Male,Vascular Study,Radiology,Dr. Sofia Mercado,Imaging
2024-03-31,Senior,Female,Asthma Monitoring,Clinic,Dr. Victor Manuel,Check-up
2024-03-31,Adult,Male,Blood Chemistry,Laboratory,"Rafael Torres, RMT",Laboratory
2024-03-31,Child,Female,Chest X-ray,Radiology,Dr. Sofia Mercado,Imaging
2024-03-31,Adult,Female,Complete Blood Count,Laboratory,"Joanna Lim, RMT",Laboratory
2024-03-31,Adult,Male,Dermatitis and Allergy,Clinic,Dr. Paolo Rivera,Check-up
2024-03-31,Adult,Female,Fecalysis,Laboratory,"Joanna Lim, RMT",Laboratory
2024-03-31,Adult,Female,Gastritis,Clinic,Dr. Elena Bautista,Check-up
2024-03-31,Adult,Male,Hepatitis Screening,Laboratory,"Angela Reyes, RMT",Laboratory
2024-03-31,Adult,Male,Hepatitis Screening,Laboratory,"Rafael Torres, RMT",Laboratory
2024-03-31,Adult,Female,Home Service Laboratory,Home Service,"Rafael Torres, RMT",Home Service
2024-03-31,Adult,Male,Pregnancy Test,Laboratory,"Rafael Torres, RMT",Laboratory
2024-03-31,Adult,Male,Thyroid Function Test,Laboratory,"Patricia Mendoza, RMT",Laboratory
2024-03-31,Senior,Female,Vascular Study,Radiology,Dr. Sofia Mercado,Imaging
2024-04-01,Adult,Male,Asthma Monitoring,Clinic,Dr. Elena Bautista,Check-up
2024-04-01,Adult,Female,Complete Blood Count,Laboratory,"Angela Reyes, RMT",Laboratory
2024-04-01,Child,Male,Dermatitis and Allergy,Clinic,Dr. Miguel Fernandez,Check-up
2024-04-01,Adult,Female,Drug Testing,Drug Testing,"Mark Villanueva, RMT",Drug Testing
2024-04-01,Adult,Female,Fever,Clinic,Dr. Camille Tan,Check-up
2024-04-01,Adult,Male,Pre-Employment Medical Exam,Clinic,Dr. Camille Tan,Pre-Employment Checkup
2024-04-02,Senior,Male,Asthma Monitoring,Clinic,Dr. Victor Manuel,Check-up
2024-04-02,Senior,Female,Blood Chemistry,Laboratory,"Angela Reyes, RMT",Laboratory
2024-04-02,Adult,Male,Blood Chemistry,Laboratory,"Angela Reyes, RMT",Laboratory
2024-04-02,Senior,Male,Chest X-ray,Radiology,Dr. Andrea Sy,Imaging
2024-04-02,Child,Female,Creatinine,Laboratory,"Angela Reyes, RMT",Laboratory
2024-04-02,Senior,Female,Diabetes Mellitus Monitoring,Clinic,Dr. Victor Manuel,Check-up
2024-04-02,Adult,Female,Drug Testing,Drug Testing,"Angela Reyes, RMT",Drug Testing
2024-04-02,Adult,Female,Fever,Clinic,Dr. Paolo Rivera,Check-up
2024-04-02,Adult,Male,Pre-Employment Medical Exam,Clinic,Dr. Miguel Fernandez,Pre-Employment Checkup
2024-04-02,Adult,Male,Pre-Employment Medical Exam,Clinic,Dr. Paolo Rivera,Pre-Employment Checkup
2024-04-02,Adult,Male,Ultrasound,Radiology,Dr. Sofia Mercado,Imaging
2024-04-02,Adult,Female,Urinalysis,Laboratory,"Joanna Lim, RMT",Laboratory
2024-04-03,Adult,Female,Asthma Monitoring,Clinic,Dr. Elena Bautista,Check-up
2024-04-03,Adult,Female,Blood Chemistry,Laboratory,"Rafael Torres, RMT",Laboratory
2024-04-03,Adult,Male,Diabetes Mellitus Monitoring,Clinic,Dr. Victor Manuel,Check-up
2024-04-03,Adult,Female,Hypertension Monitoring,Clinic,Dr. Elena Bautista,Check-up
2024-04-03,Senior,Female,Hypertension Monitoring,Clinic,Dr. Victor Manuel,Check-up
2024-04-03,Adult,Female,Urinary Tract Infection,Clinic,Dr. Ana Lopez,Check-up
2024-04-04,Adult,Female,Electrocardiography,Cardiology,Dr. Paolo Rivera,Cardiology
2024-04-04,Adult,Female,Fasting Blood Sugar,Laboratory,"Rafael Torres, RMT",Laboratory
2024-04-04,Adult,Male,Gastritis,Clinic,Dr. Victor Manuel,Check-up
2024-04-04,Adult,Female,Headache,Clinic,Dr. Miguel Fernandez,Check-up
2024-04-04,Adult,Female,Hypertension Monitoring,Clinic,Dr. Victor Manuel,Check-up
2024-04-04,Senior,Female,Hypertension Monitoring,Clinic,Dr. Elena Bautista,Check-up
2024-04-05,Adult,Male,Creatinine,Laboratory,"Angela Reyes, RMT",Laboratory
2024-04-05,Senior,Male,Diabetes Mellitus Monitoring,Clinic,Dr. Elena Bautista,Check-up
2024-04-05,Child,Female,Fecalysis,Laboratory,"Joanna Lim, RMT",Laboratory
2024-04-05,Adult,Female,Lipid Profile,Laboratory,"Patricia Mendoza, RMT",Laboratory
2024-04-06,Adult,Female,Annual Physical Examination,Annual Physical Examination,Dr. Ana Lopez,Annual Physical Examination
2024-04-06,Adult,Male,Blood Chemistry,Laboratory,"Rafael Torres, RMT",Laboratory
2024-04-06,Adult,Male,Dermatitis and Allergy,Clinic,Dr. Ana Lopez,Check-up
2024-04-06,Child,Female,Fecalysis,Laboratory,"Angela Reyes, RMT",Laboratory
2024-04-06,Child,Female,Fever,Clinic,Dr. Ana Lopez,Check-up
2024-04-06,Adult,Male,Fever,Clinic,Dr. Camille Tan,Check-up
2024-04-06,Child,Female,Gastritis,Clinic,Dr. Elena Bautista,Check-up
2024-04-06,Adult,Female,Hypertension Monitoring,Clinic,Dr. Victor Manuel,Check-up
2024-04-06,Adult,Male,Lipid Profile,Laboratory,"Patricia Mendoza, RMT",Laboratory
2024-04-06,Adult,Female,Pregnancy Test,Laboratory,"Patricia Mendoza, RMT",Laboratory
2024-04-06,Child,Female,Routine Medical Consultation,Clinic,Dr. Camille Tan,Check-up
2024-04-07,Adult,Female,Dermatitis and Allergy,Clinic,Dr. Camille Tan,Check-up
2024-04-07,Adult,Female,Fecalysis,Laboratory,"Carlo Navarro, RMT",Laboratory
2024-04-07,Adult,Male,Home Service Laboratory,Home Service,"Rafael Torres, RMT",Home Service
2024-04-07,Adult,Female,Ultrasound,Radiology,Dr. Henry Ong,Imaging
2024-04-08,Child,Female,Blood Chemistry,Laboratory,"Joanna Lim, RMT",Laboratory
2024-04-08,Adult,Female,Complete Blood Count,Laboratory,"Patricia Mendoza, RMT",Laboratory
2024-04-08,Adult,Male,Complete Blood Count,Laboratory,"Angela Reyes, RMT",Laboratory
2024-04-08,Child,Female,Gastritis,Clinic,Dr. Victor Manuel,Check-up
2024-04-08,Adult,Female,Hypertension Monitoring,Clinic,Dr. Victor Manuel,Check-up
2024-04-09,Adult,Female,Asthma Monitoring,Clinic,Dr. Elena Bautista,Check-up
2024-04-09,Adult,Male,Complete Blood Count,Laboratory,"Angela Reyes, RMT",Laboratory
2024-04-09,Senior,Female,Dermatitis and Allergy,Clinic,Dr. Ana Lopez,Check-up
2024-04-09,Child,Male,Dermatitis and Allergy,Clinic,Dr. Miguel Fernandez,Check-up
2024-04-09,Adult,Female,Fever,Clinic,Dr. Ana Lopez,Check-up
2024-04-09,Adult,Male,Ultrasound,Radiology,Dr. Andrea Sy,Imaging
2024-04-09,Adult,Male,Urinalysis,Laboratory,"Joanna Lim, RMT",Laboratory
2024-04-09,Adult,Female,Urinary Tract Infection,Clinic,Dr. Paolo Rivera,Check-up
2024-04-10,Adult,Female,2D Echo,Cardiology,Dr. Camille Tan,Cardiology
2024-04-10,Adult,Male,Abdominal Pain,Clinic,Dr. Elena Bautista,Check-up
2024-04-10,Child,Female,Blood Chemistry,Laboratory,"Mark Villanueva, RMT",Laboratory
2024-04-10,Adult,Male,Complete Blood Count,Laboratory,"Joanna Lim, RMT",Laboratory
2024-04-10,Child,Female,Fever,Clinic,Dr. Ana Lopez,Check-up
2024-04-10,Adult,Male,Lipid Profile,Laboratory,"Angela Reyes, RMT",Laboratory
2024-04-10,Adult,Female,Lipid Profile,Laboratory,"Angela Reyes, RMT",Laboratory
2024-04-10,Adult,Male,Pregnancy Test,Laboratory,"Mark Villanueva, RMT",Laboratory
2024-04-10,Adult,Female,Preventive Health Check-up,Clinic,Dr. Camille Tan,Check-up
2024-04-10,Adult,Male,Ultrasound,Radiology,Dr. Sofia Mercado,Imaging
2024-04-10,Adult,Male,Upper Respiratory Infection,Clinic,Dr. Paolo Rivera,Check-up
2024-04-11,Senior,Female,2D Echo,Cardiology,Dr. Ana Lopez,Cardiology
2024-04-11,Adult,Male,Abdominal Pain,Clinic,Dr. Victor Manuel,Check-up
2024-04-11,Adult,Male,Annual Physical Examination,Annual Physical Examination,Dr. Camille Tan,Annual Physical Examination
2024-04-11,Adult,Female,Blood Chemistry,Laboratory,"Angela Reyes, RMT",Laboratory
2024-04-11,Adult,Female,Diabetes Mellitus Monitoring,Clinic,Dr. Victor Manuel,Check-up
2024-04-11,Adult,Male,Drug Testing,Drug Testing,"Carlo Navarro, RMT",Drug Testing
2024-04-11,Adult,Female,Pre-Employment Medical Exam,Clinic,Dr. Paolo Rivera,Pre-Employment Checkup
2024-04-11,Child,Female,SGPT,Laboratory,"Mark Villanueva, RMT",Laboratory
2024-04-11,Adult,Female,Thyroid Function Test,Laboratory,"Joanna Lim, RMT",Laboratory
2024-04-11,Adult,Male,Ultrasound,Radiology,Dr. Henry Ong,Imaging
2024-04-11,Child,Male,Upper Respiratory Infection,Clinic,Dr. Ana Lopez,Check-up
2024-04-11,Senior,Female,Upper Respiratory Infection,Clinic,Dr. Paolo Rivera,Check-up
2024-04-11,Senior,Male,Urinalysis,Laboratory,"Carlo Navarro, RMT",Laboratory
2024-04-12,Adult,Male,Annual Physical Examination,Annual Physical Examination,Dr. Paolo Rivera,Annual Physical Examination
2024-04-12,Adult,Female,Annual Physical Examination,Annual Physical Examination,Dr. Ana Lopez,Annual Physical Examination
2024-04-12,Child,Male,Dermatitis and Allergy,Clinic,Dr. Miguel Fernandez,Check-up
2024-04-12,Adult,Female,Diabetes Mellitus Monitoring,Clinic,Dr. Elena Bautista,Check-up
2024-04-12,Child,Male,Gastritis,Clinic,Dr. Elena Bautista,Check-up
2024-04-12,Adult,Male,Hypertension Monitoring,Clinic,Dr. Victor Manuel,Check-up
2024-04-12,Adult,Female,Urinalysis,Laboratory,"Mark Villanueva, RMT",Laboratory
2024-04-12,Adult,Male,Urinary Tract Infection,Clinic,Dr. Ana Lopez,Check-up
2024-04-13,Adult,Female,Chest X-ray,Radiology,Dr. Sofia Mercado,Imaging
2024-04-13,Adult,Female,Complete Blood Count,Laboratory,"Rafael Torres, RMT",Laboratory
2024-04-13,Adult,Male,Diabetes Mellitus Monitoring,Clinic,Dr. Victor Manuel,Check-up
2024-04-13,Adult,Female,Fasting Blood Sugar,Laboratory,"Angela Reyes, RMT",Laboratory
2024-04-13,Senior,Male,Fecalysis,Laboratory,"Rafael Torres, RMT",Laboratory
2024-04-13,Adult,Male,Ultrasound,Radiology,Dr. Henry Ong,Imaging
2024-04-13,Adult,Male,Upper Respiratory Infection,Clinic,Dr. Paolo Rivera,Check-up
2024-04-14,Adult,Female,Chest X-ray,Radiology,Dr. Henry Ong,Imaging
2024-04-14,Adult,Female,Creatinine,Laboratory,"Angela Reyes, RMT",Laboratory
2024-04-14,Adult,Male,Gastritis,Clinic,Dr. Elena Bautista,Check-up
2024-04-14,Adult,Female,Gastritis,Clinic,Dr. Elena Bautista,Check-up
2024-04-14,Adult,Male,Headache,Clinic,Dr. Miguel Fernandez,Check-up
2024-04-14,Senior,Male,Home Service Laboratory,Home Service,"Angela Reyes, RMT",Home Service
2024-04-14,Adult,Female,Pregnancy Test,Laboratory,"Patricia Mendoza, RMT",Laboratory
2024-04-14,Adult,Female,Ultrasound,Radiology,Dr. Andrea Sy,Imaging
2024-04-14,Adult,Male,Upper Respiratory Infection,Clinic,Dr. Miguel Fernandez,Check-up
2024-04-15,Adult,Male,Annual Physical Examination,Annual Physical Examination,Dr. Miguel Fernandez,Annual Physical Examination
2024-04-15,Adult,Male,Asthma Monitoring,Clinic,Dr. Victor Manuel,Check-up
2024-04-15,Senior,Female,Hypertension Monitoring,Clinic,Dr. Victor Manuel,Check-up
2024-04-15,Adult,Male,Routine Medical Consultation,Clinic,Dr. Paolo Rivera,Check-up
2024-04-15,Adult,Male,Thyroid Function Test,Laboratory,"Joanna Lim, RMT",Laboratory
2024-04-15,Senior,Female,Urinalysis,Laboratory,"Mark Villanueva, RMT",Laboratory
2024-04-16,Adult,Female,Chest X-ray,Radiology,Dr. Sofia Mercado,Imaging
2024-04-16,Senior,Male,Diabetes Mellitus Monitoring,Clinic,Dr. Victor Manuel,Check-up
2024-04-16,Adult,Male,Lipid Profile,Laboratory,"Joanna Lim, RMT",Laboratory
2024-04-17,Adult,Female,Abdominal Pain,Clinic,Dr. Elena Bautista,Check-up
2024-04-17,Adult,Female,Blood Chemistry,Laboratory,"Angela Reyes, RMT",Laboratory
2024-04-17,Adult,Male,Creatinine,Laboratory,"Carlo Navarro, RMT",Laboratory
2024-04-17,Adult,Male,Fasting Blood Sugar,Laboratory,"Angela Reyes, RMT",Laboratory
2024-04-17,Adult,Female,Lipid Profile,Laboratory,"Patricia Mendoza, RMT",Laboratory
2024-04-17,Adult,Male,Thyroid Function Test,Laboratory,"Mark Villanueva, RMT",Laboratory
2024-04-17,Child,Female,Upper Respiratory Infection,Clinic,Dr. Paolo Rivera,Check-up
2024-04-18,Adult,Female,Blood Chemistry,Laboratory,"Joanna Lim, RMT",Laboratory
2024-04-18,Senior,Male,Blood Chemistry,Laboratory,"Joanna Lim, RMT",Laboratory
2024-04-18,Child,Male,Creatinine,Laboratory,"Joanna Lim, RMT",Laboratory
2024-04-18,Adult,Female,Creatinine,Laboratory,"Angela Reyes, RMT",Laboratory
2024-04-18,Senior,Female,Creatinine,Laboratory,"Rafael Torres, RMT",Laboratory
2024-04-18,Adult,Male,Drug Testing,Drug Testing,"Mark Villanueva, RMT",Drug Testing
2024-04-18,Adult,Male,Hepatitis Screening,Laboratory,"Rafael Torres, RMT",Laboratory
2024-04-18,Adult,Female,Hypertension Monitoring,Clinic,Dr. Elena Bautista,Check-up
2024-04-18,Adult,Female,Hypertension Monitoring,Clinic,Dr. Victor Manuel,Check-up
2024-04-18,Senior,Male,Hypertension Monitoring,Clinic,Dr. Victor Manuel,Check-up
2024-04-18,Adult,Female,Pregnancy Test,Laboratory,"Carlo Navarro, RMT",Laboratory
2024-04-18,Adult,Male,Routine Medical Consultation,Clinic,Dr. Ana Lopez,Check-up
2024-04-18,Adult,Female,Upper Respiratory Infection,Clinic,Dr. Camille Tan,Check-up
2024-04-18,Adult,Male,Urinary Tract Infection,Clinic,Dr. Miguel Fernandez,Check-up
2024-04-19,Adult,Female,Annual Physical Examination,Annual Physical Examination,Dr. Paolo Rivera,Annual Physical Examination
2024-04-19,Child,Male,Dermatitis and Allergy,Clinic,Dr. Miguel Fernandez,Check-up
2024-04-19,Senior,Male,Fasting Blood Sugar,Laboratory,"Patricia Mendoza, RMT",Laboratory
2024-04-19,Adult,Female,Pregnancy Test,Laboratory,"Angela Reyes, RMT",Laboratory
2024-04-19,Adult,Female,Pregnancy Test,Laboratory,"Patricia Mendoza, RMT",Laboratory
2024-04-19,Adult,Female,Routine Medical Consultation,Clinic,Dr. Camille Tan,Check-up
2024-04-19,Adult,Male,Upper Respiratory Infection,Clinic,Dr. Paolo Rivera,Check-up
2024-04-20,Adult,Female,Blood Chemistry,Laboratory,"Joanna Lim, RMT",Laboratory
2024-04-20,Child,Female,Creatinine,Laboratory,"Angela Reyes, RMT",Laboratory
2024-04-20,Adult,Male,Drug Testing,Drug Testing,"Carlo Navarro, RMT",Drug Testing
2024-04-20,Adult,Female,Fecalysis,Laboratory,"Angela Reyes, RMT",Laboratory
2024-04-20,Adult,Male,Home Service Laboratory,Home Service,"Patricia Mendoza, RMT",Home Service
2024-04-20,Adult,Male,Pregnancy Test,Laboratory,"Carlo Navarro, RMT",Laboratory
2024-04-21,Child,Female,Chest X-ray,Radiology,Dr. Andrea Sy,Imaging
2024-04-21,Adult,Female,Dermatitis and Allergy,Clinic,Dr. Miguel Fernandez,Check-up
2024-04-21,Child,Female,Dermatitis and Allergy,Clinic,Dr. Ana Lopez,Check-up
2024-04-21,Senior,Female,Ultrasound,Radiology,Dr. Andrea Sy,Imaging
2024-04-21,Senior,Female,Urinalysis,Laboratory,"Rafael Torres, RMT",Laboratory
2024-04-22,Adult,Male,Creatinine,Laboratory,"Carlo Navarro, RMT",Laboratory
2024-04-22,Child,Female,Fasting Blood Sugar,Laboratory,"Joanna Lim, RMT",Laboratory
2024-04-22,Senior,Female,Hypertension Monitoring,Clinic,Dr. Elena Bautista,Check-up
2024-04-22,Adult,Female,SGPT,Laboratory,"Rafael Torres, RMT",Laboratory
2024-04-22,Adult,Female,SGPT,Laboratory,"Carlo Navarro, RMT",Laboratory
2024-04-23,Adult,Male,Headache,Clinic,Dr. Paolo Rivera,Check-up
2024-04-23,Child,Female,Lipid Profile,Laboratory,"Rafael Torres, RMT",Laboratory
2024-04-23,Adult,Female,Pre-Employment Medical Exam,Clinic,Dr. Ana Lopez,Pre-Employment Checkup
2024-04-23,Adult,Female,Pregnancy Test,Laboratory,"Mark Villanueva, RMT",Laboratory
2024-04-23,Adult,Male,SGPT,Laboratory,"Joanna Lim, RMT",Laboratory
2024-04-24,Adult,Male,2D Echo,Cardiology,Dr. Paolo Rivera,Cardiology
2024-04-24,Adult,Female,Diabetes Mellitus Monitoring,Clinic,Dr. Victor Manuel,Check-up
2024-04-24,Adult,Male,Fecalysis,Laboratory,"Joanna Lim, RMT",Laboratory
2024-04-24,Adult,Male,Pregnancy Test,Laboratory,"Patricia Mendoza, RMT",Laboratory
2024-04-24,Adult,Male,Urinalysis,Laboratory,"Angela Reyes, RMT",Laboratory
2024-04-25,Child,Male,Blood Chemistry,Laboratory,"Angela Reyes, RMT",Laboratory
2024-04-25,Adult,Male,Electrocardiography,Cardiology,Dr. Ana Lopez,Cardiology
2024-04-25,Adult,Female,Fasting Blood Sugar,Laboratory,"Carlo Navarro, RMT",Laboratory
2024-04-25,Adult,Male,Urinary Tract Infection,Clinic,Dr. Paolo Rivera,Check-up
2024-04-26,Child,Female,Abdominal Pain,Clinic,Dr. Elena Bautista,Check-up
2024-04-26,Child,Male,Dermatitis and Allergy,Clinic,Dr. Camille Tan,Check-up
2024-04-26,Adult,Female,Diabetes Mellitus Monitoring,Clinic,Dr. Elena Bautista,Check-up
2024-04-26,Adult,Male,Hypertension Monitoring,Clinic,Dr. Elena Bautista,Check-up
2024-04-26,Adult,Male,Urinalysis,Laboratory,"Angela Reyes, RMT",Laboratory
2024-04-26,Adult,Male,Vaccination,Clinic,Dr. Miguel Fernandez,Vaccination
2024-04-27,Adult,Female,Asthma Monitoring,Clinic,Dr. Elena Bautista,Check-up
2024-04-27,Senior,Male,Dermatitis and Allergy,Clinic,Dr. Miguel Fernandez,Check-up
2024-04-27,Adult,Female,Diabetes Mellitus Monitoring,Clinic,Dr. Elena Bautista,Check-up
2024-04-27,Adult,Female,Drug Testing,Drug Testing,"Carlo Navarro, RMT",Drug Testing
2024-04-27,Adult,Female,Fever,Clinic,Dr. Paolo Rivera,Check-up
2024-04-27,Adult,Female,Home Service Laboratory,Home Service,"Angela Reyes, RMT",Home Service
2024-04-27,Senior,Male,Preventive Health Check-up,Clinic,Dr. Camille Tan,Check-up
2024-04-27,Senior,Male,Thyroid Function Test,Laboratory,"Rafael Torres, RMT",Laboratory
2024-04-27,Senior,Male,Urinalysis,Laboratory,"Rafael Torres, RMT",Laboratory
2024-04-28,Adult,Male,Asthma Monitoring,Clinic,Dr. Victor Manuel,Check-up
2024-04-28,Child,Male,Fasting Blood Sugar,Laboratory,"Joanna Lim, RMT",Laboratory
2024-04-28,Adult,Male,Gastritis,Clinic,Dr. Victor Manuel,Check-up
2024-04-28,Senior,Female,Hepatitis Screening,Laboratory,"Patricia Mendoza, RMT",Laboratory
2024-04-28,Adult,Male,Hypertension Monitoring,Clinic,Dr. Elena Bautista,Check-up
2024-04-28,Adult,Female,Lipid Profile,Laboratory,"Rafael Torres, RMT",Laboratory
2024-04-29,Adult,Female,Asthma Monitoring,Clinic,Dr. Victor Manuel,Check-up
2024-04-29,Adult,Female,Creatinine,Laboratory,"Mark Villanueva, RMT",Laboratory
2024-04-29,Senior,Male,Diabetes Mellitus Monitoring,Clinic,Dr. Elena Bautista,Check-up
2024-04-29,Adult,Male,Electrocardiography,Cardiology,Dr. Miguel Fernandez,Cardiology
2024-04-29,Child,Male,Fasting Blood Sugar,Laboratory,"Carlo Navarro, RMT",Laboratory
2024-04-29,Senior,Female,Fever,Clinic,Dr. Miguel Fernandez,Check-up
2024-04-29,Child,Female,Gastritis,Clinic,Dr. Victor Manuel,Check-up
2024-04-29,Adult,Female,SGPT,Laboratory,"Angela Reyes, RMT",Laboratory
2024-04-29,Adult,Female,Urinary Tract Infection,Clinic,Dr. Camille Tan,Check-up
2024-04-29,Senior,Female,Vascular Study,Radiology,Dr. Henry Ong,Imaging
2024-04-30,Adult,Male,2D Echo,Cardiology,Dr. Camille Tan,Cardiology
2024-04-30,Adult,Female,Creatinine,Laboratory,"Carlo Navarro, RMT",Laboratory
2024-04-30,Adult,Male,Dermatitis and Allergy,Clinic,Dr. Camille Tan,Check-up
2024-04-30,Adult,Male,Dermatitis and Allergy,Clinic,Dr. Paolo Rivera,Check-up
2024-04-30,Senior,Female,Hypertension Monitoring,Clinic,Dr. Elena Bautista,Check-up
2024-04-30,Adult,Female,SGPT,Laboratory,"Mark Villanueva, RMT",Laboratory
2024-04-30,Child,Male,Urinalysis,Laboratory,"Patricia Mendoza, RMT",Laboratory
2024-05-01,Adult,Female,Asthma Monitoring,Clinic,Dr. Elena Bautista,Check-up
2024-05-01,Child,Male,Blood Chemistry,Laboratory,"Mark Villanueva, RMT",Laboratory
2024-05-01,Senior,Male,Diabetes Mellitus Monitoring,Clinic,Dr. Victor Manuel,Check-up
2024-05-01,Adult,Male,Drug Testing,Drug Testing,"Carlo Navarro, RMT",Drug Testing
2024-05-01,Adult,Female,Fasting Blood Sugar,Laboratory,"Carlo Navarro, RMT",Laboratory
2024-05-01,Child,Male,Gastritis,Clinic,Dr. Elena Bautista,Check-up
2024-05-01,Adult,Male,Lipid Profile,Laboratory,"Joanna Lim, RMT",Laboratory
2024-05-01,Adult,Female,Preventive Health Check-up,Clinic,Dr. Paolo Rivera,Check-up
2024-05-01,Child,Female,Upper Respiratory Infection,Clinic,Dr. Miguel Fernandez,Check-up
2024-05-01,Adult,Male,Urinalysis,Laboratory,"Angela Reyes, RMT",Laboratory
2024-05-01,Adult,Female,Vascular Study,Radiology,Dr. Andrea Sy,Imaging
2024-05-02,Senior,Male,Lipid Profile,Laboratory,"Angela Reyes, RMT",Laboratory
2024-05-02,Adult,Female,Urinary Tract Infection,Clinic,Dr. Miguel Fernandez,Check-up
2024-05-03,Adult,Male,Chest X-ray,Radiology,Dr. Sofia Mercado,Imaging
2024-05-03,Child,Female,Dermatitis and Allergy,Clinic,Dr. Miguel Fernandez,Check-up
2024-05-03,Senior,Male,Diabetes Mellitus Monitoring,Clinic,Dr. Victor Manuel,Check-up
2024-05-03,Adult,Male,Gastritis,Clinic,Dr. Victor Manuel,Check-up
2024-05-03,Adult,Male,Headache,Clinic,Dr. Ana Lopez,Check-up
2024-05-03,Child,Male,Headache,Clinic,Dr. Miguel Fernandez,Check-up
2024-05-03,Adult,Male,Hypertension Monitoring,Clinic,Dr. Victor Manuel,Check-up
2024-05-03,Adult,Male,Pre-Employment Medical Exam,Clinic,Dr. Miguel Fernandez,Pre-Employment Checkup
2024-05-03,Adult,Female,Pregnancy Test,Laboratory,"Carlo Navarro, RMT",Laboratory
2024-05-03,Adult,Male,Vaccination,Clinic,Dr. Ana Lopez,Vaccination
2024-05-04,Senior,Female,Diabetes Mellitus Monitoring,Clinic,Dr. Elena Bautista,Check-up
2024-05-04,Adult,Female,Headache,Clinic,Dr. Paolo Rivera,Check-up
2024-05-04,Adult,Male,Lipid Profile,Laboratory,"Carlo Navarro, RMT",Laboratory
2024-05-04,Adult,Male,Pre-Employment Medical Exam,Clinic,Dr. Paolo Rivera,Pre-Employment Checkup
2024-05-04,Adult,Female,Pre-Employment Medical Exam,Clinic,Dr. Miguel Fernandez,Pre-Employment Checkup
2024-05-04,Adult,Male,Urinalysis,Laboratory,"Patricia Mendoza, RMT",Laboratory
2024-05-04,Child,Female,Vaccination,Clinic,Dr. Paolo Rivera,Vaccination
2024-05-05,Adult,Female,2D Echo,Cardiology,Dr. Miguel Fernandez,Cardiology
2024-05-05,Adult,Male,Asthma Monitoring,Clinic,Dr. Elena Bautista,Check-up
2024-05-05,Adult,Female,Diabetes Mellitus Monitoring,Clinic,Dr. Victor Manuel,Check-up
2024-05-05,Senior,Male,Hypertension Monitoring,Clinic,Dr. Victor Manuel,Check-up
2024-05-05,Adult,Female,Hypertension Monitoring,Clinic,Dr. Victor Manuel,Check-up
2024-05-05,Adult,Male,Pre-Employment Medical Exam,Clinic,Dr. Camille Tan,Pre-Employment Checkup
2024-05-05,Adult,Male,Preventive Health Check-up,Clinic,Dr. Paolo Rivera,Check-up
2024-05-05,Adult,Female,SGPT,Laboratory,"Rafael Torres, RMT",Laboratory
2024-05-05,Adult,Female,Ultrasound,Radiology,Dr. Sofia Mercado,Imaging
2024-05-05,Adult,Female,Upper Respiratory Infection,Clinic,Dr. Miguel Fernandez,Check-up
2024-05-05,Adult,Female,Urinalysis,Laboratory,"Patricia Mendoza, RMT",Laboratory
2024-05-05,Child,Male,Vaccination,Clinic,Dr. Camille Tan,Vaccination
2024-05-06,Adult,Female,Asthma Monitoring,Clinic,Dr. Elena Bautista,Check-up
2024-05-06,Adult,Male,Chest X-ray,Radiology,Dr. Henry Ong,Imaging
2024-05-06,Child,Female,Gastritis,Clinic,Dr. Victor Manuel,Check-up
2024-05-06,Adult,Male,Hypertension Monitoring,Clinic,Dr. Victor Manuel,Check-up
2024-05-06,Senior,Female,Hypertension Monitoring,Clinic,Dr. Victor Manuel,Check-up
2024-05-06,Adult,Female,Pre-Employment Medical Exam,Clinic,Dr. Miguel Fernandez,Pre-Employment Checkup
2024-05-06,Adult,Female,Thyroid Function Test,Laboratory,"Angela Reyes, RMT",Laboratory
2024-05-06,Adult,Female,Upper Respiratory Infection,Clinic,Dr. Miguel Fernandez,Check-up
2024-05-06,Adult,Female,Urinalysis,Laboratory,"Patricia Mendoza, RMT",Laboratory
2024-05-06,Adult,Male,Urinalysis,Laboratory,"Patricia Mendoza, RMT",Laboratory
2024-05-07,Adult,Female,Chest X-ray,Radiology,Dr. Henry Ong,Imaging
2024-05-07,Adult,Male,Diabetes Mellitus Monitoring,Clinic,Dr. Victor Manuel,Check-up
2024-05-07,Adult,Female,Drug Testing,Drug Testing,"Joanna Lim, RMT",Drug Testing
2024-05-07,Senior,Female,Electrocardiography,Cardiology,Dr. Ana Lopez,Cardiology
2024-05-07,Senior,Male,Fecalysis,Laboratory,"Carlo Navarro, RMT",Laboratory
2024-05-07,Adult,Male,Hepatitis Screening,Laboratory,"Patricia Mendoza, RMT",Laboratory
2024-05-07,Child,Female,Home Service Laboratory,Home Service,"Angela Reyes, RMT",Home Service
2024-05-07,Adult,Female,Pre-Employment Medical Exam,Clinic,Dr. Ana Lopez,Pre-Employment Checkup
2024-05-07,Senior,Male,Urinalysis,Laboratory,"Angela Reyes, RMT",Laboratory
2024-05-07,Senior,Female,Vascular Study,Radiology,Dr. Andrea Sy,Imaging
2024-05-08,Adult,Female,Creatinine,Laboratory,"Mark Villanueva, RMT",Laboratory
2024-05-08,Child,Male,Creatinine,Laboratory,"Patricia Mendoza, RMT",Laboratory
2024-05-08,Adult,Male,Electrocardiography,Cardiology,Dr. Ana Lopez,Cardiology
2024-05-08,Child,Male,Fasting Blood Sugar,Laboratory,"Rafael Torres, RMT",Laboratory
2024-05-08,Senior,Female,Hypertension Monitoring,Clinic,Dr. Elena Bautista,Check-up
2024-05-09,Adult,Male,Abdominal Pain,Clinic,Dr. Elena Bautista,Check-up
2024-05-09,Adult,Male,Dermatitis and Allergy,Clinic,Dr. Camille Tan,Check-up
2024-05-09,Adult,Female,Dermatitis and Allergy,Clinic,Dr. Paolo Rivera,Check-up
2024-05-09,Adult,Female,Fever,Clinic,Dr. Miguel Fernandez,Check-up
2024-05-09,Senior,Male,Hypertension Monitoring,Clinic,Dr. Elena Bautista,Check-up
2024-05-09,Adult,Female,Pregnancy Test,Laboratory,"Joanna Lim, RMT",Laboratory
2024-05-09,Adult,Female,Thyroid Function Test,Laboratory,"Carlo Navarro, RMT",Laboratory
2024-05-09,Senior,Female,Ultrasound,Radiology,Dr. Sofia Mercado,Imaging
2024-05-10,Adult,Female,Fever,Clinic,Dr. Ana Lopez,Check-up
2024-05-10,Adult,Male,Pregnancy Test,Laboratory,"Mark Villanueva, RMT",Laboratory
2024-05-10,Child,Female,Thyroid Function Test,Laboratory,"Mark Villanueva, RMT",Laboratory
2024-05-11,Adult,Female,Fasting Blood Sugar,Laboratory,"Carlo Navarro, RMT",Laboratory
2024-05-11,Adult,Female,Headache,Clinic,Dr. Camille Tan,Check-up
2024-05-11,Adult,Female,Pregnancy Test,Laboratory,"Mark Villanueva, RMT",Laboratory
2024-05-11,Senior,Female,Routine Medical Consultation,Clinic,Dr. Paolo Rivera,Check-up
2024-05-11,Senior,Male,Urinalysis,Laboratory,"Mark Villanueva, RMT",Laboratory
2024-05-12,Adult,Male,Chest X-ray,Radiology,Dr. Andrea Sy,Imaging
2024-05-12,Adult,Male,Creatinine,Laboratory,"Carlo Navarro, RMT",Laboratory
2024-05-12,Adult,Male,Drug Testing,Drug Testing,"Patricia Mendoza, RMT",Drug Testing
2024-05-12,Adult,Male,Electrocardiography,Cardiology,Dr. Paolo Rivera,Cardiology
2024-05-13,Adult,Female,Chest X-ray,Radiology,Dr. Henry Ong,Imaging
2024-05-13,Adult,Female,Complete Blood Count,Laboratory,"Rafael Torres, RMT",Laboratory
2024-05-13,Adult,Male,Hepatitis Screening,Laboratory,"Angela Reyes, RMT",Laboratory
2024-05-13,Adult,Male,SGPT,Laboratory,"Patricia Mendoza, RMT",Laboratory
2024-05-13,Adult,Male,Urinary Tract Infection,Clinic,Dr. Ana Lopez,Check-up
2024-05-14,Child,Male,Abdominal Pain,Clinic,Dr. Victor Manuel,Check-up
2024-05-14,Senior,Female,Asthma Monitoring,Clinic,Dr. Elena Bautista,Check-up
2024-05-14,Child,Female,Chest X-ray,Radiology,Dr. Henry Ong,Imaging
2024-05-14,Adult,Male,Drug Testing,Drug Testing,"Joanna Lim, RMT",Drug Testing
2024-05-14,Adult,Female,Drug Testing,Drug Testing,"Rafael Torres, RMT",Drug Testing
2024-05-14,Adult,Female,Fecalysis,Laboratory,"Carlo Navarro, RMT",Laboratory
2024-05-14,Senior,Male,Gastritis,Clinic,Dr. Victor Manuel,Check-up
2024-05-14,Adult,Male,Pre-Employment Medical Exam,Clinic,Dr. Paolo Rivera,Pre-Employment Checkup
2024-05-14,Adult,Female,Routine Medical Consultation,Clinic,Dr. Paolo Rivera,Check-up
2024-05-14,Adult,Male,SGPT,Laboratory,"Carlo Navarro, RMT",Laboratory
2024-05-14,Adult,Male,Upper Respiratory Infection,Clinic,Dr. Ana Lopez,Check-up
2024-05-14,Adult,Female,Upper Respiratory Infection,Clinic,Dr. Miguel Fernandez,Check-up
2024-05-15,Adult,Female,Chest X-ray,Radiology,Dr. Sofia Mercado,Imaging
2024-05-15,Adult,Female,Complete Blood Count,Laboratory,"Mark Villanueva, RMT",Laboratory
2024-05-15,Adult,Male,Electrocardiography,Cardiology,Dr. Miguel Fernandez,Cardiology
2024-05-15,Adult,Female,Preventive Health Check-up,Clinic,Dr. Camille Tan,Check-up
2024-05-15,Child,Male,SGPT,Laboratory,"Joanna Lim, RMT",Laboratory
2024-05-15,Adult,Male,Ultrasound,Radiology,Dr. Henry Ong,Imaging
2024-05-15,Adult,Male,Upper Respiratory Infection,Clinic,Dr. Ana Lopez,Check-up
2024-05-16,Senior,Male,Annual Physical Examination,Annual Physical Examination,Dr. Ana Lopez,Annual Physical Examination
2024-05-16,Senior,Female,Dermatitis and Allergy,Clinic,Dr. Ana Lopez,Check-up
2024-05-16,Senior,Male,Diabetes Mellitus Monitoring,Clinic,Dr. Victor Manuel,Check-up
2024-05-16,Adult,Female,Diabetes Mellitus Monitoring,Clinic,Dr. Elena Bautista,Check-up
2024-05-16,Adult,Female,Drug Testing,Drug Testing,"Mark Villanueva, RMT",Drug Testing
2024-05-16,Adult,Male,Fecalysis,Laboratory,"Patricia Mendoza, RMT",Laboratory
2024-05-16,Child,Male,Fever,Clinic,Dr. Miguel Fernandez,Check-up
2024-05-16,Adult,Male,Home Service Laboratory,Home Service,"Rafael Torres, RMT",Home Service
2024-05-17,Adult,Female,2D Echo,Cardiology,Dr. Miguel Fernandez,Cardiology
2024-05-17,Child,Female,Abdominal Pain,Clinic,Dr. Elena Bautista,Check-up
2024-05-17,Adult,Female,Complete Blood Count,Laboratory,"Carlo Navarro, RMT",Laboratory
2024-05-17,Child,Female,Creatinine,Laboratory,"Carlo Navarro, RMT",Laboratory
2024-05-17,Adult,Male,Urinalysis,Laboratory,"Patricia Mendoza, RMT",Laboratory
2024-05-17,Child,Male,Urinary Tract Infection,Clinic,Dr. Camille Tan,Check-up
2024-05-17,Child,Female,Vaccination,Clinic,Dr. Paolo Rivera,Vaccination
2024-05-18,Adult,Male,Annual Physical Examination,Annual Physical Examination,Dr. Miguel Fernandez,Annual Physical Examination
2024-05-18,Adult,Female,Diabetes Mellitus Monitoring,Clinic,Dr. Elena Bautista,Check-up
2024-05-18,Adult,Female,Drug Testing,Drug Testing,"Carlo Navarro, RMT",Drug Testing
2024-05-18,Adult,Male,Fasting Blood Sugar,Laboratory,"Mark Villanueva, RMT",Laboratory
2024-05-18,Adult,Female,Fasting Blood Sugar,Laboratory,"Mark Villanueva, RMT",Laboratory
2024-05-18,Adult,Male,Gastritis,Clinic,Dr. Victor Manuel,Check-up
2024-05-18,Senior,Male,Hypertension Monitoring,Clinic,Dr. Victor Manuel,Check-up
2024-05-18,Adult,Male,Ultrasound,Radiology,Dr. Henry Ong,Imaging
2024-05-18,Senior,Female,Upper Respiratory Infection,Clinic,Dr. Paolo Rivera,Check-up
2024-05-19,Child,Female,Blood Chemistry,Laboratory,"Carlo Navarro, RMT",Laboratory
2024-05-19,Adult,Female,Blood Chemistry,Laboratory,"Patricia Mendoza, RMT",Laboratory
2024-05-19,Senior,Male,Blood Chemistry,Laboratory,"Patricia Mendoza, RMT",Laboratory
2024-05-19,Adult,Female,Dermatitis and Allergy,Clinic,Dr. Camille Tan,Check-up
2024-05-19,Senior,Male,Fever,Clinic,Dr. Ana Lopez,Check-up
2024-05-19,Adult,Male,Lipid Profile,Laboratory,"Patricia Mendoza, RMT",Laboratory
2024-05-19,Child,Female,Urinary Tract Infection,Clinic,Dr. Miguel Fernandez,Check-up
2024-05-20,Child,Male,Complete Blood Count,Laboratory,"Angela Reyes, RMT",Laboratory
2024-05-20,Adult,Female,Creatinine,Laboratory,"Carlo Navarro, RMT",Laboratory
2024-05-20,Senior,Female,Dermatitis and Allergy,Clinic,Dr. Ana Lopez,Check-up
2024-05-20,Senior,Male,Diabetes Mellitus Monitoring,Clinic,Dr. Elena Bautista,Check-up
2024-05-20,Adult,Male,Fecalysis,Laboratory,"Rafael Torres, RMT",Laboratory
2024-05-20,Adult,Male,Hypertension Monitoring,Clinic,Dr. Elena Bautista,Check-up
2024-05-20,Adult,Male,Pre-Employment Medical Exam,Clinic,Dr. Ana Lopez,Pre-Employment Checkup
2024-05-21,Child,Male,Asthma Monitoring,Clinic,Dr. Elena Bautista,Check-up
2024-05-21,Senior,Female,Creatinine,Laboratory,"Joanna Lim, RMT",Laboratory
2024-05-21,Senior,Male,Diabetes Mellitus Monitoring,Clinic,Dr. Victor Manuel,Check-up
2024-05-21,Child,Female,Home Service Laboratory,Home Service,"Mark Villanueva, RMT",Home Service
2024-05-21,Senior,Female,Hypertension Monitoring,Clinic,Dr. Elena Bautista,Check-up
2024-05-21,Adult,Male,Urinary Tract Infection,Clinic,Dr. Camille Tan,Check-up
2024-05-22,Adult,Female,Complete Blood Count,Laboratory,"Mark Villanueva, RMT",Laboratory
2024-05-22,Senior,Male,Creatinine,Laboratory,"Joanna Lim, RMT",Laboratory
2024-05-22,Adult,Male,Pregnancy Test,Laboratory,"Patricia Mendoza, RMT",Laboratory
2024-05-22,Adult,Female,Vascular Study,Radiology,Dr. Henry Ong,Imaging
2024-05-23,Senior,Male,2D Echo,Cardiology,Dr. Paolo Rivera,Cardiology
2024-05-23,Adult,Male,Blood Chemistry,Laboratory,"Mark Villanueva, RMT",Laboratory
2024-05-23,Adult,Male,Complete Blood Count,Laboratory,"Rafael Torres, RMT",Laboratory
2024-05-23,Adult,Female,Fasting Blood Sugar,Laboratory,"Patricia Mendoza, RMT",Laboratory
2024-05-23,Child,Male,Fever,Clinic,Dr. Paolo Rivera,Check-up
2024-05-23,Adult,Female,Routine Medical Consultation,Clinic,Dr. Miguel Fernandez,Check-up
2024-05-23,Child,Male,Urinary Tract Infection,Clinic,Dr. Ana Lopez,Check-up
2024-05-24,Adult,Male,2D Echo,Cardiology,Dr. Miguel Fernandez,Cardiology
2024-05-24,Child,Female,Blood Chemistry,Laboratory,"Rafael Torres, RMT",Laboratory
2024-05-24,Child,Female,Complete Blood Count,Laboratory,"Mark Villanueva, RMT",Laboratory
2024-05-24,Adult,Male,Drug Testing,Drug Testing,"Carlo Navarro, RMT",Drug Testing
2024-05-24,Adult,Female,Fecalysis,Laboratory,"Joanna Lim, RMT",Laboratory
2024-05-24,Senior,Female,Hypertension Monitoring,Clinic,Dr. Victor Manuel,Check-up
2024-05-24,Adult,Female,Pregnancy Test,Laboratory,"Carlo Navarro, RMT",Laboratory
2024-05-24,Child,Male,Preventive Health Check-up,Clinic,Dr. Ana Lopez,Check-up
2024-05-24,Adult,Female,Routine Medical Consultation,Clinic,Dr. Ana Lopez,Check-up
2024-05-24,Senior,Male,Vascular Study,Radiology,Dr. Henry Ong,Imaging
2024-05-25,Child,Female,Asthma Monitoring,Clinic,Dr. Victor Manuel,Check-up
2024-05-25,Adult,Male,Pre-Employment Medical Exam,Clinic,Dr. Miguel Fernandez,Pre-Employment Checkup
2024-05-25,Senior,Female,SGPT,Laboratory,"Mark Villanueva, RMT",Laboratory
2024-05-25,Adult,Male,Thyroid Function Test,Laboratory,"Angela Reyes, RMT",Laboratory
2024-05-26,Senior,Male,Annual Physical Examination,Annual Physical Examination,Dr. Ana Lopez,Annual Physical Examination
2024-05-26,Adult,Male,Asthma Monitoring,Clinic,Dr. Elena Bautista,Check-up
2024-05-26,Child,Male,Blood Chemistry,Laboratory,"Patricia Mendoza, RMT",Laboratory
2024-05-26,Adult,Male,Blood Chemistry,Laboratory,"Rafael Torres, RMT",Laboratory
2024-05-26,Senior,Female,Diabetes Mellitus Monitoring,Clinic,Dr. Victor Manuel,Check-up
2024-05-26,Senior,Female,Fasting Blood Sugar,Laboratory,"Patricia Mendoza, RMT",Laboratory
2024-05-26,Adult,Male,Hypertension Monitoring,Clinic,Dr. Elena Bautista,Check-up
2024-05-26,Child,Female,Upper Respiratory Infection,Clinic,Dr. Camille Tan,Check-up
2024-05-27,Adult,Male,Creatinine,Laboratory,"Angela Reyes, RMT",Laboratory
2024-05-27,Adult,Female,Fasting Blood Sugar,Laboratory,"Patricia Mendoza, RMT",Laboratory
2024-05-27,Child,Male,Fasting Blood Sugar,Laboratory,"Carlo Navarro, RMT",Laboratory
2024-05-27,Adult,Female,Fasting Blood Sugar,Laboratory,"Rafael Torres, RMT",Laboratory
2024-05-27,Adult,Female,Gastritis,Clinic,Dr. Victor Manuel,Check-up
2024-05-27,Adult,Male,Hypertension Monitoring,Clinic,Dr. Elena Bautista,Check-up
2024-05-27,Adult,Male,Pre-Employment Medical Exam,Clinic,Dr. Miguel Fernandez,Pre-Employment Checkup
2024-05-27,Adult,Female,Routine Medical Consultation,Clinic,Dr. Miguel Fernandez,Check-up
2024-05-27,Adult,Male,Thyroid Function Test,Laboratory,"Carlo Navarro, RMT",Laboratory
2024-05-28,Child,Female,Dermatitis and Allergy,Clinic,Dr. Camille Tan,Check-up
2024-05-28,Adult,Female,Diabetes Mellitus Monitoring,Clinic,Dr. Victor Manuel,Check-up
2024-05-28,Adult,Male,Fecalysis,Laboratory,"Carlo Navarro, RMT",Laboratory
2024-05-28,Senior,Female,Hypertension Monitoring,Clinic,Dr. Victor Manuel,Check-up
2024-05-28,Adult,Male,Lipid Profile,Laboratory,"Patricia Mendoza, RMT",Laboratory
2024-05-28,Adult,Male,Pre-Employment Medical Exam,Clinic,Dr. Ana Lopez,Pre-Employment Checkup
2024-05-28,Adult,Male,Pregnancy Test,Laboratory,"Mark Villanueva, RMT",Laboratory
2024-05-28,Adult,Male,Vaccination,Clinic,Dr. Ana Lopez,Vaccination
2024-05-29,Child,Male,Abdominal Pain,Clinic,Dr. Victor Manuel,Check-up
2024-05-29,Adult,Female,Abdominal Pain,Clinic,Dr. Victor Manuel,Check-up
2024-05-29,Senior,Female,Dermatitis and Allergy,Clinic,Dr. Paolo Rivera,Check-up
2024-05-29,Adult,Male,Diabetes Mellitus Monitoring,Clinic,Dr. Elena Bautista,Check-up
2024-05-29,Child,Male,Electrocardiography,Cardiology,Dr. Paolo Rivera,Cardiology
2024-05-29,Child,Female,Headache,Clinic,Dr. Camille Tan,Check-up
2024-05-29,Adult,Male,Hypertension Monitoring,Clinic,Dr. Victor Manuel,Check-up
2024-05-29,Adult,Female,Routine Medical Consultation,Clinic,Dr. Ana Lopez,Check-up
2024-05-29,Child,Male,Routine Medical Consultation,Clinic,Dr. Camille Tan,Check-up
2024-05-29,Senior,Female,Vascular Study,Radiology,Dr. Henry Ong,Imaging
2024-05-30,Adult,Male,Home Service Laboratory,Home Service,"Mark Villanueva, RMT",Home Service
2024-05-30,Senior,Female,Hypertension Monitoring,Clinic,Dr. Victor Manuel,Check-up
2024-05-30,Adult,Female,Lipid Profile,Laboratory,"Rafael Torres, RMT",Laboratory
2024-05-30,Child,Male,SGPT,Laboratory,"Patricia Mendoza, RMT",Laboratory
2024-05-30,Adult,Male,Urinalysis,Laboratory,"Rafael Torres, RMT",Laboratory
2024-05-30,Adult,Male,Vaccination,Clinic,Dr. Ana Lopez,Vaccination
2024-05-31,Adult,Female,Complete Blood Count,Laboratory,"Rafael Torres, RMT",Laboratory
2024-05-31,Adult,Male,Diabetes Mellitus Monitoring,Clinic,Dr. Victor Manuel,Check-up
2024-05-31,Adult,Male,Fecalysis,Laboratory,"Carlo Navarro, RMT",Laboratory
2024-05-31,Adult,Male,Hepatitis Screening,Laboratory,"Rafael Torres, RMT",Laboratory
2024-05-31,Adult,Female,Hypertension Monitoring,Clinic,Dr. Victor Manuel,Check-up
2024-05-31,Adult,Male,Pregnancy Test,Laboratory,"Carlo Navarro, RMT",Laboratory
2024-05-31,Adult,Female,Urinalysis,Laboratory,"Carlo Navarro, RMT",Laboratory
2024-06-01,Adult,Female,Chest X-ray,Radiology,Dr. Sofia Mercado,Imaging
2024-06-01,Adult,Female,Dermatitis and Allergy,Clinic,Dr. Paolo Rivera,Check-up
2024-06-01,Child,Female,Dermatitis and Allergy,Clinic,Dr. Miguel Fernandez,Check-up
2024-06-01,Senior,Female,Diabetes Mellitus Monitoring,Clinic,Dr. Victor Manuel,Check-up
2024-06-01,Adult,Female,Fasting Blood Sugar,Laboratory,"Mark Villanueva, RMT",Laboratory
2024-06-01,Adult,Male,Fecalysis,Laboratory,"Rafael Torres, RMT",Laboratory
2024-06-01,Adult,Male,Gastritis,Clinic,Dr. Victor Manuel,Check-up
2024-06-01,Adult,Female,Headache,Clinic,Dr. Miguel Fernandez,Check-up
2024-06-01,Adult,Male,Hypertension Monitoring,Clinic,Dr. Elena Bautista,Check-up
2024-06-01,Senior,Male,Upper Respiratory Infection,Clinic,Dr. Camille Tan,Check-up
2024-06-01,Adult,Male,Upper Respiratory Infection,Clinic,Dr. Camille Tan,Check-up
2024-06-02,Adult,Male,Dermatitis and Allergy,Clinic,Dr. Paolo Rivera,Check-up
2024-06-02,Adult,Female,Fasting Blood Sugar,Laboratory,"Rafael Torres, RMT",Laboratory
2024-06-02,Adult,Female,Fecalysis,Laboratory,"Angela Reyes, RMT",Laboratory
2024-06-02,Adult,Female,Lipid Profile,Laboratory,"Angela Reyes, RMT",Laboratory
2024-06-02,Adult,Male,Pre-Employment Medical Exam,Clinic,Dr. Miguel Fernandez,Pre-Employment Checkup
2024-06-02,Adult,Female,Routine Medical Consultation,Clinic,Dr. Ana Lopez,Check-up
2024-06-02,Adult,Female,Routine Medical Consultation,Clinic,Dr. Miguel Fernandez,Check-up
2024-06-02,Adult,Male,Ultrasound,Radiology,Dr. Henry Ong,Imaging
2024-06-02,Child,Female,Upper Respiratory Infection,Clinic,Dr. Miguel Fernandez,Check-up
2024-06-03,Adult,Male,Fever,Clinic,Dr. Ana Lopez,Check-up
2024-06-03,Adult,Female,Pregnancy Test,Laboratory,"Carlo Navarro, RMT",Laboratory
2024-06-03,Adult,Female,SGPT,Laboratory,"Joanna Lim, RMT",Laboratory
2024-06-04,Child,Male,Headache,Clinic,Dr. Camille Tan,Check-up
2024-06-04,Adult,Male,Lipid Profile,Laboratory,"Mark Villanueva, RMT",Laboratory
2024-06-04,Child,Female,Lipid Profile,Laboratory,"Joanna Lim, RMT",Laboratory
2024-06-04,Adult,Male,Pregnancy Test,Laboratory,"Angela Reyes, RMT",Laboratory
2024-06-04,Adult,Female,Upper Respiratory Infection,Clinic,Dr. Ana Lopez,Check-up
2024-06-04,Adult,Female,Urinalysis,Laboratory,"Joanna Lim, RMT",Laboratory
2024-06-04,Child,Male,Urinalysis,Laboratory,"Patricia Mendoza, RMT",Laboratory
2024-06-04,Child,Female,Vaccination,Clinic,Dr. Camille Tan,Vaccination
2024-06-04,Senior,Male,Vascular Study,Radiology,Dr. Henry Ong,Imaging
2024-06-05,Senior,Male,Blood Chemistry,Laboratory,"Carlo Navarro, RMT",Laboratory
2024-06-05,Adult,Female,Complete Blood Count,Laboratory,"Rafael Torres, RMT",Laboratory
2024-06-05,Adult,Male,Complete Blood Count,Laboratory,"Angela Reyes, RMT",Laboratory
2024-06-05,Adult,Male,Creatinine,Laboratory,"Rafael Torres, RMT",Laboratory
2024-06-05,Adult,Male,Dermatitis and Allergy,Clinic,Dr. Paolo Rivera,Check-up
2024-06-05,Senior,Male,Diabetes Mellitus Monitoring,Clinic,Dr. Victor Manuel,Check-up
2024-06-05,Adult,Female,Drug Testing,Drug Testing,"Mark Villanueva, RMT",Drug Testing
2024-06-05,Adult,Female,Fecalysis,Laboratory,"Angela Reyes, RMT",Laboratory
2024-06-05,Adult,Female,Fever,Clinic,Dr. Miguel Fernandez,Check-up
2024-06-05,Adult,Male,Gastritis,Clinic,Dr. Elena Bautista,Check-up
2024-06-05,Child,Female,Gastritis,Clinic,Dr. Victor Manuel,Check-up
2024-06-05,Senior,Male,Hypertension Monitoring,Clinic,Dr. Elena Bautista,Check-up
2024-06-05,Adult,Female,Pregnancy Test,Laboratory,"Patricia Mendoza, RMT",Laboratory
2024-06-05,Adult,Female,Upper Respiratory Infection,Clinic,Dr. Ana Lopez,Check-up
2024-06-06,Child,Male,Asthma Monitoring,Clinic,Dr. Elena Bautista,Check-up
2024-06-06,Adult,Female,Fasting Blood Sugar,Laboratory,"Patricia Mendoza, RMT",Laboratory
2024-06-06,Adult,Female,Hypertension Monitoring,Clinic,Dr. Elena Bautista,Check-up
2024-06-07,Adult,Female,Complete Blood Count,Laboratory,"Mark Villanueva, RMT",Laboratory
2024-06-07,Child,Female,Dermatitis and Allergy,Clinic,Dr. Camille Tan,Check-up
2024-06-07,Adult,Female,Drug Testing,Drug Testing,"Rafael Torres, RMT",Drug Testing
2024-06-07,Adult,Male,Electrocardiography,Cardiology,Dr. Paolo Rivera,Cardiology
2024-06-07,Adult,Male,Fecalysis,Laboratory,"Patricia Mendoza, RMT",Laboratory
2024-06-07,Adult,Male,Gastritis,Clinic,Dr. Elena Bautista,Check-up
2024-06-07,Child,Male,Hepatitis Screening,Laboratory,"Angela Reyes, RMT",Laboratory
2024-06-07,Adult,Female,Pre-Employment Medical Exam,Clinic,Dr. Camille Tan,Pre-Employment Checkup
2024-06-07,Adult,Male,Pregnancy Test,Laboratory,"Mark Villanueva, RMT",Laboratory
2024-06-07,Adult,Male,Urinary Tract Infection,Clinic,Dr. Ana Lopez,Check-up
2024-06-08,Adult,Male,Annual Physical Examination,Annual Physical Examination,Dr. Miguel Fernandez,Annual Physical Examination
2024-06-08,Child,Female,Annual Physical Examination,Annual Physical Examination,Dr. Paolo Rivera,Annual Physical Examination
2024-06-08,Adult,Female,Chest X-ray,Radiology,Dr. Sofia Mercado,Imaging
2024-06-08,Senior,Female,Diabetes Mellitus Monitoring,Clinic,Dr. Victor Manuel,Check-up
2024-06-08,Adult,Male,Diabetes Mellitus Monitoring,Clinic,Dr. Elena Bautista,Check-up
2024-06-08,Adult,Male,Fasting Blood Sugar,Laboratory,"Angela Reyes, RMT",Laboratory
2024-06-08,Adult,Male,Gastritis,Clinic,Dr. Victor Manuel,Check-up
2024-06-08,Child,Male,Lipid Profile,Laboratory,"Joanna Lim, RMT",Laboratory
2024-06-08,Adult,Female,Pre-Employment Medical Exam,Clinic,Dr. Miguel Fernandez,Pre-Employment Checkup
2024-06-08,Senior,Female,Routine Medical Consultation,Clinic,Dr. Ana Lopez,Check-up
2024-06-08,Adult,Female,Vascular Study,Radiology,Dr. Henry Ong,Imaging
2024-06-09,Child,Male,Asthma Monitoring,Clinic,Dr. Elena Bautista,Check-up
2024-06-09,Adult,Male,Drug Testing,Drug Testing,"Joanna Lim, RMT",Drug Testing
2024-06-09,Adult,Female,Fever,Clinic,Dr. Camille Tan,Check-up
2024-06-09,Child,Female,Ultrasound,Radiology,Dr. Sofia Mercado,Imaging
2024-06-09,Adult,Female,Urinary Tract Infection,Clinic,Dr. Ana Lopez,Check-up
2024-06-09,Child,Male,Vaccination,Clinic,Dr. Camille Tan,Vaccination
2024-06-10,Adult,Male,Blood Chemistry,Laboratory,"Joanna Lim, RMT",Laboratory
2024-06-10,Adult,Male,Diabetes Mellitus Monitoring,Clinic,Dr. Victor Manuel,Check-up
2024-06-10,Adult,Female,Electrocardiography,Cardiology,Dr. Ana Lopez,Cardiology
2024-06-10,Adult,Female,Headache,Clinic,Dr. Miguel Fernandez,Check-up
2024-06-10,Adult,Female,Hypertension Monitoring,Clinic,Dr. Elena Bautista,Check-up
2024-06-10,Senior,Male,Hypertension Monitoring,Clinic,Dr. Victor Manuel,Check-up
2024-06-10,Adult,Male,Lipid Profile,Laboratory,"Patricia Mendoza, RMT",Laboratory
2024-06-10,Child,Female,Lipid Profile,Laboratory,"Mark Villanueva, RMT",Laboratory
2024-06-10,Adult,Male,Ultrasound,Radiology,Dr. Henry Ong,Imaging
2024-06-10,Adult,Male,Urinalysis,Laboratory,"Patricia Mendoza, RMT",Laboratory
2024-06-11,Adult,Female,Chest X-ray,Radiology,Dr. Andrea Sy,Imaging
2024-06-11,Adult,Male,Chest X-ray,Radiology,Dr. Andrea Sy,Imaging
2024-06-11,Child,Male,Fasting Blood Sugar,Laboratory,"Mark Villanueva, RMT",Laboratory
2024-06-11,Child,Male,Fever,Clinic,Dr. Ana Lopez,Check-up
2024-06-11,Adult,Male,Fever,Clinic,Dr. Paolo Rivera,Check-up
2024-06-11,Adult,Male,Gastritis,Clinic,Dr. Elena Bautista,Check-up
2024-06-11,Adult,Male,Preventive Health Check-up,Clinic,Dr. Paolo Rivera,Check-up
2024-06-11,Child,Male,Thyroid Function Test,Laboratory,"Angela Reyes, RMT",Laboratory
2024-06-11,Senior,Female,Ultrasound,Radiology,Dr. Andrea Sy,Imaging
2024-06-11,Adult,Female,Urinalysis,Laboratory,"Patricia Mendoza, RMT",Laboratory
2024-06-11,Child,Female,Urinary Tract Infection,Clinic,Dr. Ana Lopez,Check-up
2024-06-12,Adult,Male,Asthma Monitoring,Clinic,Dr. Elena Bautista,Check-up
2024-06-12,Child,Female,Complete Blood Count,Laboratory,"Angela Reyes, RMT",Laboratory
2024-06-12,Adult,Male,Complete Blood Count,Laboratory,"Angela Reyes, RMT",Laboratory
2024-06-12,Adult,Male,Drug Testing,Drug Testing,"Mark Villanueva, RMT",Drug Testing
2024-06-12,Child,Female,Fasting Blood Sugar,Laboratory,"Rafael Torres, RMT",Laboratory
2024-06-12,Adult,Male,Fever,Clinic,Dr. Ana Lopez,Check-up
2024-06-12,Adult,Male,Gastritis,Clinic,Dr. Elena Bautista,Check-up
2024-06-12,Senior,Female,Hypertension Monitoring,Clinic,Dr. Elena Bautista,Check-up
2024-06-12,Adult,Female,Hypertension Monitoring,Clinic,Dr. Elena Bautista,Check-up
2024-06-12,Senior,Male,Lipid Profile,Laboratory,"Patricia Mendoza, RMT",Laboratory
2024-06-13,Adult,Male,Annual Physical Examination,Annual Physical Examination,Dr. Miguel Fernandez,Annual Physical Examination
2024-06-13,Child,Female,Creatinine,Laboratory,"Joanna Lim, RMT",Laboratory
2024-06-13,Adult,Female,Creatinine,Laboratory,"Angela Reyes, RMT",Laboratory
2024-06-13,Senior,Female,Hypertension Monitoring,Clinic,Dr. Elena Bautista,Check-up
2024-06-13,Adult,Female,Upper Respiratory Infection,Clinic,Dr. Ana Lopez,Check-up
2024-06-14,Child,Male,Abdominal Pain,Clinic,Dr. Victor Manuel,Check-up
2024-06-14,Adult,Male,Asthma Monitoring,Clinic,Dr. Victor Manuel,Check-up
2024-06-14,Adult,Female,Complete Blood Count,Laboratory,"Mark Villanueva, RMT",Laboratory
2024-06-14,Adult,Male,Drug Testing,Drug Testing,"Carlo Navarro, RMT",Drug Testing
2024-06-14,Senior,Female,Fecalysis,Laboratory,"Mark Villanueva, RMT",Laboratory
2024-06-14,Senior,Female,Hypertension Monitoring,Clinic,Dr. Victor Manuel,Check-up
2024-06-15,Adult,Female,Asthma Monitoring,Clinic,Dr. Victor Manuel,Check-up
2024-06-15,Adult,Female,Blood Chemistry,Laboratory,"Mark Villanueva, RMT",Laboratory
2024-06-15,Adult,Male,Complete Blood Count,Laboratory,"Joanna Lim, RMT",Laboratory
2024-06-15,Adult,Female,Gastritis,Clinic,Dr. Elena Bautista,Check-up
2024-06-15,Senior,Female,Hypertension Monitoring,Clinic,Dr. Elena Bautista,Check-up
2024-06-15,Child,Female,Preventive Health Check-up,Clinic,Dr. Miguel Fernandez,Check-up
2024-06-16,Child,Male,Annual Physical Examination,Annual Physical Examination,Dr. Miguel Fernandez,Annual Physical Examination
2024-06-16,Adult,Female,Asthma Monitoring,Clinic,Dr. Victor Manuel,Check-up
2024-06-16,Senior,Female,Blood Chemistry,Laboratory,"Rafael Torres, RMT",Laboratory
2024-06-16,Adult,Male,Diabetes Mellitus Monitoring,Clinic,Dr. Victor Manuel,Check-up
2024-06-16,Adult,Female,Gastritis,Clinic,Dr. Victor Manuel,Check-up
2024-06-16,Adult,Female,Hepatitis Screening,Laboratory,"Carlo Navarro, RMT",Laboratory
2024-06-16,Adult,Male,Hypertension Monitoring,Clinic,Dr. Elena Bautista,Check-up
2024-06-16,Adult,Male,Preventive Health Check-up,Clinic,Dr. Miguel Fernandez,Check-up
2024-06-16,Adult,Female,Urinalysis,Laboratory,"Patricia Mendoza, RMT",Laboratory
2024-06-17,Adult,Male,Complete Blood Count,Laboratory,"Mark Villanueva, RMT",Laboratory
2024-06-17,Adult,Female,Complete Blood Count,Laboratory,"Angela Reyes, RMT",Laboratory
2024-06-17,Adult,Female,Diabetes Mellitus Monitoring,Clinic,Dr. Elena Bautista,Check-up
2024-06-17,Adult,Male,Drug Testing,Drug Testing,"Joanna Lim, RMT",Drug Testing
2024-06-17,Adult,Male,Headache,Clinic,Dr. Miguel Fernandez,Check-up
2024-06-18,Child,Male,Annual Physical Examination,Annual Physical Examination,Dr. Ana Lopez,Annual Physical Examination
2024-06-18,Adult,Female,Asthma Monitoring,Clinic,Dr. Elena Bautista,Check-up
2024-06-18,Senior,Female,Creatinine,Laboratory,"Carlo Navarro, RMT",Laboratory
2024-06-18,Adult,Female,Electrocardiography,Cardiology,Dr. Paolo Rivera,Cardiology
2024-06-18,Adult,Male,Fever,Clinic,Dr. Paolo Rivera,Check-up
2024-06-18,Adult,Female,Home Service Laboratory,Home Service,"Mark Villanueva, RMT",Home Service
2024-06-18,Senior,Female,Hypertension Monitoring,Clinic,Dr. Victor Manuel,Check-up
2024-06-18,Adult,Female,Pregnancy Test,Laboratory,"Carlo Navarro, RMT",Laboratory
2024-06-18,Adult,Female,Preventive Health Check-up,Clinic,Dr. Camille Tan,Check-up
2024-06-18,Adult,Male,Upper Respiratory Infection,Clinic,Dr. Camille Tan,Check-up
2024-06-18,Senior,Male,Urinalysis,Laboratory,"Patricia Mendoza, RMT",Laboratory
2024-06-19,Adult,Female,Asthma Monitoring,Clinic,Dr. Elena Bautista,Check-up
2024-06-19,Senior,Female,Headache,Clinic,Dr. Camille Tan,Check-up
2024-06-19,Adult,Male,Home Service Laboratory,Home Service,"Mark Villanueva, RMT",Home Service
2024-06-19,Child,Female,Lipid Profile,Laboratory,"Rafael Torres, RMT",Laboratory
2024-06-19,Adult,Male,Pre-Employment Medical Exam,Clinic,Dr. Paolo Rivera,Pre-Employment Checkup
2024-06-19,Adult,Male,Pre-Employment Medical Exam,Clinic,Dr. Camille Tan,Pre-Employment Checkup
2024-06-19,Adult,Female,Preventive Health Check-up,Clinic,Dr. Ana Lopez,Check-up
2024-06-19,Child,Female,Thyroid Function Test,Laboratory,"Rafael Torres, RMT",Laboratory
2024-06-19,Adult,Female,Ultrasound,Radiology,Dr. Sofia Mercado,Imaging
2024-06-19,Adult,Female,Upper Respiratory Infection,Clinic,Dr. Paolo Rivera,Check-up
2024-06-19,Adult,Male,Upper Respiratory Infection,Clinic,Dr. Ana Lopez,Check-up
2024-06-19,Senior,Female,Vascular Study,Radiology,Dr. Sofia Mercado,Imaging
2024-06-20,Senior,Female,Diabetes Mellitus Monitoring,Clinic,Dr. Elena Bautista,Check-up
2024-06-21,Adult,Female,Complete Blood Count,Laboratory,"Rafael Torres, RMT",Laboratory
2024-06-21,Child,Female,Creatinine,Laboratory,"Angela Reyes, RMT",Laboratory
2024-06-21,Adult,Female,Dermatitis and Allergy,Clinic,Dr. Camille Tan,Check-up
2024-06-21,Adult,Female,Diabetes Mellitus Monitoring,Clinic,Dr. Elena Bautista,Check-up
2024-06-21,Senior,Female,Electrocardiography,Cardiology,Dr. Camille Tan,Cardiology
2024-06-21,Adult,Female,Fecalysis,Laboratory,"Angela Reyes, RMT",Laboratory
2024-06-21,Adult,Female,SGPT,Laboratory,"Mark Villanueva, RMT",Laboratory
2024-06-21,Child,Male,Upper Respiratory Infection,Clinic,Dr. Miguel Fernandez,Check-up
2024-06-21,Adult,Male,Vaccination,Clinic,Dr. Paolo Rivera,Vaccination
2024-06-22,Adult,Female,Annual Physical Examination,Annual Physical Examination,Dr. Paolo Rivera,Annual Physical Examination
2024-06-22,Child,Male,Asthma Monitoring,Clinic,Dr. Elena Bautista,Check-up
2024-06-22,Adult,Male,Asthma Monitoring,Clinic,Dr. Victor Manuel,Check-up
2024-06-22,Adult,Male,Blood Chemistry,Laboratory,"Patricia Mendoza, RMT",Laboratory
2024-06-22,Adult,Female,Diabetes Mellitus Monitoring,Clinic,Dr. Elena Bautista,Check-up
2024-06-22,Senior,Male,Diabetes Mellitus Monitoring,Clinic,Dr. Elena Bautista,Check-up
2024-06-22,Adult,Male,Drug Testing,Drug Testing,"Patricia Mendoza, RMT",Drug Testing
2024-06-22,Adult,Female,Fever,Clinic,Dr. Miguel Fernandez,Check-up
2024-06-22,Adult,Female,Home Service Laboratory,Home Service,"Patricia Mendoza, RMT",Home Service
2024-06-22,Adult,Male,Hypertension Monitoring,Clinic,Dr. Victor Manuel,Check-up
2024-06-22,Adult,Female,Pre-Employment Medical Exam,Clinic,Dr. Camille Tan,Pre-Employment Checkup
2024-06-22,Child,Male,Upper Respiratory Infection,Clinic,Dr. Paolo Rivera,Check-up
2024-06-22,Adult,Female,Urinary Tract Infection,Clinic,Dr. Ana Lopez,Check-up
2024-06-23,Adult,Male,2D Echo,Cardiology,Dr. Miguel Fernandez,Cardiology
2024-06-23,Adult,Female,2D Echo,Cardiology,Dr. Paolo Rivera,Cardiology
2024-06-23,Adult,Female,Complete Blood Count,Laboratory,"Carlo Navarro, RMT",Laboratory
2024-06-23,Senior,Male,Diabetes Mellitus Monitoring,Clinic,Dr. Elena Bautista,Check-up
2024-06-23,Adult,Male,Diabetes Mellitus Monitoring,Clinic,Dr. Victor Manuel,Check-up
2024-06-23,Senior,Male,Fasting Blood Sugar,Laboratory,"Rafael Torres, RMT",Laboratory
2024-06-23,Adult,Female,Fasting Blood Sugar,Laboratory,"Joanna Lim, RMT",Laboratory
2024-06-24,Adult,Male,Blood Chemistry,Laboratory,"Joanna Lim, RMT",Laboratory
2024-06-24,Adult,Female,Complete Blood Count,Laboratory,"Patricia Mendoza, RMT",Laboratory
2024-06-24,Child,Male,Complete Blood Count,Laboratory,"Patricia Mendoza, RMT",Laboratory
2024-06-24,Senior,Male,Diabetes Mellitus Monitoring,Clinic,Dr. Victor Manuel,Check-up
2024-06-24,Adult,Female,Fecalysis,Laboratory,"Joanna Lim, RMT",Laboratory
2024-06-24,Child,Female,Fever,Clinic,Dr. Paolo Rivera,Check-up
2024-06-24,Adult,Female,Hepatitis Screening,Laboratory,"Patricia Mendoza, RMT",Laboratory
2024-06-24,Adult,Female,Routine Medical Consultation,Clinic,Dr. Ana Lopez,Check-up
2024-06-24,Adult,Female,Upper Respiratory Infection,Clinic,Dr. Ana Lopez,Check-up
2024-06-25,Adult,Female,Diabetes Mellitus Monitoring,Clinic,Dr. Victor Manuel,Check-up
2024-06-25,Adult,Male,Diabetes Mellitus Monitoring,Clinic,Dr. Victor Manuel,Check-up
2024-06-25,Adult,Male,Electrocardiography,Cardiology,Dr. Miguel Fernandez,Cardiology
2024-06-25,Adult,Male,Fasting Blood Sugar,Laboratory,"Rafael Torres, RMT",Laboratory
2024-06-25,Adult,Male,Hypertension Monitoring,Clinic,Dr. Elena Bautista,Check-up
2024-06-25,Child,Female,Upper Respiratory Infection,Clinic,Dr. Paolo Rivera,Check-up
2024-06-25,Adult,Female,Upper Respiratory Infection,Clinic,Dr. Paolo Rivera,Check-up
2024-06-26,Adult,Male,Diabetes Mellitus Monitoring,Clinic,Dr. Victor Manuel,Check-up
2024-06-26,Senior,Male,Diabetes Mellitus Monitoring,Clinic,Dr. Victor Manuel,Check-up
2024-06-26,Senior,Male,Fever,Clinic,Dr. Miguel Fernandez,Check-up
2024-06-26,Adult,Female,Fever,Clinic,Dr. Camille Tan,Check-up
2024-06-26,Adult,Female,Gastritis,Clinic,Dr. Elena Bautista,Check-up
2024-06-26,Adult,Male,Hepatitis Screening,Laboratory,"Rafael Torres, RMT",Laboratory
2024-06-26,Adult,Male,Routine Medical Consultation,Clinic,Dr. Miguel Fernandez,Check-up
2024-06-26,Child,Female,SGPT,Laboratory,"Patricia Mendoza, RMT",Laboratory
2024-06-26,Senior,Female,Ultrasound,Radiology,Dr. Andrea Sy,Imaging
2024-06-26,Adult,Male,Ultrasound,Radiology,Dr. Andrea Sy,Imaging
2024-06-26,Child,Male,Urinalysis,Laboratory,"Patricia Mendoza, RMT",Laboratory
2024-06-27,Adult,Female,Asthma Monitoring,Clinic,Dr. Victor Manuel,Check-up
2024-06-27,Adult,Female,Blood Chemistry,Laboratory,"Patricia Mendoza, RMT",Laboratory
2024-06-27,Adult,Male,Chest X-ray,Radiology,Dr. Sofia Mercado,Imaging
2024-06-27,Adult,Female,Diabetes Mellitus Monitoring,Clinic,Dr. Elena Bautista,Check-up
2024-06-27,Adult,Female,Drug Testing,Drug Testing,"Joanna Lim, RMT",Drug Testing
2024-06-27,Adult,Female,Drug Testing,Drug Testing,"Rafael Torres, RMT",Drug Testing
2024-06-27,Adult,Female,Routine Medical Consultation,Clinic,Dr. Ana Lopez,Check-up
2024-06-27,Senior,Male,Upper Respiratory Infection,Clinic,Dr. Miguel Fernandez,Check-up
2024-06-27,Adult,Male,Urinary Tract Infection,Clinic,Dr. Ana Lopez,Check-up
2024-06-28,Adult,Male,Abdominal Pain,Clinic,Dr. Victor Manuel,Check-up
2024-06-28,Adult,Female,Blood Chemistry,Laboratory,"Carlo Navarro, RMT",Laboratory
2024-06-28,Adult,Male,Complete Blood Count,Laboratory,"Angela Reyes, RMT",Laboratory
2024-06-28,Adult,Female,Creatinine,Laboratory,"Carlo Navarro, RMT",Laboratory
2024-06-28,Adult,Female,Fever,Clinic,Dr. Ana Lopez,Check-up
2024-06-28,Adult,Male,Pre-Employment Medical Exam,Clinic,Dr. Camille Tan,Pre-Employment Checkup
2024-06-28,Adult,Female,Routine Medical Consultation,Clinic,Dr. Paolo Rivera,Check-up
2024-06-28,Adult,Female,Thyroid Function Test,Laboratory,"Patricia Mendoza, RMT",Laboratory
2024-06-28,Child,Female,Urinalysis,Laboratory,"Patricia Mendoza, RMT",Laboratory
2024-06-29,Senior,Male,Diabetes Mellitus Monitoring,Clinic,Dr. Elena Bautista,Check-up
2024-06-29,Adult,Male,Fasting Blood Sugar,Laboratory,"Joanna Lim, RMT",Laboratory
2024-06-29,Child,Male,Fever,Clinic,Dr. Ana Lopez,Check-up
2024-06-29,Adult,Female,Gastritis,Clinic,Dr. Victor Manuel,Check-up
2024-06-29,Senior,Male,Hypertension Monitoring,Clinic,Dr. Elena Bautista,Check-up
2024-06-29,Adult,Male,Pre-Employment Medical Exam,Clinic,Dr. Ana Lopez,Pre-Employment Checkup
2024-06-29,Adult,Male,Pre-Employment Medical Exam,Clinic,Dr. Miguel Fernandez,Pre-Employment Checkup
2024-06-29,Child,Male,Routine Medical Consultation,Clinic,Dr. Paolo Rivera,Check-up
2024-06-29,Adult,Female,SGPT,Laboratory,"Rafael Torres, RMT",Laboratory
2024-06-30,Adult,Male,Annual Physical Examination,Annual Physical Examination,Dr. Paolo Rivera,Annual Physical Examination
2024-06-30,Child,Female,Asthma Monitoring,Clinic,Dr. Elena Bautista,Check-up
2024-06-30,Adult,Female,Blood Chemistry,Laboratory,"Patricia Mendoza, RMT",Laboratory
2024-06-30,Adult,Male,Fecalysis,Laboratory,"Rafael Torres, RMT",Laboratory
2024-06-30,Senior,Female,Hypertension Monitoring,Clinic,Dr. Elena Bautista,Check-up
2024-06-30,Adult,Female,Urinalysis,Laboratory,"Angela Reyes, RMT",Laboratory
2024-06-30,Senior,Female,Vascular Study,Radiology,Dr. Henry Ong,Imaging
2024-06-30,Senior,Male,Vascular Study,Radiology,Dr. Henry Ong,Imaging
2024-07-01,Child,Female,Chest X-ray,Radiology,Dr. Andrea Sy,Imaging
2024-07-01,Adult,Male,Complete Blood Count,Laboratory,"Joanna Lim, RMT",Laboratory
2024-07-01,Adult,Male,Complete Blood Count,Laboratory,"Carlo Navarro, RMT",Laboratory
2024-07-01,Senior,Male,Creatinine,Laboratory,"Mark Villanueva, RMT",Laboratory
2024-07-01,Senior,Female,Diabetes Mellitus Monitoring,Clinic,Dr. Victor Manuel,Check-up
2024-07-01,Child,Male,Fever,Clinic,Dr. Camille Tan,Check-up
2024-07-01,Adult,Male,Hypertension Monitoring,Clinic,Dr. Victor Manuel,Check-up
2024-07-01,Adult,Male,Vaccination,Clinic,Dr. Camille Tan,Vaccination
2024-07-02,Senior,Male,Gastritis,Clinic,Dr. Elena Bautista,Check-up
2024-07-02,Adult,Female,Hypertension Monitoring,Clinic,Dr. Elena Bautista,Check-up
2024-07-02,Adult,Female,Preventive Health Check-up,Clinic,Dr. Miguel Fernandez,Check-up
2024-07-02,Adult,Female,Vaccination,Clinic,Dr. Paolo Rivera,Vaccination
2024-07-03,Senior,Male,2D Echo,Cardiology,Dr. Paolo Rivera,Cardiology
2024-07-03,Adult,Female,Annual Physical Examination,Annual Physical Examination,Dr. Miguel Fernandez,Annual Physical Examination
2024-07-03,Child,Female,Dermatitis and Allergy,Clinic,Dr. Miguel Fernandez,Check-up
2024-07-03,Adult,Male,Dermatitis and Allergy,Clinic,Dr. Ana Lopez,Check-up
2024-07-03,Adult,Female,Drug Testing,Drug Testing,"Patricia Mendoza, RMT",Drug Testing
2024-07-03,Adult,Male,Hypertension Monitoring,Clinic,Dr. Victor Manuel,Check-up
2024-07-03,Adult,Female,Routine Medical Consultation,Clinic,Dr. Miguel Fernandez,Check-up
2024-07-04,Adult,Female,Abdominal Pain,Clinic,Dr. Elena Bautista,Check-up
2024-07-04,Senior,Female,Blood Chemistry,Laboratory,"Carlo Navarro, RMT",Laboratory
2024-07-04,Child,Male,Creatinine,Laboratory,"Carlo Navarro, RMT",Laboratory
2024-07-04,Adult,Female,Hepatitis Screening,Laboratory,"Mark Villanueva, RMT",Laboratory
2024-07-04,Child,Male,Routine Medical Consultation,Clinic,Dr. Camille Tan,Check-up
2024-07-04,Adult,Male,Ultrasound,Radiology,Dr. Sofia Mercado,Imaging
2024-07-04,Senior,Male,Upper Respiratory Infection,Clinic,Dr. Paolo Rivera,Check-up
2024-07-04,Senior,Female,Vascular Study,Radiology,Dr. Andrea Sy,Imaging
2024-07-05,Adult,Female,Annual Physical Examination,Annual Physical Examination,Dr. Miguel Fernandez,Annual Physical Examination
2024-07-05,Adult,Male,Annual Physical Examination,Annual Physical Examination,Dr. Paolo Rivera,Annual Physical Examination
2024-07-05,Adult,Male,Diabetes Mellitus Monitoring,Clinic,Dr. Victor Manuel,Check-up
2024-07-05,Adult,Female,Lipid Profile,Laboratory,"Patricia Mendoza, RMT",Laboratory
2024-07-05,Adult,Male,Pre-Employment Medical Exam,Clinic,Dr. Paolo Rivera,Pre-Employment Checkup
2024-07-05,Child,Female,Routine Medical Consultation,Clinic,Dr. Ana Lopez,Check-up
2024-07-05,Adult,Male,Upper Respiratory Infection,Clinic,Dr. Camille Tan,Check-up
2024-07-06,Adult,Male,Annual Physical Examination,Annual Physical Examination,Dr. Paolo Rivera,Annual Physical Examination
2024-07-06,Adult,Male,Annual Physical Examination,Annual Physical Examination,Dr. Ana Lopez,Annual Physical Examination
2024-07-06,Adult,Female,Blood Chemistry,Laboratory,"Angela Reyes, RMT",Laboratory
2024-07-06,Adult,Male,Dermatitis and Allergy,Clinic,Dr. Miguel Fernandez,Check-up
2024-07-06,Adult,Male,Diabetes Mellitus Monitoring,Clinic,Dr. Elena Bautista,Check-up
2024-07-06,Adult,Female,Fasting Blood Sugar,Laboratory,"Mark Villanueva, RMT",Laboratory
2024-07-06,Senior,Female,Fasting Blood Sugar,Laboratory,"Carlo Navarro, RMT",Laboratory
2024-07-06,Senior,Female,Fecalysis,Laboratory,"Carlo Navarro, RMT",Laboratory
2024-07-06,Adult,Female,Fecalysis,Laboratory,"Rafael Torres, RMT",Laboratory
2024-07-06,Adult,Female,Fecalysis,Laboratory,"Angela Reyes, RMT",Laboratory
2024-07-06,Child,Female,SGPT,Laboratory,"Patricia Mendoza, RMT",Laboratory
2024-07-06,Adult,Female,Thyroid Function Test,Laboratory,"Carlo Navarro, RMT",Laboratory
2024-07-06,Senior,Female,Ultrasound,Radiology,Dr. Henry Ong,Imaging
2024-07-07,Adult,Male,Complete Blood Count,Laboratory,"Patricia Mendoza, RMT",Laboratory
2024-07-07,Senior,Male,Diabetes Mellitus Monitoring,Clinic,Dr. Elena Bautista,Check-up
2024-07-07,Child,Male,Electrocardiography,Cardiology,Dr. Camille Tan,Cardiology
2024-07-07,Adult,Female,Fasting Blood Sugar,Laboratory,"Mark Villanueva, RMT",Laboratory
2024-07-07,Adult,Male,Fecalysis,Laboratory,"Rafael Torres, RMT",Laboratory
2024-07-07,Adult,Female,Hypertension Monitoring,Clinic,Dr. Elena Bautista,Check-up
2024-07-07,Adult,Female,Upper Respiratory Infection,Clinic,Dr. Camille Tan,Check-up
2024-07-08,Adult,Male,Abdominal Pain,Clinic,Dr. Elena Bautista,Check-up
2024-07-08,Adult,Female,Abdominal Pain,Clinic,Dr. Elena Bautista,Check-up
2024-07-08,Adult,Female,Dermatitis and Allergy,Clinic,Dr. Paolo Rivera,Check-up
2024-07-08,Adult,Female,Fasting Blood Sugar,Laboratory,"Rafael Torres, RMT",Laboratory
2024-07-08,Adult,Female,Gastritis,Clinic,Dr. Elena Bautista,Check-up
2024-07-08,Child,Male,Upper Respiratory Infection,Clinic,Dr. Ana Lopez,Check-up
2024-07-08,Adult,Female,Urinalysis,Laboratory,"Joanna Lim, RMT",Laboratory
2024-07-08,Adult,Female,Urinalysis,Laboratory,"Rafael Torres, RMT",Laboratory
2024-07-08,Adult,Male,Urinary Tract Infection,Clinic,Dr. Miguel Fernandez,Check-up
2024-07-09,Child,Male,Dermatitis and Allergy,Clinic,Dr. Ana Lopez,Check-up
2024-07-09,Adult,Female,Drug Testing,Drug Testing,"Mark Villanueva, RMT",Drug Testing
2024-07-09,Adult,Female,Drug Testing,Drug Testing,"Rafael Torres, RMT",Drug Testing
2024-07-09,Senior,Female,Fecalysis,Laboratory,"Patricia Mendoza, RMT",Laboratory
2024-07-09,Adult,Male,Fecalysis,Laboratory,"Joanna Lim, RMT",Laboratory
2024-07-09,Adult,Female,Headache,Clinic,Dr. Ana Lopez,Check-up
2024-07-09,Adult,Female,Headache,Clinic,Dr. Miguel Fernandez,Check-up
2024-07-09,Adult,Female,Ultrasound,Radiology,Dr. Andrea Sy,Imaging
2024-07-09,Adult,Male,Upper Respiratory Infection,Clinic,Dr. Miguel Fernandez,Check-up
2024-07-10,Adult,Male,Gastritis,Clinic,Dr. Elena Bautista,Check-up
2024-07-10,Adult,Female,Home Service Laboratory,Home Service,"Carlo Navarro, RMT",Home Service
2024-07-10,Adult,Male,Pre-Employment Medical Exam,Clinic,Dr. Miguel Fernandez,Pre-Employment Checkup
2024-07-10,Adult,Male,Preventive Health Check-up,Clinic,Dr. Camille Tan,Check-up
2024-07-11,Adult,Male,Asthma Monitoring,Clinic,Dr. Elena Bautista,Check-up
2024-07-11,Child,Male,Dermatitis and Allergy,Clinic,Dr. Paolo Rivera,Check-up
2024-07-11,Adult,Female,Fasting Blood Sugar,Laboratory,"Carlo Navarro, RMT",Laboratory
2024-07-11,Senior,Male,Lipid Profile,Laboratory,"Joanna Lim, RMT",Laboratory
2024-07-11,Child,Female,Routine Medical Consultation,Clinic,Dr. Paolo Rivera,Check-up
2024-07-11,Adult,Male,Upper Respiratory Infection,Clinic,Dr. Miguel Fernandez,Check-up
2024-07-11,Child,Male,Urinalysis,Laboratory,"Rafael Torres, RMT",Laboratory
2024-07-11,Senior,Male,Urinalysis,Laboratory,"Carlo Navarro, RMT",Laboratory
2024-07-12,Adult,Female,Diabetes Mellitus Monitoring,Clinic,Dr. Elena Bautista,Check-up
2024-07-12,Adult,Male,Hepatitis Screening,Laboratory,"Mark Villanueva, RMT",Laboratory
2024-07-12,Child,Female,Home Service Laboratory,Home Service,"Carlo Navarro, RMT",Home Service
2024-07-12,Child,Female,Preventive Health Check-up,Clinic,Dr. Camille Tan,Check-up
2024-07-12,Adult,Female,Routine Medical Consultation,Clinic,Dr. Ana Lopez,Check-up
2024-07-13,Child,Female,Abdominal Pain,Clinic,Dr. Elena Bautista,Check-up
2024-07-13,Adult,Female,Annual Physical Examination,Annual Physical Examination,Dr. Camille Tan,Annual Physical Examination
2024-07-13,Child,Male,Asthma Monitoring,Clinic,Dr. Elena Bautista,Check-up
2024-07-13,Adult,Male,Dermatitis and Allergy,Clinic,Dr. Ana Lopez,Check-up
2024-07-13,Child,Female,Gastritis,Clinic,Dr. Elena Bautista,Check-up
2024-07-13,Adult,Male,Headache,Clinic,Dr. Paolo Rivera,Check-up
2024-07-13,Adult,Male,Headache,Clinic,Dr. Miguel Fernandez,Check-up
2024-07-13,Senior,Female,Hypertension Monitoring,Clinic,Dr. Victor Manuel,Check-up
2024-07-13,Adult,Male,SGPT,Laboratory,"Carlo Navarro, RMT",Laboratory
2024-07-14,Adult,Male,Preventive Health Check-up,Clinic,Dr. Paolo Rivera,Check-up
2024-07-14,Senior,Male,SGPT,Laboratory,"Mark Villanueva, RMT",Laboratory
2024-07-14,Child,Female,Upper Respiratory Infection,Clinic,Dr. Camille Tan,Check-up
2024-07-15,Adult,Female,Diabetes Mellitus Monitoring,Clinic,Dr. Elena Bautista,Check-up
2024-07-15,Adult,Male,Diabetes Mellitus Monitoring,Clinic,Dr. Victor Manuel,Check-up
2024-07-15,Adult,Male,Drug Testing,Drug Testing,"Rafael Torres, RMT",Drug Testing
2024-07-15,Adult,Male,Headache,Clinic,Dr. Ana Lopez,Check-up
2024-07-15,Senior,Female,Lipid Profile,Laboratory,"Carlo Navarro, RMT",Laboratory
2024-07-15,Adult,Male,Upper Respiratory Infection,Clinic,Dr. Ana Lopez,Check-up
2024-07-16,Adult,Male,Drug Testing,Drug Testing,"Rafael Torres, RMT",Drug Testing
2024-07-16,Adult,Male,Fecalysis,Laboratory,"Patricia Mendoza, RMT",Laboratory
2024-07-16,Adult,Male,Gastritis,Clinic,Dr. Elena Bautista,Check-up
2024-07-16,Adult,Male,Home Service Laboratory,Home Service,"Mark Villanueva, RMT",Home Service
2024-07-16,Adult,Male,Hypertension Monitoring,Clinic,Dr. Elena Bautista,Check-up
2024-07-16,Senior,Female,Hypertension Monitoring,Clinic,Dr. Victor Manuel,Check-up
2024-07-16,Adult,Female,Lipid Profile,Laboratory,"Angela Reyes, RMT",Laboratory
2024-07-16,Adult,Male,Thyroid Function Test,Laboratory,"Carlo Navarro, RMT",Laboratory
2024-07-16,Adult,Female,Urinalysis,Laboratory,"Mark Villanueva, RMT",Laboratory
2024-07-16,Child,Female,Urinalysis,Laboratory,"Patricia Mendoza, RMT",Laboratory
2024-07-16,Child,Female,Urinary Tract Infection,Clinic,Dr. Camille Tan,Check-up
2024-07-17,Child,Female,Annual Physical Examination,Annual Physical Examination,Dr. Camille Tan,Annual Physical Examination
2024-07-17,Adult,Female,Drug Testing,Drug Testing,"Mark Villanueva, RMT",Drug Testing
2024-07-17,Child,Male,Gastritis,Clinic,Dr. Elena Bautista,Check-up
2024-07-17,Adult,Female,Hepatitis Screening,Laboratory,"Carlo Navarro, RMT",Laboratory
2024-07-17,Adult,Male,Upper Respiratory Infection,Clinic,Dr. Camille Tan,Check-up
2024-07-17,Senior,Female,Urinalysis,Laboratory,"Joanna Lim, RMT",Laboratory
2024-07-17,Senior,Male,Vascular Study,Radiology,Dr. Sofia Mercado,Imaging
2024-07-18,Adult,Female,Abdominal Pain,Clinic,Dr. Victor Manuel,Check-up
2024-07-18,Adult,Female,Annual Physical Examination,Annual Physical Examination,Dr. Miguel Fernandez,Annual Physical Examination
2024-07-18,Adult,Male,Complete Blood Count,Laboratory,"Angela Reyes, RMT",Laboratory
2024-07-18,Adult,Female,Creatinine,Laboratory,"Patricia Mendoza, RMT",Laboratory
2024-07-18,Adult,Male,Electrocardiography,Cardiology,Dr. Ana Lopez,Cardiology
2024-07-18,Adult,Male,Hypertension Monitoring,Clinic,Dr. Elena Bautista,Check-up
2024-07-18,Adult,Male,Pre-Employment Medical Exam,Clinic,Dr. Miguel Fernandez,Pre-Employment Checkup
2024-07-18,Adult,Female,Urinary Tract Infection,Clinic,Dr. Paolo Rivera,Check-up
2024-07-19,Adult,Female,Fecalysis,Laboratory,"Patricia Mendoza, RMT",Laboratory
2024-07-19,Child,Male,Routine Medical Consultation,Clinic,Dr. Paolo Rivera,Check-up
2024-07-19,Adult,Male,SGPT,Laboratory,"Angela Reyes, RMT",Laboratory
2024-07-19,Adult,Female,Ultrasound,Radiology,Dr. Henry Ong,Imaging
2024-07-19,Adult,Female,Ultrasound,Radiology,Dr. Sofia Mercado,Imaging
2024-07-19,Senior,Male,Upper Respiratory Infection,Clinic,Dr. Ana Lopez,Check-up
2024-07-19,Adult,Female,Upper Respiratory Infection,Clinic,Dr. Miguel Fernandez,Check-up
2024-07-20,Child,Female,Blood Chemistry,Laboratory,"Mark Villanueva, RMT",Laboratory
2024-07-20,Child,Female,Chest X-ray,Radiology,Dr. Sofia Mercado,Imaging
2024-07-20,Senior,Male,Diabetes Mellitus Monitoring,Clinic,Dr. Elena Bautista,Check-up
2024-07-20,Adult,Female,Electrocardiography,Cardiology,Dr. Paolo Rivera,Cardiology
2024-07-20,Child,Female,Headache,Clinic,Dr. Miguel Fernandez,Check-up
2024-07-20,Senior,Male,Hypertension Monitoring,Clinic,Dr. Elena Bautista,Check-up
2024-07-20,Adult,Male,Upper Respiratory Infection,Clinic,Dr. Camille Tan,Check-up
2024-07-20,Adult,Female,Upper Respiratory Infection,Clinic,Dr. Ana Lopez,Check-up
2024-07-20,Adult,Male,Upper Respiratory Infection,Clinic,Dr. Paolo Rivera,Check-up
2024-07-20,Adult,Male,Vaccination,Clinic,Dr. Camille Tan,Vaccination
2024-07-21,Adult,Female,Abdominal Pain,Clinic,Dr. Elena Bautista,Check-up
2024-07-21,Child,Female,Asthma Monitoring,Clinic,Dr. Victor Manuel,Check-up
2024-07-21,Senior,Male,Blood Chemistry,Laboratory,"Carlo Navarro, RMT",Laboratory
2024-07-21,Adult,Female,Dermatitis and Allergy,Clinic,Dr. Miguel Fernandez,Check-up
2024-07-21,Senior,Female,Diabetes Mellitus Monitoring,Clinic,Dr. Elena Bautista,Check-up
2024-07-21,Adult,Female,Pregnancy Test,Laboratory,"Angela Reyes, RMT",Laboratory
2024-07-21,Adult,Male,SGPT,Laboratory,"Patricia Mendoza, RMT",Laboratory
2024-07-21,Adult,Male,Upper Respiratory Infection,Clinic,Dr. Paolo Rivera,Check-up
2024-07-21,Adult,Male,Vaccination,Clinic,Dr. Camille Tan,Vaccination
2024-07-22,Adult,Female,Chest X-ray,Radiology,Dr. Henry Ong,Imaging
2024-07-22,Child,Female,Complete Blood Count,Laboratory,"Rafael Torres, RMT",Laboratory
2024-07-22,Adult,Female,Complete Blood Count,Laboratory,"Angela Reyes, RMT",Laboratory
2024-07-22,Adult,Male,Dermatitis and Allergy,Clinic,Dr. Ana Lopez,Check-up
2024-07-22,Adult,Male,Diabetes Mellitus Monitoring,Clinic,Dr. Victor Manuel,Check-up
2024-07-22,Adult,Female,Gastritis,Clinic,Dr. Elena Bautista,Check-up
2024-07-22,Adult,Male,Hepatitis Screening,Laboratory,"Mark Villanueva, RMT",Laboratory
2024-07-22,Adult,Female,Hypertension Monitoring,Clinic,Dr. Elena Bautista,Check-up
2024-07-22,Senior,Male,Hypertension Monitoring,Clinic,Dr. Elena Bautista,Check-up
2024-07-22,Senior,Female,Preventive Health Check-up,Clinic,Dr. Camille Tan,Check-up
2024-07-23,Senior,Female,Diabetes Mellitus Monitoring,Clinic,Dr. Victor Manuel,Check-up
2024-07-23,Adult,Female,Electrocardiography,Cardiology,Dr. Ana Lopez,Cardiology
2024-07-23,Adult,Male,Home Service Laboratory,Home Service,"Joanna Lim, RMT",Home Service
2024-07-23,Adult,Female,Hypertension Monitoring,Clinic,Dr. Victor Manuel,Check-up
2024-07-23,Adult,Male,Upper Respiratory Infection,Clinic,Dr. Miguel Fernandez,Check-up
2024-07-24,Child,Male,Dermatitis and Allergy,Clinic,Dr. Miguel Fernandez,Check-up
2024-07-24,Adult,Female,Fecalysis,Laboratory,"Joanna Lim, RMT",Laboratory
2024-07-24,Adult,Male,Fecalysis,Laboratory,"Joanna Lim, RMT",Laboratory
2024-07-24,Adult,Female,Gastritis,Clinic,Dr. Victor Manuel,Check-up
2024-07-24,Adult,Female,Headache,Clinic,Dr. Camille Tan,Check-up
2024-07-24,Adult,Male,Headache,Clinic,Dr. Paolo Rivera,Check-up
2024-07-24,Adult,Female,Hypertension Monitoring,Clinic,Dr. Victor Manuel,Check-up
2024-07-24,Adult,Male,Pregnancy Test,Laboratory,"Patricia Mendoza, RMT",Laboratory
2024-07-24,Senior,Male,Upper Respiratory Infection,Clinic,Dr. Ana Lopez,Check-up
2024-07-25,Child,Female,Asthma Monitoring,Clinic,Dr. Elena Bautista,Check-up
2024-07-25,Adult,Male,Dermatitis and Allergy,Clinic,Dr. Ana Lopez,Check-up
2024-07-25,Child,Male,Headache,Clinic,Dr. Ana Lopez,Check-up
2024-07-25,Adult,Male,Hypertension Monitoring,Clinic,Dr. Elena Bautista,Check-up
2024-07-25,Adult,Male,Ultrasound,Radiology,Dr. Sofia Mercado,Imaging
2024-07-25,Senior,Female,Vascular Study,Radiology,Dr. Henry Ong,Imaging
2024-07-26,Child,Female,Abdominal Pain,Clinic,Dr. Victor Manuel,Check-up
2024-07-26,Adult,Female,Blood Chemistry,Laboratory,"Angela Reyes, RMT",Laboratory
2024-07-26,Adult,Male,Diabetes Mellitus Monitoring,Clinic,Dr. Elena Bautista,Check-up
2024-07-26,Adult,Male,Diabetes Mellitus Monitoring,Clinic,Dr. Victor Manuel,Check-up
2024-07-26,Adult,Female,Drug Testing,Drug Testing,"Mark Villanueva, RMT",Drug Testing
2024-07-26,Senior,Female,Fecalysis,Laboratory,"Mark Villanueva, RMT",Laboratory
2024-07-26,Senior,Male,Fever,Clinic,Dr. Ana Lopez,Check-up
2024-07-26,Adult,Male,Gastritis,Clinic,Dr. Victor Manuel,Check-up
2024-07-26,Adult,Female,Gastritis,Clinic,Dr. Victor Manuel,Check-up
2024-07-26,Child,Female,Headache,Clinic,Dr. Camille Tan,Check-up
2024-07-26,Adult,Male,Hepatitis Screening,Laboratory,"Patricia Mendoza, RMT",Laboratory
2024-07-26,Senior,Male,Routine Medical Consultation,Clinic,Dr. Ana Lopez,Check-up
2024-07-26,Child,Male,Upper Respiratory Infection,Clinic,Dr. Miguel Fernandez,Check-up
2024-07-26,Adult,Male,Urinalysis,Laboratory,"Carlo Navarro, RMT",Laboratory
2024-07-27,Senior,Female,Complete Blood Count,Laboratory,"Mark Villanueva, RMT",Laboratory
2024-07-27,Adult,Male,Diabetes Mellitus Monitoring,Clinic,Dr. Victor Manuel,Check-up
2024-07-27,Adult,Female,Drug Testing,Drug Testing,"Mark Villanueva, RMT",Drug Testing
2024-07-27,Adult,Female,Home Service Laboratory,Home Service,"Carlo Navarro, RMT",Home Service
2024-07-27,Adult,Male,Hypertension Monitoring,Clinic,Dr. Victor Manuel,Check-up
2024-07-27,Adult,Male,Preventive Health Check-up,Clinic,Dr. Camille Tan,Check-up
2024-07-27,Adult,Male,Upper Respiratory Infection,Clinic,Dr. Miguel Fernandez,Check-up
2024-07-27,Adult,Male,Upper Respiratory Infection,Clinic,Dr. Camille Tan,Check-up
2024-07-27,Child,Female,Urinary Tract Infection,Clinic,Dr. Ana Lopez,Check-up
2024-07-28,Child,Female,Annual Physical Examination,Annual Physical Examination,Dr. Ana Lopez,Annual Physical Examination
2024-07-28,Adult,Female,Blood Chemistry,Laboratory,"Patricia Mendoza, RMT",Laboratory
2024-07-28,Adult,Female,Chest X-ray,Radiology,Dr. Andrea Sy,Imaging
2024-07-28,Senior,Male,Complete Blood Count,Laboratory,"Joanna Lim, RMT",Laboratory
2024-07-28,Adult,Male,Dermatitis and Allergy,Clinic,Dr. Camille Tan,Check-up
2024-07-28,Adult,Male,Diabetes Mellitus Monitoring,Clinic,Dr. Victor Manuel,Check-up
2024-07-28,Adult,Female,Diabetes Mellitus Monitoring,Clinic,Dr. Victor Manuel,Check-up
2024-07-28,Adult,Female,Fever,Clinic,Dr. Paolo Rivera,Check-up
2024-07-28,Adult,Female,Gastritis,Clinic,Dr. Victor Manuel,Check-up
2024-07-28,Adult,Male,Urinalysis,Laboratory,"Joanna Lim, RMT",Laboratory
2024-07-28,Adult,Male,Vaccination,Clinic,Dr. Paolo Rivera,Vaccination
2024-07-29,Adult,Male,Blood Chemistry,Laboratory,"Rafael Torres, RMT",Laboratory
2024-07-29,Senior,Male,Chest X-ray,Radiology,Dr. Andrea Sy,Imaging
2024-07-29,Adult,Female,Creatinine,Laboratory,"Patricia Mendoza, RMT",Laboratory
2024-07-29,Senior,Male,Diabetes Mellitus Monitoring,Clinic,Dr. Victor Manuel,Check-up
2024-07-29,Adult,Female,Hypertension Monitoring,Clinic,Dr. Elena Bautista,Check-up
2024-07-29,Senior,Female,Hypertension Monitoring,Clinic,Dr. Elena Bautista,Check-up
2024-07-29,Adult,Male,Lipid Profile,Laboratory,"Rafael Torres, RMT",Laboratory
2024-07-29,Adult,Male,Routine Medical Consultation,Clinic,Dr. Ana Lopez,Check-up
2024-07-30,Adult,Male,Asthma Monitoring,Clinic,Dr. Elena Bautista,Check-up
2024-07-30,Child,Female,Asthma Monitoring,Clinic,Dr. Victor Manuel,Check-up
2024-07-30,Adult,Female,Asthma Monitoring,Clinic,Dr. Elena Bautista,Check-up
2024-07-30,Child,Male,Complete Blood Count,Laboratory,"Angela Reyes, RMT",Laboratory
2024-07-30,Adult,Male,Diabetes Mellitus Monitoring,Clinic,Dr. Victor Manuel,Check-up
2024-07-30,Senior,Male,Diabetes Mellitus Monitoring,Clinic,Dr. Elena Bautista,Check-up
2024-07-30,Adult,Female,Gastritis,Clinic,Dr. Victor Manuel,Check-up
2024-07-30,Child,Female,Headache,Clinic,Dr. Paolo Rivera,Check-up
2024-07-30,Child,Female,Lipid Profile,Laboratory,"Joanna Lim, RMT",Laboratory
2024-07-30,Senior,Female,Lipid Profile,Laboratory,"Mark Villanueva, RMT",Laboratory
2024-07-30,Adult,Male,Lipid Profile,Laboratory,"Patricia Mendoza, RMT",Laboratory
2024-07-30,Adult,Female,Pre-Employment Medical Exam,Clinic,Dr. Miguel Fernandez,Pre-Employment Checkup
2024-07-30,Adult,Female,Pregnancy Test,Laboratory,"Mark Villanueva, RMT",Laboratory
2024-07-30,Adult,Female,Urinalysis,Laboratory,"Mark Villanueva, RMT",Laboratory
2024-07-31,Adult,Male,Blood Chemistry,Laboratory,"Patricia Mendoza, RMT",Laboratory
2024-07-31,Adult,Male,Drug Testing,Drug Testing,"Mark Villanueva, RMT",Drug Testing
2024-07-31,Adult,Female,Fever,Clinic,Dr. Miguel Fernandez,Check-up
2024-07-31,Adult,Female,Hypertension Monitoring,Clinic,Dr. Elena Bautista,Check-up
2024-07-31,Child,Female,Upper Respiratory Infection,Clinic,Dr. Camille Tan,Check-up
2024-08-01,Adult,Female,Annual Physical Examination,Annual Physical Examination,Dr. Miguel Fernandez,Annual Physical Examination
2024-08-01,Adult,Male,Creatinine,Laboratory,"Carlo Navarro, RMT",Laboratory
2024-08-01,Adult,Male,Drug Testing,Drug Testing,"Patricia Mendoza, RMT",Drug Testing
2024-08-01,Adult,Female,Electrocardiography,Cardiology,Dr. Camille Tan,Cardiology
2024-08-01,Child,Male,Fever,Clinic,Dr. Miguel Fernandez,Check-up
2024-08-01,Adult,Male,Pre-Employment Medical Exam,Clinic,Dr. Paolo Rivera,Pre-Employment Checkup
2024-08-01,Adult,Female,Preventive Health Check-up,Clinic,Dr. Ana Lopez,Check-up
2024-08-01,Adult,Female,Upper Respiratory Infection,Clinic,Dr. Ana Lopez,Check-up
2024-08-01,Senior,Male,Vascular Study,Radiology,Dr. Andrea Sy,Imaging
2024-08-02,Adult,Female,Complete Blood Count,Laboratory,"Patricia Mendoza, RMT",Laboratory
2024-08-02,Adult,Female,Electrocardiography,Cardiology,Dr. Miguel Fernandez,Cardiology
2024-08-02,Adult,Female,Fecalysis,Laboratory,"Patricia Mendoza, RMT",Laboratory
2024-08-02,Adult,Female,Upper Respiratory Infection,Clinic,Dr. Ana Lopez,Check-up
2024-08-02,Adult,Female,Urinary Tract Infection,Clinic,Dr. Ana Lopez,Check-up
2024-08-03,Adult,Female,Gastritis,Clinic,Dr. Elena Bautista,Check-up
2024-08-03,Adult,Female,Pre-Employment Medical Exam,Clinic,Dr. Miguel Fernandez,Pre-Employment Checkup
2024-08-03,Child,Female,Upper Respiratory Infection,Clinic,Dr. Ana Lopez,Check-up
2024-08-04,Adult,Female,Drug Testing,Drug Testing,"Rafael Torres, RMT",Drug Testing
2024-08-04,Adult,Male,Electrocardiography,Cardiology,Dr. Miguel Fernandez,Cardiology
2024-08-04,Senior,Female,Fasting Blood Sugar,Laboratory,"Carlo Navarro, RMT",Laboratory
2024-08-04,Senior,Male,Fecalysis,Laboratory,"Rafael Torres, RMT",Laboratory
2024-08-04,Senior,Male,Gastritis,Clinic,Dr. Victor Manuel,Check-up
2024-08-05,Adult,Female,Abdominal Pain,Clinic,Dr. Victor Manuel,Check-up
2024-08-05,Adult,Male,Fever,Clinic,Dr. Miguel Fernandez,Check-up
2024-08-05,Child,Female,Headache,Clinic,Dr. Miguel Fernandez,Check-up
2024-08-05,Adult,Female,Pre-Employment Medical Exam,Clinic,Dr. Paolo Rivera,Pre-Employment Checkup
2024-08-05,Adult,Male,Upper Respiratory Infection,Clinic,Dr. Ana Lopez,Check-up
2024-08-06,Senior,Male,2D Echo,Cardiology,Dr. Paolo Rivera,Cardiology
2024-08-06,Adult,Male,Asthma Monitoring,Clinic,Dr. Victor Manuel,Check-up
2024-08-06,Adult,Male,Blood Chemistry,Laboratory,"Mark Villanueva, RMT",Laboratory
2024-08-06,Adult,Male,Electrocardiography,Cardiology,Dr. Paolo Rivera,Cardiology
2024-08-06,Adult,Male,Fasting Blood Sugar,Laboratory,"Angela Reyes, RMT",Laboratory
2024-08-06,Senior,Female,Hypertension Monitoring,Clinic,Dr. Victor Manuel,Check-up
2024-08-06,Adult,Female,Pregnancy Test,Laboratory,"Angela Reyes, RMT",Laboratory
2024-08-06,Adult,Male,Pregnancy Test,Laboratory,"Angela Reyes, RMT",Laboratory
2024-08-06,Senior,Male,Preventive Health Check-up,Clinic,Dr. Paolo Rivera,Check-up
2024-08-06,Adult,Female,Routine Medical Consultation,Clinic,Dr. Camille Tan,Check-up
2024-08-06,Adult,Female,Routine Medical Consultation,Clinic,Dr. Ana Lopez,Check-up
2024-08-07,Adult,Female,Complete Blood Count,Laboratory,"Angela Reyes, RMT",Laboratory
2024-08-07,Senior,Male,Diabetes Mellitus Monitoring,Clinic,Dr. Victor Manuel,Check-up
2024-08-07,Senior,Male,Electrocardiography,Cardiology,Dr. Camille Tan,Cardiology
2024-08-07,Adult,Male,Fasting Blood Sugar,Laboratory,"Angela Reyes, RMT",Laboratory
2024-08-07,Adult,Female,Fever,Clinic,Dr. Camille Tan,Check-up
2024-08-07,Child,Male,Gastritis,Clinic,Dr. Victor Manuel,Check-up
2024-08-07,Adult,Female,Headache,Clinic,Dr. Camille Tan,Check-up
2024-08-07,Adult,Female,Hypertension Monitoring,Clinic,Dr. Victor Manuel,Check-up
2024-08-07,Child,Male,Routine Medical Consultation,Clinic,Dr. Paolo Rivera,Check-up
2024-08-07,Child,Female,Upper Respiratory Infection,Clinic,Dr. Miguel Fernandez,Check-up
2024-08-08,Adult,Male,Complete Blood Count,Laboratory,"Mark Villanueva, RMT",Laboratory
2024-08-08,Adult,Female,Creatinine,Laboratory,"Carlo Navarro, RMT",Laboratory
2024-08-08,Senior,Male,Diabetes Mellitus Monitoring,Clinic,Dr. Victor Manuel,Check-up
2024-08-08,Adult,Female,Diabetes Mellitus Monitoring,Clinic,Dr. Elena Bautista,Check-up
2024-08-08,Child,Female,Fever,Clinic,Dr. Camille Tan,Check-up
2024-08-08,Adult,Female,Gastritis,Clinic,Dr. Elena Bautista,Check-up
2024-08-08,Adult,Male,Hypertension Monitoring,Clinic,Dr. Victor Manuel,Check-up
2024-08-08,Adult,Female,Hypertension Monitoring,Clinic,Dr. Victor Manuel,Check-up
2024-08-08,Adult,Female,Lipid Profile,Laboratory,"Joanna Lim, RMT",Laboratory
2024-08-08,Adult,Female,Routine Medical Consultation,Clinic,Dr. Paolo Rivera,Check-up
2024-08-08,Adult,Male,Thyroid Function Test,Laboratory,"Joanna Lim, RMT",Laboratory
2024-08-08,Adult,Male,Urinalysis,Laboratory,"Rafael Torres, RMT",Laboratory
2024-08-09,Senior,Female,Chest X-ray,Radiology,Dr. Sofia Mercado,Imaging
2024-08-09,Senior,Female,Dermatitis and Allergy,Clinic,Dr. Camille Tan,Check-up
2024-08-09,Senior,Female,Fecalysis,Laboratory,"Mark Villanueva, RMT",Laboratory
2024-08-09,Adult,Male,Pregnancy Test,Laboratory,"Rafael Torres, RMT",Laboratory
2024-08-09,Adult,Female,Routine Medical Consultation,Clinic,Dr. Camille Tan,Check-up
2024-08-09,Adult,Male,Upper Respiratory Infection,Clinic,Dr. Ana Lopez,Check-up
2024-08-09,Adult,Male,Urinalysis,Laboratory,"Angela Reyes, RMT",Laboratory
2024-08-10,Adult,Male,Complete Blood Count,Laboratory,"Rafael Torres, RMT",Laboratory
2024-08-10,Senior,Male,Complete Blood Count,Laboratory,"Rafael Torres, RMT",Laboratory
2024-08-10,Adult,Female,Fasting Blood Sugar,Laboratory,"Rafael Torres, RMT",Laboratory
2024-08-10,Adult,Female,Fever,Clinic,Dr. Miguel Fernandez,Check-up
2024-08-10,Adult,Female,Hypertension Monitoring,Clinic,Dr. Victor Manuel,Check-up
2024-08-10,Adult,Female,SGPT,Laboratory,"Mark Villanueva, RMT",Laboratory
2024-08-10,Child,Female,Upper Respiratory Infection,Clinic,Dr. Camille Tan,Check-up
2024-08-11,Adult,Female,Fasting Blood Sugar,Laboratory,"Joanna Lim, RMT",Laboratory
2024-08-11,Adult,Male,Fever,Clinic,Dr. Miguel Fernandez,Check-up
2024-08-11,Adult,Male,Headache,Clinic,Dr. Miguel Fernandez,Check-up
2024-08-11,Adult,Male,Home Service Laboratory,Home Service,"Mark Villanueva, RMT",Home Service
2024-08-11,Senior,Male,Hypertension Monitoring,Clinic,Dr. Victor Manuel,Check-up
2024-08-11,Child,Female,Vaccination,Clinic,Dr. Ana Lopez,Vaccination
2024-08-12,Adult,Male,Complete Blood Count,Laboratory,"Carlo Navarro, RMT",Laboratory
2024-08-12,Adult,Male,Diabetes Mellitus Monitoring,Clinic,Dr. Elena Bautista,Check-up
2024-08-12,Senior,Female,Headache,Clinic,Dr. Ana Lopez,Check-up
2024-08-12,Adult,Female,Lipid Profile,Laboratory,"Angela Reyes, RMT",Laboratory
2024-08-12,Senior,Male,Lipid Profile,Laboratory,"Mark Villanueva, RMT",Laboratory
2024-08-12,Adult,Female,Thyroid Function Test,Laboratory,"Joanna Lim, RMT",Laboratory
2024-08-12,Senior,Female,Urinalysis,Laboratory,"Rafael Torres, RMT",Laboratory
2024-08-13,Senior,Female,Fever,Clinic,Dr. Miguel Fernandez,Check-up
2024-08-13,Adult,Female,Home Service Laboratory,Home Service,"Carlo Navarro, RMT",Home Service
2024-08-13,Adult,Female,Hypertension Monitoring,Clinic,Dr. Elena Bautista,Check-up
2024-08-13,Senior,Male,Hypertension Monitoring,Clinic,Dr. Elena Bautista,Check-up
2024-08-13,Adult,Male,Preventive Health Check-up,Clinic,Dr. Camille Tan,Check-up
2024-08-14,Adult,Male,Asthma Monitoring,Clinic,Dr. Victor Manuel,Check-up
2024-08-14,Senior,Male,Diabetes Mellitus Monitoring,Clinic,Dr. Elena Bautista,Check-up
2024-08-14,Adult,Female,Fever,Clinic,Dr. Ana Lopez,Check-up
2024-08-14,Child,Female,Fever,Clinic,Dr. Miguel Fernandez,Check-up
2024-08-14,Child,Male,Home Service Laboratory,Home Service,"Angela Reyes, RMT",Home Service
2024-08-14,Adult,Male,Hypertension Monitoring,Clinic,Dr. Elena Bautista,Check-up
2024-08-15,Adult,Female,Chest X-ray,Radiology,Dr. Henry Ong,Imaging
2024-08-15,Adult,Male,Chest X-ray,Radiology,Dr. Sofia Mercado,Imaging
2024-08-15,Child,Female,Creatinine,Laboratory,"Mark Villanueva, RMT",Laboratory
2024-08-15,Adult,Male,Drug Testing,Drug Testing,"Mark Villanueva, RMT",Drug Testing
2024-08-15,Adult,Male,Fasting Blood Sugar,Laboratory,"Carlo Navarro, RMT",Laboratory
2024-08-15,Adult,Male,Gastritis,Clinic,Dr. Victor Manuel,Check-up
2024-08-15,Senior,Female,Hypertension Monitoring,Clinic,Dr. Elena Bautista,Check-up
2024-08-15,Adult,Male,Thyroid Function Test,Laboratory,"Patricia Mendoza, RMT",Laboratory
2024-08-15,Child,Male,Urinalysis,Laboratory,"Carlo Navarro, RMT",Laboratory
2024-08-15,Adult,Male,Urinalysis,Laboratory,"Patricia Mendoza, RMT",Laboratory
2024-08-15,Adult,Female,Vascular Study,Radiology,Dr. Andrea Sy,Imaging
2024-08-16,Adult,Female,Blood Chemistry,Laboratory,"Carlo Navarro, RMT",Laboratory
2024-08-16,Child,Male,Blood Chemistry,Laboratory,"Patricia Mendoza, RMT",Laboratory
2024-08-16,Adult,Female,Dermatitis and Allergy,Clinic,Dr. Camille Tan,Check-up
2024-08-16,Adult,Male,Dermatitis and Allergy,Clinic,Dr. Camille Tan,Check-up
2024-08-16,Adult,Female,Drug Testing,Drug Testing,"Patricia Mendoza, RMT",Drug Testing
2024-08-16,Adult,Male,Gastritis,Clinic,Dr. Elena Bautista,Check-up
2024-08-16,Adult,Male,Lipid Profile,Laboratory,"Patricia Mendoza, RMT",Laboratory
2024-08-16,Child,Female,Vaccination,Clinic,Dr. Ana Lopez,Vaccination
2024-08-16,Adult,Male,Vaccination,Clinic,Dr. Paolo Rivera,Vaccination
2024-08-17,Adult,Female,Abdominal Pain,Clinic,Dr. Elena Bautista,Check-up
2024-08-17,Adult,Female,Asthma Monitoring,Clinic,Dr. Elena Bautista,Check-up
2024-08-17,Adult,Female,Drug Testing,Drug Testing,"Carlo Navarro, RMT",Drug Testing
2024-08-17,Adult,Male,Electrocardiography,Cardiology,Dr. Ana Lopez,Cardiology
2024-08-17,Adult,Male,Gastritis,Clinic,Dr. Victor Manuel,Check-up
2024-08-17,Adult,Male,Pre-Employment Medical Exam,Clinic,Dr. Camille Tan,Pre-Employment Checkup
2024-08-17,Adult,Male,Urinalysis,Laboratory,"Rafael Torres, RMT",Laboratory
2024-08-17,Adult,Male,Urinalysis,Laboratory,"Angela Reyes, RMT",Laboratory
2024-08-17,Adult,Male,Urinary Tract Infection,Clinic,Dr. Paolo Rivera,Check-up
2024-08-18,Senior,Female,2D Echo,Cardiology,Dr. Camille Tan,Cardiology
2024-08-18,Adult,Male,Blood Chemistry,Laboratory,"Joanna Lim, RMT",Laboratory
2024-08-18,Adult,Female,Complete Blood Count,Laboratory,"Angela Reyes, RMT",Laboratory
2024-08-18,Adult,Female,Complete Blood Count,Laboratory,"Rafael Torres, RMT",Laboratory
2024-08-18,Adult,Female,Dermatitis and Allergy,Clinic,Dr. Ana Lopez,Check-up
2024-08-18,Adult,Male,Dermatitis and Allergy,Clinic,Dr. Paolo Rivera,Check-up
2024-08-18,Adult,Female,Diabetes Mellitus Monitoring,Clinic,Dr. Elena Bautista,Check-up
2024-08-18,Senior,Female,Fasting Blood Sugar,Laboratory,"Patricia Mendoza, RMT",Laboratory
2024-08-18,Child,Male,Fasting Blood Sugar,Laboratory,"Joanna Lim, RMT",Laboratory
2024-08-18,Senior,Male,Fecalysis,Laboratory,"Joanna Lim, RMT",Laboratory
2024-08-18,Adult,Male,Pre-Employment Medical Exam,Clinic,Dr. Camille Tan,Pre-Employment Checkup
2024-08-18,Adult,Male,Routine Medical Consultation,Clinic,Dr. Miguel Fernandez,Check-up
2024-08-19,Senior,Female,Annual Physical Examination,Annual Physical Examination,Dr. Camille Tan,Annual Physical Examination
2024-08-19,Senior,Female,Asthma Monitoring,Clinic,Dr. Victor Manuel,Check-up
2024-08-19,Adult,Male,Diabetes Mellitus Monitoring,Clinic,Dr. Victor Manuel,Check-up
2024-08-19,Adult,Female,Drug Testing,Drug Testing,"Mark Villanueva, RMT",Drug Testing
2024-08-19,Adult,Female,Fecalysis,Laboratory,"Joanna Lim, RMT",Laboratory
2024-08-19,Child,Female,Gastritis,Clinic,Dr. Victor Manuel,Check-up
2024-08-19,Adult,Male,Pre-Employment Medical Exam,Clinic,Dr. Ana Lopez,Pre-Employment Checkup
2024-08-19,Senior,Male,Urinalysis,Laboratory,"Mark Villanueva, RMT",Laboratory
2024-08-20,Adult,Female,Dermatitis and Allergy,Clinic,Dr. Paolo Rivera,Check-up
2024-08-20,Adult,Male,Drug Testing,Drug Testing,"Patricia Mendoza, RMT",Drug Testing
2024-08-20,Child,Male,Fasting Blood Sugar,Laboratory,"Mark Villanueva, RMT",Laboratory
2024-08-20,Child,Male,Hepatitis Screening,Laboratory,"Joanna Lim, RMT",Laboratory
2024-08-20,Adult,Male,Pre-Employment Medical Exam,Clinic,Dr. Camille Tan,Pre-Employment Checkup
2024-08-20,Adult,Male,Upper Respiratory Infection,Clinic,Dr. Miguel Fernandez,Check-up
2024-08-21,Adult,Male,Asthma Monitoring,Clinic,Dr. Elena Bautista,Check-up
2024-08-21,Adult,Female,Chest X-ray,Radiology,Dr. Sofia Mercado,Imaging
2024-08-21,Adult,Male,Complete Blood Count,Laboratory,"Mark Villanueva, RMT",Laboratory
2024-08-21,Adult,Male,Creatinine,Laboratory,"Joanna Lim, RMT",Laboratory
2024-08-21,Adult,Male,Pregnancy Test,Laboratory,"Joanna Lim, RMT",Laboratory
2024-08-21,Child,Male,Ultrasound,Radiology,Dr. Sofia Mercado,Imaging
2024-08-21,Adult,Female,Urinary Tract Infection,Clinic,Dr. Paolo Rivera,Check-up
2024-08-22,Senior,Male,2D Echo,Cardiology,Dr. Ana Lopez,Cardiology
2024-08-22,Adult,Male,Asthma Monitoring,Clinic,Dr. Elena Bautista,Check-up
2024-08-22,Adult,Male,Blood Chemistry,Laboratory,"Mark Villanueva, RMT",Laboratory
2024-08-22,Child,Female,Blood Chemistry,Laboratory,"Mark Villanueva, RMT",Laboratory
2024-08-22,Child,Female,Complete Blood Count,Laboratory,"Angela Reyes, RMT",Laboratory
2024-08-22,Adult,Female,Fecalysis,Laboratory,"Rafael Torres, RMT",Laboratory
2024-08-22,Adult,Female,Hypertension Monitoring,Clinic,Dr. Victor Manuel,Check-up
2024-08-22,Adult,Male,Routine Medical Consultation,Clinic,Dr. Camille Tan,Check-up
2024-08-22,Adult,Female,Upper Respiratory Infection,Clinic,Dr. Ana Lopez,Check-up
2024-08-22,Child,Male,Urinalysis,Laboratory,"Mark Villanueva, RMT",Laboratory
2024-08-23,Child,Female,Annual Physical Examination,Annual Physical Examination,Dr. Paolo Rivera,Annual Physical Examination
2024-08-23,Adult,Male,Complete Blood Count,Laboratory,"Rafael Torres, RMT",Laboratory
2024-08-23,Adult,Male,Fecalysis,Laboratory,"Angela Reyes, RMT",Laboratory
2024-08-23,Adult,Male,Pregnancy Test,Laboratory,"Angela Reyes, RMT",Laboratory
2024-08-23,Adult,Male,Upper Respiratory Infection,Clinic,Dr. Camille Tan,Check-up
2024-08-23,Adult,Female,Upper Respiratory Infection,Clinic,Dr. Ana Lopez,Check-up
2024-08-24,Adult,Female,Asthma Monitoring,Clinic,Dr. Victor Manuel,Check-up
2024-08-24,Adult,Female,Fasting Blood Sugar,Laboratory,"Rafael Torres, RMT",Laboratory
2024-08-24,Adult,Male,Home Service Laboratory,Home Service,"Joanna Lim, RMT",Home Service
2024-08-24,Adult,Female,Hypertension Monitoring,Clinic,Dr. Elena Bautista,Check-up
2024-08-24,Adult,Female,Pre-Employment Medical Exam,Clinic,Dr. Paolo Rivera,Pre-Employment Checkup
2024-08-25,Senior,Male,2D Echo,Cardiology,Dr. Ana Lopez,Cardiology
2024-08-25,Adult,Female,Chest X-ray,Radiology,Dr. Henry Ong,Imaging
2024-08-25,Adult,Male,Dermatitis and Allergy,Clinic,Dr. Ana Lopez,Check-up
2024-08-25,Adult,Female,Lipid Profile,Laboratory,"Patricia Mendoza, RMT",Laboratory
2024-08-25,Senior,Female,Thyroid Function Test,Laboratory,"Rafael Torres, RMT",Laboratory
2024-08-25,Adult,Female,Urinary Tract Infection,Clinic,Dr. Miguel Fernandez,Check-up
2024-08-26,Child,Female,Abdominal Pain,Clinic,Dr. Victor Manuel,Check-up
2024-08-26,Child,Female,Complete Blood Count,Laboratory,"Joanna Lim, RMT",Laboratory
2024-08-26,Child,Female,Dermatitis and Allergy,Clinic,Dr. Camille Tan,Check-up
2024-08-26,Adult,Male,Electrocardiography,Cardiology,Dr. Paolo Rivera,Cardiology
2024-08-26,Senior,Male,Vascular Study,Radiology,Dr. Andrea Sy,Imaging
2024-08-27,Adult,Male,2D Echo,Cardiology,Dr. Miguel Fernandez,Cardiology
2024-08-27,Adult,Male,Abdominal Pain,Clinic,Dr. Elena Bautista,Check-up
2024-08-27,Adult,Male,Creatinine,Laboratory,"Joanna Lim, RMT",Laboratory
2024-08-27,Child,Male,Creatinine,Laboratory,"Patricia Mendoza, RMT",Laboratory
2024-08-27,Child,Female,Creatinine,Laboratory,"Patricia Mendoza, RMT",Laboratory
2024-08-27,Child,Male,Dermatitis and Allergy,Clinic,Dr. Ana Lopez,Check-up
2024-08-27,Adult,Female,Drug Testing,Drug Testing,"Carlo Navarro, RMT",Drug Testing
2024-08-27,Adult,Male,Electrocardiography,Cardiology,Dr. Paolo Rivera,Cardiology
2024-08-27,Child,Female,Lipid Profile,Laboratory,"Angela Reyes, RMT",Laboratory
2024-08-27,Adult,Female,Preventive Health Check-up,Clinic,Dr. Paolo Rivera,Check-up
2024-08-27,Adult,Female,Routine Medical Consultation,Clinic,Dr. Miguel Fernandez,Check-up
2024-08-27,Adult,Female,Thyroid Function Test,Laboratory,"Patricia Mendoza, RMT",Laboratory
2024-08-27,Adult,Female,Ultrasound,Radiology,Dr. Sofia Mercado,Imaging
2024-08-27,Adult,Female,Upper Respiratory Infection,Clinic,Dr. Ana Lopez,Check-up
2024-08-27,Senior,Female,Vascular Study,Radiology,Dr. Henry Ong,Imaging
2024-08-28,Child,Male,Asthma Monitoring,Clinic,Dr. Victor Manuel,Check-up
2024-08-28,Adult,Female,Blood Chemistry,Laboratory,"Joanna Lim, RMT",Laboratory
2024-08-28,Adult,Female,Blood Chemistry,Laboratory,"Rafael Torres, RMT",Laboratory
2024-08-28,Adult,Male,Diabetes Mellitus Monitoring,Clinic,Dr. Victor Manuel,Check-up
2024-08-28,Adult,Male,Headache,Clinic,Dr. Miguel Fernandez,Check-up
2024-08-28,Senior,Female,Hypertension Monitoring,Clinic,Dr. Elena Bautista,Check-up
2024-08-28,Adult,Male,Hypertension Monitoring,Clinic,Dr. Victor Manuel,Check-up
2024-08-28,Adult,Male,Lipid Profile,Laboratory,"Angela Reyes, RMT",Laboratory
2024-08-28,Adult,Female,Pre-Employment Medical Exam,Clinic,Dr. Ana Lopez,Pre-Employment Checkup
2024-08-28,Child,Female,Routine Medical Consultation,Clinic,Dr. Ana Lopez,Check-up
2024-08-29,Adult,Female,Abdominal Pain,Clinic,Dr. Victor Manuel,Check-up
2024-08-29,Adult,Male,Asthma Monitoring,Clinic,Dr. Victor Manuel,Check-up
2024-08-29,Child,Male,Asthma Monitoring,Clinic,Dr. Elena Bautista,Check-up
2024-08-29,Adult,Male,Hepatitis Screening,Laboratory,"Angela Reyes, RMT",Laboratory
2024-08-29,Adult,Male,Upper Respiratory Infection,Clinic,Dr. Miguel Fernandez,Check-up
2024-08-29,Adult,Male,Urinary Tract Infection,Clinic,Dr. Paolo Rivera,Check-up
2024-08-29,Adult,Female,Urinary Tract Infection,Clinic,Dr. Miguel Fernandez,Check-up
2024-08-30,Adult,Male,Annual Physical Examination,Annual Physical Examination,Dr. Paolo Rivera,Annual Physical Examination
2024-08-30,Adult,Female,Diabetes Mellitus Monitoring,Clinic,Dr. Elena Bautista,Check-up
2024-08-30,Senior,Male,Hepatitis Screening,Laboratory,"Angela Reyes, RMT",Laboratory
2024-08-30,Adult,Female,Upper Respiratory Infection,Clinic,Dr. Ana Lopez,Check-up
2024-08-30,Child,Male,Upper Respiratory Infection,Clinic,Dr. Paolo Rivera,Check-up
2024-08-30,Adult,Female,Urinalysis,Laboratory,"Patricia Mendoza, RMT",Laboratory
2024-08-30,Senior,Male,Urinalysis,Laboratory,"Joanna Lim, RMT",Laboratory
2024-08-30,Adult,Female,Urinary Tract Infection,Clinic,Dr. Camille Tan,Check-up
2024-08-31,Adult,Male,Chest X-ray,Radiology,Dr. Henry Ong,Imaging
2024-08-31,Senior,Male,Diabetes Mellitus Monitoring,Clinic,Dr. Elena Bautista,Check-up
2024-08-31,Child,Female,SGPT,Laboratory,"Mark Villanueva, RMT",Laboratory
2024-08-31,Senior,Female,SGPT,Laboratory,"Carlo Navarro, RMT",Laboratory
2024-08-31,Adult,Female,Urinary Tract Infection,Clinic,Dr. Paolo Rivera,Check-up
2024-09-01,Adult,Male,Chest X-ray,Radiology,Dr. Henry Ong,Imaging
2024-09-01,Senior,Male,Diabetes Mellitus Monitoring,Clinic,Dr. Victor Manuel,Check-up
2024-09-01,Adult,Female,Fever,Clinic,Dr. Camille Tan,Check-up
2024-09-01,Adult,Male,Gastritis,Clinic,Dr. Victor Manuel,Check-up
2024-09-01,Adult,Female,Hypertension Monitoring,Clinic,Dr. Elena Bautista,Check-up
2024-09-01,Adult,Male,Hypertension Monitoring,Clinic,Dr. Elena Bautista,Check-up
2024-09-01,Adult,Male,Upper Respiratory Infection,Clinic,Dr. Paolo Rivera,Check-up
2024-09-02,Adult,Male,Abdominal Pain,Clinic,Dr. Victor Manuel,Check-up
2024-09-02,Adult,Male,Blood Chemistry,Laboratory,"Angela Reyes, RMT",Laboratory
2024-09-02,Adult,Male,Dermatitis and Allergy,Clinic,Dr. Miguel Fernandez,Check-up
2024-09-02,Child,Male,Fever,Clinic,Dr. Camille Tan,Check-up
2024-09-02,Adult,Female,Upper Respiratory Infection,Clinic,Dr. Camille Tan,Check-up
2024-09-03,Adult,Female,Blood Chemistry,Laboratory,"Carlo Navarro, RMT",Laboratory
2024-09-03,Adult,Male,Gastritis,Clinic,Dr. Victor Manuel,Check-up
2024-09-03,Adult,Female,Hypertension Monitoring,Clinic,Dr. Victor Manuel,Check-up
2024-09-03,Adult,Male,Hypertension Monitoring,Clinic,Dr. Victor Manuel,Check-up
2024-09-03,Adult,Male,Upper Respiratory Infection,Clinic,Dr. Camille Tan,Check-up
2024-09-03,Adult,Female,Vaccination,Clinic,Dr. Paolo Rivera,Vaccination
2024-09-04,Adult,Male,Complete Blood Count,Laboratory,"Patricia Mendoza, RMT",Laboratory
2024-09-04,Adult,Male,Complete Blood Count,Laboratory,"Rafael Torres, RMT",Laboratory
2024-09-04,Adult,Female,Fecalysis,Laboratory,"Joanna Lim, RMT",Laboratory
2024-09-04,Adult,Male,Fecalysis,Laboratory,"Mark Villanueva, RMT",Laboratory
2024-09-04,Adult,Female,Gastritis,Clinic,Dr. Victor Manuel,Check-up
2024-09-04,Adult,Female,Headache,Clinic,Dr. Camille Tan,Check-up
2024-09-04,Adult,Female,Hepatitis Screening,Laboratory,"Joanna Lim, RMT",Laboratory
2024-09-04,Adult,Male,Lipid Profile,Laboratory,"Carlo Navarro, RMT",Laboratory
2024-09-04,Adult,Male,Upper Respiratory Infection,Clinic,Dr. Camille Tan,Check-up
2024-09-04,Adult,Female,Upper Respiratory Infection,Clinic,Dr. Camille Tan,Check-up
2024-09-04,Adult,Female,Upper Respiratory Infection,Clinic,Dr. Paolo Rivera,Check-up
2024-09-04,Adult,Male,Upper Respiratory Infection,Clinic,Dr. Paolo Rivera,Check-up
2024-09-04,Child,Female,Urinalysis,Laboratory,"Carlo Navarro, RMT",Laboratory
2024-09-04,Adult,Female,Vascular Study,Radiology,Dr. Henry Ong,Imaging
2024-09-05,Adult,Female,Chest X-ray,Radiology,Dr. Andrea Sy,Imaging
2024-09-05,Adult,Female,Creatinine,Laboratory,"Rafael Torres, RMT",Laboratory
2024-09-05,Senior,Male,Hypertension Monitoring,Clinic,Dr. Victor Manuel,Check-up
2024-09-05,Adult,Female,Hypertension Monitoring,Clinic,Dr. Victor Manuel,Check-up
2024-09-05,Adult,Male,Routine Medical Consultation,Clinic,Dr. Ana Lopez,Check-up
2024-09-05,Adult,Female,Ultrasound,Radiology,Dr. Andrea Sy,Imaging
2024-09-06,Senior,Male,Blood Chemistry,Laboratory,"Carlo Navarro, RMT",Laboratory
2024-09-06,Child,Male,Chest X-ray,Radiology,Dr. Henry Ong,Imaging
2024-09-06,Child,Female,Chest X-ray,Radiology,Dr. Andrea Sy,Imaging
2024-09-06,Adult,Female,Chest X-ray,Radiology,Dr. Sofia Mercado,Imaging
2024-09-06,Adult,Male,Dermatitis and Allergy,Clinic,Dr. Ana Lopez,Check-up
2024-09-06,Adult,Female,Electrocardiography,Cardiology,Dr. Camille Tan,Cardiology
2024-09-06,Adult,Female,Hypertension Monitoring,Clinic,Dr. Elena Bautista,Check-up
2024-09-07,Senior,Female,2D Echo,Cardiology,Dr. Paolo Rivera,Cardiology
2024-09-07,Adult,Male,Annual Physical Examination,Annual Physical Examination,Dr. Camille Tan,Annual Physical Examination
2024-09-07,Adult,Male,Asthma Monitoring,Clinic,Dr. Elena Bautista,Check-up
2024-09-07,Child,Female,Asthma Monitoring,Clinic,Dr. Victor Manuel,Check-up
2024-09-07,Adult,Female,Creatinine,Laboratory,"Joanna Lim, RMT",Laboratory
2024-09-07,Adult,Male,Drug Testing,Drug Testing,"Patricia Mendoza, RMT",Drug Testing
2024-09-07,Adult,Male,Drug Testing,Drug Testing,"Rafael Torres, RMT",Drug Testing
2024-09-07,Adult,Male,Gastritis,Clinic,Dr. Elena Bautista,Check-up
2024-09-07,Adult,Female,Hepatitis Screening,Laboratory,"Joanna Lim, RMT",Laboratory
2024-09-07,Senior,Female,Hypertension Monitoring,Clinic,Dr. Elena Bautista,Check-up
2024-09-08,Adult,Male,Abdominal Pain,Clinic,Dr. Elena Bautista,Check-up
2024-09-08,Adult,Female,Asthma Monitoring,Clinic,Dr. Victor Manuel,Check-up
2024-09-08,Child,Female,Fever,Clinic,Dr. Camille Tan,Check-up
2024-09-08,Adult,Female,SGPT,Laboratory,"Joanna Lim, RMT",Laboratory
2024-09-08,Adult,Male,Ultrasound,Radiology,Dr. Henry Ong,Imaging
2024-09-08,Child,Female,Upper Respiratory Infection,Clinic,Dr. Camille Tan,Check-up
2024-09-08,Child,Male,Upper Respiratory Infection,Clinic,Dr. Paolo Rivera,Check-up
2024-09-08,Adult,Male,Urinalysis,Laboratory,"Mark Villanueva, RMT",Laboratory
2024-09-09,Adult,Female,Diabetes Mellitus Monitoring,Clinic,Dr. Elena Bautista,Check-up
2024-09-09,Adult,Male,Fecalysis,Laboratory,"Joanna Lim, RMT",Laboratory
2024-09-09,Adult,Female,Fever,Clinic,Dr. Paolo Rivera,Check-up
2024-09-09,Senior,Male,Hypertension Monitoring,Clinic,Dr. Elena Bautista,Check-up
2024-09-09,Adult,Male,Pre-Employment Medical Exam,Clinic,Dr. Paolo Rivera,Pre-Employment Checkup
2024-09-10,Adult,Female,Abdominal Pain,Clinic,Dr. Elena Bautista,Check-up
2024-09-10,Senior,Male,Annual Physical Examination,Annual Physical Examination,Dr. Miguel Fernandez,Annual Physical Examination
2024-09-10,Adult,Male,Chest X-ray,Radiology,Dr. Henry Ong,Imaging
2024-09-10,Child,Male,Complete Blood Count,Laboratory,"Rafael Torres, RMT",Laboratory
2024-09-10,Senior,Male,Fecalysis,Laboratory,"Mark Villanueva, RMT",Laboratory
2024-09-10,Adult,Male,Gastritis,Clinic,Dr. Victor Manuel,Check-up
2024-09-10,Senior,Male,Hepatitis Screening,Laboratory,"Carlo Navarro, RMT",Laboratory
2024-09-10,Adult,Female,Pre-Employment Medical Exam,Clinic,Dr. Ana Lopez,Pre-Employment Checkup
2024-09-10,Adult,Female,Upper Respiratory Infection,Clinic,Dr. Miguel Fernandez,Check-up
2024-09-10,Senior,Female,Vascular Study,Radiology,Dr. Andrea Sy,Imaging
2024-09-11,Adult,Female,Abdominal Pain,Clinic,Dr. Elena Bautista,Check-up
2024-09-11,Adult,Male,Dermatitis and Allergy,Clinic,Dr. Camille Tan,Check-up
2024-09-11,Adult,Female,Diabetes Mellitus Monitoring,Clinic,Dr. Elena Bautista,Check-up
2024-09-11,Adult,Male,Gastritis,Clinic,Dr. Elena Bautista,Check-up
2024-09-11,Adult,Female,Preventive Health Check-up,Clinic,Dr. Camille Tan,Check-up
2024-09-11,Senior,Female,Routine Medical Consultation,Clinic,Dr. Ana Lopez,Check-up
2024-09-11,Adult,Male,Vaccination,Clinic,Dr. Ana Lopez,Vaccination
2024-09-12,Adult,Female,Chest X-ray,Radiology,Dr. Andrea Sy,Imaging
2024-09-12,Senior,Female,Diabetes Mellitus Monitoring,Clinic,Dr. Victor Manuel,Check-up
2024-09-12,Adult,Male,Diabetes Mellitus Monitoring,Clinic,Dr. Victor Manuel,Check-up
2024-09-12,Adult,Female,Pre-Employment Medical Exam,Clinic,Dr. Ana Lopez,Pre-Employment Checkup
2024-09-12,Adult,Female,Pre-Employment Medical Exam,Clinic,Dr. Paolo Rivera,Pre-Employment Checkup
2024-09-12,Adult,Female,Vascular Study,Radiology,Dr. Sofia Mercado,Imaging
2024-09-13,Adult,Male,Annual Physical Examination,Annual Physical Examination,Dr. Miguel Fernandez,Annual Physical Examination
2024-09-13,Senior,Male,Asthma Monitoring,Clinic,Dr. Elena Bautista,Check-up
2024-09-13,Adult,Female,Blood Chemistry,Laboratory,"Patricia Mendoza, RMT",Laboratory
2024-09-13,Child,Female,Chest X-ray,Radiology,Dr. Henry Ong,Imaging
2024-09-13,Adult,Female,Complete Blood Count,Laboratory,"Joanna Lim, RMT",Laboratory
2024-09-13,Child,Female,Dermatitis and Allergy,Clinic,Dr. Paolo Rivera,Check-up
2024-09-13,Adult,Male,Fecalysis,Laboratory,"Rafael Torres, RMT",Laboratory
2024-09-13,Senior,Female,Hypertension Monitoring,Clinic,Dr. Elena Bautista,Check-up
2024-09-13,Adult,Male,Routine Medical Consultation,Clinic,Dr. Paolo Rivera,Check-up
2024-09-13,Adult,Female,Urinalysis,Laboratory,"Joanna Lim, RMT",Laboratory
2024-09-14,Adult,Male,Diabetes Mellitus Monitoring,Clinic,Dr. Victor Manuel,Check-up
2024-09-14,Adult,Female,Home Service Laboratory,Home Service,"Carlo Navarro, RMT",Home Service
2024-09-14,Child,Male,Lipid Profile,Laboratory,"Patricia Mendoza, RMT",Laboratory
2024-09-14,Child,Female,Upper Respiratory Infection,Clinic,Dr. Ana Lopez,Check-up
2024-09-14,Senior,Female,Urinalysis,Laboratory,"Patricia Mendoza, RMT",Laboratory
2024-09-14,Adult,Female,Urinalysis,Laboratory,"Joanna Lim, RMT",Laboratory
2024-09-15,Adult,Female,Diabetes Mellitus Monitoring,Clinic,Dr. Victor Manuel,Check-up
2024-09-15,Senior,Female,Fecalysis,Laboratory,"Joanna Lim, RMT",Laboratory
2024-09-15,Child,Male,Fever,Clinic,Dr. Ana Lopez,Check-up
2024-09-15,Adult,Female,Headache,Clinic,Dr. Paolo Rivera,Check-up
2024-09-15,Adult,Male,Hypertension Monitoring,Clinic,Dr. Elena Bautista,Check-up
2024-09-15,Adult,Male,Hypertension Monitoring,Clinic,Dr. Victor Manuel,Check-up
2024-09-15,Adult,Female,Preventive Health Check-up,Clinic,Dr. Paolo Rivera,Check-up
2024-09-15,Adult,Male,Preventive Health Check-up,Clinic,Dr. Camille Tan,Check-up
2024-09-15,Senior,Female,Routine Medical Consultation,Clinic,Dr. Ana Lopez,Check-up
2024-09-15,Adult,Male,Routine Medical Consultation,Clinic,Dr. Camille Tan,Check-up
2024-09-15,Adult,Male,Routine Medical Consultation,Clinic,Dr. Paolo Rivera,Check-up
2024-09-15,Adult,Female,Urinary Tract Infection,Clinic,Dr. Miguel Fernandez,Check-up
2024-09-16,Adult,Female,Blood Chemistry,Laboratory,"Patricia Mendoza, RMT",Laboratory
2024-09-16,Adult,Male,Dermatitis and Allergy,Clinic,Dr. Ana Lopez,Check-up
2024-09-16,Adult,Female,Diabetes Mellitus Monitoring,Clinic,Dr. Elena Bautista,Check-up
2024-09-16,Child,Female,Electrocardiography,Cardiology,Dr. Paolo Rivera,Cardiology
2024-09-16,Adult,Male,Hypertension Monitoring,Clinic,Dr. Elena Bautista,Check-up
2024-09-16,Adult,Male,Pregnancy Test,Laboratory,"Patricia Mendoza, RMT",Laboratory
2024-09-17,Adult,Female,2D Echo,Cardiology,Dr. Paolo Rivera,Cardiology
2024-09-17,Adult,Female,Abdominal Pain,Clinic,Dr. Victor Manuel,Check-up
2024-09-17,Adult,Female,Complete Blood Count,Laboratory,"Carlo Navarro, RMT",Laboratory
2024-09-17,Senior,Female,Gastritis,Clinic,Dr. Victor Manuel,Check-up
2024-09-17,Adult,Female,Thyroid Function Test,Laboratory,"Angela Reyes, RMT",Laboratory
2024-09-18,Adult,Female,2D Echo,Cardiology,Dr. Ana Lopez,Cardiology
2024-09-18,Adult,Male,Abdominal Pain,Clinic,Dr. Elena Bautista,Check-up
2024-09-18,Adult,Male,Chest X-ray,Radiology,Dr. Andrea Sy,Imaging
2024-09-18,Adult,Female,Dermatitis and Allergy,Clinic,Dr. Paolo Rivera,Check-up
2024-09-18,Adult,Male,Dermatitis and Allergy,Clinic,Dr. Paolo Rivera,Check-up
2024-09-18,Senior,Male,Diabetes Mellitus Monitoring,Clinic,Dr. Elena Bautista,Check-up
2024-09-18,Adult,Male,Drug Testing,Drug Testing,"Mark Villanueva, RMT",Drug Testing
2024-09-18,Adult,Female,Gastritis,Clinic,Dr. Elena Bautista,Check-up
2024-09-18,Child,Female,Lipid Profile,Laboratory,"Patricia Mendoza, RMT",Laboratory
2024-09-18,Child,Female,Routine Medical Consultation,Clinic,Dr. Miguel Fernandez,Check-up
2024-09-18,Adult,Male,Thyroid Function Test,Laboratory,"Carlo Navarro, RMT",Laboratory
2024-09-19,Child,Male,Annual Physical Examination,Annual Physical Examination,Dr. Ana Lopez,Annual Physical Examination
2024-09-19,Adult,Male,Creatinine,Laboratory,"Patricia Mendoza, RMT",Laboratory
2024-09-19,Adult,Male,Fasting Blood Sugar,Laboratory,"Angela Reyes, RMT",Laboratory
2024-09-19,Adult,Male,Hepatitis Screening,Laboratory,"Rafael Torres, RMT",Laboratory
2024-09-19,Adult,Male,Hypertension Monitoring,Clinic,Dr. Elena Bautista,Check-up
2024-09-19,Adult,Male,Lipid Profile,Laboratory,"Carlo Navarro, RMT",Laboratory
2024-09-19,Adult,Male,Routine Medical Consultation,Clinic,Dr. Ana Lopez,Check-up
2024-09-19,Adult,Female,Urinalysis,Laboratory,"Joanna Lim, RMT",Laboratory
2024-09-19,Adult,Female,Urinalysis,Laboratory,"Mark Villanueva, RMT",Laboratory
2024-09-20,Adult,Male,Chest X-ray,Radiology,Dr. Andrea Sy,Imaging
2024-09-20,Adult,Male,Complete Blood Count,Laboratory,"Angela Reyes, RMT",Laboratory
2024-09-20,Senior,Female,Creatinine,Laboratory,"Patricia Mendoza, RMT",Laboratory
2024-09-20,Child,Male,Creatinine,Laboratory,"Angela Reyes, RMT",Laboratory
2024-09-20,Senior,Male,Diabetes Mellitus Monitoring,Clinic,Dr. Victor Manuel,Check-up
2024-09-20,Adult,Female,Diabetes Mellitus Monitoring,Clinic,Dr. Victor Manuel,Check-up
2024-09-20,Adult,Male,Gastritis,Clinic,Dr. Victor Manuel,Check-up
2024-09-20,Adult,Male,Home Service Laboratory,Home Service,"Angela Reyes, RMT",Home Service
2024-09-20,Adult,Female,Hypertension Monitoring,Clinic,Dr. Victor Manuel,Check-up
2024-09-20,Senior,Female,Hypertension Monitoring,Clinic,Dr. Elena Bautista,Check-up
2024-09-20,Adult,Male,Hypertension Monitoring,Clinic,Dr. Elena Bautista,Check-up
2024-09-20,Adult,Male,Upper Respiratory Infection,Clinic,Dr. Miguel Fernandez,Check-up
2024-09-21,Adult,Male,Blood Chemistry,Laboratory,"Angela Reyes, RMT",Laboratory
2024-09-21,Child,Female,Chest X-ray,Radiology,Dr. Sofia Mercado,Imaging
2024-09-21,Adult,Female,Complete Blood Count,Laboratory,"Carlo Navarro, RMT",Laboratory
2024-09-21,Senior,Female,Fasting Blood Sugar,Laboratory,"Joanna Lim, RMT",Laboratory
2024-09-21,Adult,Female,Preventive Health Check-up,Clinic,Dr. Miguel Fernandez,Check-up
2024-09-21,Adult,Male,Vascular Study,Radiology,Dr. Henry Ong,Imaging
2024-09-22,Child,Female,Annual Physical Examination,Annual Physical Examination,Dr. Miguel Fernandez,Annual Physical Examination
2024-09-22,Adult,Male,Asthma Monitoring,Clinic,Dr. Elena Bautista,Check-up
2024-09-22,Adult,Male,Complete Blood Count,Laboratory,"Patricia Mendoza, RMT",Laboratory
2024-09-22,Senior,Female,Fasting Blood Sugar,Laboratory,"Carlo Navarro, RMT",Laboratory
2024-09-22,Adult,Female,Fever,Clinic,Dr. Miguel Fernandez,Check-up
2024-09-22,Adult,Male,Headache,Clinic,Dr. Miguel Fernandez,Check-up
2024-09-22,Adult,Female,Hypertension Monitoring,Clinic,Dr. Elena Bautista,Check-up
2024-09-22,Adult,Male,Hypertension Monitoring,Clinic,Dr. Elena Bautista,Check-up
2024-09-22,Adult,Female,Hypertension Monitoring,Clinic,Dr. Victor Manuel,Check-up
2024-09-22,Child,Male,Upper Respiratory Infection,Clinic,Dr. Miguel Fernandez,Check-up
2024-09-22,Child,Male,Upper Respiratory Infection,Clinic,Dr. Paolo Rivera,Check-up
2024-09-23,Child,Male,Complete Blood Count,Laboratory,"Mark Villanueva, RMT",Laboratory
2024-09-23,Adult,Male,Creatinine,Laboratory,"Joanna Lim, RMT",Laboratory
2024-09-23,Adult,Male,Dermatitis and Allergy,Clinic,Dr. Paolo Rivera,Check-up
2024-09-23,Adult,Male,Drug Testing,Drug Testing,"Carlo Navarro, RMT",Drug Testing
2024-09-23,Adult,Male,Drug Testing,Drug Testing,"Patricia Mendoza, RMT",Drug Testing
2024-09-23,Adult,Female,Fever,Clinic,Dr. Miguel Fernandez,Check-up
2024-09-23,Senior,Female,Hypertension Monitoring,Clinic,Dr. Victor Manuel,Check-up
2024-09-23,Adult,Female,Lipid Profile,Laboratory,"Joanna Lim, RMT",Laboratory
2024-09-23,Adult,Male,Pregnancy Test,Laboratory,"Patricia Mendoza, RMT",Laboratory
2024-09-23,Adult,Female,Preventive Health Check-up,Clinic,Dr. Camille Tan,Check-up
2024-09-23,Adult,Female,Upper Respiratory Infection,Clinic,Dr. Paolo Rivera,Check-up
2024-09-23,Senior,Male,Upper Respiratory Infection,Clinic,Dr. Paolo Rivera,Check-up
2024-09-23,Child,Female,Upper Respiratory Infection,Clinic,Dr. Paolo Rivera,Check-up
2024-09-24,Adult,Male,Blood Chemistry,Laboratory,"Mark Villanueva, RMT",Laboratory
2024-09-24,Adult,Female,Drug Testing,Drug Testing,"Joanna Lim, RMT",Drug Testing
2024-09-24,Adult,Female,Fever,Clinic,Dr. Paolo Rivera,Check-up
2024-09-24,Adult,Female,Gastritis,Clinic,Dr. Elena Bautista,Check-up
2024-09-24,Child,Female,Lipid Profile,Laboratory,"Patricia Mendoza, RMT",Laboratory
2024-09-24,Adult,Female,Lipid Profile,Laboratory,"Mark Villanueva, RMT",Laboratory
2024-09-24,Adult,Female,Upper Respiratory Infection,Clinic,Dr. Ana Lopez,Check-up
2024-09-24,Child,Female,Upper Respiratory Infection,Clinic,Dr. Paolo Rivera,Check-up
2024-09-25,Adult,Female,Chest X-ray,Radiology,Dr. Andrea Sy,Imaging
2024-09-25,Adult,Male,Diabetes Mellitus Monitoring,Clinic,Dr. Elena Bautista,Check-up
2024-09-25,Adult,Female,Hypertension Monitoring,Clinic,Dr. Elena Bautista,Check-up
2024-09-25,Adult,Female,Lipid Profile,Laboratory,"Rafael Torres, RMT",Laboratory
2024-09-25,Adult,Male,Urinalysis,Laboratory,"Angela Reyes, RMT",Laboratory
2024-09-25,Child,Female,Vaccination,Clinic,Dr. Ana Lopez,Vaccination
2024-09-25,Senior,Female,Vascular Study,Radiology,Dr. Andrea Sy,Imaging
2024-09-26,Adult,Male,Annual Physical Examination,Annual Physical Examination,Dr. Camille Tan,Annual Physical Examination
2024-09-26,Adult,Male,Asthma Monitoring,Clinic,Dr. Victor Manuel,Check-up
2024-09-26,Adult,Female,Gastritis,Clinic,Dr. Victor Manuel,Check-up
2024-09-26,Adult,Male,Preventive Health Check-up,Clinic,Dr. Camille Tan,Check-up
2024-09-26,Child,Male,Preventive Health Check-up,Clinic,Dr. Paolo Rivera,Check-up
2024-09-26,Child,Female,Upper Respiratory Infection,Clinic,Dr. Paolo Rivera,Check-up
2024-09-27,Adult,Female,2D Echo,Cardiology,Dr. Miguel Fernandez,Cardiology
2024-09-27,Adult,Female,Lipid Profile,Laboratory,"Rafael Torres, RMT",Laboratory
2024-09-28,Adult,Female,Asthma Monitoring,Clinic,Dr. Elena Bautista,Check-up
2024-09-28,Child,Male,Electrocardiography,Cardiology,Dr. Miguel Fernandez,Cardiology
2024-09-28,Adult,Male,Fever,Clinic,Dr. Camille Tan,Check-up
2024-09-28,Child,Male,Gastritis,Clinic,Dr. Elena Bautista,Check-up
2024-09-28,Adult,Male,Gastritis,Clinic,Dr. Victor Manuel,Check-up
2024-09-28,Adult,Male,Lipid Profile,Laboratory,"Angela Reyes, RMT",Laboratory
2024-09-28,Adult,Male,Ultrasound,Radiology,Dr. Henry Ong,Imaging
2024-09-28,Adult,Male,Urinalysis,Laboratory,"Rafael Torres, RMT",Laboratory
2024-09-28,Child,Female,Urinalysis,Laboratory,"Angela Reyes, RMT",Laboratory
2024-09-29,Adult,Male,Asthma Monitoring,Clinic,Dr. Victor Manuel,Check-up
2024-09-29,Child,Male,Asthma Monitoring,Clinic,Dr. Victor Manuel,Check-up
2024-09-29,Adult,Female,Complete Blood Count,Laboratory,"Joanna Lim, RMT",Laboratory
2024-09-29,Adult,Male,Diabetes Mellitus Monitoring,Clinic,Dr. Victor Manuel,Check-up
2024-09-29,Adult,Male,Preventive Health Check-up,Clinic,Dr. Paolo Rivera,Check-up
2024-09-29,Adult,Female,Upper Respiratory Infection,Clinic,Dr. Ana Lopez,Check-up
2024-09-29,Adult,Male,Upper Respiratory Infection,Clinic,Dr. Paolo Rivera,Check-up
2024-09-30,Adult,Female,2D Echo,Cardiology,Dr. Paolo Rivera,Cardiology
2024-09-30,Adult,Female,Complete Blood Count,Laboratory,"Angela Reyes, RMT",Laboratory
2024-09-30,Child,Male,Creatinine,Laboratory,"Patricia Mendoza, RMT",Laboratory
2024-09-30,Adult,Male,Diabetes Mellitus Monitoring,Clinic,Dr. Victor Manuel,Check-up
2024-09-30,Adult,Female,Electrocardiography,Cardiology,Dr. Miguel Fernandez,Cardiology
2024-09-30,Adult,Female,Hypertension Monitoring,Clinic,Dr. Elena Bautista,Check-up
2024-09-30,Adult,Female,Thyroid Function Test,Laboratory,"Mark Villanueva, RMT",Laboratory
2024-09-30,Child,Male,Urinalysis,Laboratory,"Rafael Torres, RMT",Laboratory
2024-09-30,Adult,Female,Urinary Tract Infection,Clinic,Dr. Ana Lopez,Check-up
2024-10-01,Adult,Female,Blood Chemistry,Laboratory,"Carlo Navarro, RMT",Laboratory
2024-10-01,Adult,Female,Drug Testing,Drug Testing,"Rafael Torres, RMT",Drug Testing
2024-10-01,Adult,Female,Fasting Blood Sugar,Laboratory,"Carlo Navarro, RMT",Laboratory
2024-10-01,Senior,Male,Gastritis,Clinic,Dr. Elena Bautista,Check-up
2024-10-01,Adult,Female,Pregnancy Test,Laboratory,"Angela Reyes, RMT",Laboratory
2024-10-02,Adult,Male,Annual Physical Examination,Annual Physical Examination,Dr. Ana Lopez,Annual Physical Examination
2024-10-02,Adult,Female,Asthma Monitoring,Clinic,Dr. Victor Manuel,Check-up
2024-10-02,Child,Female,Blood Chemistry,Laboratory,"Patricia Mendoza, RMT",Laboratory
2024-10-02,Adult,Female,Blood Chemistry,Laboratory,"Angela Reyes, RMT",Laboratory
2024-10-02,Child,Female,Complete Blood Count,Laboratory,"Mark Villanueva, RMT",Laboratory
2024-10-02,Adult,Male,Dermatitis and Allergy,Clinic,Dr. Camille Tan,Check-up
2024-10-02,Adult,Male,Routine Medical Consultation,Clinic,Dr. Paolo Rivera,Check-up
2024-10-03,Senior,Male,Blood Chemistry,Laboratory,"Rafael Torres, RMT",Laboratory
2024-10-03,Child,Female,Complete Blood Count,Laboratory,"Carlo Navarro, RMT",Laboratory
2024-10-03,Child,Female,Complete Blood Count,Laboratory,"Joanna Lim, RMT",Laboratory
2024-10-03,Adult,Male,Electrocardiography,Cardiology,Dr. Miguel Fernandez,Cardiology
2024-10-03,Adult,Male,Fecalysis,Laboratory,"Patricia Mendoza, RMT",Laboratory
2024-10-03,Adult,Female,Headache,Clinic,Dr. Ana Lopez,Check-up
2024-10-03,Senior,Female,Hypertension Monitoring,Clinic,Dr. Victor Manuel,Check-up
2024-10-03,Adult,Female,Pregnancy Test,Laboratory,"Mark Villanueva, RMT",Laboratory
2024-10-03,Adult,Female,Urinary Tract Infection,Clinic,Dr. Camille Tan,Check-up
2024-10-03,Child,Female,Vaccination,Clinic,Dr. Ana Lopez,Vaccination
2024-10-04,Child,Male,Complete Blood Count,Laboratory,"Angela Reyes, RMT",Laboratory
2024-10-04,Adult,Male,Gastritis,Clinic,Dr. Victor Manuel,Check-up
2024-10-04,Adult,Female,Hypertension Monitoring,Clinic,Dr. Victor Manuel,Check-up
2024-10-04,Adult,Male,Routine Medical Consultation,Clinic,Dr. Miguel Fernandez,Check-up
2024-10-04,Child,Female,Upper Respiratory Infection,Clinic,Dr. Camille Tan,Check-up
2024-10-05,Adult,Male,Dermatitis and Allergy,Clinic,Dr. Paolo Rivera,Check-up
2024-10-05,Adult,Female,Diabetes Mellitus Monitoring,Clinic,Dr. Victor Manuel,Check-up
2024-10-05,Adult,Male,Fasting Blood Sugar,Laboratory,"Rafael Torres, RMT",Laboratory
2024-10-05,Child,Female,Headache,Clinic,Dr. Paolo Rivera,Check-up
2024-10-05,Adult,Male,Hypertension Monitoring,Clinic,Dr. Victor Manuel,Check-up
2024-10-05,Child,Female,Lipid Profile,Laboratory,"Patricia Mendoza, RMT",Laboratory
2024-10-05,Adult,Female,Pregnancy Test,Laboratory,"Joanna Lim, RMT",Laboratory
2024-10-05,Adult,Female,Upper Respiratory Infection,Clinic,Dr. Camille Tan,Check-up
2024-10-05,Adult,Female,Urinary Tract Infection,Clinic,Dr. Camille Tan,Check-up
2024-10-06,Adult,Female,Annual Physical Examination,Annual Physical Examination,Dr. Camille Tan,Annual Physical Examination
2024-10-06,Adult,Male,Fasting Blood Sugar,Laboratory,"Mark Villanueva, RMT",Laboratory
2024-10-06,Senior,Female,Preventive Health Check-up,Clinic,Dr. Ana Lopez,Check-up
2024-10-06,Child,Female,SGPT,Laboratory,"Rafael Torres, RMT",Laboratory
2024-10-06,Adult,Female,Ultrasound,Radiology,Dr. Sofia Mercado,Imaging
2024-10-06,Senior,Male,Ultrasound,Radiology,Dr. Henry Ong,Imaging
2024-10-06,Adult,Female,Upper Respiratory Infection,Clinic,Dr. Paolo Rivera,Check-up
2024-10-06,Child,Female,Vaccination,Clinic,Dr. Paolo Rivera,Vaccination
2024-10-07,Adult,Male,Complete Blood Count,Laboratory,"Rafael Torres, RMT",Laboratory
2024-10-07,Adult,Male,Dermatitis and Allergy,Clinic,Dr. Camille Tan,Check-up
2024-10-07,Adult,Female,Pre-Employment Medical Exam,Clinic,Dr. Miguel Fernandez,Pre-Employment Checkup
2024-10-08,Child,Male,Abdominal Pain,Clinic,Dr. Elena Bautista,Check-up
2024-10-08,Adult,Female,Annual Physical Examination,Annual Physical Examination,Dr. Paolo Rivera,Annual Physical Examination
2024-10-08,Child,Male,Gastritis,Clinic,Dr. Elena Bautista,Check-up
2024-10-08,Child,Female,Home Service Laboratory,Home Service,"Carlo Navarro, RMT",Home Service
2024-10-08,Senior,Male,Hypertension Monitoring,Clinic,Dr. Victor Manuel,Check-up
2024-10-08,Adult,Male,SGPT,Laboratory,"Joanna Lim, RMT",Laboratory
2024-10-08,Adult,Male,Upper Respiratory Infection,Clinic,Dr. Paolo Rivera,Check-up
2024-10-09,Adult,Male,Complete Blood Count,Laboratory,"Carlo Navarro, RMT",Laboratory
2024-10-09,Child,Female,Fasting Blood Sugar,Laboratory,"Mark Villanueva, RMT",Laboratory
2024-10-09,Adult,Female,Fecalysis,Laboratory,"Joanna Lim, RMT",Laboratory
2024-10-09,Child,Male,Headache,Clinic,Dr. Camille Tan,Check-up
2024-10-09,Adult,Female,Lipid Profile,Laboratory,"Joanna Lim, RMT",Laboratory
2024-10-09,Senior,Male,Routine Medical Consultation,Clinic,Dr. Miguel Fernandez,Check-up
2024-10-09,Adult,Female,SGPT,Laboratory,"Patricia Mendoza, RMT",Laboratory
2024-10-10,Senior,Female,Chest X-ray,Radiology,Dr. Sofia Mercado,Imaging
2024-10-10,Adult,Female,Dermatitis and Allergy,Clinic,Dr. Miguel Fernandez,Check-up
2024-10-10,Child,Male,Fasting Blood Sugar,Laboratory,"Joanna Lim, RMT",Laboratory
2024-10-10,Senior,Female,Hypertension Monitoring,Clinic,Dr. Elena Bautista,Check-up
2024-10-10,Adult,Female,SGPT,Laboratory,"Joanna Lim, RMT",Laboratory
2024-10-10,Adult,Female,Vaccination,Clinic,Dr. Paolo Rivera,Vaccination
2024-10-11,Adult,Male,Complete Blood Count,Laboratory,"Carlo Navarro, RMT",Laboratory
2024-10-11,Adult,Male,Dermatitis and Allergy,Clinic,Dr. Camille Tan,Check-up
2024-10-11,Senior,Female,Diabetes Mellitus Monitoring,Clinic,Dr. Victor Manuel,Check-up
2024-10-11,Adult,Female,Diabetes Mellitus Monitoring,Clinic,Dr. Victor Manuel,Check-up
2024-10-11,Adult,Male,Drug Testing,Drug Testing,"Joanna Lim, RMT",Drug Testing
2024-10-11,Adult,Male,Electrocardiography,Cardiology,Dr. Paolo Rivera,Cardiology
2024-10-12,Adult,Male,Diabetes Mellitus Monitoring,Clinic,Dr. Elena Bautista,Check-up
2024-10-12,Adult,Male,Drug Testing,Drug Testing,"Carlo Navarro, RMT",Drug Testing
2024-10-12,Child,Male,Electrocardiography,Cardiology,Dr. Camille Tan,Cardiology
2024-10-12,Child,Male,Hepatitis Screening,Laboratory,"Patricia Mendoza, RMT",Laboratory
2024-10-12,Adult,Male,Home Service Laboratory,Home Service,"Joanna Lim, RMT",Home Service
2024-10-12,Senior,Male,Ultrasound,Radiology,Dr. Henry Ong,Imaging
2024-10-13,Adult,Male,2D Echo,Cardiology,Dr. Miguel Fernandez,Cardiology
2024-10-13,Adult,Male,Blood Chemistry,Laboratory,"Carlo Navarro, RMT",Laboratory
2024-10-13,Child,Female,Complete Blood Count,Laboratory,"Carlo Navarro, RMT",Laboratory
2024-10-13,Adult,Female,Creatinine,Laboratory,"Mark Villanueva, RMT",Laboratory
2024-10-13,Adult,Female,Fever,Clinic,Dr. Paolo Rivera,Check-up
2024-10-13,Adult,Female,Home Service Laboratory,Home Service,"Patricia Mendoza, RMT",Home Service
2024-10-13,Senior,Male,Hypertension Monitoring,Clinic,Dr. Victor Manuel,Check-up
2024-10-13,Adult,Female,Pregnancy Test,Laboratory,"Angela Reyes, RMT",Laboratory
2024-10-13,Adult,Female,Routine Medical Consultation,Clinic,Dr. Ana Lopez,Check-up
2024-10-13,Adult,Male,Upper Respiratory Infection,Clinic,Dr. Miguel Fernandez,Check-up
2024-10-14,Child,Male,Complete Blood Count,Laboratory,"Joanna Lim, RMT",Laboratory
2024-10-14,Adult,Female,Gastritis,Clinic,Dr. Victor Manuel,Check-up
2024-10-14,Adult,Female,Hypertension Monitoring,Clinic,Dr. Elena Bautista,Check-up
2024-10-14,Adult,Female,Hypertension Monitoring,Clinic,Dr. Victor Manuel,Check-up
2024-10-14,Adult,Female,Pre-Employment Medical Exam,Clinic,Dr. Ana Lopez,Pre-Employment Checkup
2024-10-14,Adult,Male,SGPT,Laboratory,"Angela Reyes, RMT",Laboratory
2024-10-14,Adult,Female,Upper Respiratory Infection,Clinic,Dr. Miguel Fernandez,Check-up
2024-10-15,Adult,Male,Annual Physical Examination,Annual Physical Examination,Dr. Ana Lopez,Annual Physical Examination
2024-10-15,Adult,Female,Home Service Laboratory,Home Service,"Joanna Lim, RMT",Home Service
2024-10-15,Adult,Male,Upper Respiratory Infection,Clinic,Dr. Miguel Fernandez,Check-up
2024-10-15,Child,Male,Vaccination,Clinic,Dr. Camille Tan,Vaccination
2024-10-16,Adult,Male,Annual Physical Examination,Annual Physical Examination,Dr. Ana Lopez,Annual Physical Examination
2024-10-16,Adult,Male,Drug Testing,Drug Testing,"Joanna Lim, RMT",Drug Testing
2024-10-16,Senior,Male,Hypertension Monitoring,Clinic,Dr. Victor Manuel,Check-up
2024-10-16,Child,Male,Preventive Health Check-up,Clinic,Dr. Camille Tan,Check-up
2024-10-16,Adult,Male,Routine Medical Consultation,Clinic,Dr. Paolo Rivera,Check-up
2024-10-16,Adult,Female,Urinalysis,Laboratory,"Joanna Lim, RMT",Laboratory
2024-10-17,Adult,Male,Abdominal Pain,Clinic,Dr. Victor Manuel,Check-up
2024-10-17,Adult,Female,Asthma Monitoring,Clinic,Dr. Victor Manuel,Check-up
2024-10-17,Adult,Male,Asthma Monitoring,Clinic,Dr. Victor Manuel,Check-up
2024-10-17,Adult,Female,Blood Chemistry,Laboratory,"Patricia Mendoza, RMT",Laboratory
2024-10-17,Adult,Female,Complete Blood Count,Laboratory,"Rafael Torres, RMT",Laboratory
2024-10-17,Adult,Female,Dermatitis and Allergy,Clinic,Dr. Camille Tan,Check-up
2024-10-17,Adult,Female,Drug Testing,Drug Testing,"Rafael Torres, RMT",Drug Testing
2024-10-17,Adult,Female,Electrocardiography,Cardiology,Dr. Paolo Rivera,Cardiology
2024-10-17,Adult,Male,Gastritis,Clinic,Dr. Victor Manuel,Check-up
2024-10-17,Senior,Female,Hypertension Monitoring,Clinic,Dr. Elena Bautista,Check-up
2024-10-17,Adult,Male,Upper Respiratory Infection,Clinic,Dr. Ana Lopez,Check-up
2024-10-17,Child,Male,Upper Respiratory Infection,Clinic,Dr. Miguel Fernandez,Check-up
2024-10-18,Senior,Male,Blood Chemistry,Laboratory,"Angela Reyes, RMT",Laboratory
2024-10-18,Adult,Female,Dermatitis and Allergy,Clinic,Dr. Camille Tan,Check-up
2024-10-18,Adult,Female,Fecalysis,Laboratory,"Rafael Torres, RMT",Laboratory
2024-10-18,Adult,Male,Headache,Clinic,Dr. Miguel Fernandez,Check-up
2024-10-18,Adult,Male,Pregnancy Test,Laboratory,"Joanna Lim, RMT",Laboratory
2024-10-18,Adult,Female,Upper Respiratory Infection,Clinic,Dr. Miguel Fernandez,Check-up
2024-10-18,Adult,Female,Upper Respiratory Infection,Clinic,Dr. Paolo Rivera,Check-up
2024-10-18,Senior,Male,Vascular Study,Radiology,Dr. Henry Ong,Imaging
2024-10-19,Adult,Male,Blood Chemistry,Laboratory,"Mark Villanueva, RMT",Laboratory
2024-10-19,Adult,Female,Creatinine,Laboratory,"Angela Reyes, RMT",Laboratory
2024-10-19,Child,Female,Fasting Blood Sugar,Laboratory,"Rafael Torres, RMT",Laboratory
2024-10-19,Adult,Male,Fasting Blood Sugar,Laboratory,"Rafael Torres, RMT",Laboratory
2024-10-19,Adult,Female,Fecalysis,Laboratory,"Angela Reyes, RMT",Laboratory
2024-10-19,Senior,Male,Gastritis,Clinic,Dr. Elena Bautista,Check-up
2024-10-19,Senior,Female,Hypertension Monitoring,Clinic,Dr. Victor Manuel,Check-up
2024-10-19,Adult,Female,Preventive Health Check-up,Clinic,Dr. Camille Tan,Check-up
2024-10-19,Child,Female,Preventive Health Check-up,Clinic,Dr. Ana Lopez,Check-up
2024-10-19,Adult,Female,Upper Respiratory Infection,Clinic,Dr. Ana Lopez,Check-up
2024-10-19,Child,Male,Upper Respiratory Infection,Clinic,Dr. Miguel Fernandez,Check-up
2024-10-19,Adult,Female,Urinalysis,Laboratory,"Patricia Mendoza, RMT",Laboratory
2024-10-20,Adult,Male,Blood Chemistry,Laboratory,"Angela Reyes, RMT",Laboratory
2024-10-20,Adult,Female,Chest X-ray,Radiology,Dr. Henry Ong,Imaging
2024-10-20,Adult,Female,Gastritis,Clinic,Dr. Elena Bautista,Check-up
2024-10-20,Adult,Female,Gastritis,Clinic,Dr. Victor Manuel,Check-up
2024-10-20,Senior,Male,Hypertension Monitoring,Clinic,Dr. Victor Manuel,Check-up
2024-10-20,Adult,Female,Pre-Employment Medical Exam,Clinic,Dr. Paolo Rivera,Pre-Employment Checkup
2024-10-20,Child,Female,Urinalysis,Laboratory,"Angela Reyes, RMT",Laboratory
2024-10-20,Child,Female,Urinalysis,Laboratory,"Patricia Mendoza, RMT",Laboratory
2024-10-21,Adult,Female,Dermatitis and Allergy,Clinic,Dr. Camille Tan,Check-up
2024-10-21,Adult,Female,Hypertension Monitoring,Clinic,Dr. Victor Manuel,Check-up
2024-10-21,Child,Male,Upper Respiratory Infection,Clinic,Dr. Paolo Rivera,Check-up
2024-10-22,Child,Female,Dermatitis and Allergy,Clinic,Dr. Ana Lopez,Check-up
2024-10-22,Adult,Female,Drug Testing,Drug Testing,"Carlo Navarro, RMT",Drug Testing
2024-10-22,Adult,Male,Drug Testing,Drug Testing,"Patricia Mendoza, RMT",Drug Testing
2024-10-22,Adult,Male,Fecalysis,Laboratory,"Rafael Torres, RMT",Laboratory
2024-10-22,Adult,Male,Headache,Clinic,Dr. Paolo Rivera,Check-up
2024-10-22,Child,Male,Hepatitis Screening,Laboratory,"Carlo Navarro, RMT",Laboratory
2024-10-22,Senior,Female,Hypertension Monitoring,Clinic,Dr. Victor Manuel,Check-up
2024-10-22,Adult,Female,Lipid Profile,Laboratory,"Mark Villanueva, RMT",Laboratory
2024-10-22,Adult,Female,Pre-Employment Medical Exam,Clinic,Dr. Ana Lopez,Pre-Employment Checkup
2024-10-22,Adult,Female,Upper Respiratory Infection,Clinic,Dr. Camille Tan,Check-up
2024-10-22,Adult,Male,Upper Respiratory Infection,Clinic,Dr. Camille Tan,Check-up
2024-10-22,Adult,Female,Vascular Study,Radiology,Dr. Henry Ong,Imaging
2024-10-23,Senior,Female,2D Echo,Cardiology,Dr. Ana Lopez,Cardiology
2024-10-23,Senior,Male,2D Echo,Cardiology,Dr. Miguel Fernandez,Cardiology
2024-10-23,Adult,Male,Diabetes Mellitus Monitoring,Clinic,Dr. Victor Manuel,Check-up
2024-10-23,Adult,Male,Fever,Clinic,Dr. Ana Lopez,Check-up
2024-10-23,Adult,Female,Lipid Profile,Laboratory,"Joanna Lim, RMT",Laboratory
2024-10-23,Adult,Male,Pregnancy Test,Laboratory,"Mark Villanueva, RMT",Laboratory
2024-10-24,Adult,Female,Annual Physical Examination,Annual Physical Examination,Dr. Ana Lopez,Annual Physical Examination
2024-10-24,Adult,Female,Home Service Laboratory,Home Service,"Rafael Torres, RMT",Home Service
2024-10-24,Senior,Male,Hypertension Monitoring,Clinic,Dr. Victor Manuel,Check-up
2024-10-25,Senior,Male,Diabetes Mellitus Monitoring,Clinic,Dr. Elena Bautista,Check-up
2024-10-25,Adult,Female,Diabetes Mellitus Monitoring,Clinic,Dr. Victor Manuel,Check-up
2024-10-25,Adult,Female,Electrocardiography,Cardiology,Dr. Camille Tan,Cardiology
2024-10-25,Adult,Female,Home Service Laboratory,Home Service,"Mark Villanueva, RMT",Home Service
2024-10-25,Adult,Male,Pre-Employment Medical Exam,Clinic,Dr. Paolo Rivera,Pre-Employment Checkup
2024-10-25,Adult,Male,Preventive Health Check-up,Clinic,Dr. Miguel Fernandez,Check-up
2024-10-25,Adult,Female,Thyroid Function Test,Laboratory,"Patricia Mendoza, RMT",Laboratory
2024-10-25,Adult,Female,Ultrasound,Radiology,Dr. Sofia Mercado,Imaging
2024-10-25,Child,Female,Urinary Tract Infection,Clinic,Dr. Camille Tan,Check-up
2024-10-26,Child,Female,Blood Chemistry,Laboratory,"Mark Villanueva, RMT",Laboratory
2024-10-26,Child,Female,Creatinine,Laboratory,"Joanna Lim, RMT",Laboratory
2024-10-26,Child,Female,Fever,Clinic,Dr. Miguel Fernandez,Check-up
2024-10-26,Child,Male,Fever,Clinic,Dr. Camille Tan,Check-up
2024-10-26,Senior,Female,Hypertension Monitoring,Clinic,Dr. Victor Manuel,Check-up
2024-10-26,Adult,Male,Hypertension Monitoring,Clinic,Dr. Victor Manuel,Check-up
2024-10-26,Adult,Female,Pregnancy Test,Laboratory,"Carlo Navarro, RMT",Laboratory
2024-10-26,Adult,Female,Preventive Health Check-up,Clinic,Dr. Miguel Fernandez,Check-up
2024-10-27,Adult,Male,Annual Physical Examination,Annual Physical Examination,Dr. Paolo Rivera,Annual Physical Examination
2024-10-27,Senior,Male,Diabetes Mellitus Monitoring,Clinic,Dr. Elena Bautista,Check-up
2024-10-27,Adult,Female,Gastritis,Clinic,Dr. Elena Bautista,Check-up
2024-10-27,Adult,Male,Thyroid Function Test,Laboratory,"Rafael Torres, RMT",Laboratory
2024-10-27,Adult,Male,Upper Respiratory Infection,Clinic,Dr. Miguel Fernandez,Check-up
2024-10-28,Adult,Female,2D Echo,Cardiology,Dr. Ana Lopez,Cardiology
2024-10-28,Adult,Male,Asthma Monitoring,Clinic,Dr. Elena Bautista,Check-up
2024-10-28,Adult,Male,Diabetes Mellitus Monitoring,Clinic,Dr. Victor Manuel,Check-up
2024-10-28,Adult,Male,Routine Medical Consultation,Clinic,Dr. Ana Lopez,Check-up
2024-10-28,Adult,Female,Routine Medical Consultation,Clinic,Dr. Ana Lopez,Check-up
2024-10-28,Adult,Female,Upper Respiratory Infection,Clinic,Dr. Miguel Fernandez,Check-up
2024-10-28,Adult,Female,Urinary Tract Infection,Clinic,Dr. Camille Tan,Check-up
2024-10-29,Adult,Female,Electrocardiography,Cardiology,Dr. Camille Tan,Cardiology
2024-10-29,Adult,Female,Headache,Clinic,Dr. Camille Tan,Check-up
2024-10-29,Adult,Male,Lipid Profile,Laboratory,"Carlo Navarro, RMT",Laboratory
2024-10-29,Adult,Male,Pregnancy Test,Laboratory,"Mark Villanueva, RMT",Laboratory
2024-10-29,Adult,Female,Preventive Health Check-up,Clinic,Dr. Camille Tan,Check-up
2024-10-29,Child,Male,Ultrasound,Radiology,Dr. Andrea Sy,Imaging
2024-10-29,Adult,Female,Upper Respiratory Infection,Clinic,Dr. Miguel Fernandez,Check-up
2024-10-30,Child,Female,Asthma Monitoring,Clinic,Dr. Elena Bautista,Check-up
2024-10-30,Adult,Male,Creatinine,Laboratory,"Mark Villanueva, RMT",Laboratory
2024-10-30,Adult,Male,Drug Testing,Drug Testing,"Angela Reyes, RMT",Drug Testing
2024-10-30,Adult,Female,Drug Testing,Drug Testing,"Mark Villanueva, RMT",Drug Testing
2024-10-30,Senior,Female,Gastritis,Clinic,Dr. Victor Manuel,Check-up
2024-10-30,Adult,Female,Gastritis,Clinic,Dr. Elena Bautista,Check-up
2024-10-30,Adult,Female,Pre-Employment Medical Exam,Clinic,Dr. Paolo Rivera,Pre-Employment Checkup
2024-10-30,Adult,Male,Vaccination,Clinic,Dr. Miguel Fernandez,Vaccination
2024-10-30,Adult,Male,Vaccination,Clinic,Dr. Camille Tan,Vaccination
2024-10-31,Adult,Male,Fasting Blood Sugar,Laboratory,"Mark Villanueva, RMT",Laboratory
2024-10-31,Adult,Female,Gastritis,Clinic,Dr. Elena Bautista,Check-up
2024-10-31,Adult,Female,Gastritis,Clinic,Dr. Victor Manuel,Check-up
2024-10-31,Child,Male,Headache,Clinic,Dr. Miguel Fernandez,Check-up
2024-10-31,Adult,Male,Hypertension Monitoring,Clinic,Dr. Victor Manuel,Check-up
2024-10-31,Adult,Male,Lipid Profile,Laboratory,"Joanna Lim, RMT",Laboratory
2024-10-31,Adult,Male,Upper Respiratory Infection,Clinic,Dr. Paolo Rivera,Check-up
2024-10-31,Adult,Male,Upper Respiratory Infection,Clinic,Dr. Camille Tan,Check-up
2024-11-01,Adult,Male,Annual Physical Examination,Annual Physical Examination,Dr. Miguel Fernandez,Annual Physical Examination
2024-11-01,Adult,Male,Complete Blood Count,Laboratory,"Rafael Torres, RMT",Laboratory
2024-11-01,Adult,Female,Complete Blood Count,Laboratory,"Carlo Navarro, RMT",Laboratory
2024-11-01,Senior,Male,Hypertension Monitoring,Clinic,Dr. Elena Bautista,Check-up
2024-11-01,Adult,Female,SGPT,Laboratory,"Carlo Navarro, RMT",Laboratory
2024-11-01,Adult,Male,Urinalysis,Laboratory,"Joanna Lim, RMT",Laboratory
2024-11-02,Child,Male,Blood Chemistry,Laboratory,"Mark Villanueva, RMT",Laboratory
2024-11-02,Adult,Female,Chest X-ray,Radiology,Dr. Sofia Mercado,Imaging
2024-11-02,Senior,Female,Complete Blood Count,Laboratory,"Patricia Mendoza, RMT",Laboratory
2024-11-02,Child,Male,Creatinine,Laboratory,"Joanna Lim, RMT",Laboratory
2024-11-02,Adult,Male,Hypertension Monitoring,Clinic,Dr. Victor Manuel,Check-up
2024-11-02,Adult,Male,Pre-Employment Medical Exam,Clinic,Dr. Paolo Rivera,Pre-Employment Checkup
2024-11-02,Child,Female,Routine Medical Consultation,Clinic,Dr. Paolo Rivera,Check-up
2024-11-02,Adult,Male,Routine Medical Consultation,Clinic,Dr. Paolo Rivera,Check-up
2024-11-02,Adult,Male,Urinalysis,Laboratory,"Angela Reyes, RMT",Laboratory
2024-11-02,Adult,Female,Vaccination,Clinic,Dr. Ana Lopez,Vaccination
2024-11-02,Senior,Male,Vascular Study,Radiology,Dr. Andrea Sy,Imaging
2024-11-03,Adult,Male,Drug Testing,Drug Testing,"Patricia Mendoza, RMT",Drug Testing
2024-11-03,Adult,Male,Hypertension Monitoring,Clinic,Dr. Victor Manuel,Check-up
2024-11-03,Senior,Male,Hypertension Monitoring,Clinic,Dr. Elena Bautista,Check-up
2024-11-03,Adult,Female,Urinary Tract Infection,Clinic,Dr. Camille Tan,Check-up
2024-11-03,Adult,Female,Vaccination,Clinic,Dr. Miguel Fernandez,Vaccination
2024-11-03,Adult,Male,Vascular Study,Radiology,Dr. Henry Ong,Imaging
2024-11-04,Adult,Female,2D Echo,Cardiology,Dr. Camille Tan,Cardiology
2024-11-04,Adult,Male,Chest X-ray,Radiology,Dr. Sofia Mercado,Imaging
2024-11-04,Adult,Female,Diabetes Mellitus Monitoring,Clinic,Dr. Victor Manuel,Check-up
2024-11-04,Child,Male,Headache,Clinic,Dr. Camille Tan,Check-up
2024-11-04,Adult,Female,Hypertension Monitoring,Clinic,Dr. Victor Manuel,Check-up
2024-11-04,Senior,Female,Hypertension Monitoring,Clinic,Dr. Elena Bautista,Check-up
2024-11-04,Adult,Female,Preventive Health Check-up,Clinic,Dr. Ana Lopez,Check-up
2024-11-05,Adult,Male,Chest X-ray,Radiology,Dr. Sofia Mercado,Imaging
2024-11-05,Adult,Male,Chest X-ray,Radiology,Dr. Henry Ong,Imaging
2024-11-05,Adult,Female,Complete Blood Count,Laboratory,"Carlo Navarro, RMT",Laboratory
2024-11-05,Senior,Male,Hypertension Monitoring,Clinic,Dr. Victor Manuel,Check-up
2024-11-05,Adult,Male,Hypertension Monitoring,Clinic,Dr. Victor Manuel,Check-up
2024-11-05,Senior,Female,Hypertension Monitoring,Clinic,Dr. Victor Manuel,Check-up
2024-11-05,Adult,Female,Pre-Employment Medical Exam,Clinic,Dr. Ana Lopez,Pre-Employment Checkup
2024-11-06,Senior,Female,Asthma Monitoring,Clinic,Dr. Elena Bautista,Check-up
2024-11-06,Adult,Female,Fecalysis,Laboratory,"Patricia Mendoza, RMT",Laboratory
2024-11-06,Adult,Male,Lipid Profile,Laboratory,"Carlo Navarro, RMT",Laboratory
2024-11-06,Adult,Female,Routine Medical Consultation,Clinic,Dr. Ana Lopez,Check-up
2024-11-06,Adult,Female,Ultrasound,Radiology,Dr. Andrea Sy,Imaging
2024-11-06,Child,Female,Urinalysis,Laboratory,"Mark Villanueva, RMT",Laboratory
2024-11-07,Senior,Male,2D Echo,Cardiology,Dr. Camille Tan,Cardiology
2024-11-07,Adult,Female,2D Echo,Cardiology,Dr. Miguel Fernandez,Cardiology
2024-11-07,Adult,Male,Abdominal Pain,Clinic,Dr. Elena Bautista,Check-up
2024-11-07,Child,Male,Annual Physical Examination,Annual Physical Examination,Dr. Miguel Fernandez,Annual Physical Examination
2024-11-07,Adult,Male,Annual Physical Examination,Annual Physical Examination,Dr. Camille Tan,Annual Physical Examination
2024-11-07,Adult,Female,Blood Chemistry,Laboratory,"Carlo Navarro, RMT",Laboratory
2024-11-07,Child,Male,Chest X-ray,Radiology,Dr. Andrea Sy,Imaging
2024-11-07,Adult,Male,Diabetes Mellitus Monitoring,Clinic,Dr. Victor Manuel,Check-up
2024-11-07,Adult,Male,Fasting Blood Sugar,Laboratory,"Angela Reyes, RMT",Laboratory
2024-11-07,Adult,Female,Hypertension Monitoring,Clinic,Dr. Victor Manuel,Check-up
2024-11-07,Senior,Male,Thyroid Function Test,Laboratory,"Mark Villanueva, RMT",Laboratory
2024-11-08,Adult,Male,Drug Testing,Drug Testing,"Patricia Mendoza, RMT",Drug Testing
2024-11-08,Senior,Male,Gastritis,Clinic,Dr. Victor Manuel,Check-up
2024-11-08,Adult,Female,Pre-Employment Medical Exam,Clinic,Dr. Ana Lopez,Pre-Employment Checkup
2024-11-08,Adult,Female,Pregnancy Test,Laboratory,"Mark Villanueva, RMT",Laboratory
2024-11-08,Adult,Male,Pregnancy Test,Laboratory,"Carlo Navarro, RMT",Laboratory
2024-11-09,Child,Female,Blood Chemistry,Laboratory,"Joanna Lim, RMT",Laboratory
2024-11-09,Child,Female,Chest X-ray,Radiology,Dr. Andrea Sy,Imaging
2024-11-09,Adult,Female,Diabetes Mellitus Monitoring,Clinic,Dr. Victor Manuel,Check-up
2024-11-09,Child,Male,Electrocardiography,Cardiology,Dr. Paolo Rivera,Cardiology
2024-11-09,Child,Male,Hepatitis Screening,Laboratory,"Carlo Navarro, RMT",Laboratory
2024-11-09,Adult,Female,Routine Medical Consultation,Clinic,Dr. Camille Tan,Check-up
2024-11-10,Adult,Female,Complete Blood Count,Laboratory,"Rafael Torres, RMT",Laboratory
2024-11-10,Adult,Male,Fever,Clinic,Dr. Miguel Fernandez,Check-up
2024-11-10,Adult,Male,Pre-Employment Medical Exam,Clinic,Dr. Paolo Rivera,Pre-Employment Checkup
2024-11-10,Adult,Female,Urinary Tract Infection,Clinic,Dr. Paolo Rivera,Check-up
2024-11-11,Child,Male,Annual Physical Examination,Annual Physical Examination,Dr. Miguel Fernandez,Annual Physical Examination
2024-11-11,Child,Male,Annual Physical Examination,Annual Physical Examination,Dr. Camille Tan,Annual Physical Examination
2024-11-11,Adult,Male,Chest X-ray,Radiology,Dr. Andrea Sy,Imaging
2024-11-11,Adult,Male,Complete Blood Count,Laboratory,"Carlo Navarro, RMT",Laboratory
2024-11-11,Adult,Female,Complete Blood Count,Laboratory,"Mark Villanueva, RMT",Laboratory
2024-11-11,Adult,Male,Fecalysis,Laboratory,"Angela Reyes, RMT",Laboratory
2024-11-11,Senior,Female,Hypertension Monitoring,Clinic,Dr. Elena Bautista,Check-up
2024-11-11,Adult,Female,Hypertension Monitoring,Clinic,Dr. Elena Bautista,Check-up
2024-11-11,Senior,Male,Lipid Profile,Laboratory,"Carlo Navarro, RMT",Laboratory
2024-11-11,Adult,Female,Routine Medical Consultation,Clinic,Dr. Camille Tan,Check-up
2024-11-11,Adult,Female,Routine Medical Consultation,Clinic,Dr. Miguel Fernandez,Check-up
2024-11-11,Adult,Male,Upper Respiratory Infection,Clinic,Dr. Camille Tan,Check-up
2024-11-11,Adult,Female,Urinary Tract Infection,Clinic,Dr. Camille Tan,Check-up
2024-11-12,Senior,Male,Asthma Monitoring,Clinic,Dr. Victor Manuel,Check-up
2024-11-12,Adult,Male,Blood Chemistry,Laboratory,"Joanna Lim, RMT",Laboratory
2024-11-12,Senior,Female,Chest X-ray,Radiology,Dr. Andrea Sy,Imaging
2024-11-12,Child,Female,Complete Blood Count,Laboratory,"Carlo Navarro, RMT",Laboratory
2024-11-12,Adult,Female,Complete Blood Count,Laboratory,"Carlo Navarro, RMT",Laboratory
2024-11-12,Adult,Female,Creatinine,Laboratory,"Carlo Navarro, RMT",Laboratory
2024-11-12,Senior,Male,Diabetes Mellitus Monitoring,Clinic,Dr. Elena Bautista,Check-up
2024-11-12,Adult,Male,Drug Testing,Drug Testing,"Mark Villanueva, RMT",Drug Testing
2024-11-12,Child,Male,Fever,Clinic,Dr. Miguel Fernandez,Check-up
2024-11-12,Adult,Female,Gastritis,Clinic,Dr. Victor Manuel,Check-up
2024-11-12,Child,Female,Routine Medical Consultation,Clinic,Dr. Camille Tan,Check-up
2024-11-12,Adult,Female,Vaccination,Clinic,Dr. Camille Tan,Vaccination
2024-11-13,Senior,Male,Diabetes Mellitus Monitoring,Clinic,Dr. Elena Bautista,Check-up
2024-11-13,Adult,Male,Fever,Clinic,Dr. Miguel Fernandez,Check-up
2024-11-13,Child,Female,Headache,Clinic,Dr. Paolo Rivera,Check-up
2024-11-13,Senior,Male,Hypertension Monitoring,Clinic,Dr. Victor Manuel,Check-up
2024-11-13,Adult,Female,Lipid Profile,Laboratory,"Rafael Torres, RMT",Laboratory
2024-11-13,Adult,Female,Upper Respiratory Infection,Clinic,Dr. Ana Lopez,Check-up
2024-11-14,Adult,Male,2D Echo,Cardiology,Dr. Camille Tan,Cardiology
2024-11-14,Adult,Male,Blood Chemistry,Laboratory,"Rafael Torres, RMT",Laboratory
2024-11-14,Adult,Female,Chest X-ray,Radiology,Dr. Henry Ong,Imaging
2024-11-14,Adult,Female,Diabetes Mellitus Monitoring,Clinic,Dr. Victor Manuel,Check-up
2024-11-14,Child,Male,Home Service Laboratory,Home Service,"Mark Villanueva, RMT",Home Service
2024-11-14,Senior,Male,Hypertension Monitoring,Clinic,Dr. Elena Bautista,Check-up
2024-11-14,Adult,Male,SGPT,Laboratory,"Rafael Torres, RMT",Laboratory
2024-11-14,Child,Female,Thyroid Function Test,Laboratory,"Rafael Torres, RMT",Laboratory
2024-11-14,Adult,Male,Urinary Tract Infection,Clinic,Dr. Paolo Rivera,Check-up
2024-11-15,Adult,Male,Diabetes Mellitus Monitoring,Clinic,Dr. Elena Bautista,Check-up
2024-11-15,Adult,Female,Drug Testing,Drug Testing,"Angela Reyes, RMT",Drug Testing
2024-11-15,Adult,Female,Hepatitis Screening,Laboratory,"Rafael Torres, RMT",Laboratory
2024-11-15,Senior,Male,Hypertension Monitoring,Clinic,Dr. Victor Manuel,Check-up
2024-11-15,Adult,Male,Hypertension Monitoring,Clinic,Dr. Victor Manuel,Check-up
2024-11-15,Adult,Male,Ultrasound,Radiology,Dr. Andrea Sy,Imaging
2024-11-15,Adult,Female,Upper Respiratory Infection,Clinic,Dr. Ana Lopez,Check-up
2024-11-16,Senior,Male,Asthma Monitoring,Clinic,Dr. Victor Manuel,Check-up
2024-11-16,Adult,Female,Diabetes Mellitus Monitoring,Clinic,Dr. Victor Manuel,Check-up
2024-11-16,Adult,Male,Drug Testing,Drug Testing,"Carlo Navarro, RMT",Drug Testing
2024-11-16,Adult,Male,Electrocardiography,Cardiology,Dr. Miguel Fernandez,Cardiology
2024-11-16,Adult,Female,Hypertension Monitoring,Clinic,Dr. Elena Bautista,Check-up
2024-11-16,Senior,Female,Hypertension Monitoring,Clinic,Dr. Victor Manuel,Check-up
2024-11-16,Adult,Male,Upper Respiratory Infection,Clinic,Dr. Camille Tan,Check-up
2024-11-16,Child,Male,Urinalysis,Laboratory,"Patricia Mendoza, RMT",Laboratory
2024-11-16,Adult,Female,Vaccination,Clinic,Dr. Camille Tan,Vaccination
2024-11-17,Senior,Female,Hypertension Monitoring,Clinic,Dr. Elena Bautista,Check-up
2024-11-17,Adult,Female,Upper Respiratory Infection,Clinic,Dr. Camille Tan,Check-up
2024-11-17,Senior,Male,Urinalysis,Laboratory,"Angela Reyes, RMT",Laboratory
2024-11-18,Child,Male,Asthma Monitoring,Clinic,Dr. Victor Manuel,Check-up
2024-11-18,Adult,Male,Blood Chemistry,Laboratory,"Patricia Mendoza, RMT",Laboratory
2024-11-18,Senior,Female,Chest X-ray,Radiology,Dr. Andrea Sy,Imaging
2024-11-18,Adult,Female,Complete Blood Count,Laboratory,"Mark Villanueva, RMT",Laboratory
2024-11-18,Adult,Male,Dermatitis and Allergy,Clinic,Dr. Paolo Rivera,Check-up
2024-11-18,Senior,Male,Diabetes Mellitus Monitoring,Clinic,Dr. Elena Bautista,Check-up
2024-11-18,Adult,Male,Electrocardiography,Cardiology,Dr. Paolo Rivera,Cardiology
2024-11-18,Adult,Female,Fasting Blood Sugar,Laboratory,"Rafael Torres, RMT",Laboratory
2024-11-18,Child,Male,Headache,Clinic,Dr. Miguel Fernandez,Check-up
2024-11-18,Adult,Male,Routine Medical Consultation,Clinic,Dr. Paolo Rivera,Check-up
2024-11-18,Adult,Female,Upper Respiratory Infection,Clinic,Dr. Paolo Rivera,Check-up
2024-11-18,Adult,Female,Upper Respiratory Infection,Clinic,Dr. Ana Lopez,Check-up
2024-11-19,Adult,Female,Abdominal Pain,Clinic,Dr. Elena Bautista,Check-up
2024-11-19,Child,Male,Chest X-ray,Radiology,Dr. Andrea Sy,Imaging
2024-11-19,Adult,Male,Chest X-ray,Radiology,Dr. Henry Ong,Imaging
2024-11-19,Adult,Female,Creatinine,Laboratory,"Mark Villanueva, RMT",Laboratory
2024-11-19,Child,Male,Creatinine,Laboratory,"Mark Villanueva, RMT",Laboratory
2024-11-19,Adult,Female,Drug Testing,Drug Testing,"Rafael Torres, RMT",Drug Testing
2024-11-19,Adult,Male,Electrocardiography,Cardiology,Dr. Miguel Fernandez,Cardiology
2024-11-19,Adult,Male,Headache,Clinic,Dr. Ana Lopez,Check-up
2024-11-19,Adult,Male,Vaccination,Clinic,Dr. Camille Tan,Vaccination
2024-11-20,Senior,Female,Hypertension Monitoring,Clinic,Dr. Elena Bautista,Check-up
2024-11-20,Adult,Male,Routine Medical Consultation,Clinic,Dr. Camille Tan,Check-up
2024-11-20,Adult,Male,Upper Respiratory Infection,Clinic,Dr. Paolo Rivera,Check-up
2024-11-21,Adult,Male,Electrocardiography,Cardiology,Dr. Ana Lopez,Cardiology
2024-11-21,Adult,Female,Pre-Employment Medical Exam,Clinic,Dr. Camille Tan,Pre-Employment Checkup
2024-11-21,Adult,Female,Pregnancy Test,Laboratory,"Joanna Lim, RMT",Laboratory
2024-11-21,Adult,Male,Upper Respiratory Infection,Clinic,Dr. Miguel Fernandez,Check-up
2024-11-21,Adult,Female,Urinary Tract Infection,Clinic,Dr. Camille Tan,Check-up
2024-11-22,Adult,Female,Abdominal Pain,Clinic,Dr. Victor Manuel,Check-up
2024-11-22,Adult,Male,Complete Blood Count,Laboratory,"Angela Reyes, RMT",Laboratory
2024-11-22,Adult,Male,Gastritis,Clinic,Dr. Elena Bautista,Check-up
2024-11-22,Adult,Female,Gastritis,Clinic,Dr. Elena Bautista,Check-up
2024-11-22,Adult,Female,Home Service Laboratory,Home Service,"Carlo Navarro, RMT",Home Service
2024-11-22,Adult,Male,Hypertension Monitoring,Clinic,Dr. Elena Bautista,Check-up
2024-11-22,Senior,Male,Hypertension Monitoring,Clinic,Dr. Elena Bautista,Check-up
2024-11-23,Child,Female,Blood Chemistry,Laboratory,"Mark Villanueva, RMT",Laboratory
2024-11-23,Senior,Female,Dermatitis and Allergy,Clinic,Dr. Camille Tan,Check-up
2024-11-23,Adult,Male,Home Service Laboratory,Home Service,"Angela Reyes, RMT",Home Service
2024-11-23,Senior,Male,Hypertension Monitoring,Clinic,Dr. Elena Bautista,Check-up
2024-11-23,Senior,Male,Lipid Profile,Laboratory,"Rafael Torres, RMT",Laboratory
2024-11-23,Adult,Female,Pre-Employment Medical Exam,Clinic,Dr. Camille Tan,Pre-Employment Checkup
2024-11-23,Child,Female,Routine Medical Consultation,Clinic,Dr. Ana Lopez,Check-up
2024-11-23,Adult,Female,Upper Respiratory Infection,Clinic,Dr. Ana Lopez,Check-up
2024-11-23,Adult,Male,Urinalysis,Laboratory,"Angela Reyes, RMT",Laboratory
2024-11-23,Adult,Female,Urinary Tract Infection,Clinic,Dr. Miguel Fernandez,Check-up
2024-11-24,Senior,Male,Abdominal Pain,Clinic,Dr. Elena Bautista,Check-up
2024-11-24,Adult,Female,Complete Blood Count,Laboratory,"Joanna Lim, RMT",Laboratory
2024-11-24,Child,Male,Dermatitis and Allergy,Clinic,Dr. Ana Lopez,Check-up
2024-11-24,Adult,Female,Fasting Blood Sugar,Laboratory,"Mark Villanueva, RMT",Laboratory
2024-11-24,Adult,Female,Fasting Blood Sugar,Laboratory,"Rafael Torres, RMT",Laboratory
2024-11-24,Child,Male,Fasting Blood Sugar,Laboratory,"Rafael Torres, RMT",Laboratory
2024-11-24,Adult,Male,Fasting Blood Sugar,Laboratory,"Mark Villanueva, RMT",Laboratory
2024-11-24,Senior,Female,Hypertension Monitoring,Clinic,Dr. Victor Manuel,Check-up
2024-11-24,Adult,Male,Hypertension Monitoring,Clinic,Dr. Elena Bautista,Check-up
2024-11-24,Adult,Male,Hypertension Monitoring,Clinic,Dr. Victor Manuel,Check-up
2024-11-24,Adult,Male,Pre-Employment Medical Exam,Clinic,Dr. Paolo Rivera,Pre-Employment Checkup
2024-11-24,Adult,Male,Pregnancy Test,Laboratory,"Rafael Torres, RMT",Laboratory
2024-11-24,Adult,Male,Routine Medical Consultation,Clinic,Dr. Paolo Rivera,Check-up
2024-11-24,Child,Male,Ultrasound,Radiology,Dr. Henry Ong,Imaging
2024-11-25,Child,Male,Chest X-ray,Radiology,Dr. Henry Ong,Imaging
2024-11-25,Senior,Male,Hypertension Monitoring,Clinic,Dr. Elena Bautista,Check-up
2024-11-25,Adult,Female,Pre-Employment Medical Exam,Clinic,Dr. Paolo Rivera,Pre-Employment Checkup
2024-11-25,Adult,Female,SGPT,Laboratory,"Angela Reyes, RMT",Laboratory
2024-11-25,Adult,Female,Urinalysis,Laboratory,"Angela Reyes, RMT",Laboratory
2024-11-26,Adult,Female,Dermatitis and Allergy,Clinic,Dr. Paolo Rivera,Check-up
2024-11-26,Adult,Female,Fecalysis,Laboratory,"Angela Reyes, RMT",Laboratory
2024-11-26,Child,Female,Fecalysis,Laboratory,"Carlo Navarro, RMT",Laboratory
2024-11-26,Senior,Male,Preventive Health Check-up,Clinic,Dr. Ana Lopez,Check-up
2024-11-27,Senior,Female,Diabetes Mellitus Monitoring,Clinic,Dr. Victor Manuel,Check-up
2024-11-27,Adult,Female,Hypertension Monitoring,Clinic,Dr. Elena Bautista,Check-up
2024-11-27,Adult,Female,Pre-Employment Medical Exam,Clinic,Dr. Ana Lopez,Pre-Employment Checkup
2024-11-27,Adult,Male,Pre-Employment Medical Exam,Clinic,Dr. Ana Lopez,Pre-Employment Checkup
2024-11-27,Adult,Female,Urinary Tract Infection,Clinic,Dr. Ana Lopez,Check-up
2024-11-28,Senior,Female,Diabetes Mellitus Monitoring,Clinic,Dr. Victor Manuel,Check-up
2024-11-28,Child,Male,Fever,Clinic,Dr. Paolo Rivera,Check-up
2024-11-28,Adult,Female,Hepatitis Screening,Laboratory,"Joanna Lim, RMT",Laboratory
2024-11-28,Adult,Female,Hepatitis Screening,Laboratory,"Rafael Torres, RMT",Laboratory
2024-11-28,Adult,Female,Pre-Employment Medical Exam,Clinic,Dr. Miguel Fernandez,Pre-Employment Checkup
2024-11-28,Adult,Female,Urinalysis,Laboratory,"Angela Reyes, RMT",Laboratory
2024-11-28,Adult,Female,Urinalysis,Laboratory,"Patricia Mendoza, RMT",Laboratory
2024-11-29,Adult,Female,Dermatitis and Allergy,Clinic,Dr. Paolo Rivera,Check-up
2024-11-29,Adult,Female,Dermatitis and Allergy,Clinic,Dr. Miguel Fernandez,Check-up
2024-11-29,Adult,Female,Diabetes Mellitus Monitoring,Clinic,Dr. Elena Bautista,Check-up
2024-11-29,Child,Male,Fasting Blood Sugar,Laboratory,"Patricia Mendoza, RMT",Laboratory
2024-11-29,Adult,Female,Headache,Clinic,Dr. Paolo Rivera,Check-up
2024-11-29,Senior,Female,Vascular Study,Radiology,Dr. Andrea Sy,Imaging
2024-11-30,Adult,Female,Annual Physical Examination,Annual Physical Examination,Dr. Camille Tan,Annual Physical Examination
2024-11-30,Senior,Male,Diabetes Mellitus Monitoring,Clinic,Dr. Victor Manuel,Check-up
2024-11-30,Adult,Male,Fasting Blood Sugar,Laboratory,"Angela Reyes, RMT",Laboratory
2024-11-30,Adult,Male,Preventive Health Check-up,Clinic,Dr. Paolo Rivera,Check-up
2024-12-01,Adult,Male,Asthma Monitoring,Clinic,Dr. Elena Bautista,Check-up
2024-12-01,Adult,Female,Diabetes Mellitus Monitoring,Clinic,Dr. Victor Manuel,Check-up
2024-12-01,Adult,Female,Drug Testing,Drug Testing,"Carlo Navarro, RMT",Drug Testing
2024-12-01,Adult,Female,Hypertension Monitoring,Clinic,Dr. Victor Manuel,Check-up
2024-12-01,Senior,Female,Hypertension Monitoring,Clinic,Dr. Elena Bautista,Check-up
2024-12-01,Adult,Male,Hypertension Monitoring,Clinic,Dr. Victor Manuel,Check-up
2024-12-01,Adult,Female,Routine Medical Consultation,Clinic,Dr. Miguel Fernandez,Check-up
2024-12-02,Senior,Male,2D Echo,Cardiology,Dr. Ana Lopez,Cardiology
2024-12-02,Adult,Male,Annual Physical Examination,Annual Physical Examination,Dr. Miguel Fernandez,Annual Physical Examination
2024-12-02,Adult,Female,Annual Physical Examination,Annual Physical Examination,Dr. Ana Lopez,Annual Physical Examination
2024-12-02,Adult,Female,Creatinine,Laboratory,"Patricia Mendoza, RMT",Laboratory
2024-12-02,Adult,Female,Fecalysis,Laboratory,"Angela Reyes, RMT",Laboratory
2024-12-02,Senior,Male,Hypertension Monitoring,Clinic,Dr. Victor Manuel,Check-up
2024-12-02,Adult,Male,Lipid Profile,Laboratory,"Joanna Lim, RMT",Laboratory
2024-12-02,Child,Female,Ultrasound,Radiology,Dr. Sofia Mercado,Imaging
2024-12-02,Child,Male,Upper Respiratory Infection,Clinic,Dr. Camille Tan,Check-up
2024-12-02,Adult,Male,Upper Respiratory Infection,Clinic,Dr. Paolo Rivera,Check-up
2024-12-02,Adult,Female,Upper Respiratory Infection,Clinic,Dr. Ana Lopez,Check-up
2024-12-03,Adult,Female,Blood Chemistry,Laboratory,"Rafael Torres, RMT",Laboratory
2024-12-03,Child,Male,Complete Blood Count,Laboratory,"Carlo Navarro, RMT",Laboratory
2024-12-03,Adult,Male,Diabetes Mellitus Monitoring,Clinic,Dr. Elena Bautista,Check-up
2024-12-03,Adult,Male,Diabetes Mellitus Monitoring,Clinic,Dr. Victor Manuel,Check-up
2024-12-03,Adult,Female,Drug Testing,Drug Testing,"Joanna Lim, RMT",Drug Testing
2024-12-03,Child,Male,Fasting Blood Sugar,Laboratory,"Mark Villanueva, RMT",Laboratory
2024-12-03,Adult,Male,Hepatitis Screening,Laboratory,"Angela Reyes, RMT",Laboratory
2024-12-03,Adult,Female,Upper Respiratory Infection,Clinic,Dr. Miguel Fernandez,Check-up
2024-12-03,Adult,Female,Upper Respiratory Infection,Clinic,Dr. Camille Tan,Check-up
2024-12-03,Adult,Male,Urinalysis,Laboratory,"Patricia Mendoza, RMT",Laboratory
2024-12-04,Child,Male,Abdominal Pain,Clinic,Dr. Elena Bautista,Check-up
2024-12-04,Adult,Female,Annual Physical Examination,Annual Physical Examination,Dr. Camille Tan,Annual Physical Examination
2024-12-04,Adult,Male,Asthma Monitoring,Clinic,Dr. Victor Manuel,Check-up
2024-12-04,Adult,Male,Chest X-ray,Radiology,Dr. Sofia Mercado,Imaging
2024-12-04,Adult,Female,Chest X-ray,Radiology,Dr. Henry Ong,Imaging
2024-12-04,Child,Male,Electrocardiography,Cardiology,Dr. Paolo Rivera,Cardiology
2024-12-04,Adult,Female,Fecalysis,Laboratory,"Carlo Navarro, RMT",Laboratory
2024-12-04,Adult,Male,Ultrasound,Radiology,Dr. Andrea Sy,Imaging
2024-12-04,Adult,Male,Urinalysis,Laboratory,"Mark Villanueva, RMT",Laboratory
2024-12-04,Senior,Male,Vascular Study,Radiology,Dr. Henry Ong,Imaging
2024-12-05,Adult,Male,Complete Blood Count,Laboratory,"Joanna Lim, RMT",Laboratory
2024-12-05,Adult,Female,Diabetes Mellitus Monitoring,Clinic,Dr. Victor Manuel,Check-up
2024-12-05,Adult,Male,Fasting Blood Sugar,Laboratory,"Rafael Torres, RMT",Laboratory
2024-12-05,Child,Male,Lipid Profile,Laboratory,"Mark Villanueva, RMT",Laboratory
2024-12-05,Adult,Female,Lipid Profile,Laboratory,"Rafael Torres, RMT",Laboratory
2024-12-05,Adult,Male,Pre-Employment Medical Exam,Clinic,Dr. Miguel Fernandez,Pre-Employment Checkup
2024-12-05,Adult,Female,Pregnancy Test,Laboratory,"Angela Reyes, RMT",Laboratory
2024-12-05,Adult,Female,Routine Medical Consultation,Clinic,Dr. Paolo Rivera,Check-up
2024-12-05,Adult,Female,Thyroid Function Test,Laboratory,"Mark Villanueva, RMT",Laboratory
2024-12-05,Senior,Female,Upper Respiratory Infection,Clinic,Dr. Miguel Fernandez,Check-up
2024-12-05,Senior,Female,Vascular Study,Radiology,Dr. Henry Ong,Imaging
2024-12-06,Senior,Female,Chest X-ray,Radiology,Dr. Sofia Mercado,Imaging
2024-12-06,Adult,Female,Complete Blood Count,Laboratory,"Joanna Lim, RMT",Laboratory
2024-12-06,Adult,Male,Dermatitis and Allergy,Clinic,Dr. Paolo Rivera,Check-up
2024-12-06,Adult,Female,Hypertension Monitoring,Clinic,Dr. Victor Manuel,Check-up
2024-12-06,Adult,Female,Preventive Health Check-up,Clinic,Dr. Ana Lopez,Check-up
2024-12-07,Adult,Female,Annual Physical Examination,Annual Physical Examination,Dr. Ana Lopez,Annual Physical Examination
2024-12-07,Senior,Female,Chest X-ray,Radiology,Dr. Andrea Sy,Imaging
2024-12-07,Adult,Male,Dermatitis and Allergy,Clinic,Dr. Camille Tan,Check-up
2024-12-07,Adult,Female,Diabetes Mellitus Monitoring,Clinic,Dr. Elena Bautista,Check-up
2024-12-07,Adult,Male,Fasting Blood Sugar,Laboratory,"Carlo Navarro, RMT",Laboratory
2024-12-07,Adult,Male,Hepatitis Screening,Laboratory,"Carlo Navarro, RMT",Laboratory
2024-12-07,Adult,Male,SGPT,Laboratory,"Carlo Navarro, RMT",Laboratory
2024-12-07,Senior,Female,Thyroid Function Test,Laboratory,"Carlo Navarro, RMT",Laboratory
2024-12-07,Adult,Male,Ultrasound,Radiology,Dr. Henry Ong,Imaging
2024-12-07,Adult,Female,Urinalysis,Laboratory,"Joanna Lim, RMT",Laboratory
2024-12-08,Child,Male,Asthma Monitoring,Clinic,Dr. Victor Manuel,Check-up
2024-12-08,Adult,Male,Complete Blood Count,Laboratory,"Patricia Mendoza, RMT",Laboratory
2024-12-08,Adult,Male,Creatinine,Laboratory,"Patricia Mendoza, RMT",Laboratory
2024-12-08,Adult,Female,Dermatitis and Allergy,Clinic,Dr. Camille Tan,Check-up
2024-12-08,Adult,Male,Drug Testing,Drug Testing,"Mark Villanueva, RMT",Drug Testing
2024-12-08,Adult,Male,Electrocardiography,Cardiology,Dr. Ana Lopez,Cardiology
2024-12-08,Adult,Female,Electrocardiography,Cardiology,Dr. Ana Lopez,Cardiology
2024-12-08,Adult,Male,Electrocardiography,Cardiology,Dr. Paolo Rivera,Cardiology
2024-12-08,Adult,Male,Hypertension Monitoring,Clinic,Dr. Elena Bautista,Check-up
2024-12-08,Adult,Male,Urinalysis,Laboratory,"Rafael Torres, RMT",Laboratory
2024-12-08,Adult,Female,Urinary Tract Infection,Clinic,Dr. Ana Lopez,Check-up
2024-12-09,Adult,Male,Abdominal Pain,Clinic,Dr. Victor Manuel,Check-up
2024-12-09,Adult,Female,Asthma Monitoring,Clinic,Dr. Victor Manuel,Check-up
2024-12-09,Adult,Female,Complete Blood Count,Laboratory,"Joanna Lim, RMT",Laboratory
2024-12-09,Adult,Female,Drug Testing,Drug Testing,"Rafael Torres, RMT",Drug Testing
2024-12-09,Child,Male,Fasting Blood Sugar,Laboratory,"Joanna Lim, RMT",Laboratory
2024-12-09,Adult,Male,Fecalysis,Laboratory,"Joanna Lim, RMT",Laboratory
2024-12-09,Adult,Female,Routine Medical Consultation,Clinic,Dr. Ana Lopez,Check-up
2024-12-09,Adult,Male,Upper Respiratory Infection,Clinic,Dr. Miguel Fernandez,Check-up
2024-12-09,Adult,Female,Urinalysis,Laboratory,"Carlo Navarro, RMT",Laboratory
2024-12-10,Adult,Female,Annual Physical Examination,Annual Physical Examination,Dr. Miguel Fernandez,Annual Physical Examination
2024-12-10,Adult,Male,Complete Blood Count,Laboratory,"Patricia Mendoza, RMT",Laboratory
2024-12-10,Adult,Female,Dermatitis and Allergy,Clinic,Dr. Miguel Fernandez,Check-up
2024-12-10,Adult,Female,Fasting Blood Sugar,Laboratory,"Patricia Mendoza, RMT",Laboratory
2024-12-10,Adult,Female,Fasting Blood Sugar,Laboratory,"Angela Reyes, RMT",Laboratory
2024-12-10,Senior,Female,Gastritis,Clinic,Dr. Elena Bautista,Check-up
2024-12-10,Adult,Female,Hypertension Monitoring,Clinic,Dr. Elena Bautista,Check-up
2024-12-10,Adult,Male,Pregnancy Test,Laboratory,"Angela Reyes, RMT",Laboratory
2024-12-10,Adult,Female,Upper Respiratory Infection,Clinic,Dr. Ana Lopez,Check-up
2024-12-11,Adult,Female,Asthma Monitoring,Clinic,Dr. Elena Bautista,Check-up
2024-12-11,Adult,Male,Complete Blood Count,Laboratory,"Carlo Navarro, RMT",Laboratory
2024-12-11,Adult,Male,Electrocardiography,Cardiology,Dr. Paolo Rivera,Cardiology
2024-12-11,Adult,Male,Headache,Clinic,Dr. Ana Lopez,Check-up
2024-12-11,Adult,Female,Preventive Health Check-up,Clinic,Dr. Camille Tan,Check-up
2024-12-12,Senior,Male,2D Echo,Cardiology,Dr. Ana Lopez,Cardiology
2024-12-12,Adult,Female,Complete Blood Count,Laboratory,"Joanna Lim, RMT",Laboratory
2024-12-12,Child,Female,Headache,Clinic,Dr. Paolo Rivera,Check-up
2024-12-12,Adult,Male,Lipid Profile,Laboratory,"Angela Reyes, RMT",Laboratory
2024-12-12,Adult,Male,Upper Respiratory Infection,Clinic,Dr. Ana Lopez,Check-up
2024-12-13,Senior,Male,Blood Chemistry,Laboratory,"Angela Reyes, RMT",Laboratory
2024-12-13,Adult,Male,Blood Chemistry,Laboratory,"Patricia Mendoza, RMT",Laboratory
2024-12-13,Child,Female,Chest X-ray,Radiology,Dr. Henry Ong,Imaging
2024-12-13,Adult,Female,Dermatitis and Allergy,Clinic,Dr. Paolo Rivera,Check-up
2024-12-13,Adult,Male,Dermatitis and Allergy,Clinic,Dr. Miguel Fernandez,Check-up
2024-12-13,Adult,Female,Diabetes Mellitus Monitoring,Clinic,Dr. Elena Bautista,Check-up
2024-12-13,Adult,Female,Drug Testing,Drug Testing,"Patricia Mendoza, RMT",Drug Testing
2024-12-13,Senior,Female,Fecalysis,Laboratory,"Rafael Torres, RMT",Laboratory
2024-12-13,Adult,Male,Fever,Clinic,Dr. Miguel Fernandez,Check-up
2024-12-13,Adult,Female,Upper Respiratory Infection,Clinic,Dr. Camille Tan,Check-up
2024-12-13,Adult,Female,Urinalysis,Laboratory,"Joanna Lim, RMT",Laboratory
2024-12-14,Child,Female,Asthma Monitoring,Clinic,Dr. Victor Manuel,Check-up
2024-12-14,Adult,Male,Dermatitis and Allergy,Clinic,Dr. Miguel Fernandez,Check-up
2024-12-14,Adult,Male,Fever,Clinic,Dr. Miguel Fernandez,Check-up
2024-12-14,Adult,Male,Fever,Clinic,Dr. Ana Lopez,Check-up
2024-12-14,Adult,Female,Home Service Laboratory,Home Service,"Rafael Torres, RMT",Home Service
2024-12-14,Adult,Male,Hypertension Monitoring,Clinic,Dr. Elena Bautista,Check-up
2024-12-14,Adult,Female,SGPT,Laboratory,"Patricia Mendoza, RMT",Laboratory
2024-12-14,Adult,Female,Thyroid Function Test,Laboratory,"Carlo Navarro, RMT",Laboratory
2024-12-15,Adult,Female,Abdominal Pain,Clinic,Dr. Victor Manuel,Check-up
2024-12-15,Adult,Female,Asthma Monitoring,Clinic,Dr. Victor Manuel,Check-up
2024-12-15,Adult,Female,Blood Chemistry,Laboratory,"Patricia Mendoza, RMT",Laboratory
2024-12-15,Adult,Male,Complete Blood Count,Laboratory,"Mark Villanueva, RMT",Laboratory
2024-12-15,Adult,Female,Diabetes Mellitus Monitoring,Clinic,Dr. Victor Manuel,Check-up
2024-12-15,Senior,Male,Hypertension Monitoring,Clinic,Dr. Victor Manuel,Check-up
2024-12-15,Adult,Male,Pre-Employment Medical Exam,Clinic,Dr. Paolo Rivera,Pre-Employment Checkup
2024-12-15,Adult,Male,SGPT,Laboratory,"Mark Villanueva, RMT",Laboratory
2024-12-15,Adult,Female,Urinary Tract Infection,Clinic,Dr. Ana Lopez,Check-up
2024-12-16,Adult,Male,Abdominal Pain,Clinic,Dr. Victor Manuel,Check-up
2024-12-16,Child,Female,Annual Physical Examination,Annual Physical Examination,Dr. Camille Tan,Annual Physical Examination
2024-12-16,Adult,Female,Chest X-ray,Radiology,Dr. Sofia Mercado,Imaging
2024-12-16,Adult,Male,Drug Testing,Drug Testing,"Angela Reyes, RMT",Drug Testing
2024-12-16,Child,Female,Fasting Blood Sugar,Laboratory,"Joanna Lim, RMT",Laboratory
2024-12-16,Senior,Female,Urinalysis,Laboratory,"Patricia Mendoza, RMT",Laboratory
2024-12-16,Child,Female,Urinary Tract Infection,Clinic,Dr. Miguel Fernandez,Check-up
2024-12-17,Senior,Female,Hypertension Monitoring,Clinic,Dr. Elena Bautista,Check-up
2024-12-17,Adult,Female,Routine Medical Consultation,Clinic,Dr. Paolo Rivera,Check-up
2024-12-17,Child,Male,Urinalysis,Laboratory,"Joanna Lim, RMT",Laboratory
2024-12-17,Adult,Female,Urinary Tract Infection,Clinic,Dr. Miguel Fernandez,Check-up
2024-12-17,Senior,Female,Vascular Study,Radiology,Dr. Sofia Mercado,Imaging
2024-12-18,Adult,Male,2D Echo,Cardiology,Dr. Miguel Fernandez,Cardiology
2024-12-18,Adult,Male,Dermatitis and Allergy,Clinic,Dr. Paolo Rivera,Check-up
2024-12-18,Adult,Female,Fasting Blood Sugar,Laboratory,"Mark Villanueva, RMT",Laboratory
2024-12-18,Adult,Female,Fecalysis,Laboratory,"Rafael Torres, RMT",Laboratory
2024-12-18,Adult,Female,Fever,Clinic,Dr. Miguel Fernandez,Check-up
2024-12-18,Adult,Female,Hepatitis Screening,Laboratory,"Mark Villanueva, RMT",Laboratory
2024-12-18,Adult,Female,Hepatitis Screening,Laboratory,"Carlo Navarro, RMT",Laboratory
2024-12-18,Senior,Female,Hypertension Monitoring,Clinic,Dr. Elena Bautista,Check-up
2024-12-18,Adult,Female,Pregnancy Test,Laboratory,"Carlo Navarro, RMT",Laboratory
2024-12-18,Senior,Female,SGPT,Laboratory,"Joanna Lim, RMT",Laboratory
2024-12-18,Adult,Female,Ultrasound,Radiology,Dr. Sofia Mercado,Imaging
2024-12-19,Adult,Male,Annual Physical Examination,Annual Physical Examination,Dr. Paolo Rivera,Annual Physical Examination
2024-12-19,Adult,Female,Drug Testing,Drug Testing,"Joanna Lim, RMT",Drug Testing
2024-12-19,Adult,Male,Gastritis,Clinic,Dr. Victor Manuel,Check-up
2024-12-19,Adult,Male,Hypertension Monitoring,Clinic,Dr. Victor Manuel,Check-up
2024-12-19,Senior,Female,Routine Medical Consultation,Clinic,Dr. Camille Tan,Check-up
2024-12-19,Adult,Male,Upper Respiratory Infection,Clinic,Dr. Miguel Fernandez,Check-up
2024-12-19,Adult,Female,Vascular Study,Radiology,Dr. Sofia Mercado,Imaging
2024-12-20,Child,Male,Annual Physical Examination,Annual Physical Examination,Dr. Ana Lopez,Annual Physical Examination
2024-12-20,Adult,Female,Chest X-ray,Radiology,Dr. Sofia Mercado,Imaging
2024-12-20,Adult,Male,Electrocardiography,Cardiology,Dr. Paolo Rivera,Cardiology
2024-12-20,Adult,Male,Gastritis,Clinic,Dr. Victor Manuel,Check-up
2024-12-20,Senior,Female,Hypertension Monitoring,Clinic,Dr. Victor Manuel,Check-up
2024-12-20,Adult,Male,Lipid Profile,Laboratory,"Mark Villanueva, RMT",Laboratory
2024-12-20,Adult,Female,Pregnancy Test,Laboratory,"Mark Villanueva, RMT",Laboratory
2024-12-20,Child,Male,Upper Respiratory Infection,Clinic,Dr. Paolo Rivera,Check-up
2024-12-20,Adult,Male,Upper Respiratory Infection,Clinic,Dr. Paolo Rivera,Check-up
2024-12-21,Adult,Male,Chest X-ray,Radiology,Dr. Henry Ong,Imaging
2024-12-21,Adult,Female,Complete Blood Count,Laboratory,"Carlo Navarro, RMT",Laboratory
2024-12-21,Adult,Female,Fasting Blood Sugar,Laboratory,"Carlo Navarro, RMT",Laboratory
2024-12-21,Child,Female,Fecalysis,Laboratory,"Rafael Torres, RMT",Laboratory
2024-12-21,Adult,Female,Pre-Employment Medical Exam,Clinic,Dr. Paolo Rivera,Pre-Employment Checkup
2024-12-22,Adult,Female,Diabetes Mellitus Monitoring,Clinic,Dr. Elena Bautista,Check-up
2024-12-22,Child,Male,Fecalysis,Laboratory,"Mark Villanueva, RMT",Laboratory
2024-12-22,Adult,Male,Gastritis,Clinic,Dr. Elena Bautista,Check-up
2024-12-22,Child,Male,Lipid Profile,Laboratory,"Carlo Navarro, RMT",Laboratory
2024-12-22,Adult,Female,Urinalysis,Laboratory,"Carlo Navarro, RMT",Laboratory
2024-12-23,Child,Male,Asthma Monitoring,Clinic,Dr. Elena Bautista,Check-up
2024-12-23,Senior,Female,Gastritis,Clinic,Dr. Elena Bautista,Check-up
2024-12-23,Senior,Male,Home Service Laboratory,Home Service,"Mark Villanueva, RMT",Home Service
2024-12-23,Adult,Female,Pre-Employment Medical Exam,Clinic,Dr. Camille Tan,Pre-Employment Checkup
2024-12-23,Senior,Male,Ultrasound,Radiology,Dr. Sofia Mercado,Imaging
2024-12-23,Adult,Female,Upper Respiratory Infection,Clinic,Dr. Camille Tan,Check-up
2024-12-24,Adult,Female,Electrocardiography,Cardiology,Dr. Paolo Rivera,Cardiology
2024-12-24,Adult,Male,Hypertension Monitoring,Clinic,Dr. Elena Bautista,Check-up
2024-12-25,Adult,Female,Abdominal Pain,Clinic,Dr. Elena Bautista,Check-up
2024-12-25,Adult,Male,Abdominal Pain,Clinic,Dr. Elena Bautista,Check-up
2024-12-25,Child,Female,Chest X-ray,Radiology,Dr. Sofia Mercado,Imaging
2024-12-25,Senior,Male,Dermatitis and Allergy,Clinic,Dr. Camille Tan,Check-up
2024-12-25,Adult,Female,Electrocardiography,Cardiology,Dr. Paolo Rivera,Cardiology
2024-12-25,Adult,Female,Hypertension Monitoring,Clinic,Dr. Victor Manuel,Check-up
2024-12-25,Adult,Female,Routine Medical Consultation,Clinic,Dr. Ana Lopez,Check-up
2024-12-26,Senior,Female,Asthma Monitoring,Clinic,Dr. Elena Bautista,Check-up
2024-12-26,Child,Male,Dermatitis and Allergy,Clinic,Dr. Camille Tan,Check-up
2024-12-26,Adult,Male,Gastritis,Clinic,Dr. Victor Manuel,Check-up
2024-12-26,Adult,Male,Headache,Clinic,Dr. Miguel Fernandez,Check-up
2024-12-26,Senior,Male,Hepatitis Screening,Laboratory,"Patricia Mendoza, RMT",Laboratory
2024-12-26,Adult,Female,Hepatitis Screening,Laboratory,"Rafael Torres, RMT",Laboratory
2024-12-26,Adult,Female,Pre-Employment Medical Exam,Clinic,Dr. Paolo Rivera,Pre-Employment Checkup
2024-12-26,Adult,Female,Preventive Health Check-up,Clinic,Dr. Miguel Fernandez,Check-up
2024-12-26,Adult,Male,Routine Medical Consultation,Clinic,Dr. Paolo Rivera,Check-up
2024-12-26,Adult,Male,Ultrasound,Radiology,Dr. Andrea Sy,Imaging
2024-12-26,Adult,Female,Upper Respiratory Infection,Clinic,Dr. Camille Tan,Check-up
2024-12-26,Adult,Female,Vaccination,Clinic,Dr. Miguel Fernandez,Vaccination
2024-12-27,Adult,Male,Abdominal Pain,Clinic,Dr. Victor Manuel,Check-up
2024-12-27,Adult,Male,Blood Chemistry,Laboratory,"Angela Reyes, RMT",Laboratory
2024-12-27,Child,Male,Hepatitis Screening,Laboratory,"Carlo Navarro, RMT",Laboratory
2024-12-27,Adult,Male,Routine Medical Consultation,Clinic,Dr. Miguel Fernandez,Check-up
2024-12-27,Adult,Male,Ultrasound,Radiology,Dr. Henry Ong,Imaging
2024-12-28,Adult,Female,Complete Blood Count,Laboratory,"Angela Reyes, RMT",Laboratory
2024-12-28,Child,Male,Fever,Clinic,Dr. Camille Tan,Check-up
2024-12-28,Adult,Male,Routine Medical Consultation,Clinic,Dr. Ana Lopez,Check-up
2024-12-28,Adult,Male,Routine Medical Consultation,Clinic,Dr. Paolo Rivera,Check-up
2024-12-29,Adult,Male,Complete Blood Count,Laboratory,"Rafael Torres, RMT",Laboratory
2024-12-29,Child,Female,Fever,Clinic,Dr. Camille Tan,Check-up
2024-12-29,Adult,Female,Hepatitis Screening,Laboratory,"Patricia Mendoza, RMT",Laboratory
2024-12-29,Adult,Male,Upper Respiratory Infection,Clinic,Dr. Camille Tan,Check-up
2024-12-29,Child,Female,Urinalysis,Laboratory,"Carlo Navarro, RMT",Laboratory
2024-12-29,Adult,Female,Urinary Tract Infection,Clinic,Dr. Ana Lopez,Check-up
2024-12-30,Adult,Male,Annual Physical Examination,Annual Physical Examination,Dr. Paolo Rivera,Annual Physical Examination
2024-12-30,Adult,Female,Diabetes Mellitus Monitoring,Clinic,Dr. Victor Manuel,Check-up
2024-12-30,Adult,Female,Fasting Blood Sugar,Laboratory,"Patricia Mendoza, RMT",Laboratory
2024-12-30,Adult,Female,Fever,Clinic,Dr. Paolo Rivera,Check-up
2024-12-30,Senior,Female,Hypertension Monitoring,Clinic,Dr. Elena Bautista,Check-up
2024-12-30,Adult,Female,Preventive Health Check-up,Clinic,Dr. Ana Lopez,Check-up
2024-12-30,Adult,Male,Upper Respiratory Infection,Clinic,Dr. Paolo Rivera,Check-up
2024-12-30,Adult,Male,Upper Respiratory Infection,Clinic,Dr. Miguel Fernandez,Check-up
2024-12-31,Adult,Female,Complete Blood Count,Laboratory,"Joanna Lim, RMT",Laboratory
2024-12-31,Adult,Male,Diabetes Mellitus Monitoring,Clinic,Dr. Elena Bautista,Check-up
2024-12-31,Adult,Female,Drug Testing,Drug Testing,"Joanna Lim, RMT",Drug Testing
2024-12-31,Adult,Female,Gastritis,Clinic,Dr. Victor Manuel,Check-up
2024-12-31,Adult,Male,Headache,Clinic,Dr. Miguel Fernandez,Check-up
2024-12-31,Child,Female,Urinalysis,Laboratory,"Carlo Navarro, RMT",Laboratory
2024-12-31,Child,Male,Vaccination,Clinic,Dr. Camille Tan,Vaccination
2025-01-01,Adult,Male,Chest X-ray,Radiology,Dr. Andrea Sy,Imaging
2025-01-01,Child,Male,Complete Blood Count,Laboratory,"Angela Reyes, RMT",Laboratory
2025-01-01,Adult,Female,Gastritis,Clinic,Dr. Elena Bautista,Check-up
2025-01-01,Child,Female,Gastritis,Clinic,Dr. Victor Manuel,Check-up
2025-01-01,Adult,Male,Headache,Clinic,Dr. Camille Tan,Check-up
2025-01-01,Adult,Male,Lipid Profile,Laboratory,"Patricia Mendoza, RMT",Laboratory
2025-01-01,Adult,Female,Preventive Health Check-up,Clinic,Dr. Miguel Fernandez,Check-up
2025-01-01,Adult,Male,Upper Respiratory Infection,Clinic,Dr. Paolo Rivera,Check-up
2025-01-01,Adult,Female,Upper Respiratory Infection,Clinic,Dr. Miguel Fernandez,Check-up
2025-01-01,Adult,Female,Urinary Tract Infection,Clinic,Dr. Miguel Fernandez,Check-up
2025-01-02,Child,Female,Asthma Monitoring,Clinic,Dr. Elena Bautista,Check-up
2025-01-02,Child,Female,Chest X-ray,Radiology,Dr. Sofia Mercado,Imaging
2025-01-02,Adult,Male,Creatinine,Laboratory,"Rafael Torres, RMT",Laboratory
2025-01-02,Adult,Male,Fecalysis,Laboratory,"Angela Reyes, RMT",Laboratory
2025-01-02,Adult,Male,Fever,Clinic,Dr. Paolo Rivera,Check-up
2025-01-02,Adult,Female,Thyroid Function Test,Laboratory,"Rafael Torres, RMT",Laboratory
2025-01-03,Adult,Male,2D Echo,Cardiology,Dr. Paolo Rivera,Cardiology
2025-01-03,Adult,Male,Creatinine,Laboratory,"Rafael Torres, RMT",Laboratory
2025-01-03,Adult,Male,Dermatitis and Allergy,Clinic,Dr. Camille Tan,Check-up
2025-01-03,Adult,Male,Pre-Employment Medical Exam,Clinic,Dr. Miguel Fernandez,Pre-Employment Checkup
2025-01-03,Adult,Female,Pre-Employment Medical Exam,Clinic,Dr. Camille Tan,Pre-Employment Checkup
2025-01-03,Adult,Female,Preventive Health Check-up,Clinic,Dr. Camille Tan,Check-up
2025-01-03,Senior,Male,Ultrasound,Radiology,Dr. Sofia Mercado,Imaging
2025-01-03,Adult,Male,Upper Respiratory Infection,Clinic,Dr. Paolo Rivera,Check-up
2025-01-03,Adult,Female,Urinalysis,Laboratory,"Joanna Lim, RMT",Laboratory
2025-01-03,Adult,Female,Urinalysis,Laboratory,"Mark Villanueva, RMT",Laboratory
2025-01-04,Adult,Male,Blood Chemistry,Laboratory,"Angela Reyes, RMT",Laboratory
2025-01-04,Adult,Male,Diabetes Mellitus Monitoring,Clinic,Dr. Elena Bautista,Check-up
2025-01-04,Adult,Male,Drug Testing,Drug Testing,"Rafael Torres, RMT",Drug Testing
2025-01-04,Adult,Female,Hepatitis Screening,Laboratory,"Joanna Lim, RMT",Laboratory
2025-01-04,Senior,Male,Hypertension Monitoring,Clinic,Dr. Victor Manuel,Check-up
2025-01-04,Adult,Female,SGPT,Laboratory,"Mark Villanueva, RMT",Laboratory
2025-01-04,Adult,Female,Upper Respiratory Infection,Clinic,Dr. Camille Tan,Check-up
2025-01-04,Adult,Male,Upper Respiratory Infection,Clinic,Dr. Miguel Fernandez,Check-up
2025-01-04,Adult,Female,Urinalysis,Laboratory,"Patricia Mendoza, RMT",Laboratory
2025-01-04,Child,Male,Urinalysis,Laboratory,"Rafael Torres, RMT",Laboratory
2025-01-04,Child,Female,Vaccination,Clinic,Dr. Paolo Rivera,Vaccination
2025-01-05,Adult,Male,Blood Chemistry,Laboratory,"Mark Villanueva, RMT",Laboratory
2025-01-05,Child,Male,Chest X-ray,Radiology,Dr. Sofia Mercado,Imaging
2025-01-05,Adult,Male,Chest X-ray,Radiology,Dr. Andrea Sy,Imaging
2025-01-05,Adult,Male,Complete Blood Count,Laboratory,"Carlo Navarro, RMT",Laboratory
2025-01-05,Adult,Male,Dermatitis and Allergy,Clinic,Dr. Ana Lopez,Check-up
2025-01-05,Adult,Female,Gastritis,Clinic,Dr. Elena Bautista,Check-up
2025-01-05,Adult,Female,Hepatitis Screening,Laboratory,"Angela Reyes, RMT",Laboratory
2025-01-05,Adult,Male,Upper Respiratory Infection,Clinic,Dr. Miguel Fernandez,Check-up
2025-01-05,Adult,Female,Upper Respiratory Infection,Clinic,Dr. Paolo Rivera,Check-up
2025-01-06,Adult,Male,Blood Chemistry,Laboratory,"Mark Villanueva, RMT",Laboratory
2025-01-06,Adult,Female,Blood Chemistry,Laboratory,"Angela Reyes, RMT",Laboratory
2025-01-06,Adult,Female,Blood Chemistry,Laboratory,"Mark Villanueva, RMT",Laboratory
2025-01-06,Adult,Female,Diabetes Mellitus Monitoring,Clinic,Dr. Elena Bautista,Check-up
2025-01-06,Adult,Female,Fecalysis,Laboratory,"Angela Reyes, RMT",Laboratory
2025-01-06,Adult,Male,Pre-Employment Medical Exam,Clinic,Dr. Ana Lopez,Pre-Employment Checkup
2025-01-06,Senior,Female,SGPT,Laboratory,"Rafael Torres, RMT",Laboratory
2025-01-06,Adult,Female,Upper Respiratory Infection,Clinic,Dr. Miguel Fernandez,Check-up
2025-01-06,Child,Male,Upper Respiratory Infection,Clinic,Dr. Paolo Rivera,Check-up
2025-01-06,Adult,Female,Vaccination,Clinic,Dr. Camille Tan,Vaccination
2025-01-07,Adult,Male,Annual Physical Examination,Annual Physical Examination,Dr. Paolo Rivera,Annual Physical Examination
2025-01-07,Adult,Female,Annual Physical Examination,Annual Physical Examination,Dr. Camille Tan,Annual Physical Examination
2025-01-07,Child,Female,Blood Chemistry,Laboratory,"Angela Reyes, RMT",Laboratory
2025-01-07,Adult,Female,Chest X-ray,Radiology,Dr. Andrea Sy,Imaging
2025-01-07,Child,Male,Headache,Clinic,Dr. Miguel Fernandez,Check-up
2025-01-07,Adult,Female,Hepatitis Screening,Laboratory,"Mark Villanueva, RMT",Laboratory
2025-01-07,Adult,Female,Pregnancy Test,Laboratory,"Patricia Mendoza, RMT",Laboratory
2025-01-07,Adult,Male,Urinalysis,Laboratory,"Angela Reyes, RMT",Laboratory
2025-01-08,Adult,Male,Chest X-ray,Radiology,Dr. Henry Ong,Imaging
2025-01-08,Adult,Female,Chest X-ray,Radiology,Dr. Henry Ong,Imaging
2025-01-08,Adult,Male,Complete Blood Count,Laboratory,"Patricia Mendoza, RMT",Laboratory
2025-01-08,Adult,Female,Complete Blood Count,Laboratory,"Patricia Mendoza, RMT",Laboratory
2025-01-08,Adult,Female,Fasting Blood Sugar,Laboratory,"Angela Reyes, RMT",Laboratory
2025-01-08,Adult,Male,Pregnancy Test,Laboratory,"Rafael Torres, RMT",Laboratory
2025-01-08,Adult,Female,SGPT,Laboratory,"Patricia Mendoza, RMT",Laboratory
2025-01-08,Senior,Female,Upper Respiratory Infection,Clinic,Dr. Camille Tan,Check-up
2025-01-08,Adult,Female,Urinary Tract Infection,Clinic,Dr. Camille Tan,Check-up
2025-01-09,Adult,Male,Complete Blood Count,Laboratory,"Angela Reyes, RMT",Laboratory
2025-01-09,Adult,Female,Complete Blood Count,Laboratory,"Angela Reyes, RMT",Laboratory
2025-01-09,Adult,Male,Drug Testing,Drug Testing,"Angela Reyes, RMT",Drug Testing
2025-01-09,Adult,Male,Drug Testing,Drug Testing,"Rafael Torres, RMT",Drug Testing
2025-01-09,Adult,Female,Hypertension Monitoring,Clinic,Dr. Elena Bautista,Check-up
2025-01-09,Senior,Male,Hypertension Monitoring,Clinic,Dr. Elena Bautista,Check-up
2025-01-09,Adult,Male,Lipid Profile,Laboratory,"Carlo Navarro, RMT",Laboratory
2025-01-09,Senior,Female,Routine Medical Consultation,Clinic,Dr. Ana Lopez,Check-up
2025-01-09,Adult,Female,Upper Respiratory Infection,Clinic,Dr. Camille Tan,Check-up
2025-01-09,Adult,Male,Urinalysis,Laboratory,"Joanna Lim, RMT",Laboratory
2025-01-09,Child,Male,Urinalysis,Laboratory,"Joanna Lim, RMT",Laboratory
2025-01-10,Adult,Female,Asthma Monitoring,Clinic,Dr. Elena Bautista,Check-up
2025-01-10,Adult,Male,Blood Chemistry,Laboratory,"Joanna Lim, RMT",Laboratory
2025-01-10,Adult,Male,Blood Chemistry,Laboratory,"Carlo Navarro, RMT",Laboratory
2025-01-10,Adult,Male,Diabetes Mellitus Monitoring,Clinic,Dr. Victor Manuel,Check-up
2025-01-10,Adult,Female,Drug Testing,Drug Testing,"Joanna Lim, RMT",Drug Testing
2025-01-10,Adult,Female,Fecalysis,Laboratory,"Patricia Mendoza, RMT",Laboratory
2025-01-10,Adult,Male,Hypertension Monitoring,Clinic,Dr. Elena Bautista,Check-up
2025-01-10,Adult,Male,Lipid Profile,Laboratory,"Mark Villanueva, RMT",Laboratory
2025-01-11,Child,Male,Asthma Monitoring,Clinic,Dr. Victor Manuel,Check-up
2025-01-11,Adult,Male,Blood Chemistry,Laboratory,"Mark Villanueva, RMT",Laboratory
2025-01-11,Child,Male,Fasting Blood Sugar,Laboratory,"Rafael Torres, RMT",Laboratory
2025-01-11,Adult,Female,Fasting Blood Sugar,Laboratory,"Angela Reyes, RMT",Laboratory
2025-01-11,Adult,Male,Gastritis,Clinic,Dr. Victor Manuel,Check-up
2025-01-11,Adult,Female,Gastritis,Clinic,Dr. Elena Bautista,Check-up
2025-01-11,Adult,Male,Hypertension Monitoring,Clinic,Dr. Victor Manuel,Check-up
2025-01-11,Child,Male,Lipid Profile,Laboratory,"Patricia Mendoza, RMT",Laboratory
2025-01-11,Adult,Female,Urinary Tract Infection,Clinic,Dr. Paolo Rivera,Check-up
2025-01-12,Adult,Male,2D Echo,Cardiology,Dr. Paolo Rivera,Cardiology
2025-01-12,Adult,Male,Dermatitis and Allergy,Clinic,Dr. Camille Tan,Check-up
2025-01-12,Adult,Male,Diabetes Mellitus Monitoring,Clinic,Dr. Victor Manuel,Check-up
2025-01-12,Adult,Male,Drug Testing,Drug Testing,"Angela Reyes, RMT",Drug Testing
2025-01-12,Adult,Female,Hypertension Monitoring,Clinic,Dr. Victor Manuel,Check-up
2025-01-12,Senior,Female,Hypertension Monitoring,Clinic,Dr. Victor Manuel,Check-up
2025-01-12,Adult,Male,Pre-Employment Medical Exam,Clinic,Dr. Camille Tan,Pre-Employment Checkup
2025-01-12,Adult,Female,Preventive Health Check-up,Clinic,Dr. Paolo Rivera,Check-up
2025-01-12,Adult,Female,Vaccination,Clinic,Dr. Ana Lopez,Vaccination
2025-01-13,Senior,Male,2D Echo,Cardiology,Dr. Camille Tan,Cardiology
2025-01-13,Adult,Male,Abdominal Pain,Clinic,Dr. Elena Bautista,Check-up
2025-01-13,Child,Male,Complete Blood Count,Laboratory,"Mark Villanueva, RMT",Laboratory
2025-01-13,Adult,Male,Creatinine,Laboratory,"Mark Villanueva, RMT",Laboratory
2025-01-13,Adult,Female,Dermatitis and Allergy,Clinic,Dr. Paolo Rivera,Check-up
2025-01-13,Adult,Male,Diabetes Mellitus Monitoring,Clinic,Dr. Elena Bautista,Check-up
2025-01-13,Adult,Female,Lipid Profile,Laboratory,"Joanna Lim, RMT",Laboratory
2025-01-13,Adult,Female,Urinalysis,Laboratory,"Rafael Torres, RMT",Laboratory
2025-01-14,Adult,Male,Fecalysis,Laboratory,"Rafael Torres, RMT",Laboratory
2025-01-14,Adult,Male,Fever,Clinic,Dr. Paolo Rivera,Check-up
2025-01-14,Child,Female,Gastritis,Clinic,Dr. Victor Manuel,Check-up
2025-01-14,Adult,Female,Pre-Employment Medical Exam,Clinic,Dr. Miguel Fernandez,Pre-Employment Checkup
2025-01-14,Adult,Female,Pre-Employment Medical Exam,Clinic,Dr. Ana Lopez,Pre-Employment Checkup
2025-01-14,Adult,Male,Pre-Employment Medical Exam,Clinic,Dr. Paolo Rivera,Pre-Employment Checkup
2025-01-14,Adult,Female,Pregnancy Test,Laboratory,"Mark Villanueva, RMT",Laboratory
2025-01-15,Adult,Female,Asthma Monitoring,Clinic,Dr. Victor Manuel,Check-up
2025-01-15,Adult,Male,Complete Blood Count,Laboratory,"Angela Reyes, RMT",Laboratory
2025-01-15,Adult,Male,Creatinine,Laboratory,"Carlo Navarro, RMT",Laboratory
2025-01-15,Adult,Female,Electrocardiography,Cardiology,Dr. Miguel Fernandez,Cardiology
2025-01-15,Adult,Male,Fasting Blood Sugar,Laboratory,"Rafael Torres, RMT",Laboratory
2025-01-15,Adult,Female,Headache,Clinic,Dr. Camille Tan,Check-up
2025-01-15,Child,Male,Headache,Clinic,Dr. Miguel Fernandez,Check-up
2025-01-15,Adult,Female,Home Service Laboratory,Home Service,"Patricia Mendoza, RMT",Home Service
2025-01-15,Adult,Female,Hypertension Monitoring,Clinic,Dr. Elena Bautista,Check-up
2025-01-15,Adult,Male,Pre-Employment Medical Exam,Clinic,Dr. Paolo Rivera,Pre-Employment Checkup
2025-01-15,Adult,Male,Ultrasound,Radiology,Dr. Sofia Mercado,Imaging
2025-01-16,Adult,Female,Chest X-ray,Radiology,Dr. Henry Ong,Imaging
2025-01-16,Adult,Female,Complete Blood Count,Laboratory,"Angela Reyes, RMT",Laboratory
2025-01-16,Adult,Male,Dermatitis and Allergy,Clinic,Dr. Camille Tan,Check-up
2025-01-16,Adult,Male,Diabetes Mellitus Monitoring,Clinic,Dr. Victor Manuel,Check-up
2025-01-16,Adult,Female,Fever,Clinic,Dr. Miguel Fernandez,Check-up
2025-01-16,Senior,Female,Hypertension Monitoring,Clinic,Dr. Elena Bautista,Check-up
2025-01-16,Senior,Male,Hypertension Monitoring,Clinic,Dr. Elena Bautista,Check-up
2025-01-16,Adult,Female,Lipid Profile,Laboratory,"Joanna Lim, RMT",Laboratory
2025-01-16,Adult,Female,SGPT,Laboratory,"Rafael Torres, RMT",Laboratory
2025-01-16,Child,Male,Upper Respiratory Infection,Clinic,Dr. Paolo Rivera,Check-up
2025-01-17,Adult,Male,Annual Physical Examination,Annual Physical Examination,Dr. Ana Lopez,Annual Physical Examination
2025-01-17,Child,Female,Fasting Blood Sugar,Laboratory,"Rafael Torres, RMT",Laboratory
2025-01-17,Adult,Female,Fever,Clinic,Dr. Ana Lopez,Check-up
2025-01-17,Adult,Male,Gastritis,Clinic,Dr. Elena Bautista,Check-up
2025-01-17,Adult,Male,Headache,Clinic,Dr. Paolo Rivera,Check-up
2025-01-17,Senior,Female,Preventive Health Check-up,Clinic,Dr. Miguel Fernandez,Check-up
2025-01-17,Child,Female,Ultrasound,Radiology,Dr. Henry Ong,Imaging
2025-01-18,Adult,Female,Annual Physical Examination,Annual Physical Examination,Dr. Camille Tan,Annual Physical Examination
2025-01-18,Senior,Female,Gastritis,Clinic,Dr. Victor Manuel,Check-up
2025-01-18,Adult,Male,Routine Medical Consultation,Clinic,Dr. Miguel Fernandez,Check-up
2025-01-18,Child,Female,Thyroid Function Test,Laboratory,"Rafael Torres, RMT",Laboratory
2025-01-18,Adult,Female,Upper Respiratory Infection,Clinic,Dr. Ana Lopez,Check-up
2025-01-18,Adult,Male,Upper Respiratory Infection,Clinic,Dr. Camille Tan,Check-up
2025-01-18,Adult,Female,Urinalysis,Laboratory,"Joanna Lim, RMT",Laboratory
2025-01-18,Adult,Male,Urinary Tract Infection,Clinic,Dr. Miguel Fernandez,Check-up
2025-01-18,Adult,Male,Vaccination,Clinic,Dr. Ana Lopez,Vaccination
2025-01-19,Adult,Female,2D Echo,Cardiology,Dr. Camille Tan,Cardiology
2025-01-19,Child,Male,Asthma Monitoring,Clinic,Dr. Elena Bautista,Check-up
2025-01-19,Child,Female,Hepatitis Screening,Laboratory,"Rafael Torres, RMT",Laboratory
2025-01-19,Adult,Female,Hypertension Monitoring,Clinic,Dr. Victor Manuel,Check-up
2025-01-19,Adult,Female,Lipid Profile,Laboratory,"Rafael Torres, RMT",Laboratory
2025-01-19,Adult,Male,SGPT,Laboratory,"Angela Reyes, RMT",Laboratory
2025-01-20,Adult,Female,Abdominal Pain,Clinic,Dr. Victor Manuel,Check-up
2025-01-20,Adult,Female,Asthma Monitoring,Clinic,Dr. Elena Bautista,Check-up
2025-01-20,Adult,Male,Electrocardiography,Cardiology,Dr. Miguel Fernandez,Cardiology
2025-01-20,Child,Male,Fasting Blood Sugar,Laboratory,"Rafael Torres, RMT",Laboratory
2025-01-20,Adult,Female,Pregnancy Test,Laboratory,"Rafael Torres, RMT",Laboratory
2025-01-20,Child,Female,SGPT,Laboratory,"Patricia Mendoza, RMT",Laboratory
2025-01-20,Adult,Male,Ultrasound,Radiology,Dr. Henry Ong,Imaging
2025-01-20,Adult,Male,Upper Respiratory Infection,Clinic,Dr. Miguel Fernandez,Check-up
2025-01-21,Adult,Female,Hypertension Monitoring,Clinic,Dr. Elena Bautista,Check-up
2025-01-21,Senior,Female,Hypertension Monitoring,Clinic,Dr. Victor Manuel,Check-up
2025-01-21,Adult,Female,Preventive Health Check-up,Clinic,Dr. Miguel Fernandez,Check-up
2025-01-21,Adult,Male,Routine Medical Consultation,Clinic,Dr. Ana Lopez,Check-up
2025-01-22,Adult,Female,Abdominal Pain,Clinic,Dr. Victor Manuel,Check-up
2025-01-22,Adult,Female,Annual Physical Examination,Annual Physical Examination,Dr. Camille Tan,Annual Physical Examination
2025-01-22,Adult,Female,Annual Physical Examination,Annual Physical Examination,Dr. Ana Lopez,Annual Physical Examination
2025-01-22,Senior,Male,Asthma Monitoring,Clinic,Dr. Elena Bautista,Check-up
2025-01-22,Adult,Male,Blood Chemistry,Laboratory,"Carlo Navarro, RMT",Laboratory
2025-01-22,Adult,Female,Blood Chemistry,Laboratory,"Patricia Mendoza, RMT",Laboratory
2025-01-22,Adult,Female,Complete Blood Count,Laboratory,"Mark Villanueva, RMT",Laboratory
2025-01-22,Adult,Female,Diabetes Mellitus Monitoring,Clinic,Dr. Elena Bautista,Check-up
2025-01-22,Adult,Female,Fecalysis,Laboratory,"Angela Reyes, RMT",Laboratory
2025-01-22,Senior,Female,Hypertension Monitoring,Clinic,Dr. Victor Manuel,Check-up
2025-01-22,Adult,Female,Ultrasound,Radiology,Dr. Henry Ong,Imaging
2025-01-22,Adult,Female,Upper Respiratory Infection,Clinic,Dr. Paolo Rivera,Check-up
2025-01-22,Adult,Female,Vascular Study,Radiology,Dr. Henry Ong,Imaging
2025-01-23,Senior,Male,Dermatitis and Allergy,Clinic,Dr. Camille Tan,Check-up
2025-01-23,Senior,Male,Diabetes Mellitus Monitoring,Clinic,Dr. Victor Manuel,Check-up
2025-01-23,Adult,Male,Fasting Blood Sugar,Laboratory,"Mark Villanueva, RMT",Laboratory
2025-01-23,Adult,Female,Fecalysis,Laboratory,"Patricia Mendoza, RMT",Laboratory
2025-01-23,Senior,Female,Fecalysis,Laboratory,"Patricia Mendoza, RMT",Laboratory
2025-01-23,Adult,Female,Pre-Employment Medical Exam,Clinic,Dr. Ana Lopez,Pre-Employment Checkup
2025-01-23,Adult,Female,Pregnancy Test,Laboratory,"Carlo Navarro, RMT",Laboratory
2025-01-23,Child,Male,Upper Respiratory Infection,Clinic,Dr. Ana Lopez,Check-up
2025-01-23,Adult,Male,Urinalysis,Laboratory,"Angela Reyes, RMT",Laboratory
2025-01-24,Senior,Male,Annual Physical Examination,Annual Physical Examination,Dr. Paolo Rivera,Annual Physical Examination
2025-01-24,Senior,Female,Diabetes Mellitus Monitoring,Clinic,Dr. Victor Manuel,Check-up
2025-01-24,Adult,Female,Drug Testing,Drug Testing,"Joanna Lim, RMT",Drug Testing
2025-01-24,Adult,Male,Electrocardiography,Cardiology,Dr. Paolo Rivera,Cardiology
2025-01-24,Senior,Female,Fecalysis,Laboratory,"Mark Villanueva, RMT",Laboratory
2025-01-24,Adult,Male,Gastritis,Clinic,Dr. Victor Manuel,Check-up
2025-01-24,Adult,Female,Headache,Clinic,Dr. Miguel Fernandez,Check-up
2025-01-24,Senior,Female,Hypertension Monitoring,Clinic,Dr. Elena Bautista,Check-up
2025-01-24,Adult,Male,Pre-Employment Medical Exam,Clinic,Dr. Paolo Rivera,Pre-Employment Checkup
2025-01-24,Adult,Female,Pre-Employment Medical Exam,Clinic,Dr. Camille Tan,Pre-Employment Checkup
2025-01-24,Adult,Female,Routine Medical Consultation,Clinic,Dr. Paolo Rivera,Check-up
2025-01-24,Adult,Male,Ultrasound,Radiology,Dr. Henry Ong,Imaging
2025-01-24,Adult,Female,Upper Respiratory Infection,Clinic,Dr. Paolo Rivera,Check-up
2025-01-25,Adult,Female,Annual Physical Examination,Annual Physical Examination,Dr. Ana Lopez,Annual Physical Examination
2025-01-25,Adult,Male,Annual Physical Examination,Annual Physical Examination,Dr. Paolo Rivera,Annual Physical Examination
2025-01-25,Adult,Female,Asthma Monitoring,Clinic,Dr. Elena Bautista,Check-up
2025-01-25,Senior,Male,Blood Chemistry,Laboratory,"Mark Villanueva, RMT",Laboratory
2025-01-25,Adult,Male,Blood Chemistry,Laboratory,"Carlo Navarro, RMT",Laboratory
2025-01-25,Adult,Female,Blood Chemistry,Laboratory,"Rafael Torres, RMT",Laboratory
2025-01-25,Adult,Female,Dermatitis and Allergy,Clinic,Dr. Camille Tan,Check-up
2025-01-25,Adult,Male,Hepatitis Screening,Laboratory,"Patricia Mendoza, RMT",Laboratory
2025-01-25,Adult,Female,Lipid Profile,Laboratory,"Joanna Lim, RMT",Laboratory
2025-01-25,Adult,Female,SGPT,Laboratory,"Mark Villanueva, RMT",Laboratory
2025-01-25,Adult,Male,Upper Respiratory Infection,Clinic,Dr. Camille Tan,Check-up
2025-01-25,Adult,Male,Upper Respiratory Infection,Clinic,Dr. Miguel Fernandez,Check-up
2025-01-25,Adult,Male,Urinalysis,Laboratory,"Angela Reyes, RMT",Laboratory
2025-01-26,Adult,Female,Asthma Monitoring,Clinic,Dr. Victor Manuel,Check-up
2025-01-26,Adult,Female,Asthma Monitoring,Clinic,Dr. Elena Bautista,Check-up
2025-01-26,Child,Male,Chest X-ray,Radiology,Dr. Sofia Mercado,Imaging
2025-01-26,Adult,Male,Complete Blood Count,Laboratory,"Mark Villanueva, RMT",Laboratory
2025-01-26,Adult,Male,Diabetes Mellitus Monitoring,Clinic,Dr. Elena Bautista,Check-up
2025-01-26,Adult,Male,Diabetes Mellitus Monitoring,Clinic,Dr. Victor Manuel,Check-up
2025-01-26,Adult,Female,Diabetes Mellitus Monitoring,Clinic,Dr. Elena Bautista,Check-up
2025-01-26,Adult,Female,Diabetes Mellitus Monitoring,Clinic,Dr. Victor Manuel,Check-up
2025-01-26,Adult,Male,Fasting Blood Sugar,Laboratory,"Rafael Torres, RMT",Laboratory
2025-01-26,Child,Male,Gastritis,Clinic,Dr. Victor Manuel,Check-up
2025-01-26,Senior,Male,Hypertension Monitoring,Clinic,Dr. Victor Manuel,Check-up
2025-01-26,Adult,Male,Lipid Profile,Laboratory,"Angela Reyes, RMT",Laboratory
2025-01-26,Child,Male,Preventive Health Check-up,Clinic,Dr. Miguel Fernandez,Check-up
2025-01-26,Adult,Female,Urinary Tract Infection,Clinic,Dr. Miguel Fernandez,Check-up
2025-01-27,Senior,Male,2D Echo,Cardiology,Dr. Camille Tan,Cardiology
2025-01-27,Child,Male,Blood Chemistry,Laboratory,"Patricia Mendoza, RMT",Laboratory
2025-01-27,Adult,Female,Complete Blood Count,Laboratory,"Angela Reyes, RMT",Laboratory
2025-01-27,Senior,Female,Complete Blood Count,Laboratory,"Angela Reyes, RMT",Laboratory
2025-01-27,Adult,Male,Gastritis,Clinic,Dr. Elena Bautista,Check-up
2025-01-27,Adult,Female,Hypertension Monitoring,Clinic,Dr. Victor Manuel,Check-up
2025-01-27,Adult,Male,SGPT,Laboratory,"Joanna Lim, RMT",Laboratory
2025-01-27,Adult,Male,Upper Respiratory Infection,Clinic,Dr. Camille Tan,Check-up
2025-01-28,Child,Female,Blood Chemistry,Laboratory,"Carlo Navarro, RMT",Laboratory
2025-01-28,Adult,Male,Complete Blood Count,Laboratory,"Patricia Mendoza, RMT",Laboratory
2025-01-28,Senior,Male,Diabetes Mellitus Monitoring,Clinic,Dr. Elena Bautista,Check-up
2025-01-28,Adult,Female,Drug Testing,Drug Testing,"Joanna Lim, RMT",Drug Testing
2025-01-28,Adult,Male,Hypertension Monitoring,Clinic,Dr. Victor Manuel,Check-up
2025-01-28,Adult,Male,Thyroid Function Test,Laboratory,"Angela Reyes, RMT",Laboratory
2025-01-28,Adult,Female,Ultrasound,Radiology,Dr. Henry Ong,Imaging
2025-01-28,Child,Female,Upper Respiratory Infection,Clinic,Dr. Ana Lopez,Check-up
2025-01-29,Adult,Female,Annual Physical Examination,Annual Physical Examination,Dr. Miguel Fernandez,Annual Physical Examination
2025-01-29,Senior,Male,Annual Physical Examination,Annual Physical Examination,Dr. Miguel Fernandez,Annual Physical Examination
2025-01-29,Adult,Female,Asthma Monitoring,Clinic,Dr. Elena Bautista,Check-up
2025-01-29,Adult,Female,Complete Blood Count,Laboratory,"Angela Reyes, RMT",Laboratory
2025-01-29,Adult,Male,Electrocardiography,Cardiology,Dr. Paolo Rivera,Cardiology
2025-01-29,Adult,Male,Pregnancy Test,Laboratory,"Rafael Torres, RMT",Laboratory
2025-01-29,Child,Male,Ultrasound,Radiology,Dr. Henry Ong,Imaging
2025-01-30,Adult,Female,Drug Testing,Drug Testing,"Joanna Lim, RMT",Drug Testing
2025-01-30,Adult,Male,Fever,Clinic,Dr. Paolo Rivera,Check-up
2025-01-31,Adult,Female,Abdominal Pain,Clinic,Dr. Victor Manuel,Check-up
2025-01-31,Adult,Male,Asthma Monitoring,Clinic,Dr. Victor Manuel,Check-up
2025-01-31,Adult,Female,Asthma Monitoring,Clinic,Dr. Elena Bautista,Check-up
2025-01-31,Child,Male,Complete Blood Count,Laboratory,"Rafael Torres, RMT",Laboratory
2025-01-31,Adult,Male,Hypertension Monitoring,Clinic,Dr. Elena Bautista,Check-up
2025-01-31,Adult,Male,Lipid Profile,Laboratory,"Joanna Lim, RMT",Laboratory
2025-01-31,Adult,Female,Pre-Employment Medical Exam,Clinic,Dr. Ana Lopez,Pre-Employment Checkup
2025-01-31,Adult,Female,Preventive Health Check-up,Clinic,Dr. Ana Lopez,Check-up
2025-01-31,Adult,Male,Preventive Health Check-up,Clinic,Dr. Paolo Rivera,Check-up
2025-01-31,Child,Male,Thyroid Function Test,Laboratory,"Angela Reyes, RMT",Laboratory
2025-02-01,Adult,Female,Dermatitis and Allergy,Clinic,Dr. Paolo Rivera,Check-up
2025-02-01,Adult,Female,Fecalysis,Laboratory,"Angela Reyes, RMT",Laboratory
2025-02-01,Adult,Female,Fever,Clinic,Dr. Miguel Fernandez,Check-up
2025-02-01,Adult,Male,Gastritis,Clinic,Dr. Elena Bautista,Check-up
2025-02-01,Adult,Male,Hypertension Monitoring,Clinic,Dr. Elena Bautista,Check-up
2025-02-01,Adult,Female,Lipid Profile,Laboratory,"Carlo Navarro, RMT",Laboratory
2025-02-02,Adult,Male,Abdominal Pain,Clinic,Dr. Victor Manuel,Check-up
2025-02-02,Adult,Male,Annual Physical Examination,Annual Physical Examination,Dr. Ana Lopez,Annual Physical Examination
2025-02-02,Adult,Male,Asthma Monitoring,Clinic,Dr. Victor Manuel,Check-up
2025-02-02,Senior,Female,Creatinine,Laboratory,"Patricia Mendoza, RMT",Laboratory
2025-02-02,Adult,Female,Diabetes Mellitus Monitoring,Clinic,Dr. Elena Bautista,Check-up
2025-02-02,Senior,Female,Fasting Blood Sugar,Laboratory,"Carlo Navarro, RMT",Laboratory
2025-02-02,Adult,Male,Fever,Clinic,Dr. Ana Lopez,Check-up
2025-02-02,Adult,Male,Lipid Profile,Laboratory,"Carlo Navarro, RMT",Laboratory
2025-02-02,Child,Female,Lipid Profile,Laboratory,"Rafael Torres, RMT",Laboratory
2025-02-02,Adult,Male,Ultrasound,Radiology,Dr. Henry Ong,Imaging
2025-02-02,Adult,Male,Upper Respiratory Infection,Clinic,Dr. Miguel Fernandez,Check-up
2025-02-02,Adult,Female,Urinalysis,Laboratory,"Carlo Navarro, RMT",Laboratory
2025-02-02,Child,Male,Urinary Tract Infection,Clinic,Dr. Miguel Fernandez,Check-up
2025-02-03,Senior,Female,2D Echo,Cardiology,Dr. Miguel Fernandez,Cardiology
2025-02-03,Adult,Female,Asthma Monitoring,Clinic,Dr. Victor Manuel,Check-up
2025-02-03,Adult,Male,Drug Testing,Drug Testing,"Joanna Lim, RMT",Drug Testing
2025-02-03,Senior,Female,Fecalysis,Laboratory,"Angela Reyes, RMT",Laboratory
2025-02-03,Adult,Female,Home Service Laboratory,Home Service,"Rafael Torres, RMT",Home Service
2025-02-03,Adult,Female,Hypertension Monitoring,Clinic,Dr. Victor Manuel,Check-up
2025-02-04,Adult,Female,2D Echo,Cardiology,Dr. Camille Tan,Cardiology
2025-02-04,Adult,Male,Diabetes Mellitus Monitoring,Clinic,Dr. Elena Bautista,Check-up
2025-02-04,Adult,Female,Drug Testing,Drug Testing,"Carlo Navarro, RMT",Drug Testing
2025-02-04,Child,Female,Electrocardiography,Cardiology,Dr. Paolo Rivera,Cardiology
2025-02-04,Adult,Male,Fasting Blood Sugar,Laboratory,"Joanna Lim, RMT",Laboratory
2025-02-04,Adult,Female,Gastritis,Clinic,Dr. Victor Manuel,Check-up
2025-02-04,Adult,Female,Headache,Clinic,Dr. Paolo Rivera,Check-up
2025-02-04,Adult,Male,Hypertension Monitoring,Clinic,Dr. Elena Bautista,Check-up
2025-02-04,Adult,Female,Lipid Profile,Laboratory,"Mark Villanueva, RMT",Laboratory
2025-02-04,Adult,Female,Pre-Employment Medical Exam,Clinic,Dr. Ana Lopez,Pre-Employment Checkup
2025-02-04,Adult,Male,Preventive Health Check-up,Clinic,Dr. Camille Tan,Check-up
2025-02-04,Child,Female,Urinalysis,Laboratory,"Carlo Navarro, RMT",Laboratory
2025-02-05,Adult,Female,Annual Physical Examination,Annual Physical Examination,Dr. Paolo Rivera,Annual Physical Examination
2025-02-05,Senior,Female,Annual Physical Examination,Annual Physical Examination,Dr. Paolo Rivera,Annual Physical Examination
2025-02-05,Child,Female,Dermatitis and Allergy,Clinic,Dr. Camille Tan,Check-up
2025-02-05,Adult,Female,Diabetes Mellitus Monitoring,Clinic,Dr. Victor Manuel,Check-up
2025-02-05,Adult,Female,Drug Testing,Drug Testing,"Mark Villanueva, RMT",Drug Testing
2025-02-05,Adult,Female,Gastritis,Clinic,Dr. Victor Manuel,Check-up
2025-02-05,Adult,Female,Lipid Profile,Laboratory,"Angela Reyes, RMT",Laboratory
2025-02-05,Child,Male,Thyroid Function Test,Laboratory,"Patricia Mendoza, RMT",Laboratory
2025-02-05,Adult,Male,Urinary Tract Infection,Clinic,Dr. Ana Lopez,Check-up
2025-02-06,Adult,Male,Drug Testing,Drug Testing,"Carlo Navarro, RMT",Drug Testing
2025-02-06,Adult,Female,Gastritis,Clinic,Dr. Elena Bautista,Check-up
2025-02-06,Adult,Female,Home Service Laboratory,Home Service,"Mark Villanueva, RMT",Home Service
2025-02-06,Senior,Female,Hypertension Monitoring,Clinic,Dr. Victor Manuel,Check-up
2025-02-06,Adult,Female,Hypertension Monitoring,Clinic,Dr. Victor Manuel,Check-up
2025-02-06,Adult,Male,Urinalysis,Laboratory,"Rafael Torres, RMT",Laboratory
2025-02-06,Adult,Male,Urinary Tract Infection,Clinic,Dr. Ana Lopez,Check-up
2025-02-06,Adult,Male,Vaccination,Clinic,Dr. Miguel Fernandez,Vaccination
2025-02-07,Child,Male,Chest X-ray,Radiology,Dr. Sofia Mercado,Imaging
2025-02-07,Adult,Male,Fasting Blood Sugar,Laboratory,"Carlo Navarro, RMT",Laboratory
2025-02-07,Adult,Male,Headache,Clinic,Dr. Paolo Rivera,Check-up
2025-02-07,Adult,Male,Hepatitis Screening,Laboratory,"Carlo Navarro, RMT",Laboratory
2025-02-07,Adult,Female,Hypertension Monitoring,Clinic,Dr. Elena Bautista,Check-up
2025-02-07,Adult,Male,Lipid Profile,Laboratory,"Patricia Mendoza, RMT",Laboratory
2025-02-07,Adult,Male,Routine Medical Consultation,Clinic,Dr. Paolo Rivera,Check-up
2025-02-07,Adult,Female,Routine Medical Consultation,Clinic,Dr. Camille Tan,Check-up
2025-02-07,Senior,Male,Ultrasound,Radiology,Dr. Sofia Mercado,Imaging
2025-02-07,Senior,Female,Urinalysis,Laboratory,"Angela Reyes, RMT",Laboratory
2025-02-08,Child,Male,Abdominal Pain,Clinic,Dr. Elena Bautista,Check-up
2025-02-08,Adult,Female,Asthma Monitoring,Clinic,Dr. Elena Bautista,Check-up
2025-02-08,Adult,Male,Chest X-ray,Radiology,Dr. Andrea Sy,Imaging
2025-02-08,Child,Female,Creatinine,Laboratory,"Patricia Mendoza, RMT",Laboratory
2025-02-08,Child,Male,Electrocardiography,Cardiology,Dr. Paolo Rivera,Cardiology
2025-02-08,Adult,Female,Fever,Clinic,Dr. Camille Tan,Check-up
2025-02-08,Adult,Male,Hypertension Monitoring,Clinic,Dr. Victor Manuel,Check-up
2025-02-08,Adult,Female,Upper Respiratory Infection,Clinic,Dr. Miguel Fernandez,Check-up
2025-02-08,Adult,Male,Upper Respiratory Infection,Clinic,Dr. Miguel Fernandez,Check-up
2025-02-09,Adult,Male,Complete Blood Count,Laboratory,"Rafael Torres, RMT",Laboratory
2025-02-09,Senior,Male,Dermatitis and Allergy,Clinic,Dr. Ana Lopez,Check-up
2025-02-09,Adult,Male,Fasting Blood Sugar,Laboratory,"Angela Reyes, RMT",Laboratory
2025-02-09,Adult,Female,Hepatitis Screening,Laboratory,"Joanna Lim, RMT",Laboratory
2025-02-09,Adult,Male,Hypertension Monitoring,Clinic,Dr. Victor Manuel,Check-up
2025-02-09,Adult,Female,Lipid Profile,Laboratory,"Joanna Lim, RMT",Laboratory
2025-02-09,Adult,Female,Thyroid Function Test,Laboratory,"Joanna Lim, RMT",Laboratory
2025-02-10,Adult,Male,Blood Chemistry,Laboratory,"Angela Reyes, RMT",Laboratory
2025-02-10,Adult,Male,Complete Blood Count,Laboratory,"Joanna Lim, RMT",Laboratory
2025-02-10,Child,Female,Creatinine,Laboratory,"Rafael Torres, RMT",Laboratory
2025-02-10,Adult,Female,Drug Testing,Drug Testing,"Mark Villanueva, RMT",Drug Testing
2025-02-10,Adult,Female,Hypertension Monitoring,Clinic,Dr. Elena Bautista,Check-up
2025-02-10,Adult,Female,Thyroid Function Test,Laboratory,"Angela Reyes, RMT",Laboratory
2025-02-11,Senior,Female,Abdominal Pain,Clinic,Dr. Victor Manuel,Check-up
2025-02-11,Adult,Male,Annual Physical Examination,Annual Physical Examination,Dr. Miguel Fernandez,Annual Physical Examination
2025-02-11,Child,Female,Asthma Monitoring,Clinic,Dr. Elena Bautista,Check-up
2025-02-11,Child,Male,Asthma Monitoring,Clinic,Dr. Elena Bautista,Check-up
2025-02-11,Adult,Male,Diabetes Mellitus Monitoring,Clinic,Dr. Victor Manuel,Check-up
2025-02-11,Senior,Female,Gastritis,Clinic,Dr. Elena Bautista,Check-up
2025-02-11,Adult,Male,SGPT,Laboratory,"Mark Villanueva, RMT",Laboratory
2025-02-11,Child,Male,Thyroid Function Test,Laboratory,"Patricia Mendoza, RMT",Laboratory
2025-02-11,Child,Female,Ultrasound,Radiology,Dr. Sofia Mercado,Imaging
2025-02-11,Adult,Male,Upper Respiratory Infection,Clinic,Dr. Miguel Fernandez,Check-up
2025-02-11,Adult,Female,Urinalysis,Laboratory,"Joanna Lim, RMT",Laboratory
2025-02-12,Adult,Male,Abdominal Pain,Clinic,Dr. Elena Bautista,Check-up
2025-02-12,Senior,Male,Annual Physical Examination,Annual Physical Examination,Dr. Camille Tan,Annual Physical Examination
2025-02-12,Child,Female,Blood Chemistry,Laboratory,"Angela Reyes, RMT",Laboratory
2025-02-12,Adult,Female,Diabetes Mellitus Monitoring,Clinic,Dr. Victor Manuel,Check-up
2025-02-12,Adult,Male,Diabetes Mellitus Monitoring,Clinic,Dr. Elena Bautista,Check-up
2025-02-12,Adult,Male,Hypertension Monitoring,Clinic,Dr. Victor Manuel,Check-up
2025-02-12,Adult,Female,Hypertension Monitoring,Clinic,Dr. Elena Bautista,Check-up
2025-02-12,Adult,Male,Upper Respiratory Infection,Clinic,Dr. Ana Lopez,Check-up
2025-02-13,Adult,Male,Annual Physical Examination,Annual Physical Examination,Dr. Ana Lopez,Annual Physical Examination
2025-02-13,Adult,Male,Complete Blood Count,Laboratory,"Joanna Lim, RMT",Laboratory
2025-02-13,Adult,Male,Diabetes Mellitus Monitoring,Clinic,Dr. Elena Bautista,Check-up
2025-02-13,Adult,Male,Electrocardiography,Cardiology,Dr. Camille Tan,Cardiology
2025-02-13,Child,Female,Gastritis,Clinic,Dr. Elena Bautista,Check-up
2025-02-13,Adult,Male,Hepatitis Screening,Laboratory,"Joanna Lim, RMT",Laboratory
2025-02-13,Adult,Female,Hypertension Monitoring,Clinic,Dr. Elena Bautista,Check-up
2025-02-13,Adult,Male,Routine Medical Consultation,Clinic,Dr. Paolo Rivera,Check-up
2025-02-13,Child,Male,Routine Medical Consultation,Clinic,Dr. Miguel Fernandez,Check-up
2025-02-13,Adult,Male,Thyroid Function Test,Laboratory,"Joanna Lim, RMT",Laboratory
2025-02-13,Adult,Male,Urinary Tract Infection,Clinic,Dr. Miguel Fernandez,Check-up
2025-02-14,Adult,Female,Asthma Monitoring,Clinic,Dr. Elena Bautista,Check-up
2025-02-14,Adult,Female,Blood Chemistry,Laboratory,"Patricia Mendoza, RMT",Laboratory
2025-02-14,Senior,Male,Diabetes Mellitus Monitoring,Clinic,Dr. Elena Bautista,Check-up
2025-02-14,Senior,Female,Diabetes Mellitus Monitoring,Clinic,Dr. Elena Bautista,Check-up
2025-02-14,Adult,Male,Fasting Blood Sugar,Laboratory,"Carlo Navarro, RMT",Laboratory
2025-02-14,Child,Male,Home Service Laboratory,Home Service,"Mark Villanueva, RMT",Home Service
2025-02-14,Child,Male,Preventive Health Check-up,Clinic,Dr. Camille Tan,Check-up
2025-02-14,Adult,Female,SGPT,Laboratory,"Joanna Lim, RMT",Laboratory
2025-02-15,Adult,Male,Annual Physical Examination,Annual Physical Examination,Dr. Paolo Rivera,Annual Physical Examination
2025-02-15,Adult,Male,Creatinine,Laboratory,"Carlo Navarro, RMT",Laboratory
2025-02-15,Senior,Female,Diabetes Mellitus Monitoring,Clinic,Dr. Victor Manuel,Check-up
2025-02-15,Adult,Male,Fever,Clinic,Dr. Paolo Rivera,Check-up
2025-02-15,Senior,Female,Hypertension Monitoring,Clinic,Dr. Elena Bautista,Check-up
2025-02-15,Adult,Female,Upper Respiratory Infection,Clinic,Dr. Camille Tan,Check-up
2025-02-15,Child,Female,Urinalysis,Laboratory,"Angela Reyes, RMT",Laboratory
2025-02-16,Child,Male,Blood Chemistry,Laboratory,"Carlo Navarro, RMT",Laboratory
2025-02-16,Senior,Female,Fasting Blood Sugar,Laboratory,"Angela Reyes, RMT",Laboratory
2025-02-17,Adult,Male,Asthma Monitoring,Clinic,Dr. Victor Manuel,Check-up
2025-02-17,Adult,Female,Blood Chemistry,Laboratory,"Patricia Mendoza, RMT",Laboratory
2025-02-17,Adult,Female,Diabetes Mellitus Monitoring,Clinic,Dr. Victor Manuel,Check-up
2025-02-17,Adult,Female,Diabetes Mellitus Monitoring,Clinic,Dr. Elena Bautista,Check-up
2025-02-17,Child,Male,Fasting Blood Sugar,Laboratory,"Joanna Lim, RMT",Laboratory
2025-02-17,Adult,Female,Headache,Clinic,Dr. Ana Lopez,Check-up
2025-02-17,Adult,Female,Pre-Employment Medical Exam,Clinic,Dr. Ana Lopez,Pre-Employment Checkup
2025-02-17,Adult,Male,Upper Respiratory Infection,Clinic,Dr. Camille Tan,Check-up
2025-02-17,Adult,Female,Upper Respiratory Infection,Clinic,Dr. Camille Tan,Check-up
2025-02-17,Adult,Female,Urinalysis,Laboratory,"Rafael Torres, RMT",Laboratory
2025-02-18,Adult,Female,Chest X-ray,Radiology,Dr. Henry Ong,Imaging
2025-02-18,Child,Male,Fecalysis,Laboratory,"Angela Reyes, RMT",Laboratory
2025-02-18,Adult,Male,Hepatitis Screening,Laboratory,"Angela Reyes, RMT",Laboratory
2025-02-18,Adult,Female,Hypertension Monitoring,Clinic,Dr. Victor Manuel,Check-up
2025-02-19,Adult,Female,Complete Blood Count,Laboratory,"Angela Reyes, RMT",Laboratory
2025-02-19,Child,Female,Creatinine,Laboratory,"Patricia Mendoza, RMT",Laboratory
2025-02-19,Adult,Male,Dermatitis and Allergy,Clinic,Dr. Paolo Rivera,Check-up
2025-02-19,Child,Female,Fever,Clinic,Dr. Ana Lopez,Check-up
2025-02-19,Adult,Male,Gastritis,Clinic,Dr. Elena Bautista,Check-up
2025-02-19,Adult,Male,Home Service Laboratory,Home Service,"Carlo Navarro, RMT",Home Service
2025-02-19,Senior,Female,Hypertension Monitoring,Clinic,Dr. Elena Bautista,Check-up
2025-02-19,Adult,Male,Pregnancy Test,Laboratory,"Carlo Navarro, RMT",Laboratory
2025-02-19,Adult,Female,Upper Respiratory Infection,Clinic,Dr. Ana Lopez,Check-up
2025-02-19,Adult,Female,Vascular Study,Radiology,Dr. Henry Ong,Imaging
2025-02-20,Adult,Male,Annual Physical Examination,Annual Physical Examination,Dr. Paolo Rivera,Annual Physical Examination
2025-02-20,Adult,Male,Electrocardiography,Cardiology,Dr. Ana Lopez,Cardiology
2025-02-20,Adult,Female,Hypertension Monitoring,Clinic,Dr. Elena Bautista,Check-up
2025-02-20,Adult,Female,Upper Respiratory Infection,Clinic,Dr. Miguel Fernandez,Check-up
2025-02-21,Adult,Male,Blood Chemistry,Laboratory,"Joanna Lim, RMT",Laboratory
2025-02-21,Adult,Male,Dermatitis and Allergy,Clinic,Dr. Paolo Rivera,Check-up
2025-02-21,Adult,Male,Gastritis,Clinic,Dr. Victor Manuel,Check-up
2025-02-21,Adult,Male,Pregnancy Test,Laboratory,"Angela Reyes, RMT",Laboratory
2025-02-21,Adult,Female,Preventive Health Check-up,Clinic,Dr. Miguel Fernandez,Check-up
2025-02-21,Child,Male,SGPT,Laboratory,"Joanna Lim, RMT",Laboratory
2025-02-21,Adult,Male,Upper Respiratory Infection,Clinic,Dr. Camille Tan,Check-up
2025-02-21,Adult,Female,Upper Respiratory Infection,Clinic,Dr. Ana Lopez,Check-up
2025-02-21,Adult,Female,Urinalysis,Laboratory,"Joanna Lim, RMT",Laboratory
2025-02-21,Adult,Male,Urinary Tract Infection,Clinic,Dr. Paolo Rivera,Check-up
2025-02-22,Adult,Female,Complete Blood Count,Laboratory,"Angela Reyes, RMT",Laboratory
2025-02-22,Adult,Male,Fasting Blood Sugar,Laboratory,"Angela Reyes, RMT",Laboratory
2025-02-22,Child,Male,Headache,Clinic,Dr. Miguel Fernandez,Check-up
2025-02-22,Senior,Female,Hypertension Monitoring,Clinic,Dr. Elena Bautista,Check-up
2025-02-22,Senior,Male,Lipid Profile,Laboratory,"Rafael Torres, RMT",Laboratory
2025-02-22,Adult,Male,Pre-Employment Medical Exam,Clinic,Dr. Ana Lopez,Pre-Employment Checkup
2025-02-22,Adult,Male,Upper Respiratory Infection,Clinic,Dr. Ana Lopez,Check-up
2025-02-22,Adult,Female,Upper Respiratory Infection,Clinic,Dr. Miguel Fernandez,Check-up
2025-02-23,Adult,Male,Chest X-ray,Radiology,Dr. Andrea Sy,Imaging
2025-02-23,Senior,Female,Diabetes Mellitus Monitoring,Clinic,Dr. Victor Manuel,Check-up
2025-02-23,Senior,Male,Diabetes Mellitus Monitoring,Clinic,Dr. Elena Bautista,Check-up
2025-02-23,Adult,Female,Drug Testing,Drug Testing,"Rafael Torres, RMT",Drug Testing
2025-02-23,Adult,Male,Fasting Blood Sugar,Laboratory,"Carlo Navarro, RMT",Laboratory
2025-02-23,Adult,Male,Fecalysis,Laboratory,"Patricia Mendoza, RMT",Laboratory
2025-02-23,Child,Male,Fever,Clinic,Dr. Paolo Rivera,Check-up
2025-02-23,Adult,Female,Gastritis,Clinic,Dr. Elena Bautista,Check-up
2025-02-24,Adult,Female,Asthma Monitoring,Clinic,Dr. Elena Bautista,Check-up
2025-02-24,Adult,Male,Complete Blood Count,Laboratory,"Patricia Mendoza, RMT",Laboratory
2025-02-24,Child,Male,Dermatitis and Allergy,Clinic,Dr. Camille Tan,Check-up
2025-02-24,Senior,Female,Diabetes Mellitus Monitoring,Clinic,Dr. Elena Bautista,Check-up
2025-02-24,Adult,Male,Gastritis,Clinic,Dr. Elena Bautista,Check-up
2025-02-24,Child,Female,Preventive Health Check-up,Clinic,Dr. Ana Lopez,Check-up
2025-02-24,Adult,Female,Urinalysis,Laboratory,"Patricia Mendoza, RMT",Laboratory
2025-02-25,Adult,Male,Asthma Monitoring,Clinic,Dr. Victor Manuel,Check-up
2025-02-25,Adult,Male,Asthma Monitoring,Clinic,Dr. Elena Bautista,Check-up
2025-02-25,Adult,Female,Blood Chemistry,Laboratory,"Rafael Torres, RMT",Laboratory
2025-02-25,Adult,Female,Chest X-ray,Radiology,Dr. Sofia Mercado,Imaging
2025-02-25,Adult,Male,Complete Blood Count,Laboratory,"Carlo Navarro, RMT",Laboratory
2025-02-25,Adult,Male,Diabetes Mellitus Monitoring,Clinic,Dr. Elena Bautista,Check-up
2025-02-25,Adult,Female,Diabetes Mellitus Monitoring,Clinic,Dr. Victor Manuel,Check-up
2025-02-25,Adult,Female,Drug Testing,Drug Testing,"Patricia Mendoza, RMT",Drug Testing
2025-02-25,Adult,Female,Fever,Clinic,Dr. Paolo Rivera,Check-up
2025-02-25,Senior,Female,Hypertension Monitoring,Clinic,Dr. Elena Bautista,Check-up
2025-02-25,Senior,Male,Ultrasound,Radiology,Dr. Henry Ong,Imaging
2025-02-25,Child,Female,Upper Respiratory Infection,Clinic,Dr. Ana Lopez,Check-up
2025-02-25,Child,Male,Upper Respiratory Infection,Clinic,Dr. Miguel Fernandez,Check-up
2025-02-26,Senior,Female,2D Echo,Cardiology,Dr. Ana Lopez,Cardiology
2025-02-26,Adult,Male,2D Echo,Cardiology,Dr. Ana Lopez,Cardiology
2025-02-26,Adult,Female,Asthma Monitoring,Clinic,Dr. Elena Bautista,Check-up
2025-02-26,Adult,Male,Asthma Monitoring,Clinic,Dr. Victor Manuel,Check-up
2025-02-26,Adult,Female,Chest X-ray,Radiology,Dr. Andrea Sy,Imaging
2025-02-26,Adult,Male,Complete Blood Count,Laboratory,"Angela Reyes, RMT",Laboratory
2025-02-26,Child,Female,Complete Blood Count,Laboratory,"Mark Villanueva, RMT",Laboratory
2025-02-26,Child,Male,Creatinine,Laboratory,"Angela Reyes, RMT",Laboratory
2025-02-26,Child,Male,Dermatitis and Allergy,Clinic,Dr. Paolo Rivera,Check-up
2025-02-26,Senior,Female,Diabetes Mellitus Monitoring,Clinic,Dr. Victor Manuel,Check-up
2025-02-26,Senior,Male,Diabetes Mellitus Monitoring,Clinic,Dr. Victor Manuel,Check-up
2025-02-26,Adult,Male,Headache,Clinic,Dr. Miguel Fernandez,Check-up
2025-02-26,Senior,Male,Hypertension Monitoring,Clinic,Dr. Elena Bautista,Check-up
2025-02-26,Child,Male,Lipid Profile,Laboratory,"Angela Reyes, RMT",Laboratory
2025-02-26,Adult,Female,SGPT,Laboratory,"Joanna Lim, RMT",Laboratory
2025-02-26,Adult,Female,Ultrasound,Radiology,Dr. Henry Ong,Imaging
2025-02-26,Adult,Female,Ultrasound,Radiology,Dr. Sofia Mercado,Imaging
2025-02-27,Adult,Male,Blood Chemistry,Laboratory,"Joanna Lim, RMT",Laboratory
2025-02-27,Child,Female,Fasting Blood Sugar,Laboratory,"Carlo Navarro, RMT",Laboratory
2025-02-27,Adult,Female,Fecalysis,Laboratory,"Angela Reyes, RMT",Laboratory
2025-02-27,Adult,Female,Hepatitis Screening,Laboratory,"Patricia Mendoza, RMT",Laboratory
2025-02-27,Adult,Male,Hypertension Monitoring,Clinic,Dr. Victor Manuel,Check-up
2025-02-27,Adult,Male,Hypertension Monitoring,Clinic,Dr. Elena Bautista,Check-up
2025-02-27,Adult,Female,Pre-Employment Medical Exam,Clinic,Dr. Camille Tan,Pre-Employment Checkup
2025-02-27,Adult,Male,Pre-Employment Medical Exam,Clinic,Dr. Paolo Rivera,Pre-Employment Checkup
2025-02-27,Adult,Male,Pregnancy Test,Laboratory,"Patricia Mendoza, RMT",Laboratory
2025-02-27,Child,Female,Upper Respiratory Infection,Clinic,Dr. Ana Lopez,Check-up
2025-02-27,Adult,Female,Urinary Tract Infection,Clinic,Dr. Ana Lopez,Check-up
2025-02-27,Adult,Male,Urinary Tract Infection,Clinic,Dr. Paolo Rivera,Check-up
2025-02-28,Senior,Female,Complete Blood Count,Laboratory,"Angela Reyes, RMT",Laboratory
2025-02-28,Adult,Male,Creatinine,Laboratory,"Angela Reyes, RMT",Laboratory
2025-02-28,Adult,Female,Creatinine,Laboratory,"Rafael Torres, RMT",Laboratory
2025-02-28,Adult,Male,Drug Testing,Drug Testing,"Angela Reyes, RMT",Drug Testing
2025-02-28,Adult,Female,Preventive Health Check-up,Clinic,Dr. Camille Tan,Check-up
2025-02-28,Adult,Male,SGPT,Laboratory,"Joanna Lim, RMT",Laboratory
2025-02-28,Adult,Male,Ultrasound,Radiology,Dr. Andrea Sy,Imaging
2025-02-28,Adult,Male,Upper Respiratory Infection,Clinic,Dr. Miguel Fernandez,Check-up
2025-02-28,Child,Female,Urinalysis,Laboratory,"Rafael Torres, RMT",Laboratory
2025-02-28,Adult,Male,Vaccination,Clinic,Dr. Miguel Fernandez,Vaccination
2025-03-01,Adult,Male,Complete Blood Count,Laboratory,"Angela Reyes, RMT",Laboratory
2025-03-01,Child,Male,Complete Blood Count,Laboratory,"Mark Villanueva, RMT",Laboratory
2025-03-01,Child,Female,Complete Blood Count,Laboratory,"Joanna Lim, RMT",Laboratory
2025-03-01,Senior,Female,Fasting Blood Sugar,Laboratory,"Patricia Mendoza, RMT",Laboratory
2025-03-01,Child,Male,Gastritis,Clinic,Dr. Victor Manuel,Check-up
2025-03-01,Adult,Male,Hypertension Monitoring,Clinic,Dr. Victor Manuel,Check-up
2025-03-01,Senior,Male,Hypertension Monitoring,Clinic,Dr. Elena Bautista,Check-up
2025-03-01,Adult,Female,SGPT,Laboratory,"Carlo Navarro, RMT",Laboratory
2025-03-01,Senior,Male,Upper Respiratory Infection,Clinic,Dr. Miguel Fernandez,Check-up
2025-03-01,Child,Female,Upper Respiratory Infection,Clinic,Dr. Miguel Fernandez,Check-up
2025-03-01,Child,Male,Urinary Tract Infection,Clinic,Dr. Camille Tan,Check-up
2025-03-02,Senior,Male,Annual Physical Examination,Annual Physical Examination,Dr. Paolo Rivera,Annual Physical Examination
2025-03-02,Senior,Female,Chest X-ray,Radiology,Dr. Henry Ong,Imaging
2025-03-02,Adult,Male,Home Service Laboratory,Home Service,"Angela Reyes, RMT",Home Service
2025-03-02,Senior,Male,Hypertension Monitoring,Clinic,Dr. Victor Manuel,Check-up
2025-03-02,Adult,Male,Hypertension Monitoring,Clinic,Dr. Victor Manuel,Check-up
2025-03-02,Adult,Female,Upper Respiratory Infection,Clinic,Dr. Ana Lopez,Check-up
2025-03-02,Child,Male,Urinalysis,Laboratory,"Patricia Mendoza, RMT",Laboratory
2025-03-02,Adult,Male,Vaccination,Clinic,Dr. Ana Lopez,Vaccination
2025-03-03,Adult,Male,Blood Chemistry,Laboratory,"Carlo Navarro, RMT",Laboratory
2025-03-03,Adult,Female,Dermatitis and Allergy,Clinic,Dr. Paolo Rivera,Check-up
2025-03-03,Adult,Female,Dermatitis and Allergy,Clinic,Dr. Miguel Fernandez,Check-up
2025-03-03,Senior,Female,Diabetes Mellitus Monitoring,Clinic,Dr. Elena Bautista,Check-up
2025-03-03,Adult,Male,Drug Testing,Drug Testing,"Patricia Mendoza, RMT",Drug Testing
2025-03-03,Child,Male,Ultrasound,Radiology,Dr. Andrea Sy,Imaging
2025-03-03,Adult,Female,Ultrasound,Radiology,Dr. Henry Ong,Imaging
2025-03-03,Adult,Male,Urinalysis,Laboratory,"Angela Reyes, RMT",Laboratory
2025-03-03,Senior,Female,Vascular Study,Radiology,Dr. Andrea Sy,Imaging
2025-03-04,Child,Female,Annual Physical Examination,Annual Physical Examination,Dr. Camille Tan,Annual Physical Examination
2025-03-04,Child,Female,Chest X-ray,Radiology,Dr. Sofia Mercado,Imaging
2025-03-04,Senior,Female,Diabetes Mellitus Monitoring,Clinic,Dr. Elena Bautista,Check-up
2025-03-04,Adult,Male,Fasting Blood Sugar,Laboratory,"Mark Villanueva, RMT",Laboratory
2025-03-04,Adult,Male,Hypertension Monitoring,Clinic,Dr. Victor Manuel,Check-up
2025-03-04,Senior,Female,Hypertension Monitoring,Clinic,Dr. Victor Manuel,Check-up
2025-03-04,Adult,Male,Preventive Health Check-up,Clinic,Dr. Paolo Rivera,Check-up
2025-03-04,Adult,Male,Preventive Health Check-up,Clinic,Dr. Camille Tan,Check-up
2025-03-04,Senior,Male,Ultrasound,Radiology,Dr. Sofia Mercado,Imaging
2025-03-04,Child,Male,Upper Respiratory Infection,Clinic,Dr. Paolo Rivera,Check-up
2025-03-04,Child,Male,Urinary Tract Infection,Clinic,Dr. Miguel Fernandez,Check-up
2025-03-05,Adult,Male,Blood Chemistry,Laboratory,"Joanna Lim, RMT",Laboratory
2025-03-05,Adult,Female,Diabetes Mellitus Monitoring,Clinic,Dr. Victor Manuel,Check-up
2025-03-05,Adult,Female,Electrocardiography,Cardiology,Dr. Ana Lopez,Cardiology
2025-03-05,Adult,Female,Gastritis,Clinic,Dr. Victor Manuel,Check-up
2025-03-05,Adult,Male,Headache,Clinic,Dr. Paolo Rivera,Check-up
2025-03-05,Child,Female,Lipid Profile,Laboratory,"Carlo Navarro, RMT",Laboratory
2025-03-05,Adult,Male,Pregnancy Test,Laboratory,"Mark Villanueva, RMT",Laboratory
2025-03-05,Adult,Male,Vaccination,Clinic,Dr. Camille Tan,Vaccination
2025-03-06,Adult,Female,2D Echo,Cardiology,Dr. Ana Lopez,Cardiology
2025-03-06,Child,Male,Complete Blood Count,Laboratory,"Patricia Mendoza, RMT",Laboratory
2025-03-06,Adult,Male,Complete Blood Count,Laboratory,"Rafael Torres, RMT",Laboratory
2025-03-06,Adult,Male,Fecalysis,Laboratory,"Joanna Lim, RMT",Laboratory
2025-03-06,Adult,Female,Fecalysis,Laboratory,"Angela Reyes, RMT",Laboratory
2025-03-06,Adult,Male,Pre-Employment Medical Exam,Clinic,Dr. Ana Lopez,Pre-Employment Checkup
2025-03-06,Child,Male,Thyroid Function Test,Laboratory,"Mark Villanueva, RMT",Laboratory
2025-03-06,Child,Female,Thyroid Function Test,Laboratory,"Rafael Torres, RMT",Laboratory
2025-03-07,Adult,Female,Asthma Monitoring,Clinic,Dr. Victor Manuel,Check-up
2025-03-07,Adult,Female,Chest X-ray,Radiology,Dr. Henry Ong,Imaging
2025-03-07,Adult,Male,Chest X-ray,Radiology,Dr. Sofia Mercado,Imaging
2025-03-07,Adult,Male,Diabetes Mellitus Monitoring,Clinic,Dr. Elena Bautista,Check-up
2025-03-07,Adult,Male,Fasting Blood Sugar,Laboratory,"Patricia Mendoza, RMT",Laboratory
2025-03-07,Senior,Male,Fasting Blood Sugar,Laboratory,"Patricia Mendoza, RMT",Laboratory
2025-03-07,Adult,Female,Headache,Clinic,Dr. Ana Lopez,Check-up
2025-03-07,Adult,Male,Pre-Employment Medical Exam,Clinic,Dr. Miguel Fernandez,Pre-Employment Checkup
2025-03-07,Child,Female,Urinalysis,Laboratory,"Patricia Mendoza, RMT",Laboratory
2025-03-07,Adult,Male,Urinalysis,Laboratory,"Joanna Lim, RMT",Laboratory
2025-03-08,Senior,Female,Complete Blood Count,Laboratory,"Mark Villanueva, RMT",Laboratory
2025-03-08,Adult,Male,Dermatitis and Allergy,Clinic,Dr. Paolo Rivera,Check-up
2025-03-08,Adult,Female,Electrocardiography,Cardiology,Dr. Ana Lopez,Cardiology
2025-03-08,Child,Male,Fever,Clinic,Dr. Camille Tan,Check-up
2025-03-08,Adult,Female,Hypertension Monitoring,Clinic,Dr. Victor Manuel,Check-up
2025-03-08,Child,Female,Vaccination,Clinic,Dr. Paolo Rivera,Vaccination
2025-03-09,Senior,Female,Annual Physical Examination,Annual Physical Examination,Dr. Camille Tan,Annual Physical Examination
2025-03-09,Child,Female,Asthma Monitoring,Clinic,Dr. Elena Bautista,Check-up
2025-03-09,Child,Female,Creatinine,Laboratory,"Joanna Lim, RMT",Laboratory
2025-03-09,Child,Female,Fasting Blood Sugar,Laboratory,"Patricia Mendoza, RMT",Laboratory
2025-03-09,Child,Female,Gastritis,Clinic,Dr. Victor Manuel,Check-up
2025-03-09,Adult,Male,Thyroid Function Test,Laboratory,"Angela Reyes, RMT",Laboratory
2025-03-09,Adult,Male,Urinary Tract Infection,Clinic,Dr. Ana Lopez,Check-up
2025-03-10,Adult,Female,Abdominal Pain,Clinic,Dr. Elena Bautista,Check-up
2025-03-10,Senior,Male,Abdominal Pain,Clinic,Dr. Elena Bautista,Check-up
2025-03-10,Senior,Female,Fever,Clinic,Dr. Ana Lopez,Check-up
2025-03-10,Senior,Male,Hypertension Monitoring,Clinic,Dr. Elena Bautista,Check-up
2025-03-10,Adult,Male,Pre-Employment Medical Exam,Clinic,Dr. Camille Tan,Pre-Employment Checkup
2025-03-10,Adult,Female,Routine Medical Consultation,Clinic,Dr. Paolo Rivera,Check-up
2025-03-10,Adult,Male,Ultrasound,Radiology,Dr. Henry Ong,Imaging
2025-03-10,Child,Male,Ultrasound,Radiology,Dr. Sofia Mercado,Imaging
2025-03-10,Adult,Female,Upper Respiratory Infection,Clinic,Dr. Ana Lopez,Check-up
2025-03-11,Adult,Female,Complete Blood Count,Laboratory,"Mark Villanueva, RMT",Laboratory
2025-03-11,Adult,Female,Electrocardiography,Cardiology,Dr. Paolo Rivera,Cardiology
2025-03-11,Child,Male,Hepatitis Screening,Laboratory,"Carlo Navarro, RMT",Laboratory
2025-03-11,Senior,Male,Hypertension Monitoring,Clinic,Dr. Elena Bautista,Check-up
2025-03-11,Adult,Male,Lipid Profile,Laboratory,"Angela Reyes, RMT",Laboratory
2025-03-11,Adult,Female,Pregnancy Test,Laboratory,"Rafael Torres, RMT",Laboratory
2025-03-11,Adult,Female,Urinalysis,Laboratory,"Patricia Mendoza, RMT",Laboratory
2025-03-12,Senior,Male,Chest X-ray,Radiology,Dr. Sofia Mercado,Imaging
2025-03-12,Adult,Female,Complete Blood Count,Laboratory,"Mark Villanueva, RMT",Laboratory
2025-03-12,Adult,Female,Drug Testing,Drug Testing,"Joanna Lim, RMT",Drug Testing
2025-03-12,Adult,Male,Electrocardiography,Cardiology,Dr. Paolo Rivera,Cardiology
2025-03-12,Child,Male,Gastritis,Clinic,Dr. Elena Bautista,Check-up
2025-03-12,Adult,Female,Pre-Employment Medical Exam,Clinic,Dr. Ana Lopez,Pre-Employment Checkup
2025-03-12,Adult,Female,Preventive Health Check-up,Clinic,Dr. Ana Lopez,Check-up
2025-03-12,Adult,Male,Thyroid Function Test,Laboratory,"Rafael Torres, RMT",Laboratory
2025-03-12,Adult,Female,Thyroid Function Test,Laboratory,"Joanna Lim, RMT",Laboratory
2025-03-12,Adult,Male,Urinalysis,Laboratory,"Patricia Mendoza, RMT",Laboratory
2025-03-12,Senior,Female,Vascular Study,Radiology,Dr. Sofia Mercado,Imaging
2025-03-13,Adult,Female,Annual Physical Examination,Annual Physical Examination,Dr. Ana Lopez,Annual Physical Examination
2025-03-13,Senior,Female,Creatinine,Laboratory,"Angela Reyes, RMT",Laboratory
2025-03-13,Adult,Female,Hypertension Monitoring,Clinic,Dr. Victor Manuel,Check-up
2025-03-13,Adult,Male,Lipid Profile,Laboratory,"Patricia Mendoza, RMT",Laboratory
2025-03-14,Senior,Male,Annual Physical Examination,Annual Physical Examination,Dr. Miguel Fernandez,Annual Physical Examination
2025-03-14,Adult,Female,Blood Chemistry,Laboratory,"Rafael Torres, RMT",Laboratory
2025-03-14,Senior,Male,Blood Chemistry,Laboratory,"Carlo Navarro, RMT",Laboratory
2025-03-14,Adult,Male,Blood Chemistry,Laboratory,"Joanna Lim, RMT",Laboratory
2025-03-14,Child,Male,Complete Blood Count,Laboratory,"Mark Villanueva, RMT",Laboratory
2025-03-14,Senior,Female,Complete Blood Count,Laboratory,"Joanna Lim, RMT",Laboratory
2025-03-14,Adult,Male,Pre-Employment Medical Exam,Clinic,Dr. Miguel Fernandez,Pre-Employment Checkup
2025-03-15,Child,Male,Asthma Monitoring,Clinic,Dr. Elena Bautista,Check-up
2025-03-15,Adult,Female,Asthma Monitoring,Clinic,Dr. Elena Bautista,Check-up
2025-03-15,Adult,Male,Dermatitis and Allergy,Clinic,Dr. Paolo Rivera,Check-up
2025-03-15,Adult,Female,Hypertension Monitoring,Clinic,Dr. Elena Bautista,Check-up
2025-03-15,Adult,Female,Preventive Health Check-up,Clinic,Dr. Miguel Fernandez,Check-up
2025-03-15,Adult,Male,Routine Medical Consultation,Clinic,Dr. Paolo Rivera,Check-up
2025-03-16,Senior,Male,Asthma Monitoring,Clinic,Dr. Victor Manuel,Check-up
2025-03-16,Adult,Male,Drug Testing,Drug Testing,"Mark Villanueva, RMT",Drug Testing
2025-03-16,Senior,Male,Hypertension Monitoring,Clinic,Dr. Elena Bautista,Check-up
2025-03-16,Senior,Female,Hypertension Monitoring,Clinic,Dr. Victor Manuel,Check-up
2025-03-16,Adult,Male,Routine Medical Consultation,Clinic,Dr. Ana Lopez,Check-up
2025-03-16,Adult,Female,Urinalysis,Laboratory,"Mark Villanueva, RMT",Laboratory
2025-03-16,Child,Male,Urinalysis,Laboratory,"Patricia Mendoza, RMT",Laboratory
2025-03-17,Adult,Female,2D Echo,Cardiology,Dr. Ana Lopez,Cardiology
2025-03-17,Adult,Female,Blood Chemistry,Laboratory,"Patricia Mendoza, RMT",Laboratory
2025-03-17,Child,Male,Blood Chemistry,Laboratory,"Carlo Navarro, RMT",Laboratory
2025-03-17,Adult,Male,Chest X-ray,Radiology,Dr. Henry Ong,Imaging
2025-03-17,Senior,Female,Diabetes Mellitus Monitoring,Clinic,Dr. Elena Bautista,Check-up
2025-03-17,Adult,Male,Lipid Profile,Laboratory,"Angela Reyes, RMT",Laboratory
2025-03-17,Adult,Male,Routine Medical Consultation,Clinic,Dr. Camille Tan,Check-up
2025-03-17,Child,Male,SGPT,Laboratory,"Mark Villanueva, RMT",Laboratory
2025-03-17,Child,Female,Upper Respiratory Infection,Clinic,Dr. Miguel Fernandez,Check-up
2025-03-17,Senior,Female,Urinalysis,Laboratory,"Patricia Mendoza, RMT",Laboratory
2025-03-18,Adult,Male,Abdominal Pain,Clinic,Dr. Victor Manuel,Check-up
2025-03-18,Senior,Female,Chest X-ray,Radiology,Dr. Henry Ong,Imaging
2025-03-18,Senior,Male,Chest X-ray,Radiology,Dr. Henry Ong,Imaging
2025-03-18,Adult,Female,Dermatitis and Allergy,Clinic,Dr. Camille Tan,Check-up
2025-03-18,Adult,Female,Drug Testing,Drug Testing,"Patricia Mendoza, RMT",Drug Testing
2025-03-18,Adult,Female,Fecalysis,Laboratory,"Joanna Lim, RMT",Laboratory
2025-03-18,Adult,Female,Fecalysis,Laboratory,"Carlo Navarro, RMT",Laboratory
2025-03-18,Senior,Female,Hepatitis Screening,Laboratory,"Joanna Lim, RMT",Laboratory
2025-03-19,Senior,Male,Asthma Monitoring,Clinic,Dr. Victor Manuel,Check-up
2025-03-19,Adult,Male,Dermatitis and Allergy,Clinic,Dr. Ana Lopez,Check-up
2025-03-19,Child,Male,Gastritis,Clinic,Dr. Elena Bautista,Check-up
2025-03-19,Adult,Female,Pregnancy Test,Laboratory,"Mark Villanueva, RMT",Laboratory
2025-03-19,Adult,Female,SGPT,Laboratory,"Rafael Torres, RMT",Laboratory
2025-03-19,Adult,Male,Upper Respiratory Infection,Clinic,Dr. Camille Tan,Check-up
2025-03-19,Senior,Female,Urinary Tract Infection,Clinic,Dr. Ana Lopez,Check-up
2025-03-20,Adult,Female,Blood Chemistry,Laboratory,"Angela Reyes, RMT",Laboratory
2025-03-20,Adult,Male,Diabetes Mellitus Monitoring,Clinic,Dr. Victor Manuel,Check-up
2025-03-20,Senior,Male,Diabetes Mellitus Monitoring,Clinic,Dr. Elena Bautista,Check-up
2025-03-20,Adult,Male,Drug Testing,Drug Testing,"Carlo Navarro, RMT",Drug Testing
2025-03-20,Adult,Male,Electrocardiography,Cardiology,Dr. Camille Tan,Cardiology
2025-03-20,Adult,Female,Electrocardiography,Cardiology,Dr. Camille Tan,Cardiology
2025-03-20,Adult,Female,Fasting Blood Sugar,Laboratory,"Joanna Lim, RMT",Laboratory
2025-03-20,Adult,Male,Hypertension Monitoring,Clinic,Dr. Elena Bautista,Check-up
2025-03-20,Senior,Male,Upper Respiratory Infection,Clinic,Dr. Ana Lopez,Check-up
2025-03-20,Adult,Female,Upper Respiratory Infection,Clinic,Dr. Camille Tan,Check-up
2025-03-20,Adult,Male,Urinalysis,Laboratory,"Carlo Navarro, RMT",Laboratory
2025-03-20,Adult,Male,Vascular Study,Radiology,Dr. Andrea Sy,Imaging
2025-03-21,Adult,Male,Complete Blood Count,Laboratory,"Mark Villanueva, RMT",Laboratory
2025-03-21,Adult,Male,Dermatitis and Allergy,Clinic,Dr. Miguel Fernandez,Check-up
2025-03-21,Adult,Female,Diabetes Mellitus Monitoring,Clinic,Dr. Victor Manuel,Check-up
2025-03-21,Adult,Male,Diabetes Mellitus Monitoring,Clinic,Dr. Victor Manuel,Check-up
2025-03-21,Senior,Female,Gastritis,Clinic,Dr. Victor Manuel,Check-up
2025-03-21,Adult,Male,Hepatitis Screening,Laboratory,"Mark Villanueva, RMT",Laboratory
2025-03-21,Adult,Male,Urinary Tract Infection,Clinic,Dr. Camille Tan,Check-up
2025-03-22,Adult,Male,Blood Chemistry,Laboratory,"Mark Villanueva, RMT",Laboratory
2025-03-22,Adult,Male,Creatinine,Laboratory,"Rafael Torres, RMT",Laboratory
2025-03-22,Adult,Male,Dermatitis and Allergy,Clinic,Dr. Paolo Rivera,Check-up
2025-03-22,Adult,Female,Fecalysis,Laboratory,"Rafael Torres, RMT",Laboratory
2025-03-22,Adult,Female,Lipid Profile,Laboratory,"Carlo Navarro, RMT",Laboratory
2025-03-22,Adult,Female,Upper Respiratory Infection,Clinic,Dr. Camille Tan,Check-up
2025-03-22,Senior,Female,Vascular Study,Radiology,Dr. Henry Ong,Imaging
2025-03-23,Adult,Male,Annual Physical Examination,Annual Physical Examination,Dr. Miguel Fernandez,Annual Physical Examination
2025-03-23,Adult,Male,Blood Chemistry,Laboratory,"Joanna Lim, RMT",Laboratory
2025-03-23,Senior,Male,Dermatitis and Allergy,Clinic,Dr. Paolo Rivera,Check-up
2025-03-23,Adult,Male,Fever,Clinic,Dr. Camille Tan,Check-up
2025-03-23,Adult,Male,Headache,Clinic,Dr. Miguel Fernandez,Check-up
2025-03-23,Adult,Female,Hypertension Monitoring,Clinic,Dr. Elena Bautista,Check-up
2025-03-23,Adult,Female,Hypertension Monitoring,Clinic,Dr. Victor Manuel,Check-up
2025-03-23,Adult,Female,Pre-Employment Medical Exam,Clinic,Dr. Miguel Fernandez,Pre-Employment Checkup
2025-03-23,Adult,Female,SGPT,Laboratory,"Angela Reyes, RMT",Laboratory
2025-03-23,Child,Female,Ultrasound,Radiology,Dr. Andrea Sy,Imaging
2025-03-23,Adult,Female,Ultrasound,Radiology,Dr. Sofia Mercado,Imaging
2025-03-23,Senior,Female,Upper Respiratory Infection,Clinic,Dr. Miguel Fernandez,Check-up
2025-03-23,Adult,Male,Vaccination,Clinic,Dr. Ana Lopez,Vaccination
2025-03-24,Adult,Female,Drug Testing,Drug Testing,"Joanna Lim, RMT",Drug Testing
2025-03-24,Adult,Female,Fecalysis,Laboratory,"Carlo Navarro, RMT",Laboratory
2025-03-24,Adult,Male,Headache,Clinic,Dr. Camille Tan,Check-up
2025-03-24,Adult,Female,Lipid Profile,Laboratory,"Patricia Mendoza, RMT",Laboratory
2025-03-24,Adult,Male,Routine Medical Consultation,Clinic,Dr. Miguel Fernandez,Check-up
2025-03-24,Adult,Female,Ultrasound,Radiology,Dr. Andrea Sy,Imaging
2025-03-25,Adult,Female,Creatinine,Laboratory,"Angela Reyes, RMT",Laboratory
2025-03-25,Child,Female,Dermatitis and Allergy,Clinic,Dr. Ana Lopez,Check-up
2025-03-25,Adult,Male,Dermatitis and Allergy,Clinic,Dr. Miguel Fernandez,Check-up
2025-03-25,Adult,Female,Drug Testing,Drug Testing,"Rafael Torres, RMT",Drug Testing
2025-03-25,Adult,Female,Drug Testing,Drug Testing,"Mark Villanueva, RMT",Drug Testing
2025-03-25,Adult,Male,Fever,Clinic,Dr. Paolo Rivera,Check-up
2025-03-25,Adult,Male,Gastritis,Clinic,Dr. Elena Bautista,Check-up
2025-03-25,Adult,Male,Hypertension Monitoring,Clinic,Dr. Victor Manuel,Check-up
2025-03-25,Adult,Male,Pregnancy Test,Laboratory,"Angela Reyes, RMT",Laboratory
2025-03-26,Senior,Male,Diabetes Mellitus Monitoring,Clinic,Dr. Victor Manuel,Check-up
2025-03-26,Adult,Male,Drug Testing,Drug Testing,"Carlo Navarro, RMT",Drug Testing
2025-03-26,Adult,Female,Fasting Blood Sugar,Laboratory,"Carlo Navarro, RMT",Laboratory
2025-03-26,Adult,Male,Fecalysis,Laboratory,"Joanna Lim, RMT",Laboratory
2025-03-26,Adult,Male,Fever,Clinic,Dr. Miguel Fernandez,Check-up
2025-03-26,Child,Female,Lipid Profile,Laboratory,"Angela Reyes, RMT",Laboratory
2025-03-26,Adult,Male,Pre-Employment Medical Exam,Clinic,Dr. Paolo Rivera,Pre-Employment Checkup
2025-03-26,Adult,Female,Pregnancy Test,Laboratory,"Carlo Navarro, RMT",Laboratory
2025-03-26,Senior,Female,SGPT,Laboratory,"Patricia Mendoza, RMT",Laboratory
2025-03-26,Adult,Male,Thyroid Function Test,Laboratory,"Mark Villanueva, RMT",Laboratory
2025-03-26,Adult,Female,Urinalysis,Laboratory,"Mark Villanueva, RMT",Laboratory
2025-03-26,Adult,Male,Vaccination,Clinic,Dr. Paolo Rivera,Vaccination
2025-03-27,Senior,Female,Diabetes Mellitus Monitoring,Clinic,Dr. Victor Manuel,Check-up
2025-03-27,Child,Male,Electrocardiography,Cardiology,Dr. Miguel Fernandez,Cardiology
2025-03-27,Adult,Female,Fecalysis,Laboratory,"Joanna Lim, RMT",Laboratory
2025-03-27,Senior,Female,Home Service Laboratory,Home Service,"Patricia Mendoza, RMT",Home Service
2025-03-27,Adult,Female,Hypertension Monitoring,Clinic,Dr. Elena Bautista,Check-up
2025-03-27,Adult,Male,Upper Respiratory Infection,Clinic,Dr. Paolo Rivera,Check-up
2025-03-27,Senior,Male,Urinary Tract Infection,Clinic,Dr. Ana Lopez,Check-up
2025-03-28,Adult,Male,Chest X-ray,Radiology,Dr. Andrea Sy,Imaging
2025-03-28,Senior,Male,Dermatitis and Allergy,Clinic,Dr. Camille Tan,Check-up
2025-03-28,Adult,Male,Fasting Blood Sugar,Laboratory,"Mark Villanueva, RMT",Laboratory
2025-03-28,Child,Female,Fever,Clinic,Dr. Miguel Fernandez,Check-up
2025-03-28,Adult,Male,Hypertension Monitoring,Clinic,Dr. Victor Manuel,Check-up
2025-03-28,Adult,Male,Preventive Health Check-up,Clinic,Dr. Ana Lopez,Check-up
2025-03-28,Adult,Male,Vaccination,Clinic,Dr. Paolo Rivera,Vaccination
2025-03-29,Adult,Female,Chest X-ray,Radiology,Dr. Henry Ong,Imaging
2025-03-29,Adult,Male,Complete Blood Count,Laboratory,"Carlo Navarro, RMT",Laboratory
2025-03-29,Senior,Male,Diabetes Mellitus Monitoring,Clinic,Dr. Elena Bautista,Check-up
2025-03-29,Adult,Female,Drug Testing,Drug Testing,"Mark Villanueva, RMT",Drug Testing
2025-03-29,Adult,Male,Electrocardiography,Cardiology,Dr. Miguel Fernandez,Cardiology
2025-03-29,Child,Male,Lipid Profile,Laboratory,"Angela Reyes, RMT",Laboratory
2025-03-29,Adult,Female,Pregnancy Test,Laboratory,"Angela Reyes, RMT",Laboratory
2025-03-29,Adult,Male,Routine Medical Consultation,Clinic,Dr. Miguel Fernandez,Check-up
2025-03-30,Adult,Female,Abdominal Pain,Clinic,Dr. Victor Manuel,Check-up
2025-03-30,Child,Male,Chest X-ray,Radiology,Dr. Andrea Sy,Imaging
2025-03-30,Adult,Male,Diabetes Mellitus Monitoring,Clinic,Dr. Elena Bautista,Check-up
2025-03-30,Senior,Female,Hypertension Monitoring,Clinic,Dr. Elena Bautista,Check-up
2025-03-30,Adult,Female,Preventive Health Check-up,Clinic,Dr. Ana Lopez,Check-up
2025-03-31,Adult,Male,Annual Physical Examination,Annual Physical Examination,Dr. Miguel Fernandez,Annual Physical Examination
2025-03-31,Adult,Male,Diabetes Mellitus Monitoring,Clinic,Dr. Victor Manuel,Check-up
2025-03-31,Senior,Female,Diabetes Mellitus Monitoring,Clinic,Dr. Elena Bautista,Check-up
2025-03-31,Adult,Male,Fecalysis,Laboratory,"Mark Villanueva, RMT",Laboratory
2025-03-31,Adult,Male,Fever,Clinic,Dr. Miguel Fernandez,Check-up
2025-03-31,Adult,Male,Hypertension Monitoring,Clinic,Dr. Victor Manuel,Check-up
2025-03-31,Adult,Female,Upper Respiratory Infection,Clinic,Dr. Ana Lopez,Check-up
2025-03-31,Adult,Female,Urinalysis,Laboratory,"Rafael Torres, RMT",Laboratory
2025-03-31,Adult,Female,Urinalysis,Laboratory,"Patricia Mendoza, RMT",Laboratory
2025-03-31,Adult,Female,Urinary Tract Infection,Clinic,Dr. Ana Lopez,Check-up
2025-03-31,Adult,Female,Vascular Study,Radiology,Dr. Andrea Sy,Imaging
2025-04-01,Adult,Male,Blood Chemistry,Laboratory,"Angela Reyes, RMT",Laboratory
2025-04-01,Adult,Male,Chest X-ray,Radiology,Dr. Andrea Sy,Imaging
2025-04-01,Adult,Female,Complete Blood Count,Laboratory,"Joanna Lim, RMT",Laboratory
2025-04-01,Adult,Male,Complete Blood Count,Laboratory,"Angela Reyes, RMT",Laboratory
2025-04-01,Child,Female,Complete Blood Count,Laboratory,"Rafael Torres, RMT",Laboratory
2025-04-01,Child,Female,Complete Blood Count,Laboratory,"Mark Villanueva, RMT",Laboratory
2025-04-01,Adult,Male,Diabetes Mellitus Monitoring,Clinic,Dr. Victor Manuel,Check-up
2025-04-01,Senior,Female,Diabetes Mellitus Monitoring,Clinic,Dr. Elena Bautista,Check-up
2025-04-01,Adult,Female,Hepatitis Screening,Laboratory,"Rafael Torres, RMT",Laboratory
2025-04-01,Adult,Female,Pregnancy Test,Laboratory,"Mark Villanueva, RMT",Laboratory
2025-04-01,Adult,Female,Preventive Health Check-up,Clinic,Dr. Paolo Rivera,Check-up
2025-04-01,Adult,Female,Upper Respiratory Infection,Clinic,Dr. Paolo Rivera,Check-up
2025-04-01,Adult,Female,Urinary Tract Infection,Clinic,Dr. Ana Lopez,Check-up
2025-04-02,Child,Male,Abdominal Pain,Clinic,Dr. Elena Bautista,Check-up
2025-04-02,Adult,Male,Abdominal Pain,Clinic,Dr. Victor Manuel,Check-up
2025-04-02,Adult,Female,Blood Chemistry,Laboratory,"Patricia Mendoza, RMT",Laboratory
2025-04-02,Adult,Female,Dermatitis and Allergy,Clinic,Dr. Miguel Fernandez,Check-up
2025-04-02,Adult,Female,Fever,Clinic,Dr. Camille Tan,Check-up
2025-04-02,Senior,Female,Gastritis,Clinic,Dr. Victor Manuel,Check-up
2025-04-02,Adult,Male,Gastritis,Clinic,Dr. Victor Manuel,Check-up
2025-04-02,Senior,Male,Hypertension Monitoring,Clinic,Dr. Victor Manuel,Check-up
2025-04-02,Senior,Female,Hypertension Monitoring,Clinic,Dr. Elena Bautista,Check-up
2025-04-02,Adult,Female,Lipid Profile,Laboratory,"Patricia Mendoza, RMT",Laboratory
2025-04-02,Senior,Male,Preventive Health Check-up,Clinic,Dr. Miguel Fernandez,Check-up
2025-04-02,Child,Female,Upper Respiratory Infection,Clinic,Dr. Ana Lopez,Check-up
2025-04-02,Senior,Male,Vascular Study,Radiology,Dr. Henry Ong,Imaging
2025-04-03,Adult,Male,Blood Chemistry,Laboratory,"Joanna Lim, RMT",Laboratory
2025-04-03,Adult,Female,Complete Blood Count,Laboratory,"Mark Villanueva, RMT",Laboratory
2025-04-03,Adult,Female,Dermatitis and Allergy,Clinic,Dr. Miguel Fernandez,Check-up
2025-04-03,Adult,Male,Diabetes Mellitus Monitoring,Clinic,Dr. Victor Manuel,Check-up
2025-04-03,Adult,Male,Fasting Blood Sugar,Laboratory,"Joanna Lim, RMT",Laboratory
2025-04-03,Adult,Male,Gastritis,Clinic,Dr. Elena Bautista,Check-up
2025-04-03,Senior,Female,Home Service Laboratory,Home Service,"Patricia Mendoza, RMT",Home Service
2025-04-03,Adult,Female,Lipid Profile,Laboratory,"Carlo Navarro, RMT",Laboratory
2025-04-03,Adult,Female,Ultrasound,Radiology,Dr. Sofia Mercado,Imaging
2025-04-03,Adult,Female,Vascular Study,Radiology,Dr. Andrea Sy,Imaging
2025-04-04,Adult,Male,Asthma Monitoring,Clinic,Dr. Victor Manuel,Check-up
2025-04-04,Child,Male,Chest X-ray,Radiology,Dr. Andrea Sy,Imaging
2025-04-04,Senior,Female,Electrocardiography,Cardiology,Dr. Ana Lopez,Cardiology
2025-04-04,Senior,Male,Hypertension Monitoring,Clinic,Dr. Victor Manuel,Check-up
2025-04-04,Adult,Female,Hypertension Monitoring,Clinic,Dr. Elena Bautista,Check-up
2025-04-04,Senior,Female,Hypertension Monitoring,Clinic,Dr. Elena Bautista,Check-up
2025-04-04,Adult,Male,Hypertension Monitoring,Clinic,Dr. Victor Manuel,Check-up
2025-04-04,Adult,Male,Preventive Health Check-up,Clinic,Dr. Paolo Rivera,Check-up
2025-04-05,Adult,Female,Abdominal Pain,Clinic,Dr. Victor Manuel,Check-up
2025-04-05,Adult,Female,Abdominal Pain,Clinic,Dr. Elena Bautista,Check-up
2025-04-05,Child,Male,Blood Chemistry,Laboratory,"Mark Villanueva, RMT",Laboratory
2025-04-05,Senior,Female,Blood Chemistry,Laboratory,"Joanna Lim, RMT",Laboratory
2025-04-05,Adult,Female,Complete Blood Count,Laboratory,"Angela Reyes, RMT",Laboratory
2025-04-05,Adult,Male,Fecalysis,Laboratory,"Angela Reyes, RMT",Laboratory
2025-04-05,Adult,Female,Fever,Clinic,Dr. Miguel Fernandez,Check-up
2025-04-05,Adult,Male,Hypertension Monitoring,Clinic,Dr. Elena Bautista,Check-up
2025-04-05,Adult,Female,Hypertension Monitoring,Clinic,Dr. Elena Bautista,Check-up
2025-04-05,Adult,Female,Hypertension Monitoring,Clinic,Dr. Victor Manuel,Check-up
2025-04-05,Adult,Male,Pre-Employment Medical Exam,Clinic,Dr. Camille Tan,Pre-Employment Checkup
2025-04-05,Adult,Female,Routine Medical Consultation,Clinic,Dr. Miguel Fernandez,Check-up
2025-04-05,Adult,Female,Urinary Tract Infection,Clinic,Dr. Ana Lopez,Check-up
2025-04-06,Adult,Male,Asthma Monitoring,Clinic,Dr. Elena Bautista,Check-up
2025-04-06,Adult,Female,Blood Chemistry,Laboratory,"Mark Villanueva, RMT",Laboratory
2025-04-06,Adult,Male,Creatinine,Laboratory,"Mark Villanueva, RMT",Laboratory
2025-04-06,Adult,Male,Drug Testing,Drug Testing,"Carlo Navarro, RMT",Drug Testing
2025-04-06,Adult,Male,Electrocardiography,Cardiology,Dr. Paolo Rivera,Cardiology
2025-04-06,Adult,Female,Hypertension Monitoring,Clinic,Dr. Victor Manuel,Check-up
2025-04-06,Adult,Female,Lipid Profile,Laboratory,"Angela Reyes, RMT",Laboratory
2025-04-06,Child,Female,Preventive Health Check-up,Clinic,Dr. Ana Lopez,Check-up
2025-04-06,Adult,Male,Preventive Health Check-up,Clinic,Dr. Ana Lopez,Check-up
2025-04-06,Adult,Female,Upper Respiratory Infection,Clinic,Dr. Camille Tan,Check-up
2025-04-07,Senior,Male,Blood Chemistry,Laboratory,"Mark Villanueva, RMT",Laboratory
2025-04-07,Adult,Female,Fecalysis,Laboratory,"Patricia Mendoza, RMT",Laboratory
2025-04-07,Adult,Male,Gastritis,Clinic,Dr. Elena Bautista,Check-up
2025-04-07,Adult,Female,Lipid Profile,Laboratory,"Carlo Navarro, RMT",Laboratory
2025-04-08,Adult,Female,Blood Chemistry,Laboratory,"Carlo Navarro, RMT",Laboratory
2025-04-08,Adult,Male,Complete Blood Count,Laboratory,"Mark Villanueva, RMT",Laboratory
2025-04-08,Adult,Male,Creatinine,Laboratory,"Carlo Navarro, RMT",Laboratory
2025-04-08,Child,Male,Dermatitis and Allergy,Clinic,Dr. Camille Tan,Check-up
2025-04-08,Adult,Male,Diabetes Mellitus Monitoring,Clinic,Dr. Elena Bautista,Check-up
2025-04-08,Adult,Female,Drug Testing,Drug Testing,"Rafael Torres, RMT",Drug Testing
2025-04-08,Child,Female,Electrocardiography,Cardiology,Dr. Camille Tan,Cardiology
2025-04-08,Adult,Male,Pre-Employment Medical Exam,Clinic,Dr. Camille Tan,Pre-Employment Checkup
2025-04-08,Adult,Female,SGPT,Laboratory,"Rafael Torres, RMT",Laboratory
2025-04-08,Senior,Female,Thyroid Function Test,Laboratory,"Carlo Navarro, RMT",Laboratory
2025-04-08,Adult,Female,Upper Respiratory Infection,Clinic,Dr. Ana Lopez,Check-up
2025-04-08,Child,Female,Urinalysis,Laboratory,"Angela Reyes, RMT",Laboratory
2025-04-08,Senior,Male,Vascular Study,Radiology,Dr. Andrea Sy,Imaging
2025-04-09,Adult,Female,Annual Physical Examination,Annual Physical Examination,Dr. Ana Lopez,Annual Physical Examination
2025-04-09,Adult,Male,Chest X-ray,Radiology,Dr. Sofia Mercado,Imaging
2025-04-09,Adult,Female,Complete Blood Count,Laboratory,"Carlo Navarro, RMT",Laboratory
2025-04-09,Adult,Male,Diabetes Mellitus Monitoring,Clinic,Dr. Elena Bautista,Check-up
2025-04-09,Adult,Female,Diabetes Mellitus Monitoring,Clinic,Dr. Elena Bautista,Check-up
2025-04-09,Adult,Female,Drug Testing,Drug Testing,"Joanna Lim, RMT",Drug Testing
2025-04-09,Adult,Male,Fasting Blood Sugar,Laboratory,"Patricia Mendoza, RMT",Laboratory
2025-04-09,Child,Female,Fasting Blood Sugar,Laboratory,"Carlo Navarro, RMT",Laboratory
2025-04-09,Adult,Male,Fasting Blood Sugar,Laboratory,"Joanna Lim, RMT",Laboratory
2025-04-09,Child,Female,Gastritis,Clinic,Dr. Elena Bautista,Check-up
2025-04-09,Senior,Female,Hypertension Monitoring,Clinic,Dr. Victor Manuel,Check-up
2025-04-09,Senior,Female,Hypertension Monitoring,Clinic,Dr. Elena Bautista,Check-up
2025-04-09,Adult,Female,Preventive Health Check-up,Clinic,Dr. Paolo Rivera,Check-up
2025-04-10,Adult,Female,Blood Chemistry,Laboratory,"Patricia Mendoza, RMT",Laboratory
2025-04-10,Adult,Female,Drug Testing,Drug Testing,"Carlo Navarro, RMT",Drug Testing
2025-04-10,Adult,Female,Electrocardiography,Cardiology,Dr. Miguel Fernandez,Cardiology
2025-04-10,Adult,Female,Fever,Clinic,Dr. Ana Lopez,Check-up
2025-04-10,Adult,Female,Gastritis,Clinic,Dr. Elena Bautista,Check-up
2025-04-10,Adult,Male,Hepatitis Screening,Laboratory,"Angela Reyes, RMT",Laboratory
2025-04-10,Adult,Male,Routine Medical Consultation,Clinic,Dr. Miguel Fernandez,Check-up
2025-04-10,Adult,Male,Thyroid Function Test,Laboratory,"Carlo Navarro, RMT",Laboratory
2025-04-11,Adult,Male,Abdominal Pain,Clinic,Dr. Victor Manuel,Check-up
2025-04-11,Adult,Male,Annual Physical Examination,Annual Physical Examination,Dr. Miguel Fernandez,Annual Physical Examination
2025-04-11,Adult,Male,Chest X-ray,Radiology,Dr. Sofia Mercado,Imaging
2025-04-11,Adult,Female,Creatinine,Laboratory,"Carlo Navarro, RMT",Laboratory
2025-04-11,Adult,Male,Diabetes Mellitus Monitoring,Clinic,Dr. Victor Manuel,Check-up
2025-04-11,Adult,Female,Electrocardiography,Cardiology,Dr. Paolo Rivera,Cardiology
2025-04-11,Adult,Female,Urinary Tract Infection,Clinic,Dr. Miguel Fernandez,Check-up
2025-04-11,Senior,Male,Urinary Tract Infection,Clinic,Dr. Paolo Rivera,Check-up
2025-04-12,Child,Male,Chest X-ray,Radiology,Dr. Henry Ong,Imaging
2025-04-12,Adult,Female,Creatinine,Laboratory,"Mark Villanueva, RMT",Laboratory
2025-04-12,Adult,Male,Drug Testing,Drug Testing,"Angela Reyes, RMT",Drug Testing
2025-04-13,Adult,Male,Blood Chemistry,Laboratory,"Joanna Lim, RMT",Laboratory
2025-04-13,Adult,Female,Dermatitis and Allergy,Clinic,Dr. Ana Lopez,Check-up
2025-04-13,Adult,Female,Dermatitis and Allergy,Clinic,Dr. Paolo Rivera,Check-up
2025-04-13,Adult,Female,Diabetes Mellitus Monitoring,Clinic,Dr. Victor Manuel,Check-up
2025-04-13,Senior,Male,Diabetes Mellitus Monitoring,Clinic,Dr. Elena Bautista,Check-up
2025-04-13,Child,Male,Fasting Blood Sugar,Laboratory,"Angela Reyes, RMT",Laboratory
2025-04-13,Adult,Female,Fever,Clinic,Dr. Paolo Rivera,Check-up
2025-04-13,Adult,Female,Pre-Employment Medical Exam,Clinic,Dr. Camille Tan,Pre-Employment Checkup
2025-04-13,Adult,Male,Routine Medical Consultation,Clinic,Dr. Ana Lopez,Check-up
2025-04-13,Adult,Female,Routine Medical Consultation,Clinic,Dr. Paolo Rivera,Check-up
2025-04-14,Adult,Female,Complete Blood Count,Laboratory,"Rafael Torres, RMT",Laboratory
2025-04-14,Adult,Female,Drug Testing,Drug Testing,"Patricia Mendoza, RMT",Drug Testing
2025-04-14,Adult,Male,Hepatitis Screening,Laboratory,"Angela Reyes, RMT",Laboratory
2025-04-14,Child,Male,Preventive Health Check-up,Clinic,Dr. Ana Lopez,Check-up
2025-04-15,Adult,Female,Abdominal Pain,Clinic,Dr. Elena Bautista,Check-up
2025-04-15,Child,Male,Chest X-ray,Radiology,Dr. Sofia Mercado,Imaging
2025-04-15,Adult,Female,Complete Blood Count,Laboratory,"Rafael Torres, RMT",Laboratory
2025-04-15,Adult,Female,Fasting Blood Sugar,Laboratory,"Mark Villanueva, RMT",Laboratory
2025-04-15,Adult,Female,Lipid Profile,Laboratory,"Angela Reyes, RMT",Laboratory
2025-04-15,Adult,Female,Thyroid Function Test,Laboratory,"Mark Villanueva, RMT",Laboratory
2025-04-15,Adult,Male,Upper Respiratory Infection,Clinic,Dr. Camille Tan,Check-up
2025-04-16,Adult,Male,Chest X-ray,Radiology,Dr. Sofia Mercado,Imaging
2025-04-16,Adult,Female,Complete Blood Count,Laboratory,"Patricia Mendoza, RMT",Laboratory
2025-04-16,Adult,Female,Drug Testing,Drug Testing,"Angela Reyes, RMT",Drug Testing
2025-04-16,Child,Male,Fever,Clinic,Dr. Ana Lopez,Check-up
2025-04-16,Adult,Male,Gastritis,Clinic,Dr. Victor Manuel,Check-up
2025-04-16,Adult,Male,Pre-Employment Medical Exam,Clinic,Dr. Ana Lopez,Pre-Employment Checkup
2025-04-16,Adult,Male,Preventive Health Check-up,Clinic,Dr. Miguel Fernandez,Check-up
2025-04-16,Adult,Male,Preventive Health Check-up,Clinic,Dr. Camille Tan,Check-up
2025-04-16,Adult,Male,Preventive Health Check-up,Clinic,Dr. Paolo Rivera,Check-up
2025-04-16,Adult,Male,Ultrasound,Radiology,Dr. Henry Ong,Imaging
2025-04-17,Adult,Male,Blood Chemistry,Laboratory,"Carlo Navarro, RMT",Laboratory
2025-04-17,Senior,Male,Diabetes Mellitus Monitoring,Clinic,Dr. Elena Bautista,Check-up
2025-04-17,Adult,Female,Gastritis,Clinic,Dr. Elena Bautista,Check-up
2025-04-17,Adult,Female,Pre-Employment Medical Exam,Clinic,Dr. Ana Lopez,Pre-Employment Checkup
2025-04-17,Adult,Male,Thyroid Function Test,Laboratory,"Patricia Mendoza, RMT",Laboratory
2025-04-17,Adult,Female,Upper Respiratory Infection,Clinic,Dr. Paolo Rivera,Check-up
2025-04-17,Adult,Female,Upper Respiratory Infection,Clinic,Dr. Ana Lopez,Check-up
2025-04-17,Adult,Female,Urinalysis,Laboratory,"Rafael Torres, RMT",Laboratory
2025-04-17,Child,Male,Urinary Tract Infection,Clinic,Dr. Ana Lopez,Check-up
2025-04-18,Adult,Female,Dermatitis and Allergy,Clinic,Dr. Camille Tan,Check-up
2025-04-18,Adult,Female,Fasting Blood Sugar,Laboratory,"Joanna Lim, RMT",Laboratory
2025-04-18,Adult,Female,Fecalysis,Laboratory,"Carlo Navarro, RMT",Laboratory
2025-04-18,Adult,Male,SGPT,Laboratory,"Patricia Mendoza, RMT",Laboratory
2025-04-19,Adult,Female,Complete Blood Count,Laboratory,"Mark Villanueva, RMT",Laboratory
2025-04-19,Child,Male,Complete Blood Count,Laboratory,"Carlo Navarro, RMT",Laboratory
2025-04-19,Senior,Female,Fasting Blood Sugar,Laboratory,"Angela Reyes, RMT",Laboratory
2025-04-19,Adult,Male,Fever,Clinic,Dr. Camille Tan,Check-up
2025-04-19,Child,Male,SGPT,Laboratory,"Carlo Navarro, RMT",Laboratory
2025-04-19,Adult,Male,Thyroid Function Test,Laboratory,"Mark Villanueva, RMT",Laboratory
2025-04-19,Adult,Male,Urinalysis,Laboratory,"Joanna Lim, RMT",Laboratory
2025-04-20,Child,Male,Annual Physical Examination,Annual Physical Examination,Dr. Miguel Fernandez,Annual Physical Examination
2025-04-20,Child,Female,Annual Physical Examination,Annual Physical Examination,Dr. Ana Lopez,Annual Physical Examination
2025-04-20,Adult,Female,Fasting Blood Sugar,Laboratory,"Patricia Mendoza, RMT",Laboratory
2025-04-20,Child,Male,Fecalysis,Laboratory,"Carlo Navarro, RMT",Laboratory
2025-04-20,Adult,Male,Hypertension Monitoring,Clinic,Dr. Victor Manuel,Check-up
2025-04-20,Senior,Female,Hypertension Monitoring,Clinic,Dr. Elena Bautista,Check-up
2025-04-20,Adult,Female,Hypertension Monitoring,Clinic,Dr. Victor Manuel,Check-up
2025-04-20,Adult,Male,Pregnancy Test,Laboratory,"Patricia Mendoza, RMT",Laboratory
2025-04-20,Child,Male,Routine Medical Consultation,Clinic,Dr. Camille Tan,Check-up
2025-04-20,Adult,Male,Upper Respiratory Infection,Clinic,Dr. Miguel Fernandez,Check-up
2025-04-21,Adult,Male,Annual Physical Examination,Annual Physical Examination,Dr. Paolo Rivera,Annual Physical Examination
2025-04-21,Adult,Male,Diabetes Mellitus Monitoring,Clinic,Dr. Victor Manuel,Check-up
2025-04-21,Adult,Male,Drug Testing,Drug Testing,"Carlo Navarro, RMT",Drug Testing
2025-04-21,Adult,Male,Drug Testing,Drug Testing,"Joanna Lim, RMT",Drug Testing
2025-04-21,Child,Male,Gastritis,Clinic,Dr. Elena Bautista,Check-up
2025-04-21,Adult,Female,Ultrasound,Radiology,Dr. Andrea Sy,Imaging
2025-04-21,Adult,Male,Ultrasound,Radiology,Dr. Henry Ong,Imaging
2025-04-22,Adult,Female,Asthma Monitoring,Clinic,Dr. Elena Bautista,Check-up
2025-04-22,Adult,Male,Complete Blood Count,Laboratory,"Patricia Mendoza, RMT",Laboratory
2025-04-22,Senior,Male,Diabetes Mellitus Monitoring,Clinic,Dr. Elena Bautista,Check-up
2025-04-22,Senior,Female,Hypertension Monitoring,Clinic,Dr. Victor Manuel,Check-up
2025-04-22,Senior,Male,Hypertension Monitoring,Clinic,Dr. Elena Bautista,Check-up
2025-04-22,Adult,Male,Lipid Profile,Laboratory,"Angela Reyes, RMT",Laboratory
2025-04-23,Adult,Female,Chest X-ray,Radiology,Dr. Andrea Sy,Imaging
2025-04-23,Adult,Female,Dermatitis and Allergy,Clinic,Dr. Camille Tan,Check-up
2025-04-23,Senior,Female,Diabetes Mellitus Monitoring,Clinic,Dr. Victor Manuel,Check-up
2025-04-23,Adult,Female,Electrocardiography,Cardiology,Dr. Ana Lopez,Cardiology
2025-04-23,Adult,Female,Fasting Blood Sugar,Laboratory,"Patricia Mendoza, RMT",Laboratory
2025-04-23,Adult,Female,Hepatitis Screening,Laboratory,"Patricia Mendoza, RMT",Laboratory
2025-04-23,Adult,Male,Pre-Employment Medical Exam,Clinic,Dr. Ana Lopez,Pre-Employment Checkup
2025-04-23,Child,Female,Upper Respiratory Infection,Clinic,Dr. Camille Tan,Check-up
2025-04-24,Child,Male,Asthma Monitoring,Clinic,Dr. Elena Bautista,Check-up
2025-04-24,Senior,Female,Diabetes Mellitus Monitoring,Clinic,Dr. Elena Bautista,Check-up
2025-04-24,Adult,Male,Diabetes Mellitus Monitoring,Clinic,Dr. Elena Bautista,Check-up
2025-04-24,Adult,Female,Electrocardiography,Cardiology,Dr. Camille Tan,Cardiology
2025-04-24,Adult,Female,Electrocardiography,Cardiology,Dr. Ana Lopez,Cardiology
2025-04-24,Adult,Female,Gastritis,Clinic,Dr. Victor Manuel,Check-up
2025-04-24,Adult,Female,Headache,Clinic,Dr. Paolo Rivera,Check-up
2025-04-24,Adult,Male,Hypertension Monitoring,Clinic,Dr. Elena Bautista,Check-up
2025-04-24,Senior,Male,Hypertension Monitoring,Clinic,Dr. Victor Manuel,Check-up
2025-04-24,Adult,Male,Ultrasound,Radiology,Dr. Sofia Mercado,Imaging
2025-04-24,Adult,Male,Urinary Tract Infection,Clinic,Dr. Camille Tan,Check-up
2025-04-25,Adult,Male,Abdominal Pain,Clinic,Dr. Elena Bautista,Check-up
2025-04-25,Adult,Female,Fever,Clinic,Dr. Ana Lopez,Check-up
2025-04-25,Adult,Female,Gastritis,Clinic,Dr. Elena Bautista,Check-up
2025-04-25,Adult,Male,Home Service Laboratory,Home Service,"Rafael Torres, RMT",Home Service
2025-04-25,Adult,Male,Upper Respiratory Infection,Clinic,Dr. Miguel Fernandez,Check-up
2025-04-25,Adult,Female,Vaccination,Clinic,Dr. Paolo Rivera,Vaccination
2025-04-26,Senior,Male,2D Echo,Cardiology,Dr. Miguel Fernandez,Cardiology
2025-04-26,Adult,Female,Abdominal Pain,Clinic,Dr. Victor Manuel,Check-up
2025-04-26,Child,Male,Creatinine,Laboratory,"Patricia Mendoza, RMT",Laboratory
2025-04-26,Senior,Female,Diabetes Mellitus Monitoring,Clinic,Dr. Victor Manuel,Check-up
2025-04-26,Child,Male,Fasting Blood Sugar,Laboratory,"Joanna Lim, RMT",Laboratory
2025-04-26,Adult,Male,Lipid Profile,Laboratory,"Carlo Navarro, RMT",Laboratory
2025-04-27,Child,Female,Annual Physical Examination,Annual Physical Examination,Dr. Paolo Rivera,Annual Physical Examination
2025-04-27,Adult,Male,Blood Chemistry,Laboratory,"Rafael Torres, RMT",Laboratory
2025-04-27,Child,Female,Chest X-ray,Radiology,Dr. Andrea Sy,Imaging
2025-04-27,Senior,Male,Dermatitis and Allergy,Clinic,Dr. Camille Tan,Check-up
2025-04-27,Senior,Female,Fecalysis,Laboratory,"Angela Reyes, RMT",Laboratory
2025-04-27,Senior,Female,Hypertension Monitoring,Clinic,Dr. Victor Manuel,Check-up
2025-04-27,Adult,Male,Urinalysis,Laboratory,"Carlo Navarro, RMT",Laboratory
2025-04-28,Child,Male,Chest X-ray,Radiology,Dr. Sofia Mercado,Imaging
2025-04-28,Adult,Female,Creatinine,Laboratory,"Mark Villanueva, RMT",Laboratory
2025-04-28,Senior,Male,Dermatitis and Allergy,Clinic,Dr. Paolo Rivera,Check-up
2025-04-28,Adult,Female,Fasting Blood Sugar,Laboratory,"Angela Reyes, RMT",Laboratory
2025-04-28,Adult,Male,Headache,Clinic,Dr. Paolo Rivera,Check-up
2025-04-28,Adult,Female,Pregnancy Test,Laboratory,"Angela Reyes, RMT",Laboratory
2025-04-28,Child,Female,SGPT,Laboratory,"Patricia Mendoza, RMT",Laboratory
2025-04-28,Adult,Female,Urinary Tract Infection,Clinic,Dr. Camille Tan,Check-up
2025-04-29,Child,Male,Complete Blood Count,Laboratory,"Angela Reyes, RMT",Laboratory
2025-04-29,Adult,Male,Dermatitis and Allergy,Clinic,Dr. Camille Tan,Check-up
2025-04-29,Adult,Female,Electrocardiography,Cardiology,Dr. Miguel Fernandez,Cardiology
2025-04-29,Child,Male,Fecalysis,Laboratory,"Carlo Navarro, RMT",Laboratory
2025-04-29,Child,Male,Hepatitis Screening,Laboratory,"Mark Villanueva, RMT",Laboratory
2025-04-29,Adult,Male,Lipid Profile,Laboratory,"Angela Reyes, RMT",Laboratory
2025-04-29,Adult,Female,Preventive Health Check-up,Clinic,Dr. Paolo Rivera,Check-up
2025-04-29,Adult,Female,Vaccination,Clinic,Dr. Camille Tan,Vaccination
2025-04-30,Adult,Male,2D Echo,Cardiology,Dr. Camille Tan,Cardiology
2025-04-30,Adult,Female,Abdominal Pain,Clinic,Dr. Elena Bautista,Check-up
2025-04-30,Adult,Female,Drug Testing,Drug Testing,"Angela Reyes, RMT",Drug Testing
2025-04-30,Adult,Female,Fever,Clinic,Dr. Paolo Rivera,Check-up
2025-04-30,Adult,Female,Hypertension Monitoring,Clinic,Dr. Victor Manuel,Check-up
2025-04-30,Senior,Male,Hypertension Monitoring,Clinic,Dr. Elena Bautista,Check-up
2025-04-30,Child,Female,Lipid Profile,Laboratory,"Rafael Torres, RMT",Laboratory
2025-04-30,Adult,Male,Upper Respiratory Infection,Clinic,Dr. Paolo Rivera,Check-up
2025-05-01,Adult,Female,Abdominal Pain,Clinic,Dr. Elena Bautista,Check-up
2025-05-01,Adult,Female,Complete Blood Count,Laboratory,"Joanna Lim, RMT",Laboratory
2025-05-01,Adult,Male,Fasting Blood Sugar,Laboratory,"Joanna Lim, RMT",Laboratory
2025-05-01,Senior,Female,Hypertension Monitoring,Clinic,Dr. Victor Manuel,Check-up
2025-05-01,Adult,Female,Hypertension Monitoring,Clinic,Dr. Elena Bautista,Check-up
2025-05-02,Adult,Male,Blood Chemistry,Laboratory,"Mark Villanueva, RMT",Laboratory
2025-05-02,Child,Female,Complete Blood Count,Laboratory,"Mark Villanueva, RMT",Laboratory
2025-05-02,Adult,Male,Diabetes Mellitus Monitoring,Clinic,Dr. Elena Bautista,Check-up
2025-05-02,Adult,Male,Drug Testing,Drug Testing,"Angela Reyes, RMT",Drug Testing
2025-05-02,Adult,Male,Electrocardiography,Cardiology,Dr. Miguel Fernandez,Cardiology
2025-05-02,Child,Female,Fasting Blood Sugar,Laboratory,"Angela Reyes, RMT",Laboratory
2025-05-02,Adult,Female,Fecalysis,Laboratory,"Carlo Navarro, RMT",Laboratory
2025-05-02,Adult,Female,Home Service Laboratory,Home Service,"Patricia Mendoza, RMT",Home Service
2025-05-02,Senior,Female,Hypertension Monitoring,Clinic,Dr. Elena Bautista,Check-up
2025-05-02,Adult,Male,Preventive Health Check-up,Clinic,Dr. Ana Lopez,Check-up
2025-05-02,Adult,Female,Vascular Study,Radiology,Dr. Sofia Mercado,Imaging
2025-05-03,Adult,Female,Complete Blood Count,Laboratory,"Mark Villanueva, RMT",Laboratory
2025-05-03,Child,Female,Complete Blood Count,Laboratory,"Angela Reyes, RMT",Laboratory
2025-05-03,Senior,Male,Diabetes Mellitus Monitoring,Clinic,Dr. Victor Manuel,Check-up
2025-05-03,Adult,Male,Drug Testing,Drug Testing,"Joanna Lim, RMT",Drug Testing
2025-05-03,Adult,Female,Fasting Blood Sugar,Laboratory,"Angela Reyes, RMT",Laboratory
2025-05-03,Adult,Female,Hypertension Monitoring,Clinic,Dr. Victor Manuel,Check-up
2025-05-03,Adult,Female,Hypertension Monitoring,Clinic,Dr. Elena Bautista,Check-up
2025-05-03,Adult,Female,Pre-Employment Medical Exam,Clinic,Dr. Camille Tan,Pre-Employment Checkup
2025-05-03,Adult,Male,Urinalysis,Laboratory,"Carlo Navarro, RMT",Laboratory
2025-05-03,Child,Male,Urinalysis,Laboratory,"Angela Reyes, RMT",Laboratory
2025-05-04,Adult,Female,Diabetes Mellitus Monitoring,Clinic,Dr. Victor Manuel,Check-up
2025-05-04,Adult,Female,Fasting Blood Sugar,Laboratory,"Patricia Mendoza, RMT",Laboratory
2025-05-04,Adult,Female,Headache,Clinic,Dr. Miguel Fernandez,Check-up
2025-05-04,Child,Male,Headache,Clinic,Dr. Ana Lopez,Check-up
2025-05-04,Adult,Male,Hypertension Monitoring,Clinic,Dr. Victor Manuel,Check-up
2025-05-04,Adult,Female,Pre-Employment Medical Exam,Clinic,Dr. Paolo Rivera,Pre-Employment Checkup
2025-05-04,Adult,Female,Pregnancy Test,Laboratory,"Rafael Torres, RMT",Laboratory
2025-05-04,Adult,Female,Ultrasound,Radiology,Dr. Andrea Sy,Imaging
2025-05-05,Senior,Female,2D Echo,Cardiology,Dr. Ana Lopez,Cardiology
2025-05-05,Adult,Female,Abdominal Pain,Clinic,Dr. Elena Bautista,Check-up
2025-05-05,Adult,Female,Asthma Monitoring,Clinic,Dr. Elena Bautista,Check-up
2025-05-05,Adult,Female,Asthma Monitoring,Clinic,Dr. Victor Manuel,Check-up
2025-05-05,Senior,Female,Chest X-ray,Radiology,Dr. Sofia Mercado,Imaging
2025-05-05,Adult,Male,Complete Blood Count,Laboratory,"Patricia Mendoza, RMT",Laboratory
2025-05-05,Adult,Male,Complete Blood Count,Laboratory,"Joanna Lim, RMT",Laboratory
2025-05-05,Adult,Male,Creatinine,Laboratory,"Angela Reyes, RMT",Laboratory
2025-05-05,Senior,Male,Diabetes Mellitus Monitoring,Clinic,Dr. Elena Bautista,Check-up
2025-05-05,Adult,Female,Fever,Clinic,Dr. Paolo Rivera,Check-up
2025-05-05,Adult,Male,Home Service Laboratory,Home Service,"Carlo Navarro, RMT",Home Service
2025-05-05,Adult,Male,Home Service Laboratory,Home Service,"Angela Reyes, RMT",Home Service
2025-05-05,Senior,Male,Hypertension Monitoring,Clinic,Dr. Elena Bautista,Check-up
2025-05-05,Adult,Male,Pre-Employment Medical Exam,Clinic,Dr. Camille Tan,Pre-Employment Checkup
2025-05-05,Adult,Female,Vaccination,Clinic,Dr. Miguel Fernandez,Vaccination
2025-05-06,Adult,Female,Drug Testing,Drug Testing,"Mark Villanueva, RMT",Drug Testing
2025-05-06,Adult,Male,Fever,Clinic,Dr. Ana Lopez,Check-up
2025-05-06,Adult,Female,Fever,Clinic,Dr. Camille Tan,Check-up
2025-05-06,Adult,Female,Lipid Profile,Laboratory,"Carlo Navarro, RMT",Laboratory
2025-05-06,Adult,Female,Preventive Health Check-up,Clinic,Dr. Paolo Rivera,Check-up
2025-05-06,Adult,Female,Urinary Tract Infection,Clinic,Dr. Ana Lopez,Check-up
2025-05-07,Adult,Female,Annual Physical Examination,Annual Physical Examination,Dr. Ana Lopez,Annual Physical Examination
2025-05-07,Child,Female,Chest X-ray,Radiology,Dr. Henry Ong,Imaging
2025-05-07,Senior,Male,Chest X-ray,Radiology,Dr. Andrea Sy,Imaging
2025-05-07,Adult,Male,Complete Blood Count,Laboratory,"Carlo Navarro, RMT",Laboratory
2025-05-07,Adult,Male,Dermatitis and Allergy,Clinic,Dr. Camille Tan,Check-up
2025-05-07,Senior,Male,Dermatitis and Allergy,Clinic,Dr. Ana Lopez,Check-up
2025-05-07,Adult,Male,Diabetes Mellitus Monitoring,Clinic,Dr. Victor Manuel,Check-up
2025-05-07,Adult,Female,Electrocardiography,Cardiology,Dr. Camille Tan,Cardiology
2025-05-07,Senior,Female,Hypertension Monitoring,Clinic,Dr. Victor Manuel,Check-up
2025-05-07,Adult,Male,SGPT,Laboratory,"Joanna Lim, RMT",Laboratory
2025-05-07,Adult,Female,Urinalysis,Laboratory,"Patricia Mendoza, RMT",Laboratory
2025-05-08,Senior,Female,2D Echo,Cardiology,Dr. Paolo Rivera,Cardiology
2025-05-08,Adult,Male,Annual Physical Examination,Annual Physical Examination,Dr. Paolo Rivera,Annual Physical Examination
2025-05-08,Senior,Female,Asthma Monitoring,Clinic,Dr. Victor Manuel,Check-up
2025-05-08,Adult,Male,Blood Chemistry,Laboratory,"Angela Reyes, RMT",Laboratory
2025-05-08,Senior,Male,Blood Chemistry,Laboratory,"Joanna Lim, RMT",Laboratory
2025-05-08,Adult,Male,Blood Chemistry,Laboratory,"Carlo Navarro, RMT",Laboratory
2025-05-08,Senior,Male,Diabetes Mellitus Monitoring,Clinic,Dr. Victor Manuel,Check-up
2025-05-08,Adult,Male,Hypertension Monitoring,Clinic,Dr. Elena Bautista,Check-up
2025-05-08,Adult,Female,Pregnancy Test,Laboratory,"Carlo Navarro, RMT",Laboratory
2025-05-08,Adult,Female,SGPT,Laboratory,"Rafael Torres, RMT",Laboratory
2025-05-08,Adult,Female,Ultrasound,Radiology,Dr. Sofia Mercado,Imaging
2025-05-08,Senior,Male,Urinary Tract Infection,Clinic,Dr. Camille Tan,Check-up
2025-05-09,Adult,Female,Annual Physical Examination,Annual Physical Examination,Dr. Ana Lopez,Annual Physical Examination
2025-05-09,Adult,Female,Asthma Monitoring,Clinic,Dr. Elena Bautista,Check-up
2025-05-09,Adult,Male,Blood Chemistry,Laboratory,"Joanna Lim, RMT",Laboratory
2025-05-09,Adult,Female,Drug Testing,Drug Testing,"Joanna Lim, RMT",Drug Testing
2025-05-09,Child,Female,Fecalysis,Laboratory,"Carlo Navarro, RMT",Laboratory
2025-05-09,Adult,Female,Preventive Health Check-up,Clinic,Dr. Paolo Rivera,Check-up
2025-05-09,Adult,Female,Upper Respiratory Infection,Clinic,Dr. Camille Tan,Check-up
2025-05-09,Adult,Female,Urinary Tract Infection,Clinic,Dr. Paolo Rivera,Check-up
2025-05-10,Adult,Female,Annual Physical Examination,Annual Physical Examination,Dr. Camille Tan,Annual Physical Examination
2025-05-10,Senior,Female,Diabetes Mellitus Monitoring,Clinic,Dr. Victor Manuel,Check-up
2025-05-10,Adult,Female,Fecalysis,Laboratory,"Angela Reyes, RMT",Laboratory
2025-05-10,Adult,Male,Fever,Clinic,Dr. Miguel Fernandez,Check-up
2025-05-10,Adult,Male,Gastritis,Clinic,Dr. Elena Bautista,Check-up
2025-05-10,Adult,Male,Gastritis,Clinic,Dr. Victor Manuel,Check-up
2025-05-10,Adult,Female,Headache,Clinic,Dr. Ana Lopez,Check-up
2025-05-10,Child,Male,Urinary Tract Infection,Clinic,Dr. Paolo Rivera,Check-up
2025-05-11,Adult,Female,Asthma Monitoring,Clinic,Dr. Victor Manuel,Check-up
2025-05-11,Child,Male,Dermatitis and Allergy,Clinic,Dr. Miguel Fernandez,Check-up
2025-05-11,Adult,Female,Drug Testing,Drug Testing,"Patricia Mendoza, RMT",Drug Testing
2025-05-11,Child,Female,Fecalysis,Laboratory,"Patricia Mendoza, RMT",Laboratory
2025-05-11,Adult,Male,Hepatitis Screening,Laboratory,"Mark Villanueva, RMT",Laboratory
2025-05-11,Senior,Female,Home Service Laboratory,Home Service,"Rafael Torres, RMT",Home Service
2025-05-11,Adult,Female,Hypertension Monitoring,Clinic,Dr. Elena Bautista,Check-up
2025-05-11,Adult,Female,Upper Respiratory Infection,Clinic,Dr. Ana Lopez,Check-up
2025-05-11,Adult,Male,Urinary Tract Infection,Clinic,Dr. Ana Lopez,Check-up
2025-05-12,Adult,Male,Complete Blood Count,Laboratory,"Rafael Torres, RMT",Laboratory
2025-05-12,Adult,Female,Fecalysis,Laboratory,"Rafael Torres, RMT",Laboratory
2025-05-12,Senior,Female,Hypertension Monitoring,Clinic,Dr. Victor Manuel,Check-up
2025-05-12,Adult,Male,Lipid Profile,Laboratory,"Joanna Lim, RMT",Laboratory
2025-05-12,Adult,Female,Upper Respiratory Infection,Clinic,Dr. Ana Lopez,Check-up
2025-05-13,Adult,Female,Drug Testing,Drug Testing,"Joanna Lim, RMT",Drug Testing
2025-05-13,Adult,Female,Drug Testing,Drug Testing,"Carlo Navarro, RMT",Drug Testing
2025-05-13,Adult,Male,Hypertension Monitoring,Clinic,Dr. Victor Manuel,Check-up
2025-05-13,Adult,Male,Lipid Profile,Laboratory,"Joanna Lim, RMT",Laboratory
2025-05-13,Senior,Male,SGPT,Laboratory,"Patricia Mendoza, RMT",Laboratory
2025-05-13,Adult,Male,Upper Respiratory Infection,Clinic,Dr. Miguel Fernandez,Check-up
2025-05-13,Senior,Female,Upper Respiratory Infection,Clinic,Dr. Miguel Fernandez,Check-up
2025-05-14,Adult,Female,Asthma Monitoring,Clinic,Dr. Victor Manuel,Check-up
2025-05-14,Adult,Female,Asthma Monitoring,Clinic,Dr. Elena Bautista,Check-up
2025-05-14,Adult,Male,Blood Chemistry,Laboratory,"Rafael Torres, RMT",Laboratory
2025-05-14,Adult,Male,Creatinine,Laboratory,"Joanna Lim, RMT",Laboratory
2025-05-14,Senior,Male,Creatinine,Laboratory,"Carlo Navarro, RMT",Laboratory
2025-05-14,Adult,Male,Diabetes Mellitus Monitoring,Clinic,Dr. Victor Manuel,Check-up
2025-05-14,Adult,Female,Fasting Blood Sugar,Laboratory,"Mark Villanueva, RMT",Laboratory
2025-05-14,Child,Male,Fasting Blood Sugar,Laboratory,"Rafael Torres, RMT",Laboratory
2025-05-14,Adult,Male,Fecalysis,Laboratory,"Angela Reyes, RMT",Laboratory
2025-05-14,Child,Female,Fever,Clinic,Dr. Camille Tan,Check-up
2025-05-14,Adult,Male,Fever,Clinic,Dr. Paolo Rivera,Check-up
2025-05-14,Adult,Female,Thyroid Function Test,Laboratory,"Patricia Mendoza, RMT",Laboratory
2025-05-14,Child,Female,Ultrasound,Radiology,Dr. Sofia Mercado,Imaging
2025-05-15,Adult,Female,Blood Chemistry,Laboratory,"Rafael Torres, RMT",Laboratory
2025-05-15,Adult,Female,Complete Blood Count,Laboratory,"Patricia Mendoza, RMT",Laboratory
2025-05-15,Adult,Male,Diabetes Mellitus Monitoring,Clinic,Dr. Elena Bautista,Check-up
2025-05-15,Adult,Female,Fever,Clinic,Dr. Miguel Fernandez,Check-up
2025-05-15,Senior,Male,Hypertension Monitoring,Clinic,Dr. Elena Bautista,Check-up
2025-05-15,Adult,Female,Pregnancy Test,Laboratory,"Joanna Lim, RMT",Laboratory
2025-05-15,Adult,Male,Pregnancy Test,Laboratory,"Angela Reyes, RMT",Laboratory
2025-05-16,Child,Female,Annual Physical Examination,Annual Physical Examination,Dr. Paolo Rivera,Annual Physical Examination
2025-05-16,Adult,Female,Asthma Monitoring,Clinic,Dr. Victor Manuel,Check-up
2025-05-16,Child,Female,Complete Blood Count,Laboratory,"Mark Villanueva, RMT",Laboratory
2025-05-16,Adult,Male,Drug Testing,Drug Testing,"Rafael Torres, RMT",Drug Testing
2025-05-16,Adult,Male,Fasting Blood Sugar,Laboratory,"Patricia Mendoza, RMT",Laboratory
2025-05-16,Adult,Male,Fecalysis,Laboratory,"Patricia Mendoza, RMT",Laboratory
2025-05-16,Child,Female,Ultrasound,Radiology,Dr. Sofia Mercado,Imaging
2025-05-17,Senior,Male,Complete Blood Count,Laboratory,"Patricia Mendoza, RMT",Laboratory
2025-05-17,Adult,Male,Dermatitis and Allergy,Clinic,Dr. Miguel Fernandez,Check-up
2025-05-17,Child,Female,Hepatitis Screening,Laboratory,"Carlo Navarro, RMT",Laboratory
2025-05-17,Adult,Female,Hypertension Monitoring,Clinic,Dr. Elena Bautista,Check-up
2025-05-17,Adult,Female,Hypertension Monitoring,Clinic,Dr. Victor Manuel,Check-up
2025-05-17,Adult,Female,Urinalysis,Laboratory,"Rafael Torres, RMT",Laboratory
2025-05-18,Adult,Female,Abdominal Pain,Clinic,Dr. Elena Bautista,Check-up
2025-05-18,Adult,Female,Annual Physical Examination,Annual Physical Examination,Dr. Camille Tan,Annual Physical Examination
2025-05-18,Child,Female,Annual Physical Examination,Annual Physical Examination,Dr. Ana Lopez,Annual Physical Examination
2025-05-18,Senior,Male,Hepatitis Screening,Laboratory,"Joanna Lim, RMT",Laboratory
2025-05-18,Adult,Male,Pre-Employment Medical Exam,Clinic,Dr. Ana Lopez,Pre-Employment Checkup
2025-05-18,Adult,Male,Pre-Employment Medical Exam,Clinic,Dr. Camille Tan,Pre-Employment Checkup
2025-05-18,Adult,Male,Routine Medical Consultation,Clinic,Dr. Ana Lopez,Check-up
2025-05-18,Adult,Female,Thyroid Function Test,Laboratory,"Angela Reyes, RMT",Laboratory
2025-05-19,Adult,Male,Headache,Clinic,Dr. Miguel Fernandez,Check-up
2025-05-19,Adult,Female,Hepatitis Screening,Laboratory,"Angela Reyes, RMT",Laboratory
2025-05-19,Adult,Male,Hypertension Monitoring,Clinic,Dr. Elena Bautista,Check-up
2025-05-19,Child,Male,Ultrasound,Radiology,Dr. Sofia Mercado,Imaging
2025-05-19,Adult,Female,Vascular Study,Radiology,Dr. Sofia Mercado,Imaging
2025-05-20,Adult,Female,Annual Physical Examination,Annual Physical Examination,Dr. Camille Tan,Annual Physical Examination
2025-05-20,Adult,Male,Complete Blood Count,Laboratory,"Carlo Navarro, RMT",Laboratory
2025-05-20,Adult,Female,Drug Testing,Drug Testing,"Mark Villanueva, RMT",Drug Testing
2025-05-20,Child,Female,Fever,Clinic,Dr. Paolo Rivera,Check-up
2025-05-20,Senior,Female,Hepatitis Screening,Laboratory,"Patricia Mendoza, RMT",Laboratory
2025-05-20,Senior,Male,Hypertension Monitoring,Clinic,Dr. Victor Manuel,Check-up
2025-05-20,Adult,Male,Routine Medical Consultation,Clinic,Dr. Camille Tan,Check-up
2025-05-20,Adult,Male,Ultrasound,Radiology,Dr. Sofia Mercado,Imaging
2025-05-20,Senior,Male,Vaccination,Clinic,Dr. Ana Lopez,Vaccination
2025-05-21,Adult,Female,Annual Physical Examination,Annual Physical Examination,Dr. Paolo Rivera,Annual Physical Examination
2025-05-21,Adult,Female,Asthma Monitoring,Clinic,Dr. Victor Manuel,Check-up
2025-05-21,Child,Female,Blood Chemistry,Laboratory,"Rafael Torres, RMT",Laboratory
2025-05-21,Child,Male,Complete Blood Count,Laboratory,"Joanna Lim, RMT",Laboratory
2025-05-21,Adult,Male,Complete Blood Count,Laboratory,"Carlo Navarro, RMT",Laboratory
2025-05-21,Adult,Female,Diabetes Mellitus Monitoring,Clinic,Dr. Victor Manuel,Check-up
2025-05-22,Child,Male,Annual Physical Examination,Annual Physical Examination,Dr. Paolo Rivera,Annual Physical Examination
2025-05-22,Senior,Male,Diabetes Mellitus Monitoring,Clinic,Dr. Victor Manuel,Check-up
2025-05-22,Adult,Male,Electrocardiography,Cardiology,Dr. Miguel Fernandez,Cardiology
2025-05-22,Adult,Male,Hepatitis Screening,Laboratory,"Mark Villanueva, RMT",Laboratory
2025-05-22,Adult,Male,Pre-Employment Medical Exam,Clinic,Dr. Paolo Rivera,Pre-Employment Checkup
2025-05-22,Child,Male,Upper Respiratory Infection,Clinic,Dr. Miguel Fernandez,Check-up
2025-05-22,Senior,Male,Urinalysis,Laboratory,"Mark Villanueva, RMT",Laboratory
2025-05-23,Adult,Male,Complete Blood Count,Laboratory,"Joanna Lim, RMT",Laboratory
2025-05-23,Adult,Female,Drug Testing,Drug Testing,"Patricia Mendoza, RMT",Drug Testing
2025-05-23,Child,Female,Fasting Blood Sugar,Laboratory,"Rafael Torres, RMT",Laboratory
2025-05-23,Adult,Female,Fever,Clinic,Dr. Camille Tan,Check-up
2025-05-23,Adult,Female,Gastritis,Clinic,Dr. Victor Manuel,Check-up
2025-05-23,Adult,Male,Lipid Profile,Laboratory,"Patricia Mendoza, RMT",Laboratory
2025-05-23,Adult,Male,Preventive Health Check-up,Clinic,Dr. Camille Tan,Check-up
2025-05-23,Child,Male,Preventive Health Check-up,Clinic,Dr. Miguel Fernandez,Check-up
2025-05-23,Adult,Female,Routine Medical Consultation,Clinic,Dr. Paolo Rivera,Check-up
2025-05-23,Adult,Male,Upper Respiratory Infection,Clinic,Dr. Miguel Fernandez,Check-up
2025-05-24,Adult,Female,Creatinine,Laboratory,"Joanna Lim, RMT",Laboratory
2025-05-24,Child,Male,Dermatitis and Allergy,Clinic,Dr. Ana Lopez,Check-up
2025-05-24,Adult,Female,Fever,Clinic,Dr. Camille Tan,Check-up
2025-05-24,Senior,Male,Hypertension Monitoring,Clinic,Dr. Victor Manuel,Check-up
2025-05-24,Adult,Female,Hypertension Monitoring,Clinic,Dr. Elena Bautista,Check-up
2025-05-24,Child,Male,Lipid Profile,Laboratory,"Mark Villanueva, RMT",Laboratory
2025-05-24,Child,Male,Lipid Profile,Laboratory,"Carlo Navarro, RMT",Laboratory
2025-05-24,Adult,Male,Pre-Employment Medical Exam,Clinic,Dr. Miguel Fernandez,Pre-Employment Checkup
2025-05-24,Adult,Male,Routine Medical Consultation,Clinic,Dr. Miguel Fernandez,Check-up
2025-05-25,Adult,Male,Annual Physical Examination,Annual Physical Examination,Dr. Camille Tan,Annual Physical Examination
2025-05-25,Adult,Female,Annual Physical Examination,Annual Physical Examination,Dr. Miguel Fernandez,Annual Physical Examination
2025-05-25,Child,Male,Asthma Monitoring,Clinic,Dr. Victor Manuel,Check-up
2025-05-25,Adult,Male,Blood Chemistry,Laboratory,"Joanna Lim, RMT",Laboratory
2025-05-25,Adult,Male,Complete Blood Count,Laboratory,"Carlo Navarro, RMT",Laboratory
2025-05-25,Adult,Female,Complete Blood Count,Laboratory,"Carlo Navarro, RMT",Laboratory
2025-05-25,Adult,Male,Dermatitis and Allergy,Clinic,Dr. Paolo Rivera,Check-up
2025-05-25,Adult,Male,Electrocardiography,Cardiology,Dr. Miguel Fernandez,Cardiology
2025-05-25,Adult,Female,Fasting Blood Sugar,Laboratory,"Mark Villanueva, RMT",Laboratory
2025-05-25,Adult,Female,Headache,Clinic,Dr. Miguel Fernandez,Check-up
2025-05-25,Adult,Female,Urinalysis,Laboratory,"Mark Villanueva, RMT",Laboratory
2025-05-25,Adult,Male,Urinary Tract Infection,Clinic,Dr. Paolo Rivera,Check-up
2025-05-25,Child,Male,Vaccination,Clinic,Dr. Miguel Fernandez,Vaccination
2025-05-26,Adult,Female,2D Echo,Cardiology,Dr. Paolo Rivera,Cardiology
2025-05-26,Adult,Male,Chest X-ray,Radiology,Dr. Andrea Sy,Imaging
2025-05-26,Adult,Female,Hypertension Monitoring,Clinic,Dr. Elena Bautista,Check-up
2025-05-26,Adult,Female,Pre-Employment Medical Exam,Clinic,Dr. Camille Tan,Pre-Employment Checkup
2025-05-26,Adult,Male,Preventive Health Check-up,Clinic,Dr. Camille Tan,Check-up
2025-05-27,Adult,Female,Fasting Blood Sugar,Laboratory,"Mark Villanueva, RMT",Laboratory
2025-05-28,Adult,Female,Chest X-ray,Radiology,Dr. Sofia Mercado,Imaging
2025-05-28,Adult,Male,Diabetes Mellitus Monitoring,Clinic,Dr. Victor Manuel,Check-up
2025-05-28,Adult,Female,Electrocardiography,Cardiology,Dr. Camille Tan,Cardiology
2025-05-28,Adult,Female,Headache,Clinic,Dr. Camille Tan,Check-up
2025-05-28,Child,Female,Hepatitis Screening,Laboratory,"Carlo Navarro, RMT",Laboratory
2025-05-28,Adult,Female,Urinalysis,Laboratory,"Angela Reyes, RMT",Laboratory
2025-05-28,Senior,Male,Vascular Study,Radiology,Dr. Henry Ong,Imaging
2025-05-29,Adult,Male,Annual Physical Examination,Annual Physical Examination,Dr. Miguel Fernandez,Annual Physical Examination
2025-05-29,Adult,Male,Complete Blood Count,Laboratory,"Angela Reyes, RMT",Laboratory
2025-05-29,Senior,Female,Diabetes Mellitus Monitoring,Clinic,Dr. Victor Manuel,Check-up
2025-05-29,Senior,Male,Fecalysis,Laboratory,"Angela Reyes, RMT",Laboratory
2025-05-29,Adult,Female,Hypertension Monitoring,Clinic,Dr. Victor Manuel,Check-up
2025-05-29,Adult,Female,Preventive Health Check-up,Clinic,Dr. Camille Tan,Check-up
2025-05-29,Adult,Male,Routine Medical Consultation,Clinic,Dr. Camille Tan,Check-up
2025-05-29,Senior,Female,Routine Medical Consultation,Clinic,Dr. Camille Tan,Check-up
2025-05-30,Senior,Female,Chest X-ray,Radiology,Dr. Henry Ong,Imaging
2025-05-30,Adult,Male,Complete Blood Count,Laboratory,"Mark Villanueva, RMT",Laboratory
2025-05-30,Adult,Male,Creatinine,Laboratory,"Rafael Torres, RMT",Laboratory
2025-05-30,Senior,Female,Dermatitis and Allergy,Clinic,Dr. Ana Lopez,Check-up
2025-05-30,Senior,Male,Diabetes Mellitus Monitoring,Clinic,Dr. Victor Manuel,Check-up
2025-05-30,Adult,Female,Drug Testing,Drug Testing,"Angela Reyes, RMT",Drug Testing
2025-05-30,Adult,Male,Hypertension Monitoring,Clinic,Dr. Elena Bautista,Check-up
2025-05-30,Adult,Female,Lipid Profile,Laboratory,"Angela Reyes, RMT",Laboratory
2025-05-30,Adult,Male,Pre-Employment Medical Exam,Clinic,Dr. Ana Lopez,Pre-Employment Checkup
2025-05-30,Adult,Female,Pregnancy Test,Laboratory,"Mark Villanueva, RMT",Laboratory
2025-05-30,Child,Female,Upper Respiratory Infection,Clinic,Dr. Miguel Fernandez,Check-up
2025-05-30,Senior,Female,Urinalysis,Laboratory,"Rafael Torres, RMT",Laboratory
2025-05-30,Child,Female,Urinary Tract Infection,Clinic,Dr. Ana Lopez,Check-up
2025-05-31,Adult,Female,Complete Blood Count,Laboratory,"Joanna Lim, RMT",Laboratory
2025-05-31,Adult,Male,Dermatitis and Allergy,Clinic,Dr. Camille Tan,Check-up
2025-05-31,Adult,Male,Fasting Blood Sugar,Laboratory,"Rafael Torres, RMT",Laboratory
2025-05-31,Child,Female,Lipid Profile,Laboratory,"Rafael Torres, RMT",Laboratory
2025-05-31,Adult,Female,Pre-Employment Medical Exam,Clinic,Dr. Paolo Rivera,Pre-Employment Checkup
2025-05-31,Adult,Male,Preventive Health Check-up,Clinic,Dr. Camille Tan,Check-up
2025-05-31,Child,Female,Preventive Health Check-up,Clinic,Dr. Miguel Fernandez,Check-up
2025-05-31,Adult,Male,Urinalysis,Laboratory,"Angela Reyes, RMT",Laboratory
2025-06-01,Adult,Male,Abdominal Pain,Clinic,Dr. Elena Bautista,Check-up
2025-06-01,Adult,Female,Abdominal Pain,Clinic,Dr. Elena Bautista,Check-up
2025-06-01,Child,Male,Dermatitis and Allergy,Clinic,Dr. Camille Tan,Check-up
2025-06-01,Senior,Female,Diabetes Mellitus Monitoring,Clinic,Dr. Victor Manuel,Check-up
2025-06-01,Adult,Male,Electrocardiography,Cardiology,Dr. Paolo Rivera,Cardiology
2025-06-01,Adult,Male,Fever,Clinic,Dr. Ana Lopez,Check-up
2025-06-01,Senior,Male,Hypertension Monitoring,Clinic,Dr. Elena Bautista,Check-up
2025-06-01,Adult,Male,Lipid Profile,Laboratory,"Rafael Torres, RMT",Laboratory
2025-06-02,Adult,Female,Asthma Monitoring,Clinic,Dr. Elena Bautista,Check-up
2025-06-02,Adult,Male,Blood Chemistry,Laboratory,"Rafael Torres, RMT",Laboratory
2025-06-02,Adult,Female,Complete Blood Count,Laboratory,"Angela Reyes, RMT",Laboratory
2025-06-02,Adult,Female,Diabetes Mellitus Monitoring,Clinic,Dr. Victor Manuel,Check-up
2025-06-02,Senior,Female,Hypertension Monitoring,Clinic,Dr. Elena Bautista,Check-up
2025-06-02,Adult,Male,Pregnancy Test,Laboratory,"Rafael Torres, RMT",Laboratory
2025-06-02,Adult,Male,SGPT,Laboratory,"Mark Villanueva, RMT",Laboratory
2025-06-02,Adult,Female,Urinalysis,Laboratory,"Rafael Torres, RMT",Laboratory
2025-06-03,Adult,Female,Annual Physical Examination,Annual Physical Examination,Dr. Camille Tan,Annual Physical Examination
2025-06-03,Adult,Male,Complete Blood Count,Laboratory,"Carlo Navarro, RMT",Laboratory
2025-06-03,Adult,Male,Gastritis,Clinic,Dr. Victor Manuel,Check-up
2025-06-03,Adult,Male,Headache,Clinic,Dr. Miguel Fernandez,Check-up
2025-06-03,Senior,Male,Hypertension Monitoring,Clinic,Dr. Victor Manuel,Check-up
2025-06-03,Adult,Female,Preventive Health Check-up,Clinic,Dr. Miguel Fernandez,Check-up
2025-06-03,Child,Female,Upper Respiratory Infection,Clinic,Dr. Miguel Fernandez,Check-up
2025-06-03,Adult,Male,Vascular Study,Radiology,Dr. Henry Ong,Imaging
2025-06-04,Adult,Male,Abdominal Pain,Clinic,Dr. Elena Bautista,Check-up
2025-06-04,Child,Female,Chest X-ray,Radiology,Dr. Henry Ong,Imaging
2025-06-04,Adult,Male,Chest X-ray,Radiology,Dr. Henry Ong,Imaging
2025-06-04,Senior,Male,Diabetes Mellitus Monitoring,Clinic,Dr. Victor Manuel,Check-up
2025-06-04,Adult,Female,Diabetes Mellitus Monitoring,Clinic,Dr. Victor Manuel,Check-up
2025-06-04,Adult,Female,Fever,Clinic,Dr. Paolo Rivera,Check-up
2025-06-04,Adult,Female,Hypertension Monitoring,Clinic,Dr. Elena Bautista,Check-up
2025-06-04,Adult,Female,Ultrasound,Radiology,Dr. Henry Ong,Imaging
2025-06-04,Adult,Female,Upper Respiratory Infection,Clinic,Dr. Miguel Fernandez,Check-up
2025-06-04,Senior,Male,Upper Respiratory Infection,Clinic,Dr. Miguel Fernandez,Check-up
2025-06-04,Adult,Male,Urinalysis,Laboratory,"Patricia Mendoza, RMT",Laboratory
2025-06-05,Adult,Female,Annual Physical Examination,Annual Physical Examination,Dr. Camille Tan,Annual Physical Examination
2025-06-05,Adult,Female,Complete Blood Count,Laboratory,"Joanna Lim, RMT",Laboratory
2025-06-05,Adult,Female,Complete Blood Count,Laboratory,"Rafael Torres, RMT",Laboratory
2025-06-05,Senior,Female,Diabetes Mellitus Monitoring,Clinic,Dr. Elena Bautista,Check-up
2025-06-05,Adult,Female,Pre-Employment Medical Exam,Clinic,Dr. Paolo Rivera,Pre-Employment Checkup
2025-06-05,Adult,Male,Upper Respiratory Infection,Clinic,Dr. Camille Tan,Check-up
2025-06-05,Adult,Female,Upper Respiratory Infection,Clinic,Dr. Paolo Rivera,Check-up
2025-06-06,Senior,Female,Chest X-ray,Radiology,Dr. Sofia Mercado,Imaging
2025-06-06,Adult,Female,Dermatitis and Allergy,Clinic,Dr. Paolo Rivera,Check-up
2025-06-06,Adult,Male,Drug Testing,Drug Testing,"Rafael Torres, RMT",Drug Testing
2025-06-06,Child,Female,Fasting Blood Sugar,Laboratory,"Carlo Navarro, RMT",Laboratory
2025-06-06,Senior,Female,Hypertension Monitoring,Clinic,Dr. Victor Manuel,Check-up
2025-06-06,Senior,Male,Hypertension Monitoring,Clinic,Dr. Elena Bautista,Check-up
2025-06-06,Adult,Male,Hypertension Monitoring,Clinic,Dr. Elena Bautista,Check-up
2025-06-06,Adult,Female,Lipid Profile,Laboratory,"Angela Reyes, RMT",Laboratory
2025-06-06,Adult,Female,Pre-Employment Medical Exam,Clinic,Dr. Camille Tan,Pre-Employment Checkup
2025-06-06,Adult,Male,Preventive Health Check-up,Clinic,Dr. Camille Tan,Check-up
2025-06-06,Child,Female,Routine Medical Consultation,Clinic,Dr. Miguel Fernandez,Check-up
2025-06-06,Adult,Male,Upper Respiratory Infection,Clinic,Dr. Camille Tan,Check-up
2025-06-07,Child,Male,Abdominal Pain,Clinic,Dr. Elena Bautista,Check-up
2025-06-07,Senior,Female,Creatinine,Laboratory,"Joanna Lim, RMT",Laboratory
2025-06-07,Adult,Female,Creatinine,Laboratory,"Carlo Navarro, RMT",Laboratory
2025-06-07,Adult,Male,Fasting Blood Sugar,Laboratory,"Patricia Mendoza, RMT",Laboratory
2025-06-07,Adult,Female,Fever,Clinic,Dr. Camille Tan,Check-up
2025-06-07,Adult,Male,Hepatitis Screening,Laboratory,"Rafael Torres, RMT",Laboratory
2025-06-07,Adult,Male,Hepatitis Screening,Laboratory,"Mark Villanueva, RMT",Laboratory
2025-06-07,Child,Male,SGPT,Laboratory,"Joanna Lim, RMT",Laboratory
2025-06-07,Adult,Male,Ultrasound,Radiology,Dr. Henry Ong,Imaging
2025-06-08,Adult,Male,Drug Testing,Drug Testing,"Carlo Navarro, RMT",Drug Testing
2025-06-08,Adult,Male,Home Service Laboratory,Home Service,"Joanna Lim, RMT",Home Service
2025-06-08,Child,Female,Lipid Profile,Laboratory,"Angela Reyes, RMT",Laboratory
2025-06-08,Adult,Male,Pregnancy Test,Laboratory,"Patricia Mendoza, RMT",Laboratory
2025-06-08,Adult,Female,Routine Medical Consultation,Clinic,Dr. Ana Lopez,Check-up
2025-06-08,Senior,Male,Vascular Study,Radiology,Dr. Sofia Mercado,Imaging
2025-06-09,Adult,Male,Asthma Monitoring,Clinic,Dr. Victor Manuel,Check-up
2025-06-09,Adult,Male,Blood Chemistry,Laboratory,"Patricia Mendoza, RMT",Laboratory
2025-06-09,Adult,Female,Blood Chemistry,Laboratory,"Carlo Navarro, RMT",Laboratory
2025-06-09,Adult,Male,Drug Testing,Drug Testing,"Joanna Lim, RMT",Drug Testing
2025-06-09,Adult,Male,Hepatitis Screening,Laboratory,"Rafael Torres, RMT",Laboratory
2025-06-09,Child,Male,Lipid Profile,Laboratory,"Carlo Navarro, RMT",Laboratory
2025-06-09,Adult,Male,Upper Respiratory Infection,Clinic,Dr. Ana Lopez,Check-up
2025-06-09,Adult,Female,Upper Respiratory Infection,Clinic,Dr. Camille Tan,Check-up
2025-06-09,Child,Male,Urinalysis,Laboratory,"Angela Reyes, RMT",Laboratory
2025-06-09,Adult,Male,Urinalysis,Laboratory,"Carlo Navarro, RMT",Laboratory
2025-06-10,Senior,Female,Annual Physical Examination,Annual Physical Examination,Dr. Camille Tan,Annual Physical Examination
2025-06-10,Adult,Male,Annual Physical Examination,Annual Physical Examination,Dr. Miguel Fernandez,Annual Physical Examination
2025-06-10,Adult,Female,Diabetes Mellitus Monitoring,Clinic,Dr. Victor Manuel,Check-up
2025-06-10,Senior,Male,Diabetes Mellitus Monitoring,Clinic,Dr. Victor Manuel,Check-up
2025-06-10,Adult,Male,Fever,Clinic,Dr. Miguel Fernandez,Check-up
2025-06-10,Adult,Male,Pre-Employment Medical Exam,Clinic,Dr. Paolo Rivera,Pre-Employment Checkup
2025-06-10,Adult,Female,Ultrasound,Radiology,Dr. Sofia Mercado,Imaging
2025-06-10,Adult,Male,Upper Respiratory Infection,Clinic,Dr. Ana Lopez,Check-up
2025-06-11,Adult,Female,Complete Blood Count,Laboratory,"Mark Villanueva, RMT",Laboratory
2025-06-11,Senior,Male,Electrocardiography,Cardiology,Dr. Paolo Rivera,Cardiology
2025-06-11,Adult,Male,Hypertension Monitoring,Clinic,Dr. Elena Bautista,Check-up
2025-06-11,Adult,Male,Hypertension Monitoring,Clinic,Dr. Victor Manuel,Check-up
2025-06-11,Adult,Male,Upper Respiratory Infection,Clinic,Dr. Miguel Fernandez,Check-up
2025-06-12,Adult,Female,Asthma Monitoring,Clinic,Dr. Elena Bautista,Check-up
2025-06-12,Adult,Male,Pre-Employment Medical Exam,Clinic,Dr. Ana Lopez,Pre-Employment Checkup
2025-06-12,Adult,Male,Pre-Employment Medical Exam,Clinic,Dr. Paolo Rivera,Pre-Employment Checkup
2025-06-12,Adult,Female,Pregnancy Test,Laboratory,"Patricia Mendoza, RMT",Laboratory
2025-06-13,Adult,Male,2D Echo,Cardiology,Dr. Paolo Rivera,Cardiology
2025-06-13,Adult,Female,Annual Physical Examination,Annual Physical Examination,Dr. Camille Tan,Annual Physical Examination
2025-06-13,Adult,Female,Complete Blood Count,Laboratory,"Mark Villanueva, RMT",Laboratory
2025-06-13,Adult,Female,Gastritis,Clinic,Dr. Victor Manuel,Check-up
2025-06-13,Adult,Female,Hypertension Monitoring,Clinic,Dr. Elena Bautista,Check-up
2025-06-13,Senior,Male,Hypertension Monitoring,Clinic,Dr. Elena Bautista,Check-up
2025-06-13,Adult,Male,Upper Respiratory Infection,Clinic,Dr. Camille Tan,Check-up
2025-06-14,Adult,Male,2D Echo,Cardiology,Dr. Camille Tan,Cardiology
2025-06-14,Adult,Female,Complete Blood Count,Laboratory,"Mark Villanueva, RMT",Laboratory
2025-06-14,Senior,Male,Diabetes Mellitus Monitoring,Clinic,Dr. Victor Manuel,Check-up
2025-06-14,Senior,Female,Diabetes Mellitus Monitoring,Clinic,Dr. Victor Manuel,Check-up
2025-06-14,Adult,Female,Fasting Blood Sugar,Laboratory,"Rafael Torres, RMT",Laboratory
2025-06-14,Adult,Female,Fever,Clinic,Dr. Miguel Fernandez,Check-up
2025-06-14,Adult,Female,Fever,Clinic,Dr. Paolo Rivera,Check-up
2025-06-14,Senior,Male,Hypertension Monitoring,Clinic,Dr. Victor Manuel,Check-up
2025-06-14,Adult,Female,Pre-Employment Medical Exam,Clinic,Dr. Paolo Rivera,Pre-Employment Checkup
2025-06-14,Child,Male,Preventive Health Check-up,Clinic,Dr. Camille Tan,Check-up
2025-06-14,Adult,Male,SGPT,Laboratory,"Angela Reyes, RMT",Laboratory
2025-06-14,Child,Male,Urinary Tract Infection,Clinic,Dr. Camille Tan,Check-up
2025-06-15,Adult,Female,Chest X-ray,Radiology,Dr. Andrea Sy,Imaging
2025-06-15,Adult,Female,Creatinine,Laboratory,"Mark Villanueva, RMT",Laboratory
2025-06-15,Adult,Male,Drug Testing,Drug Testing,"Patricia Mendoza, RMT",Drug Testing
2025-06-15,Adult,Female,Fasting Blood Sugar,Laboratory,"Rafael Torres, RMT",Laboratory
2025-06-15,Adult,Male,Fever,Clinic,Dr. Paolo Rivera,Check-up
2025-06-15,Adult,Male,Fever,Clinic,Dr. Ana Lopez,Check-up
2025-06-15,Adult,Female,Fever,Clinic,Dr. Paolo Rivera,Check-up
2025-06-15,Adult,Male,Headache,Clinic,Dr. Miguel Fernandez,Check-up
2025-06-15,Senior,Male,Hypertension Monitoring,Clinic,Dr. Victor Manuel,Check-up
2025-06-15,Adult,Female,Lipid Profile,Laboratory,"Joanna Lim, RMT",Laboratory
2025-06-16,Adult,Female,2D Echo,Cardiology,Dr. Miguel Fernandez,Cardiology
2025-06-16,Adult,Female,Blood Chemistry,Laboratory,"Rafael Torres, RMT",Laboratory
2025-06-16,Adult,Female,Electrocardiography,Cardiology,Dr. Ana Lopez,Cardiology
2025-06-16,Senior,Male,Fasting Blood Sugar,Laboratory,"Patricia Mendoza, RMT",Laboratory
2025-06-16,Adult,Male,Fever,Clinic,Dr. Paolo Rivera,Check-up
2025-06-17,Adult,Male,Abdominal Pain,Clinic,Dr. Elena Bautista,Check-up
2025-06-17,Adult,Male,Asthma Monitoring,Clinic,Dr. Victor Manuel,Check-up
2025-06-17,Adult,Female,Blood Chemistry,Laboratory,"Mark Villanueva, RMT",Laboratory
2025-06-17,Adult,Male,Creatinine,Laboratory,"Mark Villanueva, RMT",Laboratory
2025-06-17,Adult,Male,Dermatitis and Allergy,Clinic,Dr. Paolo Rivera,Check-up
2025-06-17,Adult,Female,Headache,Clinic,Dr. Ana Lopez,Check-up
2025-06-17,Senior,Male,Hypertension Monitoring,Clinic,Dr. Victor Manuel,Check-up
2025-06-17,Senior,Female,Preventive Health Check-up,Clinic,Dr. Ana Lopez,Check-up
2025-06-17,Adult,Male,Routine Medical Consultation,Clinic,Dr. Paolo Rivera,Check-up
2025-06-17,Child,Male,SGPT,Laboratory,"Patricia Mendoza, RMT",Laboratory
2025-06-17,Senior,Female,Upper Respiratory Infection,Clinic,Dr. Camille Tan,Check-up
2025-06-17,Adult,Male,Urinalysis,Laboratory,"Joanna Lim, RMT",Laboratory
2025-06-18,Child,Female,Dermatitis and Allergy,Clinic,Dr. Camille Tan,Check-up
2025-06-18,Senior,Female,Diabetes Mellitus Monitoring,Clinic,Dr. Elena Bautista,Check-up
2025-06-18,Adult,Male,Drug Testing,Drug Testing,"Rafael Torres, RMT",Drug Testing
2025-06-18,Adult,Female,Drug Testing,Drug Testing,"Angela Reyes, RMT",Drug Testing
2025-06-18,Child,Male,Home Service Laboratory,Home Service,"Rafael Torres, RMT",Home Service
2025-06-18,Adult,Female,Hypertension Monitoring,Clinic,Dr. Elena Bautista,Check-up
2025-06-18,Adult,Male,Lipid Profile,Laboratory,"Rafael Torres, RMT",Laboratory
2025-06-18,Adult,Female,Pre-Employment Medical Exam,Clinic,Dr. Miguel Fernandez,Pre-Employment Checkup
2025-06-18,Adult,Female,Preventive Health Check-up,Clinic,Dr. Paolo Rivera,Check-up
2025-06-18,Adult,Female,SGPT,Laboratory,"Angela Reyes, RMT",Laboratory
2025-06-18,Adult,Female,Thyroid Function Test,Laboratory,"Joanna Lim, RMT",Laboratory
2025-06-18,Adult,Male,Urinalysis,Laboratory,"Joanna Lim, RMT",Laboratory
2025-06-18,Adult,Male,Urinary Tract Infection,Clinic,Dr. Ana Lopez,Check-up
2025-06-19,Child,Female,Abdominal Pain,Clinic,Dr. Victor Manuel,Check-up
2025-06-19,Child,Male,Asthma Monitoring,Clinic,Dr. Elena Bautista,Check-up
2025-06-19,Senior,Female,Chest X-ray,Radiology,Dr. Henry Ong,Imaging
2025-06-19,Adult,Female,Complete Blood Count,Laboratory,"Joanna Lim, RMT",Laboratory
2025-06-19,Adult,Male,Complete Blood Count,Laboratory,"Carlo Navarro, RMT",Laboratory
2025-06-19,Adult,Male,Diabetes Mellitus Monitoring,Clinic,Dr. Victor Manuel,Check-up
2025-06-19,Adult,Male,Fasting Blood Sugar,Laboratory,"Angela Reyes, RMT",Laboratory
2025-06-19,Adult,Male,Fasting Blood Sugar,Laboratory,"Joanna Lim, RMT",Laboratory
2025-06-19,Child,Male,Gastritis,Clinic,Dr. Victor Manuel,Check-up
2025-06-19,Adult,Male,Headache,Clinic,Dr. Camille Tan,Check-up
2025-06-19,Adult,Female,Home Service Laboratory,Home Service,"Angela Reyes, RMT",Home Service
2025-06-19,Adult,Female,Hypertension Monitoring,Clinic,Dr. Elena Bautista,Check-up
2025-06-19,Adult,Male,Upper Respiratory Infection,Clinic,Dr. Ana Lopez,Check-up
2025-06-19,Adult,Female,Urinalysis,Laboratory,"Carlo Navarro, RMT",Laboratory
2025-06-20,Senior,Male,2D Echo,Cardiology,Dr. Ana Lopez,Cardiology
2025-06-20,Senior,Female,Chest X-ray,Radiology,Dr. Henry Ong,Imaging
2025-06-20,Adult,Male,Complete Blood Count,Laboratory,"Angela Reyes, RMT",Laboratory
2025-06-20,Adult,Female,Creatinine,Laboratory,"Patricia Mendoza, RMT",Laboratory
2025-06-20,Child,Male,Dermatitis and Allergy,Clinic,Dr. Miguel Fernandez,Check-up
2025-06-20,Adult,Male,Fasting Blood Sugar,Laboratory,"Mark Villanueva, RMT",Laboratory
2025-06-20,Adult,Female,Gastritis,Clinic,Dr. Elena Bautista,Check-up
2025-06-20,Adult,Male,Pre-Employment Medical Exam,Clinic,Dr. Ana Lopez,Pre-Employment Checkup
2025-06-20,Adult,Male,Preventive Health Check-up,Clinic,Dr. Ana Lopez,Check-up
2025-06-20,Child,Female,Thyroid Function Test,Laboratory,"Joanna Lim, RMT",Laboratory
2025-06-20,Senior,Female,Upper Respiratory Infection,Clinic,Dr. Paolo Rivera,Check-up
2025-06-20,Child,Male,Urinary Tract Infection,Clinic,Dr. Miguel Fernandez,Check-up
2025-06-21,Adult,Female,Asthma Monitoring,Clinic,Dr. Victor Manuel,Check-up
2025-06-21,Child,Female,Blood Chemistry,Laboratory,"Rafael Torres, RMT",Laboratory
2025-06-21,Adult,Male,Dermatitis and Allergy,Clinic,Dr. Ana Lopez,Check-up
2025-06-21,Adult,Male,Fever,Clinic,Dr. Paolo Rivera,Check-up
2025-06-21,Senior,Male,Headache,Clinic,Dr. Camille Tan,Check-up
2025-06-21,Senior,Male,Hypertension Monitoring,Clinic,Dr. Victor Manuel,Check-up
2025-06-21,Adult,Male,Pre-Employment Medical Exam,Clinic,Dr. Camille Tan,Pre-Employment Checkup
2025-06-21,Adult,Male,Pre-Employment Medical Exam,Clinic,Dr. Paolo Rivera,Pre-Employment Checkup
2025-06-21,Adult,Female,Pregnancy Test,Laboratory,"Carlo Navarro, RMT",Laboratory
2025-06-21,Adult,Male,Urinary Tract Infection,Clinic,Dr. Paolo Rivera,Check-up
2025-06-21,Child,Female,Vaccination,Clinic,Dr. Camille Tan,Vaccination
2025-06-21,Adult,Male,Vascular Study,Radiology,Dr. Henry Ong,Imaging
2025-06-22,Adult,Female,Abdominal Pain,Clinic,Dr. Elena Bautista,Check-up
2025-06-22,Adult,Male,Blood Chemistry,Laboratory,"Patricia Mendoza, RMT",Laboratory
2025-06-22,Child,Female,Blood Chemistry,Laboratory,"Angela Reyes, RMT",Laboratory
2025-06-22,Adult,Male,Chest X-ray,Radiology,Dr. Sofia Mercado,Imaging
2025-06-22,Adult,Female,Drug Testing,Drug Testing,"Patricia Mendoza, RMT",Drug Testing
2025-06-22,Adult,Female,Fasting Blood Sugar,Laboratory,"Rafael Torres, RMT",Laboratory
2025-06-22,Adult,Male,Gastritis,Clinic,Dr. Elena Bautista,Check-up
2025-06-22,Adult,Female,SGPT,Laboratory,"Carlo Navarro, RMT",Laboratory
2025-06-22,Adult,Female,Ultrasound,Radiology,Dr. Andrea Sy,Imaging
2025-06-22,Adult,Male,Urinary Tract Infection,Clinic,Dr. Miguel Fernandez,Check-up
2025-06-23,Child,Male,Blood Chemistry,Laboratory,"Patricia Mendoza, RMT",Laboratory
2025-06-23,Adult,Male,Drug Testing,Drug Testing,"Rafael Torres, RMT",Drug Testing
2025-06-23,Adult,Male,Drug Testing,Drug Testing,"Patricia Mendoza, RMT",Drug Testing
2025-06-23,Adult,Female,Gastritis,Clinic,Dr. Elena Bautista,Check-up
2025-06-23,Child,Male,Routine Medical Consultation,Clinic,Dr. Camille Tan,Check-up
2025-06-23,Adult,Male,Upper Respiratory Infection,Clinic,Dr. Paolo Rivera,Check-up
2025-06-23,Adult,Male,Vaccination,Clinic,Dr. Miguel Fernandez,Vaccination
2025-06-23,Adult,Female,Vaccination,Clinic,Dr. Paolo Rivera,Vaccination
2025-06-24,Senior,Male,2D Echo,Cardiology,Dr. Paolo Rivera,Cardiology
2025-06-24,Adult,Male,Annual Physical Examination,Annual Physical Examination,Dr. Ana Lopez,Annual Physical Examination
2025-06-24,Child,Female,Blood Chemistry,Laboratory,"Carlo Navarro, RMT",Laboratory
2025-06-24,Adult,Male,Creatinine,Laboratory,"Rafael Torres, RMT",Laboratory
2025-06-24,Adult,Male,Fever,Clinic,Dr. Paolo Rivera,Check-up
2025-06-24,Adult,Female,Home Service Laboratory,Home Service,"Patricia Mendoza, RMT",Home Service
2025-06-24,Adult,Male,Routine Medical Consultation,Clinic,Dr. Ana Lopez,Check-up
2025-06-24,Adult,Female,Upper Respiratory Infection,Clinic,Dr. Camille Tan,Check-up
2025-06-25,Adult,Female,Abdominal Pain,Clinic,Dr. Elena Bautista,Check-up
2025-06-25,Adult,Female,Asthma Monitoring,Clinic,Dr. Elena Bautista,Check-up
2025-06-25,Senior,Male,Chest X-ray,Radiology,Dr. Henry Ong,Imaging
2025-06-25,Child,Male,Dermatitis and Allergy,Clinic,Dr. Ana Lopez,Check-up
2025-06-25,Adult,Female,Dermatitis and Allergy,Clinic,Dr. Ana Lopez,Check-up
2025-06-25,Adult,Female,Dermatitis and Allergy,Clinic,Dr. Camille Tan,Check-up
2025-06-25,Adult,Male,Drug Testing,Drug Testing,"Patricia Mendoza, RMT",Drug Testing
2025-06-25,Adult,Male,Fever,Clinic,Dr. Paolo Rivera,Check-up
2025-06-25,Adult,Male,Lipid Profile,Laboratory,"Rafael Torres, RMT",Laboratory
2025-06-25,Adult,Female,Ultrasound,Radiology,Dr. Andrea Sy,Imaging
2025-06-25,Adult,Male,Upper Respiratory Infection,Clinic,Dr. Ana Lopez,Check-up
2025-06-25,Adult,Female,Urinalysis,Laboratory,"Joanna Lim, RMT",Laboratory
2025-06-26,Adult,Female,2D Echo,Cardiology,Dr. Paolo Rivera,Cardiology
2025-06-26,Senior,Male,Abdominal Pain,Clinic,Dr. Elena Bautista,Check-up
2025-06-26,Adult,Male,Creatinine,Laboratory,"Mark Villanueva, RMT",Laboratory
2025-06-26,Adult,Male,Drug Testing,Drug Testing,"Patricia Mendoza, RMT",Drug Testing
2025-06-26,Adult,Male,Drug Testing,Drug Testing,"Mark Villanueva, RMT",Drug Testing
2025-06-26,Senior,Female,Electrocardiography,Cardiology,Dr. Paolo Rivera,Cardiology
2025-06-26,Child,Male,Headache,Clinic,Dr. Miguel Fernandez,Check-up
2025-06-26,Adult,Male,Lipid Profile,Laboratory,"Angela Reyes, RMT",Laboratory
2025-06-26,Adult,Female,Preventive Health Check-up,Clinic,Dr. Miguel Fernandez,Check-up
2025-06-26,Adult,Male,Preventive Health Check-up,Clinic,Dr. Ana Lopez,Check-up
2025-06-26,Adult,Male,Routine Medical Consultation,Clinic,Dr. Ana Lopez,Check-up
2025-06-26,Adult,Male,Upper Respiratory Infection,Clinic,Dr. Miguel Fernandez,Check-up
2025-06-26,Child,Female,Upper Respiratory Infection,Clinic,Dr. Camille Tan,Check-up
2025-06-27,Adult,Female,Abdominal Pain,Clinic,Dr. Elena Bautista,Check-up
2025-06-27,Child,Female,Chest X-ray,Radiology,Dr. Henry Ong,Imaging
2025-06-27,Senior,Male,Dermatitis and Allergy,Clinic,Dr. Paolo Rivera,Check-up
2025-06-27,Senior,Male,Diabetes Mellitus Monitoring,Clinic,Dr. Victor Manuel,Check-up
2025-06-27,Adult,Female,Fecalysis,Laboratory,"Joanna Lim, RMT",Laboratory
2025-06-27,Adult,Male,Preventive Health Check-up,Clinic,Dr. Ana Lopez,Check-up
2025-06-27,Adult,Male,Ultrasound,Radiology,Dr. Andrea Sy,Imaging
2025-06-27,Adult,Female,Upper Respiratory Infection,Clinic,Dr. Paolo Rivera,Check-up
2025-06-27,Senior,Female,Urinalysis,Laboratory,"Mark Villanueva, RMT",Laboratory
2025-06-28,Senior,Female,2D Echo,Cardiology,Dr. Ana Lopez,Cardiology
2025-06-28,Child,Male,Annual Physical Examination,Annual Physical Examination,Dr. Camille Tan,Annual Physical Examination
2025-06-28,Adult,Female,Complete Blood Count,Laboratory,"Rafael Torres, RMT",Laboratory
2025-06-28,Adult,Male,Gastritis,Clinic,Dr. Elena Bautista,Check-up
2025-06-28,Senior,Female,Hypertension Monitoring,Clinic,Dr. Elena Bautista,Check-up
2025-06-28,Adult,Female,Pre-Employment Medical Exam,Clinic,Dr. Paolo Rivera,Pre-Employment Checkup
2025-06-28,Child,Male,Routine Medical Consultation,Clinic,Dr. Miguel Fernandez,Check-up
2025-06-28,Adult,Female,Urinary Tract Infection,Clinic,Dr. Ana Lopez,Check-up
2025-06-29,Adult,Female,Annual Physical Examination,Annual Physical Examination,Dr. Ana Lopez,Annual Physical Examination
2025-06-29,Adult,Female,Asthma Monitoring,Clinic,Dr. Elena Bautista,Check-up
2025-06-29,Adult,Female,Complete Blood Count,Laboratory,"Angela Reyes, RMT",Laboratory
2025-06-29,Adult,Male,Electrocardiography,Cardiology,Dr. Miguel Fernandez,Cardiology
2025-06-29,Adult,Female,Fasting Blood Sugar,Laboratory,"Rafael Torres, RMT",Laboratory
2025-06-29,Child,Male,Headache,Clinic,Dr. Camille Tan,Check-up
2025-06-29,Adult,Male,Hepatitis Screening,Laboratory,"Rafael Torres, RMT",Laboratory
2025-06-29,Adult,Male,Lipid Profile,Laboratory,"Angela Reyes, RMT",Laboratory
2025-06-29,Adult,Male,Pre-Employment Medical Exam,Clinic,Dr. Ana Lopez,Pre-Employment Checkup
2025-06-29,Adult,Female,Ultrasound,Radiology,Dr. Henry Ong,Imaging
2025-06-29,Adult,Male,Urinary Tract Infection,Clinic,Dr. Camille Tan,Check-up
2025-06-30,Adult,Male,Annual Physical Examination,Annual Physical Examination,Dr. Camille Tan,Annual Physical Examination
2025-06-30,Adult,Female,Blood Chemistry,Laboratory,"Patricia Mendoza, RMT",Laboratory
2025-06-30,Adult,Male,Chest X-ray,Radiology,Dr. Sofia Mercado,Imaging
2025-06-30,Adult,Male,Drug Testing,Drug Testing,"Patricia Mendoza, RMT",Drug Testing
2025-06-30,Adult,Female,Fecalysis,Laboratory,"Carlo Navarro, RMT",Laboratory
2025-06-30,Adult,Female,Fever,Clinic,Dr. Camille Tan,Check-up
2025-06-30,Adult,Female,Hypertension Monitoring,Clinic,Dr. Elena Bautista,Check-up
2025-06-30,Senior,Male,Hypertension Monitoring,Clinic,Dr. Elena Bautista,Check-up
2025-06-30,Adult,Female,Pregnancy Test,Laboratory,"Angela Reyes, RMT",Laboratory
2025-07-01,Child,Male,Asthma Monitoring,Clinic,Dr. Elena Bautista,Check-up
2025-07-01,Child,Male,Asthma Monitoring,Clinic,Dr. Victor Manuel,Check-up
2025-07-01,Adult,Female,Blood Chemistry,Laboratory,"Mark Villanueva, RMT",Laboratory
2025-07-01,Senior,Female,Blood Chemistry,Laboratory,"Angela Reyes, RMT",Laboratory
2025-07-01,Child,Female,Chest X-ray,Radiology,Dr. Sofia Mercado,Imaging
2025-07-01,Adult,Female,Dermatitis and Allergy,Clinic,Dr. Miguel Fernandez,Check-up
2025-07-01,Adult,Male,Pre-Employment Medical Exam,Clinic,Dr. Paolo Rivera,Pre-Employment Checkup
2025-07-01,Adult,Male,Pregnancy Test,Laboratory,"Mark Villanueva, RMT",Laboratory
2025-07-02,Adult,Male,Blood Chemistry,Laboratory,"Angela Reyes, RMT",Laboratory
2025-07-02,Child,Male,Complete Blood Count,Laboratory,"Mark Villanueva, RMT",Laboratory
2025-07-02,Adult,Male,Diabetes Mellitus Monitoring,Clinic,Dr. Victor Manuel,Check-up
2025-07-02,Adult,Female,Diabetes Mellitus Monitoring,Clinic,Dr. Elena Bautista,Check-up
2025-07-02,Adult,Female,Electrocardiography,Cardiology,Dr. Miguel Fernandez,Cardiology
2025-07-02,Child,Male,Fever,Clinic,Dr. Paolo Rivera,Check-up
2025-07-02,Adult,Female,Pre-Employment Medical Exam,Clinic,Dr. Miguel Fernandez,Pre-Employment Checkup
2025-07-02,Adult,Female,Upper Respiratory Infection,Clinic,Dr. Ana Lopez,Check-up
2025-07-03,Adult,Female,2D Echo,Cardiology,Dr. Camille Tan,Cardiology
2025-07-03,Child,Female,Chest X-ray,Radiology,Dr. Andrea Sy,Imaging
2025-07-03,Adult,Female,Diabetes Mellitus Monitoring,Clinic,Dr. Victor Manuel,Check-up
2025-07-03,Adult,Male,Fasting Blood Sugar,Laboratory,"Carlo Navarro, RMT",Laboratory
2025-07-03,Child,Female,Fever,Clinic,Dr. Ana Lopez,Check-up
2025-07-03,Child,Female,Gastritis,Clinic,Dr. Elena Bautista,Check-up
2025-07-03,Senior,Male,Hypertension Monitoring,Clinic,Dr. Victor Manuel,Check-up
2025-07-03,Child,Female,Routine Medical Consultation,Clinic,Dr. Paolo Rivera,Check-up
2025-07-03,Senior,Male,Urinalysis,Laboratory,"Rafael Torres, RMT",Laboratory
2025-07-03,Adult,Female,Urinalysis,Laboratory,"Mark Villanueva, RMT",Laboratory
2025-07-03,Child,Female,Urinary Tract Infection,Clinic,Dr. Paolo Rivera,Check-up
2025-07-04,Adult,Female,Abdominal Pain,Clinic,Dr. Elena Bautista,Check-up
2025-07-04,Child,Male,Asthma Monitoring,Clinic,Dr. Elena Bautista,Check-up
2025-07-04,Adult,Male,Drug Testing,Drug Testing,"Angela Reyes, RMT",Drug Testing
2025-07-04,Adult,Female,Hepatitis Screening,Laboratory,"Rafael Torres, RMT",Laboratory
2025-07-04,Adult,Female,Hypertension Monitoring,Clinic,Dr. Elena Bautista,Check-up
2025-07-04,Adult,Female,Pre-Employment Medical Exam,Clinic,Dr. Ana Lopez,Pre-Employment Checkup
2025-07-04,Adult,Male,SGPT,Laboratory,"Carlo Navarro, RMT",Laboratory
2025-07-04,Child,Male,SGPT,Laboratory,"Joanna Lim, RMT",Laboratory
2025-07-04,Adult,Male,Thyroid Function Test,Laboratory,"Joanna Lim, RMT",Laboratory
2025-07-05,Adult,Male,Dermatitis and Allergy,Clinic,Dr. Miguel Fernandez,Check-up
2025-07-05,Child,Male,Fecalysis,Laboratory,"Joanna Lim, RMT",Laboratory
2025-07-05,Adult,Male,Fever,Clinic,Dr. Ana Lopez,Check-up
2025-07-05,Senior,Female,Hypertension Monitoring,Clinic,Dr. Victor Manuel,Check-up
2025-07-05,Child,Male,Lipid Profile,Laboratory,"Angela Reyes, RMT",Laboratory
2025-07-05,Adult,Male,Upper Respiratory Infection,Clinic,Dr. Camille Tan,Check-up
2025-07-05,Child,Female,Urinalysis,Laboratory,"Mark Villanueva, RMT",Laboratory
2025-07-05,Adult,Male,Urinary Tract Infection,Clinic,Dr. Camille Tan,Check-up
2025-07-05,Adult,Female,Vaccination,Clinic,Dr. Paolo Rivera,Vaccination
2025-07-06,Adult,Female,Asthma Monitoring,Clinic,Dr. Victor Manuel,Check-up
2025-07-06,Senior,Female,Diabetes Mellitus Monitoring,Clinic,Dr. Victor Manuel,Check-up
2025-07-06,Adult,Male,Home Service Laboratory,Home Service,"Carlo Navarro, RMT",Home Service
2025-07-06,Adult,Female,Routine Medical Consultation,Clinic,Dr. Paolo Rivera,Check-up
2025-07-07,Adult,Male,Abdominal Pain,Clinic,Dr. Victor Manuel,Check-up
2025-07-07,Adult,Male,Asthma Monitoring,Clinic,Dr. Victor Manuel,Check-up
2025-07-07,Adult,Male,Electrocardiography,Cardiology,Dr. Miguel Fernandez,Cardiology
2025-07-07,Adult,Female,Fecalysis,Laboratory,"Patricia Mendoza, RMT",Laboratory
2025-07-07,Adult,Female,Gastritis,Clinic,Dr. Elena Bautista,Check-up
2025-07-07,Adult,Female,Gastritis,Clinic,Dr. Victor Manuel,Check-up
2025-07-07,Adult,Female,Ultrasound,Radiology,Dr. Sofia Mercado,Imaging
2025-07-07,Child,Female,Upper Respiratory Infection,Clinic,Dr. Paolo Rivera,Check-up
2025-07-07,Child,Female,Upper Respiratory Infection,Clinic,Dr. Ana Lopez,Check-up
2025-07-07,Adult,Female,Upper Respiratory Infection,Clinic,Dr. Ana Lopez,Check-up
2025-07-07,Child,Female,Urinalysis,Laboratory,"Joanna Lim, RMT",Laboratory
2025-07-07,Senior,Female,Urinary Tract Infection,Clinic,Dr. Miguel Fernandez,Check-up
2025-07-08,Adult,Male,2D Echo,Cardiology,Dr. Paolo Rivera,Cardiology
2025-07-08,Adult,Male,Blood Chemistry,Laboratory,"Rafael Torres, RMT",Laboratory
2025-07-08,Adult,Female,Drug Testing,Drug Testing,"Carlo Navarro, RMT",Drug Testing
2025-07-08,Adult,Female,Drug Testing,Drug Testing,"Mark Villanueva, RMT",Drug Testing
2025-07-08,Adult,Female,Fasting Blood Sugar,Laboratory,"Angela Reyes, RMT",Laboratory
2025-07-08,Adult,Male,Gastritis,Clinic,Dr. Elena Bautista,Check-up
2025-07-08,Adult,Male,Thyroid Function Test,Laboratory,"Carlo Navarro, RMT",Laboratory
2025-07-08,Adult,Female,Upper Respiratory Infection,Clinic,Dr. Paolo Rivera,Check-up
2025-07-08,Adult,Female,Upper Respiratory Infection,Clinic,Dr. Ana Lopez,Check-up
2025-07-08,Adult,Male,Upper Respiratory Infection,Clinic,Dr. Ana Lopez,Check-up
2025-07-09,Child,Male,Annual Physical Examination,Annual Physical Examination,Dr. Miguel Fernandez,Annual Physical Examination
2025-07-09,Child,Male,Blood Chemistry,Laboratory,"Mark Villanueva, RMT",Laboratory
2025-07-09,Child,Male,Complete Blood Count,Laboratory,"Patricia Mendoza, RMT",Laboratory
2025-07-09,Adult,Male,Electrocardiography,Cardiology,Dr. Miguel Fernandez,Cardiology
2025-07-09,Adult,Male,Fever,Clinic,Dr. Paolo Rivera,Check-up
2025-07-09,Adult,Male,Fever,Clinic,Dr. Miguel Fernandez,Check-up
2025-07-09,Child,Female,Gastritis,Clinic,Dr. Victor Manuel,Check-up
2025-07-09,Senior,Female,Headache,Clinic,Dr. Paolo Rivera,Check-up
2025-07-09,Child,Male,Lipid Profile,Laboratory,"Patricia Mendoza, RMT",Laboratory
2025-07-09,Adult,Female,Pre-Employment Medical Exam,Clinic,Dr. Camille Tan,Pre-Employment Checkup
2025-07-09,Adult,Female,Upper Respiratory Infection,Clinic,Dr. Camille Tan,Check-up
2025-07-09,Child,Female,Vaccination,Clinic,Dr. Ana Lopez,Vaccination
2025-07-10,Adult,Female,Blood Chemistry,Laboratory,"Angela Reyes, RMT",Laboratory
2025-07-10,Adult,Female,Fasting Blood Sugar,Laboratory,"Mark Villanueva, RMT",Laboratory
2025-07-10,Adult,Male,Fasting Blood Sugar,Laboratory,"Carlo Navarro, RMT",Laboratory
2025-07-10,Adult,Female,Headache,Clinic,Dr. Ana Lopez,Check-up
2025-07-10,Adult,Female,Hypertension Monitoring,Clinic,Dr. Victor Manuel,Check-up
2025-07-10,Adult,Male,Urinalysis,Laboratory,"Patricia Mendoza, RMT",Laboratory
2025-07-10,Adult,Male,Vaccination,Clinic,Dr. Ana Lopez,Vaccination
2025-07-10,Adult,Female,Vascular Study,Radiology,Dr. Andrea Sy,Imaging
2025-07-11,Adult,Female,Blood Chemistry,Laboratory,"Joanna Lim, RMT",Laboratory
2025-07-11,Adult,Female,Chest X-ray,Radiology,Dr. Sofia Mercado,Imaging
2025-07-11,Adult,Male,Complete Blood Count,Laboratory,"Mark Villanueva, RMT",Laboratory
2025-07-11,Adult,Female,Creatinine,Laboratory,"Mark Villanueva, RMT",Laboratory
2025-07-11,Adult,Male,Drug Testing,Drug Testing,"Rafael Torres, RMT",Drug Testing
2025-07-11,Adult,Female,Pre-Employment Medical Exam,Clinic,Dr. Paolo Rivera,Pre-Employment Checkup
2025-07-11,Adult,Male,Pregnancy Test,Laboratory,"Carlo Navarro, RMT",Laboratory
2025-07-11,Adult,Female,Upper Respiratory Infection,Clinic,Dr. Paolo Rivera,Check-up
2025-07-11,Senior,Female,Urinary Tract Infection,Clinic,Dr. Miguel Fernandez,Check-up
2025-07-12,Adult,Female,Chest X-ray,Radiology,Dr. Sofia Mercado,Imaging
2025-07-12,Adult,Female,Complete Blood Count,Laboratory,"Rafael Torres, RMT",Laboratory
2025-07-12,Adult,Male,Electrocardiography,Cardiology,Dr. Ana Lopez,Cardiology
2025-07-12,Adult,Female,Fasting Blood Sugar,Laboratory,"Patricia Mendoza, RMT",Laboratory
2025-07-12,Adult,Male,Fever,Clinic,Dr. Ana Lopez,Check-up
2025-07-12,Adult,Male,Hypertension Monitoring,Clinic,Dr. Victor Manuel,Check-up
2025-07-12,Adult,Female,Thyroid Function Test,Laboratory,"Carlo Navarro, RMT",Laboratory
2025-07-13,Adult,Female,Chest X-ray,Radiology,Dr. Andrea Sy,Imaging
2025-07-13,Senior,Female,Complete Blood Count,Laboratory,"Patricia Mendoza, RMT",Laboratory
2025-07-13,Child,Male,Creatinine,Laboratory,"Angela Reyes, RMT",Laboratory
2025-07-13,Senior,Female,Diabetes Mellitus Monitoring,Clinic,Dr. Victor Manuel,Check-up
2025-07-13,Adult,Female,Electrocardiography,Cardiology,Dr. Ana Lopez,Cardiology
2025-07-13,Adult,Female,Fever,Clinic,Dr. Paolo Rivera,Check-up
2025-07-13,Adult,Male,Hypertension Monitoring,Clinic,Dr. Victor Manuel,Check-up
2025-07-14,Senior,Female,Asthma Monitoring,Clinic,Dr. Victor Manuel,Check-up
2025-07-14,Adult,Female,Complete Blood Count,Laboratory,"Patricia Mendoza, RMT",Laboratory
2025-07-14,Child,Female,Dermatitis and Allergy,Clinic,Dr. Paolo Rivera,Check-up
2025-07-14,Senior,Female,Urinalysis,Laboratory,"Patricia Mendoza, RMT",Laboratory
2025-07-14,Adult,Female,Urinalysis,Laboratory,"Rafael Torres, RMT",Laboratory
2025-07-14,Adult,Male,Urinalysis,Laboratory,"Patricia Mendoza, RMT",Laboratory
2025-07-14,Adult,Female,Vascular Study,Radiology,Dr. Henry Ong,Imaging
2025-07-15,Adult,Male,2D Echo,Cardiology,Dr. Ana Lopez,Cardiology
2025-07-15,Senior,Male,2D Echo,Cardiology,Dr. Camille Tan,Cardiology
2025-07-15,Adult,Female,Blood Chemistry,Laboratory,"Rafael Torres, RMT",Laboratory
2025-07-15,Adult,Female,Diabetes Mellitus Monitoring,Clinic,Dr. Victor Manuel,Check-up
2025-07-15,Adult,Female,Diabetes Mellitus Monitoring,Clinic,Dr. Elena Bautista,Check-up
2025-07-15,Adult,Female,Drug Testing,Drug Testing,"Patricia Mendoza, RMT",Drug Testing
2025-07-15,Child,Male,Electrocardiography,Cardiology,Dr. Miguel Fernandez,Cardiology
2025-07-15,Adult,Male,Fasting Blood Sugar,Laboratory,"Carlo Navarro, RMT",Laboratory
2025-07-15,Child,Male,Fever,Clinic,Dr. Paolo Rivera,Check-up
2025-07-15,Adult,Female,Headache,Clinic,Dr. Camille Tan,Check-up
2025-07-15,Adult,Female,Hypertension Monitoring,Clinic,Dr. Victor Manuel,Check-up
2025-07-15,Adult,Male,Lipid Profile,Laboratory,"Joanna Lim, RMT",Laboratory
2025-07-15,Adult,Female,Pre-Employment Medical Exam,Clinic,Dr. Ana Lopez,Pre-Employment Checkup
2025-07-15,Adult,Male,Routine Medical Consultation,Clinic,Dr. Ana Lopez,Check-up
2025-07-15,Senior,Male,Upper Respiratory Infection,Clinic,Dr. Camille Tan,Check-up
2025-07-15,Child,Male,Urinary Tract Infection,Clinic,Dr. Miguel Fernandez,Check-up
2025-07-16,Adult,Male,Abdominal Pain,Clinic,Dr. Elena Bautista,Check-up
2025-07-16,Child,Female,Creatinine,Laboratory,"Angela Reyes, RMT",Laboratory
2025-07-16,Senior,Male,Diabetes Mellitus Monitoring,Clinic,Dr. Elena Bautista,Check-up
2025-07-16,Adult,Female,Diabetes Mellitus Monitoring,Clinic,Dr. Victor Manuel,Check-up
2025-07-16,Adult,Male,Gastritis,Clinic,Dr. Elena Bautista,Check-up
2025-07-16,Adult,Female,Gastritis,Clinic,Dr. Victor Manuel,Check-up
2025-07-16,Adult,Female,Hypertension Monitoring,Clinic,Dr. Victor Manuel,Check-up
2025-07-16,Senior,Male,Hypertension Monitoring,Clinic,Dr. Elena Bautista,Check-up
2025-07-17,Adult,Female,Creatinine,Laboratory,"Rafael Torres, RMT",Laboratory
2025-07-17,Child,Male,Electrocardiography,Cardiology,Dr. Miguel Fernandez,Cardiology
2025-07-17,Adult,Male,Fecalysis,Laboratory,"Rafael Torres, RMT",Laboratory
2025-07-17,Adult,Male,Fecalysis,Laboratory,"Carlo Navarro, RMT",Laboratory
2025-07-17,Adult,Male,Fever,Clinic,Dr. Ana Lopez,Check-up
2025-07-17,Adult,Female,Gastritis,Clinic,Dr. Elena Bautista,Check-up
2025-07-17,Child,Male,Home Service Laboratory,Home Service,"Rafael Torres, RMT",Home Service
2025-07-17,Adult,Male,Pre-Employment Medical Exam,Clinic,Dr. Camille Tan,Pre-Employment Checkup
2025-07-18,Adult,Female,Blood Chemistry,Laboratory,"Carlo Navarro, RMT",Laboratory
2025-07-18,Adult,Female,Blood Chemistry,Laboratory,"Angela Reyes, RMT",Laboratory
2025-07-18,Adult,Female,Creatinine,Laboratory,"Angela Reyes, RMT",Laboratory
2025-07-18,Adult,Female,Dermatitis and Allergy,Clinic,Dr. Miguel Fernandez,Check-up
2025-07-18,Adult,Male,Fever,Clinic,Dr. Miguel Fernandez,Check-up
2025-07-18,Adult,Female,Hypertension Monitoring,Clinic,Dr. Victor Manuel,Check-up
2025-07-18,Senior,Female,Routine Medical Consultation,Clinic,Dr. Ana Lopez,Check-up
2025-07-18,Senior,Female,Urinalysis,Laboratory,"Carlo Navarro, RMT",Laboratory
2025-07-18,Adult,Female,Urinary Tract Infection,Clinic,Dr. Paolo Rivera,Check-up
2025-07-19,Adult,Female,Chest X-ray,Radiology,Dr. Henry Ong,Imaging
2025-07-19,Adult,Female,Creatinine,Laboratory,"Patricia Mendoza, RMT",Laboratory
2025-07-19,Senior,Male,Diabetes Mellitus Monitoring,Clinic,Dr. Elena Bautista,Check-up
2025-07-19,Adult,Male,Drug Testing,Drug Testing,"Mark Villanueva, RMT",Drug Testing
2025-07-19,Child,Male,Electrocardiography,Cardiology,Dr. Miguel Fernandez,Cardiology
2025-07-19,Adult,Male,Fever,Clinic,Dr. Paolo Rivera,Check-up
2025-07-19,Adult,Male,Headache,Clinic,Dr. Ana Lopez,Check-up
2025-07-19,Senior,Female,Hypertension Monitoring,Clinic,Dr. Victor Manuel,Check-up
2025-07-19,Senior,Female,Hypertension Monitoring,Clinic,Dr. Elena Bautista,Check-up
2025-07-19,Adult,Female,Pre-Employment Medical Exam,Clinic,Dr. Paolo Rivera,Pre-Employment Checkup
2025-07-19,Adult,Female,Pregnancy Test,Laboratory,"Patricia Mendoza, RMT",Laboratory
2025-07-19,Adult,Male,Routine Medical Consultation,Clinic,Dr. Miguel Fernandez,Check-up
2025-07-19,Adult,Male,SGPT,Laboratory,"Carlo Navarro, RMT",Laboratory
2025-07-19,Adult,Male,SGPT,Laboratory,"Patricia Mendoza, RMT",Laboratory
2025-07-19,Child,Female,Urinalysis,Laboratory,"Rafael Torres, RMT",Laboratory
2025-07-20,Adult,Female,Gastritis,Clinic,Dr. Elena Bautista,Check-up
2025-07-20,Child,Male,Hepatitis Screening,Laboratory,"Carlo Navarro, RMT",Laboratory
2025-07-20,Adult,Male,Hypertension Monitoring,Clinic,Dr. Elena Bautista,Check-up
2025-07-20,Adult,Female,Lipid Profile,Laboratory,"Carlo Navarro, RMT",Laboratory
2025-07-20,Adult,Male,Lipid Profile,Laboratory,"Patricia Mendoza, RMT",Laboratory
2025-07-20,Adult,Male,Ultrasound,Radiology,Dr. Henry Ong,Imaging
2025-07-20,Adult,Female,Upper Respiratory Infection,Clinic,Dr. Camille Tan,Check-up
2025-07-20,Adult,Male,Vaccination,Clinic,Dr. Camille Tan,Vaccination
2025-07-21,Senior,Female,2D Echo,Cardiology,Dr. Miguel Fernandez,Cardiology
2025-07-21,Adult,Female,Blood Chemistry,Laboratory,"Patricia Mendoza, RMT",Laboratory
2025-07-21,Senior,Female,Dermatitis and Allergy,Clinic,Dr. Miguel Fernandez,Check-up
2025-07-21,Senior,Female,Diabetes Mellitus Monitoring,Clinic,Dr. Elena Bautista,Check-up
2025-07-21,Adult,Male,Electrocardiography,Cardiology,Dr. Camille Tan,Cardiology
2025-07-21,Adult,Female,Fasting Blood Sugar,Laboratory,"Carlo Navarro, RMT",Laboratory
2025-07-21,Adult,Female,Fecalysis,Laboratory,"Carlo Navarro, RMT",Laboratory
2025-07-21,Adult,Female,Headache,Clinic,Dr. Paolo Rivera,Check-up
2025-07-21,Senior,Male,Hypertension Monitoring,Clinic,Dr. Victor Manuel,Check-up
2025-07-21,Adult,Female,Hypertension Monitoring,Clinic,Dr. Victor Manuel,Check-up
2025-07-21,Senior,Male,Hypertension Monitoring,Clinic,Dr. Elena Bautista,Check-up
2025-07-22,Child,Female,Chest X-ray,Radiology,Dr. Sofia Mercado,Imaging
2025-07-22,Adult,Male,Dermatitis and Allergy,Clinic,Dr. Paolo Rivera,Check-up
2025-07-22,Senior,Female,Hypertension Monitoring,Clinic,Dr. Elena Bautista,Check-up
2025-07-22,Senior,Male,Urinalysis,Laboratory,"Joanna Lim, RMT",Laboratory
2025-07-22,Senior,Male,Vascular Study,Radiology,Dr. Andrea Sy,Imaging
2025-07-23,Adult,Female,Abdominal Pain,Clinic,Dr. Victor Manuel,Check-up
2025-07-23,Adult,Female,Complete Blood Count,Laboratory,"Rafael Torres, RMT",Laboratory
2025-07-23,Adult,Female,Diabetes Mellitus Monitoring,Clinic,Dr. Victor Manuel,Check-up
2025-07-23,Adult,Male,Drug Testing,Drug Testing,"Rafael Torres, RMT",Drug Testing
2025-07-23,Adult,Female,Gastritis,Clinic,Dr. Victor Manuel,Check-up
2025-07-23,Adult,Male,Ultrasound,Radiology,Dr. Sofia Mercado,Imaging
2025-07-23,Adult,Female,Upper Respiratory Infection,Clinic,Dr. Ana Lopez,Check-up
2025-07-24,Child,Male,Complete Blood Count,Laboratory,"Patricia Mendoza, RMT",Laboratory
2025-07-24,Adult,Male,Complete Blood Count,Laboratory,"Carlo Navarro, RMT",Laboratory
2025-07-24,Senior,Male,Fasting Blood Sugar,Laboratory,"Patricia Mendoza, RMT",Laboratory
2025-07-24,Adult,Male,Lipid Profile,Laboratory,"Angela Reyes, RMT",Laboratory
2025-07-24,Adult,Female,Pregnancy Test,Laboratory,"Rafael Torres, RMT",Laboratory
2025-07-24,Adult,Male,Routine Medical Consultation,Clinic,Dr. Miguel Fernandez,Check-up
2025-07-24,Adult,Male,SGPT,Laboratory,"Carlo Navarro, RMT",Laboratory
2025-07-24,Adult,Male,Upper Respiratory Infection,Clinic,Dr. Paolo Rivera,Check-up
2025-07-24,Child,Female,Urinalysis,Laboratory,"Angela Reyes, RMT",Laboratory
2025-07-25,Adult,Female,2D Echo,Cardiology,Dr. Paolo Rivera,Cardiology
2025-07-25,Adult,Male,Asthma Monitoring,Clinic,Dr. Elena Bautista,Check-up
2025-07-25,Senior,Male,Blood Chemistry,Laboratory,"Mark Villanueva, RMT",Laboratory
2025-07-25,Adult,Male,Complete Blood Count,Laboratory,"Carlo Navarro, RMT",Laboratory
2025-07-25,Adult,Female,Drug Testing,Drug Testing,"Mark Villanueva, RMT",Drug Testing
2025-07-25,Adult,Female,Fecalysis,Laboratory,"Rafael Torres, RMT",Laboratory
2025-07-25,Adult,Female,Headache,Clinic,Dr. Camille Tan,Check-up
2025-07-25,Adult,Female,Lipid Profile,Laboratory,"Joanna Lim, RMT",Laboratory
2025-07-25,Child,Male,Urinalysis,Laboratory,"Mark Villanueva, RMT",Laboratory
2025-07-26,Adult,Female,Asthma Monitoring,Clinic,Dr. Victor Manuel,Check-up
2025-07-26,Senior,Male,Complete Blood Count,Laboratory,"Mark Villanueva, RMT",Laboratory
2025-07-26,Adult,Female,Complete Blood Count,Laboratory,"Joanna Lim, RMT",Laboratory
2025-07-26,Child,Female,Creatinine,Laboratory,"Patricia Mendoza, RMT",Laboratory
2025-07-26,Adult,Male,Drug Testing,Drug Testing,"Rafael Torres, RMT",Drug Testing
2025-07-26,Adult,Male,Headache,Clinic,Dr. Miguel Fernandez,Check-up
2025-07-26,Adult,Female,Hypertension Monitoring,Clinic,Dr. Victor Manuel,Check-up
2025-07-26,Senior,Female,Hypertension Monitoring,Clinic,Dr. Elena Bautista,Check-up
2025-07-26,Adult,Female,Hypertension Monitoring,Clinic,Dr. Elena Bautista,Check-up
2025-07-27,Senior,Male,Diabetes Mellitus Monitoring,Clinic,Dr. Victor Manuel,Check-up
2025-07-27,Senior,Female,Diabetes Mellitus Monitoring,Clinic,Dr. Victor Manuel,Check-up
2025-07-27,Adult,Male,Fever,Clinic,Dr. Camille Tan,Check-up
2025-07-27,Adult,Male,Fever,Clinic,Dr. Paolo Rivera,Check-up
2025-07-27,Adult,Female,Fever,Clinic,Dr. Ana Lopez,Check-up
2025-07-27,Child,Female,Gastritis,Clinic,Dr. Elena Bautista,Check-up
2025-07-27,Adult,Male,Preventive Health Check-up,Clinic,Dr. Paolo Rivera,Check-up
2025-07-27,Senior,Male,Routine Medical Consultation,Clinic,Dr. Ana Lopez,Check-up
2025-07-27,Child,Female,Urinalysis,Laboratory,"Joanna Lim, RMT",Laboratory
2025-07-27,Adult,Male,Vascular Study,Radiology,Dr. Andrea Sy,Imaging
2025-07-28,Adult,Female,Creatinine,Laboratory,"Angela Reyes, RMT",Laboratory
2025-07-28,Adult,Female,Diabetes Mellitus Monitoring,Clinic,Dr. Elena Bautista,Check-up
2025-07-28,Adult,Male,Drug Testing,Drug Testing,"Angela Reyes, RMT",Drug Testing
2025-07-28,Adult,Male,Pre-Employment Medical Exam,Clinic,Dr. Camille Tan,Pre-Employment Checkup
2025-07-28,Adult,Male,Preventive Health Check-up,Clinic,Dr. Paolo Rivera,Check-up
2025-07-28,Adult,Male,Upper Respiratory Infection,Clinic,Dr. Camille Tan,Check-up
2025-07-29,Adult,Female,2D Echo,Cardiology,Dr. Ana Lopez,Cardiology
2025-07-29,Adult,Male,Asthma Monitoring,Clinic,Dr. Victor Manuel,Check-up
2025-07-29,Child,Male,Asthma Monitoring,Clinic,Dr. Victor Manuel,Check-up
2025-07-29,Senior,Male,Chest X-ray,Radiology,Dr. Andrea Sy,Imaging
2025-07-29,Child,Male,Creatinine,Laboratory,"Patricia Mendoza, RMT",Laboratory
2025-07-29,Senior,Male,Diabetes Mellitus Monitoring,Clinic,Dr. Victor Manuel,Check-up
2025-07-29,Adult,Female,Drug Testing,Drug Testing,"Angela Reyes, RMT",Drug Testing
2025-07-29,Adult,Male,Fasting Blood Sugar,Laboratory,"Patricia Mendoza, RMT",Laboratory
2025-07-29,Adult,Female,Fecalysis,Laboratory,"Mark Villanueva, RMT",Laboratory
2025-07-29,Adult,Male,Lipid Profile,Laboratory,"Angela Reyes, RMT",Laboratory
2025-07-29,Adult,Female,Ultrasound,Radiology,Dr. Henry Ong,Imaging
2025-07-29,Adult,Male,Urinalysis,Laboratory,"Patricia Mendoza, RMT",Laboratory
2025-07-30,Adult,Male,Creatinine,Laboratory,"Joanna Lim, RMT",Laboratory
2025-07-30,Adult,Female,Drug Testing,Drug Testing,"Joanna Lim, RMT",Drug Testing
2025-07-30,Adult,Female,Electrocardiography,Cardiology,Dr. Paolo Rivera,Cardiology
2025-07-30,Adult,Female,Pre-Employment Medical Exam,Clinic,Dr. Miguel Fernandez,Pre-Employment Checkup
2025-07-30,Senior,Male,Vascular Study,Radiology,Dr. Andrea Sy,Imaging
2025-07-31,Adult,Female,Annual Physical Examination,Annual Physical Examination,Dr. Paolo Rivera,Annual Physical Examination
2025-07-31,Adult,Female,Asthma Monitoring,Clinic,Dr. Elena Bautista,Check-up
2025-07-31,Adult,Male,Electrocardiography,Cardiology,Dr. Paolo Rivera,Cardiology
2025-07-31,Adult,Male,Hypertension Monitoring,Clinic,Dr. Elena Bautista,Check-up
2025-07-31,Adult,Female,Lipid Profile,Laboratory,"Rafael Torres, RMT",Laboratory
2025-07-31,Adult,Male,Pregnancy Test,Laboratory,"Patricia Mendoza, RMT",Laboratory
2025-07-31,Adult,Female,Preventive Health Check-up,Clinic,Dr. Paolo Rivera,Check-up
2025-07-31,Adult,Female,Preventive Health Check-up,Clinic,Dr. Ana Lopez,Check-up
2025-07-31,Adult,Female,Preventive Health Check-up,Clinic,Dr. Miguel Fernandez,Check-up
2025-07-31,Child,Male,Urinalysis,Laboratory,"Carlo Navarro, RMT",Laboratory
2025-07-31,Adult,Male,Urinary Tract Infection,Clinic,Dr. Camille Tan,Check-up
2025-07-31,Adult,Female,Vascular Study,Radiology,Dr. Sofia Mercado,Imaging
2025-08-01,Child,Female,Chest X-ray,Radiology,Dr. Henry Ong,Imaging
2025-08-01,Adult,Male,Chest X-ray,Radiology,Dr. Andrea Sy,Imaging
2025-08-01,Child,Male,Creatinine,Laboratory,"Carlo Navarro, RMT",Laboratory
2025-08-01,Adult,Female,Fever,Clinic,Dr. Camille Tan,Check-up
2025-08-01,Adult,Male,Pre-Employment Medical Exam,Clinic,Dr. Camille Tan,Pre-Employment Checkup
2025-08-01,Adult,Male,Urinalysis,Laboratory,"Joanna Lim, RMT",Laboratory
2025-08-01,Adult,Female,Urinalysis,Laboratory,"Rafael Torres, RMT",Laboratory
2025-08-02,Senior,Female,2D Echo,Cardiology,Dr. Camille Tan,Cardiology
2025-08-02,Adult,Male,Dermatitis and Allergy,Clinic,Dr. Camille Tan,Check-up
2025-08-02,Senior,Female,Diabetes Mellitus Monitoring,Clinic,Dr. Elena Bautista,Check-up
2025-08-02,Adult,Male,Diabetes Mellitus Monitoring,Clinic,Dr. Elena Bautista,Check-up
2025-08-02,Adult,Male,Fecalysis,Laboratory,"Carlo Navarro, RMT",Laboratory
2025-08-02,Adult,Male,Pre-Employment Medical Exam,Clinic,Dr. Miguel Fernandez,Pre-Employment Checkup
2025-08-02,Adult,Male,Preventive Health Check-up,Clinic,Dr. Ana Lopez,Check-up
2025-08-02,Adult,Female,Thyroid Function Test,Laboratory,"Mark Villanueva, RMT",Laboratory
2025-08-03,Adult,Male,Blood Chemistry,Laboratory,"Joanna Lim, RMT",Laboratory
2025-08-03,Adult,Male,Complete Blood Count,Laboratory,"Rafael Torres, RMT",Laboratory
2025-08-03,Adult,Female,Dermatitis and Allergy,Clinic,Dr. Miguel Fernandez,Check-up
2025-08-03,Adult,Female,Diabetes Mellitus Monitoring,Clinic,Dr. Victor Manuel,Check-up
2025-08-03,Adult,Male,Diabetes Mellitus Monitoring,Clinic,Dr. Victor Manuel,Check-up
2025-08-03,Adult,Male,Fasting Blood Sugar,Laboratory,"Carlo Navarro, RMT",Laboratory
2025-08-03,Adult,Female,Fasting Blood Sugar,Laboratory,"Joanna Lim, RMT",Laboratory
2025-08-03,Adult,Male,Hypertension Monitoring,Clinic,Dr. Victor Manuel,Check-up
2025-08-03,Adult,Female,Hypertension Monitoring,Clinic,Dr. Elena Bautista,Check-up
2025-08-03,Adult,Female,Preventive Health Check-up,Clinic,Dr. Ana Lopez,Check-up
2025-08-03,Adult,Female,Upper Respiratory Infection,Clinic,Dr. Ana Lopez,Check-up
2025-08-03,Adult,Female,Upper Respiratory Infection,Clinic,Dr. Camille Tan,Check-up
2025-08-03,Adult,Male,Vascular Study,Radiology,Dr. Henry Ong,Imaging
2025-08-04,Senior,Male,Blood Chemistry,Laboratory,"Carlo Navarro, RMT",Laboratory
2025-08-04,Adult,Male,Blood Chemistry,Laboratory,"Rafael Torres, RMT",Laboratory
2025-08-04,Adult,Male,Complete Blood Count,Laboratory,"Carlo Navarro, RMT",Laboratory
2025-08-04,Adult,Female,Hypertension Monitoring,Clinic,Dr. Victor Manuel,Check-up
2025-08-04,Child,Female,Lipid Profile,Laboratory,"Angela Reyes, RMT",Laboratory
2025-08-04,Adult,Male,SGPT,Laboratory,"Angela Reyes, RMT",Laboratory
2025-08-04,Child,Male,Urinalysis,Laboratory,"Angela Reyes, RMT",Laboratory
2025-08-05,Adult,Male,Asthma Monitoring,Clinic,Dr. Victor Manuel,Check-up
2025-08-05,Adult,Male,Diabetes Mellitus Monitoring,Clinic,Dr. Victor Manuel,Check-up
2025-08-05,Child,Male,Fasting Blood Sugar,Laboratory,"Mark Villanueva, RMT",Laboratory
2025-08-05,Child,Female,Hepatitis Screening,Laboratory,"Joanna Lim, RMT",Laboratory
2025-08-05,Child,Male,Home Service Laboratory,Home Service,"Angela Reyes, RMT",Home Service
2025-08-06,Adult,Male,Chest X-ray,Radiology,Dr. Henry Ong,Imaging
2025-08-06,Adult,Female,Fasting Blood Sugar,Laboratory,"Mark Villanueva, RMT",Laboratory
2025-08-06,Adult,Female,Lipid Profile,Laboratory,"Rafael Torres, RMT",Laboratory
2025-08-06,Child,Male,Thyroid Function Test,Laboratory,"Patricia Mendoza, RMT",Laboratory
2025-08-06,Adult,Male,Vaccination,Clinic,Dr. Ana Lopez,Vaccination
2025-08-07,Adult,Male,Abdominal Pain,Clinic,Dr. Victor Manuel,Check-up
2025-08-07,Child,Female,Annual Physical Examination,Annual Physical Examination,Dr. Miguel Fernandez,Annual Physical Examination
2025-08-07,Senior,Male,Asthma Monitoring,Clinic,Dr. Victor Manuel,Check-up
2025-08-07,Adult,Male,Chest X-ray,Radiology,Dr. Sofia Mercado,Imaging
2025-08-07,Adult,Female,Creatinine,Laboratory,"Joanna Lim, RMT",Laboratory
2025-08-07,Adult,Male,Drug Testing,Drug Testing,"Carlo Navarro, RMT",Drug Testing
2025-08-07,Adult,Female,Hypertension Monitoring,Clinic,Dr. Victor Manuel,Check-up
2025-08-07,Child,Male,Preventive Health Check-up,Clinic,Dr. Miguel Fernandez,Check-up
2025-08-08,Adult,Male,Asthma Monitoring,Clinic,Dr. Elena Bautista,Check-up
2025-08-08,Adult,Male,Blood Chemistry,Laboratory,"Rafael Torres, RMT",Laboratory
2025-08-08,Adult,Female,Complete Blood Count,Laboratory,"Carlo Navarro, RMT",Laboratory
2025-08-08,Senior,Female,Creatinine,Laboratory,"Mark Villanueva, RMT",Laboratory
2025-08-08,Adult,Male,Drug Testing,Drug Testing,"Angela Reyes, RMT",Drug Testing
2025-08-08,Adult,Female,Headache,Clinic,Dr. Camille Tan,Check-up
2025-08-08,Adult,Female,Hypertension Monitoring,Clinic,Dr. Elena Bautista,Check-up
2025-08-08,Adult,Male,Hypertension Monitoring,Clinic,Dr. Elena Bautista,Check-up
2025-08-08,Child,Female,Routine Medical Consultation,Clinic,Dr. Camille Tan,Check-up
2025-08-09,Adult,Female,Blood Chemistry,Laboratory,"Joanna Lim, RMT",Laboratory
2025-08-09,Adult,Female,Home Service Laboratory,Home Service,"Angela Reyes, RMT",Home Service
2025-08-09,Adult,Male,Hypertension Monitoring,Clinic,Dr. Victor Manuel,Check-up
2025-08-09,Adult,Male,Upper Respiratory Infection,Clinic,Dr. Camille Tan,Check-up
2025-08-09,Adult,Female,Urinary Tract Infection,Clinic,Dr. Paolo Rivera,Check-up
2025-08-10,Adult,Female,Asthma Monitoring,Clinic,Dr. Victor Manuel,Check-up
2025-08-10,Adult,Male,Complete Blood Count,Laboratory,"Carlo Navarro, RMT",Laboratory
2025-08-10,Adult,Female,Headache,Clinic,Dr. Camille Tan,Check-up
2025-08-10,Senior,Female,Hypertension Monitoring,Clinic,Dr. Victor Manuel,Check-up
2025-08-10,Adult,Female,Lipid Profile,Laboratory,"Joanna Lim, RMT",Laboratory
2025-08-10,Adult,Male,Urinalysis,Laboratory,"Angela Reyes, RMT",Laboratory
2025-08-11,Adult,Female,Fecalysis,Laboratory,"Carlo Navarro, RMT",Laboratory
2025-08-11,Adult,Female,Fever,Clinic,Dr. Paolo Rivera,Check-up
2025-08-11,Adult,Female,Fever,Clinic,Dr. Ana Lopez,Check-up
2025-08-11,Adult,Female,Fever,Clinic,Dr. Miguel Fernandez,Check-up
2025-08-11,Adult,Female,Lipid Profile,Laboratory,"Mark Villanueva, RMT",Laboratory
2025-08-11,Adult,Male,Upper Respiratory Infection,Clinic,Dr. Camille Tan,Check-up
2025-08-11,Adult,Female,Upper Respiratory Infection,Clinic,Dr. Paolo Rivera,Check-up
2025-08-11,Senior,Female,Vascular Study,Radiology,Dr. Andrea Sy,Imaging
2025-08-12,Adult,Female,Annual Physical Examination,Annual Physical Examination,Dr. Camille Tan,Annual Physical Examination
2025-08-12,Adult,Male,Blood Chemistry,Laboratory,"Mark Villanueva, RMT",Laboratory
2025-08-12,Adult,Male,Complete Blood Count,Laboratory,"Angela Reyes, RMT",Laboratory
2025-08-12,Adult,Male,Complete Blood Count,Laboratory,"Mark Villanueva, RMT",Laboratory
2025-08-12,Child,Female,Gastritis,Clinic,Dr. Victor Manuel,Check-up
2025-08-12,Adult,Female,Pre-Employment Medical Exam,Clinic,Dr. Paolo Rivera,Pre-Employment Checkup
2025-08-12,Adult,Female,Pregnancy Test,Laboratory,"Mark Villanueva, RMT",Laboratory
2025-08-12,Adult,Female,SGPT,Laboratory,"Angela Reyes, RMT",Laboratory
2025-08-12,Adult,Male,Upper Respiratory Infection,Clinic,Dr. Miguel Fernandez,Check-up
2025-08-13,Adult,Male,Blood Chemistry,Laboratory,"Rafael Torres, RMT",Laboratory
2025-08-13,Adult,Female,Blood Chemistry,Laboratory,"Mark Villanueva, RMT",Laboratory
2025-08-13,Adult,Female,Diabetes Mellitus Monitoring,Clinic,Dr. Victor Manuel,Check-up
2025-08-13,Child,Female,Electrocardiography,Cardiology,Dr. Camille Tan,Cardiology
2025-08-13,Adult,Male,Electrocardiography,Cardiology,Dr. Paolo Rivera,Cardiology
2025-08-13,Adult,Male,Fecalysis,Laboratory,"Carlo Navarro, RMT",Laboratory
2025-08-13,Child,Male,Hepatitis Screening,Laboratory,"Carlo Navarro, RMT",Laboratory
2025-08-13,Adult,Female,Hypertension Monitoring,Clinic,Dr. Elena Bautista,Check-up
2025-08-13,Adult,Female,Ultrasound,Radiology,Dr. Andrea Sy,Imaging
2025-08-13,Adult,Female,Upper Respiratory Infection,Clinic,Dr. Camille Tan,Check-up
2025-08-13,Child,Male,Upper Respiratory Infection,Clinic,Dr. Miguel Fernandez,Check-up
2025-08-13,Adult,Female,Upper Respiratory Infection,Clinic,Dr. Miguel Fernandez,Check-up
2025-08-13,Adult,Male,Urinalysis,Laboratory,"Angela Reyes, RMT",Laboratory
2025-08-13,Adult,Female,Urinary Tract Infection,Clinic,Dr. Ana Lopez,Check-up
2025-08-14,Child,Female,Annual Physical Examination,Annual Physical Examination,Dr. Miguel Fernandez,Annual Physical Examination
2025-08-14,Adult,Male,Blood Chemistry,Laboratory,"Patricia Mendoza, RMT",Laboratory
2025-08-14,Adult,Female,Dermatitis and Allergy,Clinic,Dr. Ana Lopez,Check-up
2025-08-14,Adult,Male,Dermatitis and Allergy,Clinic,Dr. Miguel Fernandez,Check-up
2025-08-14,Adult,Male,Fasting Blood Sugar,Laboratory,"Rafael Torres, RMT",Laboratory
2025-08-14,Adult,Male,Fever,Clinic,Dr. Camille Tan,Check-up
2025-08-14,Adult,Male,Gastritis,Clinic,Dr. Elena Bautista,Check-up
2025-08-14,Adult,Male,Hypertension Monitoring,Clinic,Dr. Elena Bautista,Check-up
2025-08-14,Adult,Female,Upper Respiratory Infection,Clinic,Dr. Ana Lopez,Check-up
2025-08-14,Adult,Male,Urinalysis,Laboratory,"Patricia Mendoza, RMT",Laboratory
2025-08-14,Child,Male,Urinalysis,Laboratory,"Patricia Mendoza, RMT",Laboratory
2025-08-15,Adult,Male,2D Echo,Cardiology,Dr. Paolo Rivera,Cardiology
2025-08-15,Adult,Male,Annual Physical Examination,Annual Physical Examination,Dr. Paolo Rivera,Annual Physical Examination
2025-08-15,Adult,Male,Complete Blood Count,Laboratory,"Angela Reyes, RMT",Laboratory
2025-08-15,Adult,Female,Creatinine,Laboratory,"Rafael Torres, RMT",Laboratory
2025-08-15,Senior,Male,Diabetes Mellitus Monitoring,Clinic,Dr. Elena Bautista,Check-up
2025-08-15,Adult,Male,Electrocardiography,Cardiology,Dr. Miguel Fernandez,Cardiology
2025-08-15,Senior,Female,Gastritis,Clinic,Dr. Victor Manuel,Check-up
2025-08-15,Senior,Male,Hypertension Monitoring,Clinic,Dr. Victor Manuel,Check-up
2025-08-15,Adult,Male,Hypertension Monitoring,Clinic,Dr. Elena Bautista,Check-up
2025-08-15,Adult,Male,Pre-Employment Medical Exam,Clinic,Dr. Miguel Fernandez,Pre-Employment Checkup
2025-08-15,Adult,Female,Routine Medical Consultation,Clinic,Dr. Ana Lopez,Check-up
2025-08-15,Child,Male,Urinary Tract Infection,Clinic,Dr. Ana Lopez,Check-up
2025-08-16,Adult,Female,Chest X-ray,Radiology,Dr. Andrea Sy,Imaging
2025-08-16,Senior,Male,Complete Blood Count,Laboratory,"Carlo Navarro, RMT",Laboratory
2025-08-16,Senior,Male,Diabetes Mellitus Monitoring,Clinic,Dr. Elena Bautista,Check-up
2025-08-16,Senior,Male,Fasting Blood Sugar,Laboratory,"Rafael Torres, RMT",Laboratory
2025-08-16,Adult,Female,Fasting Blood Sugar,Laboratory,"Carlo Navarro, RMT",Laboratory
2025-08-16,Child,Male,Fecalysis,Laboratory,"Joanna Lim, RMT",Laboratory
2025-08-16,Senior,Male,Hypertension Monitoring,Clinic,Dr. Elena Bautista,Check-up
2025-08-16,Adult,Female,Pre-Employment Medical Exam,Clinic,Dr. Paolo Rivera,Pre-Employment Checkup
2025-08-16,Adult,Female,Preventive Health Check-up,Clinic,Dr. Ana Lopez,Check-up
2025-08-16,Adult,Male,Ultrasound,Radiology,Dr. Andrea Sy,Imaging
2025-08-16,Adult,Female,Urinalysis,Laboratory,"Carlo Navarro, RMT",Laboratory
2025-08-17,Adult,Female,2D Echo,Cardiology,Dr. Miguel Fernandez,Cardiology
2025-08-17,Adult,Female,Abdominal Pain,Clinic,Dr. Victor Manuel,Check-up
2025-08-17,Adult,Female,Blood Chemistry,Laboratory,"Rafael Torres, RMT",Laboratory
2025-08-17,Adult,Male,Drug Testing,Drug Testing,"Angela Reyes, RMT",Drug Testing
2025-08-17,Senior,Male,Hypertension Monitoring,Clinic,Dr. Elena Bautista,Check-up
2025-08-17,Adult,Male,Pre-Employment Medical Exam,Clinic,Dr. Camille Tan,Pre-Employment Checkup
2025-08-17,Adult,Female,Pregnancy Test,Laboratory,"Mark Villanueva, RMT",Laboratory
2025-08-17,Adult,Female,Upper Respiratory Infection,Clinic,Dr. Paolo Rivera,Check-up
2025-08-17,Adult,Female,Upper Respiratory Infection,Clinic,Dr. Miguel Fernandez,Check-up
2025-08-18,Child,Female,Complete Blood Count,Laboratory,"Joanna Lim, RMT",Laboratory
2025-08-18,Adult,Female,Dermatitis and Allergy,Clinic,Dr. Paolo Rivera,Check-up
2025-08-18,Adult,Female,Diabetes Mellitus Monitoring,Clinic,Dr. Elena Bautista,Check-up
2025-08-18,Senior,Female,Electrocardiography,Cardiology,Dr. Miguel Fernandez,Cardiology
2025-08-18,Child,Male,Fecalysis,Laboratory,"Patricia Mendoza, RMT",Laboratory
2025-08-18,Child,Male,Gastritis,Clinic,Dr. Victor Manuel,Check-up
2025-08-18,Senior,Female,Hypertension Monitoring,Clinic,Dr. Elena Bautista,Check-up
2025-08-18,Adult,Male,Pre-Employment Medical Exam,Clinic,Dr. Paolo Rivera,Pre-Employment Checkup
2025-08-18,Child,Male,Upper Respiratory Infection,Clinic,Dr. Miguel Fernandez,Check-up
2025-08-19,Child,Female,Dermatitis and Allergy,Clinic,Dr. Paolo Rivera,Check-up
2025-08-19,Adult,Female,Diabetes Mellitus Monitoring,Clinic,Dr. Elena Bautista,Check-up
2025-08-19,Adult,Male,Drug Testing,Drug Testing,"Joanna Lim, RMT",Drug Testing
2025-08-19,Adult,Male,Electrocardiography,Cardiology,Dr. Paolo Rivera,Cardiology
2025-08-19,Child,Female,Fever,Clinic,Dr. Camille Tan,Check-up
2025-08-19,Adult,Male,Hypertension Monitoring,Clinic,Dr. Victor Manuel,Check-up
2025-08-19,Adult,Female,Hypertension Monitoring,Clinic,Dr. Victor Manuel,Check-up
2025-08-19,Adult,Male,Routine Medical Consultation,Clinic,Dr. Paolo Rivera,Check-up
2025-08-19,Child,Male,Ultrasound,Radiology,Dr. Henry Ong,Imaging
2025-08-19,Adult,Male,Urinary Tract Infection,Clinic,Dr. Ana Lopez,Check-up
2025-08-20,Senior,Male,Abdominal Pain,Clinic,Dr. Victor Manuel,Check-up
2025-08-20,Adult,Female,Annual Physical Examination,Annual Physical Examination,Dr. Ana Lopez,Annual Physical Examination
2025-08-20,Adult,Male,Asthma Monitoring,Clinic,Dr. Elena Bautista,Check-up
2025-08-20,Child,Female,Blood Chemistry,Laboratory,"Joanna Lim, RMT",Laboratory
2025-08-20,Adult,Male,Chest X-ray,Radiology,Dr. Sofia Mercado,Imaging
2025-08-20,Senior,Male,Diabetes Mellitus Monitoring,Clinic,Dr. Victor Manuel,Check-up
2025-08-20,Senior,Male,Home Service Laboratory,Home Service,"Mark Villanueva, RMT",Home Service
2025-08-20,Adult,Female,Lipid Profile,Laboratory,"Rafael Torres, RMT",Laboratory
2025-08-20,Adult,Female,Lipid Profile,Laboratory,"Mark Villanueva, RMT",Laboratory
2025-08-20,Adult,Male,Ultrasound,Radiology,Dr. Henry Ong,Imaging
2025-08-20,Adult,Male,Vaccination,Clinic,Dr. Camille Tan,Vaccination
2025-08-21,Adult,Male,Annual Physical Examination,Annual Physical Examination,Dr. Ana Lopez,Annual Physical Examination
2025-08-21,Adult,Male,Blood Chemistry,Laboratory,"Angela Reyes, RMT",Laboratory
2025-08-21,Adult,Male,Complete Blood Count,Laboratory,"Patricia Mendoza, RMT",Laboratory
2025-08-21,Child,Male,Fecalysis,Laboratory,"Patricia Mendoza, RMT",Laboratory
2025-08-21,Adult,Female,Hepatitis Screening,Laboratory,"Carlo Navarro, RMT",Laboratory
2025-08-21,Adult,Female,Hypertension Monitoring,Clinic,Dr. Victor Manuel,Check-up
2025-08-21,Adult,Female,Routine Medical Consultation,Clinic,Dr. Camille Tan,Check-up
2025-08-21,Senior,Male,SGPT,Laboratory,"Carlo Navarro, RMT",Laboratory
2025-08-22,Child,Male,Asthma Monitoring,Clinic,Dr. Elena Bautista,Check-up
2025-08-22,Adult,Male,Chest X-ray,Radiology,Dr. Henry Ong,Imaging
2025-08-22,Adult,Female,Complete Blood Count,Laboratory,"Patricia Mendoza, RMT",Laboratory
2025-08-22,Adult,Male,Electrocardiography,Cardiology,Dr. Paolo Rivera,Cardiology
2025-08-22,Adult,Male,Fasting Blood Sugar,Laboratory,"Patricia Mendoza, RMT",Laboratory
2025-08-22,Adult,Female,Hypertension Monitoring,Clinic,Dr. Elena Bautista,Check-up
2025-08-22,Adult,Male,Routine Medical Consultation,Clinic,Dr. Ana Lopez,Check-up
2025-08-22,Child,Female,Upper Respiratory Infection,Clinic,Dr. Camille Tan,Check-up
2025-08-22,Adult,Female,Vaccination,Clinic,Dr. Ana Lopez,Vaccination
2025-08-23,Adult,Male,Asthma Monitoring,Clinic,Dr. Victor Manuel,Check-up
2025-08-23,Child,Male,Blood Chemistry,Laboratory,"Mark Villanueva, RMT",Laboratory
2025-08-23,Adult,Male,Diabetes Mellitus Monitoring,Clinic,Dr. Victor Manuel,Check-up
2025-08-23,Senior,Male,Diabetes Mellitus Monitoring,Clinic,Dr. Victor Manuel,Check-up
2025-08-23,Adult,Female,Gastritis,Clinic,Dr. Elena Bautista,Check-up
2025-08-23,Senior,Female,Gastritis,Clinic,Dr. Victor Manuel,Check-up
2025-08-23,Child,Female,Headache,Clinic,Dr. Miguel Fernandez,Check-up
2025-08-23,Adult,Female,Hypertension Monitoring,Clinic,Dr. Elena Bautista,Check-up
2025-08-23,Child,Male,SGPT,Laboratory,"Patricia Mendoza, RMT",Laboratory
2025-08-23,Adult,Male,Upper Respiratory Infection,Clinic,Dr. Paolo Rivera,Check-up
2025-08-23,Adult,Female,Upper Respiratory Infection,Clinic,Dr. Miguel Fernandez,Check-up
2025-08-23,Adult,Male,Urinalysis,Laboratory,"Rafael Torres, RMT",Laboratory
2025-08-24,Adult,Male,2D Echo,Cardiology,Dr. Paolo Rivera,Cardiology
2025-08-24,Adult,Female,Dermatitis and Allergy,Clinic,Dr. Miguel Fernandez,Check-up
2025-08-24,Adult,Male,Diabetes Mellitus Monitoring,Clinic,Dr. Victor Manuel,Check-up
2025-08-24,Child,Male,Electrocardiography,Cardiology,Dr. Miguel Fernandez,Cardiology
2025-08-24,Adult,Male,Fasting Blood Sugar,Laboratory,"Patricia Mendoza, RMT",Laboratory
2025-08-24,Adult,Male,Fecalysis,Laboratory,"Angela Reyes, RMT",Laboratory
2025-08-24,Senior,Female,Hypertension Monitoring,Clinic,Dr. Elena Bautista,Check-up
2025-08-24,Adult,Female,Upper Respiratory Infection,Clinic,Dr. Miguel Fernandez,Check-up
2025-08-24,Child,Male,Upper Respiratory Infection,Clinic,Dr. Miguel Fernandez,Check-up
2025-08-24,Child,Female,Vaccination,Clinic,Dr. Camille Tan,Vaccination
2025-08-24,Adult,Male,Vaccination,Clinic,Dr. Paolo Rivera,Vaccination
2025-08-25,Child,Female,Abdominal Pain,Clinic,Dr. Victor Manuel,Check-up
2025-08-25,Adult,Female,Creatinine,Laboratory,"Mark Villanueva, RMT",Laboratory
2025-08-25,Adult,Male,Fever,Clinic,Dr. Ana Lopez,Check-up
2025-08-25,Adult,Male,Home Service Laboratory,Home Service,"Joanna Lim, RMT",Home Service
2025-08-25,Adult,Female,Hypertension Monitoring,Clinic,Dr. Victor Manuel,Check-up
2025-08-25,Adult,Female,Preventive Health Check-up,Clinic,Dr. Ana Lopez,Check-up
2025-08-25,Adult,Male,Routine Medical Consultation,Clinic,Dr. Camille Tan,Check-up
2025-08-25,Senior,Female,Upper Respiratory Infection,Clinic,Dr. Camille Tan,Check-up
2025-08-25,Adult,Male,Vascular Study,Radiology,Dr. Sofia Mercado,Imaging
2025-08-26,Adult,Male,Complete Blood Count,Laboratory,"Mark Villanueva, RMT",Laboratory
2025-08-26,Adult,Female,Electrocardiography,Cardiology,Dr. Miguel Fernandez,Cardiology
2025-08-26,Adult,Male,Gastritis,Clinic,Dr. Victor Manuel,Check-up
2025-08-26,Adult,Male,Lipid Profile,Laboratory,"Patricia Mendoza, RMT",Laboratory
2025-08-26,Child,Female,SGPT,Laboratory,"Joanna Lim, RMT",Laboratory
2025-08-26,Child,Female,Upper Respiratory Infection,Clinic,Dr. Camille Tan,Check-up
2025-08-27,Adult,Female,Blood Chemistry,Laboratory,"Carlo Navarro, RMT",Laboratory
2025-08-27,Adult,Female,Diabetes Mellitus Monitoring,Clinic,Dr. Elena Bautista,Check-up
2025-08-27,Adult,Male,Diabetes Mellitus Monitoring,Clinic,Dr. Elena Bautista,Check-up
2025-08-27,Child,Female,Fever,Clinic,Dr. Camille Tan,Check-up
2025-08-27,Child,Female,Lipid Profile,Laboratory,"Mark Villanueva, RMT",Laboratory
2025-08-27,Child,Female,Preventive Health Check-up,Clinic,Dr. Paolo Rivera,Check-up
2025-08-27,Adult,Female,Ultrasound,Radiology,Dr. Sofia Mercado,Imaging
2025-08-27,Adult,Female,Urinalysis,Laboratory,"Angela Reyes, RMT",Laboratory
2025-08-27,Adult,Female,Urinary Tract Infection,Clinic,Dr. Paolo Rivera,Check-up
2025-08-27,Adult,Female,Urinary Tract Infection,Clinic,Dr. Ana Lopez,Check-up
2025-08-28,Adult,Female,Annual Physical Examination,Annual Physical Examination,Dr. Paolo Rivera,Annual Physical Examination
2025-08-28,Adult,Male,Asthma Monitoring,Clinic,Dr. Elena Bautista,Check-up
2025-08-28,Senior,Female,Blood Chemistry,Laboratory,"Patricia Mendoza, RMT",Laboratory
2025-08-28,Senior,Male,Blood Chemistry,Laboratory,"Joanna Lim, RMT",Laboratory
2025-08-28,Child,Female,Complete Blood Count,Laboratory,"Joanna Lim, RMT",Laboratory
2025-08-28,Senior,Male,Diabetes Mellitus Monitoring,Clinic,Dr. Victor Manuel,Check-up
2025-08-28,Senior,Male,Fever,Clinic,Dr. Camille Tan,Check-up
2025-08-28,Adult,Male,Gastritis,Clinic,Dr. Victor Manuel,Check-up
2025-08-28,Adult,Male,Headache,Clinic,Dr. Ana Lopez,Check-up
2025-08-28,Child,Female,Thyroid Function Test,Laboratory,"Mark Villanueva, RMT",Laboratory
2025-08-28,Senior,Male,Ultrasound,Radiology,Dr. Henry Ong,Imaging
2025-08-28,Adult,Male,Upper Respiratory Infection,Clinic,Dr. Miguel Fernandez,Check-up
2025-08-29,Child,Female,Abdominal Pain,Clinic,Dr. Victor Manuel,Check-up
2025-08-29,Adult,Male,Abdominal Pain,Clinic,Dr. Victor Manuel,Check-up
2025-08-29,Adult,Female,Chest X-ray,Radiology,Dr. Andrea Sy,Imaging
2025-08-29,Adult,Male,Complete Blood Count,Laboratory,"Angela Reyes, RMT",Laboratory
2025-08-29,Adult,Female,Drug Testing,Drug Testing,"Joanna Lim, RMT",Drug Testing
2025-08-29,Child,Female,Gastritis,Clinic,Dr. Victor Manuel,Check-up
2025-08-29,Adult,Female,Hepatitis Screening,Laboratory,"Carlo Navarro, RMT",Laboratory
2025-08-29,Adult,Male,Hypertension Monitoring,Clinic,Dr. Elena Bautista,Check-up
2025-08-29,Adult,Female,SGPT,Laboratory,"Joanna Lim, RMT",Laboratory
2025-08-30,Adult,Female,Complete Blood Count,Laboratory,"Joanna Lim, RMT",Laboratory
2025-08-30,Senior,Female,Dermatitis and Allergy,Clinic,Dr. Paolo Rivera,Check-up
2025-08-30,Adult,Female,Fasting Blood Sugar,Laboratory,"Patricia Mendoza, RMT",Laboratory
2025-08-30,Child,Male,Fever,Clinic,Dr. Ana Lopez,Check-up
2025-08-30,Adult,Male,Routine Medical Consultation,Clinic,Dr. Camille Tan,Check-up
2025-08-30,Adult,Male,SGPT,Laboratory,"Patricia Mendoza, RMT",Laboratory
2025-08-30,Child,Female,Urinalysis,Laboratory,"Carlo Navarro, RMT",Laboratory
2025-08-30,Adult,Female,Urinary Tract Infection,Clinic,Dr. Paolo Rivera,Check-up
2025-08-31,Adult,Female,Asthma Monitoring,Clinic,Dr. Elena Bautista,Check-up
2025-08-31,Adult,Female,Complete Blood Count,Laboratory,"Angela Reyes, RMT",Laboratory
2025-08-31,Adult,Male,Complete Blood Count,Laboratory,"Rafael Torres, RMT",Laboratory
2025-08-31,Senior,Male,Fecalysis,Laboratory,"Carlo Navarro, RMT",Laboratory
2025-08-31,Adult,Male,Fecalysis,Laboratory,"Mark Villanueva, RMT",Laboratory
2025-08-31,Adult,Male,Hypertension Monitoring,Clinic,Dr. Elena Bautista,Check-up
2025-08-31,Senior,Female,Urinary Tract Infection,Clinic,Dr. Camille Tan,Check-up
2025-09-01,Adult,Female,Complete Blood Count,Laboratory,"Joanna Lim, RMT",Laboratory
2025-09-01,Child,Male,Fasting Blood Sugar,Laboratory,"Joanna Lim, RMT",Laboratory
2025-09-01,Adult,Female,Fever,Clinic,Dr. Camille Tan,Check-up
2025-09-01,Adult,Male,Headache,Clinic,Dr. Miguel Fernandez,Check-up
2025-09-01,Adult,Female,Lipid Profile,Laboratory,"Patricia Mendoza, RMT",Laboratory
2025-09-01,Adult,Female,Thyroid Function Test,Laboratory,"Angela Reyes, RMT",Laboratory
2025-09-01,Adult,Female,Upper Respiratory Infection,Clinic,Dr. Camille Tan,Check-up
2025-09-01,Adult,Male,Upper Respiratory Infection,Clinic,Dr. Miguel Fernandez,Check-up
2025-09-01,Adult,Male,Urinary Tract Infection,Clinic,Dr. Camille Tan,Check-up
2025-09-02,Child,Female,Annual Physical Examination,Annual Physical Examination,Dr. Paolo Rivera,Annual Physical Examination
2025-09-02,Adult,Female,Blood Chemistry,Laboratory,"Mark Villanueva, RMT",Laboratory
2025-09-02,Adult,Male,Complete Blood Count,Laboratory,"Mark Villanueva, RMT",Laboratory
2025-09-02,Adult,Female,Dermatitis and Allergy,Clinic,Dr. Ana Lopez,Check-up
2025-09-02,Adult,Male,Electrocardiography,Cardiology,Dr. Ana Lopez,Cardiology
2025-09-02,Adult,Male,SGPT,Laboratory,"Mark Villanueva, RMT",Laboratory
2025-09-02,Adult,Female,Upper Respiratory Infection,Clinic,Dr. Miguel Fernandez,Check-up
2025-09-02,Adult,Male,Upper Respiratory Infection,Clinic,Dr. Camille Tan,Check-up
2025-09-03,Adult,Male,2D Echo,Cardiology,Dr. Miguel Fernandez,Cardiology
2025-09-03,Child,Male,Blood Chemistry,Laboratory,"Carlo Navarro, RMT",Laboratory
2025-09-03,Adult,Female,Blood Chemistry,Laboratory,"Patricia Mendoza, RMT",Laboratory
2025-09-03,Adult,Female,Electrocardiography,Cardiology,Dr. Paolo Rivera,Cardiology
2025-09-03,Adult,Male,Fever,Clinic,Dr. Camille Tan,Check-up
2025-09-03,Adult,Male,Headache,Clinic,Dr. Miguel Fernandez,Check-up
2025-09-03,Adult,Male,Hypertension Monitoring,Clinic,Dr. Elena Bautista,Check-up
2025-09-03,Adult,Male,Pregnancy Test,Laboratory,"Mark Villanueva, RMT",Laboratory
2025-09-03,Adult,Female,Routine Medical Consultation,Clinic,Dr. Ana Lopez,Check-up
2025-09-03,Adult,Female,Upper Respiratory Infection,Clinic,Dr. Miguel Fernandez,Check-up
2025-09-04,Senior,Female,Diabetes Mellitus Monitoring,Clinic,Dr. Elena Bautista,Check-up
2025-09-04,Adult,Female,Fecalysis,Laboratory,"Mark Villanueva, RMT",Laboratory
2025-09-04,Adult,Male,Fever,Clinic,Dr. Ana Lopez,Check-up
2025-09-04,Adult,Female,Pre-Employment Medical Exam,Clinic,Dr. Ana Lopez,Pre-Employment Checkup
2025-09-04,Adult,Male,Pre-Employment Medical Exam,Clinic,Dr. Paolo Rivera,Pre-Employment Checkup
2025-09-04,Adult,Female,Pre-Employment Medical Exam,Clinic,Dr. Miguel Fernandez,Pre-Employment Checkup
2025-09-04,Senior,Female,Urinalysis,Laboratory,"Joanna Lim, RMT",Laboratory
2025-09-05,Adult,Male,Blood Chemistry,Laboratory,"Rafael Torres, RMT",Laboratory
2025-09-05,Child,Female,Creatinine,Laboratory,"Mark Villanueva, RMT",Laboratory
2025-09-05,Senior,Female,Dermatitis and Allergy,Clinic,Dr. Camille Tan,Check-up
2025-09-05,Adult,Female,Electrocardiography,Cardiology,Dr. Miguel Fernandez,Cardiology
2025-09-05,Child,Female,Fasting Blood Sugar,Laboratory,"Mark Villanueva, RMT",Laboratory
2025-09-05,Adult,Male,Fecalysis,Laboratory,"Angela Reyes, RMT",Laboratory
2025-09-05,Adult,Male,Pre-Employment Medical Exam,Clinic,Dr. Camille Tan,Pre-Employment Checkup
2025-09-05,Adult,Female,Upper Respiratory Infection,Clinic,Dr. Camille Tan,Check-up
2025-09-05,Adult,Male,Urinalysis,Laboratory,"Patricia Mendoza, RMT",Laboratory
2025-09-06,Adult,Female,Abdominal Pain,Clinic,Dr. Victor Manuel,Check-up
2025-09-06,Child,Male,Abdominal Pain,Clinic,Dr. Elena Bautista,Check-up
2025-09-06,Adult,Female,Annual Physical Examination,Annual Physical Examination,Dr. Miguel Fernandez,Annual Physical Examination
2025-09-06,Child,Female,Creatinine,Laboratory,"Joanna Lim, RMT",Laboratory
2025-09-06,Adult,Male,Creatinine,Laboratory,"Carlo Navarro, RMT",Laboratory
2025-09-06,Adult,Male,Fecalysis,Laboratory,"Mark Villanueva, RMT",Laboratory
2025-09-06,Senior,Male,Hepatitis Screening,Laboratory,"Angela Reyes, RMT",Laboratory
2025-09-06,Adult,Female,Lipid Profile,Laboratory,"Mark Villanueva, RMT",Laboratory
2025-09-06,Adult,Female,Preventive Health Check-up,Clinic,Dr. Paolo Rivera,Check-up
2025-09-07,Senior,Male,2D Echo,Cardiology,Dr. Ana Lopez,Cardiology
2025-09-07,Child,Male,Dermatitis and Allergy,Clinic,Dr. Ana Lopez,Check-up
2025-09-07,Adult,Female,Diabetes Mellitus Monitoring,Clinic,Dr. Elena Bautista,Check-up
2025-09-07,Adult,Female,Preventive Health Check-up,Clinic,Dr. Paolo Rivera,Check-up
2025-09-07,Adult,Female,Urinalysis,Laboratory,"Joanna Lim, RMT",Laboratory
2025-09-08,Adult,Male,Abdominal Pain,Clinic,Dr. Elena Bautista,Check-up
2025-09-08,Adult,Male,Blood Chemistry,Laboratory,"Mark Villanueva, RMT",Laboratory
2025-09-08,Adult,Female,Blood Chemistry,Laboratory,"Patricia Mendoza, RMT",Laboratory
2025-09-08,Adult,Female,Complete Blood Count,Laboratory,"Angela Reyes, RMT",Laboratory
2025-09-08,Adult,Female,Diabetes Mellitus Monitoring,Clinic,Dr. Victor Manuel,Check-up
2025-09-08,Adult,Male,Urinalysis,Laboratory,"Patricia Mendoza, RMT",Laboratory
2025-09-09,Senior,Female,Asthma Monitoring,Clinic,Dr. Victor Manuel,Check-up
2025-09-09,Adult,Female,Drug Testing,Drug Testing,"Joanna Lim, RMT",Drug Testing
2025-09-09,Adult,Male,Electrocardiography,Cardiology,Dr. Camille Tan,Cardiology
2025-09-09,Adult,Female,Home Service Laboratory,Home Service,"Carlo Navarro, RMT",Home Service
2025-09-09,Adult,Female,Upper Respiratory Infection,Clinic,Dr. Ana Lopez,Check-up
2025-09-09,Adult,Male,Upper Respiratory Infection,Clinic,Dr. Camille Tan,Check-up
2025-09-10,Child,Female,Dermatitis and Allergy,Clinic,Dr. Paolo Rivera,Check-up
2025-09-10,Adult,Male,Fever,Clinic,Dr. Ana Lopez,Check-up
2025-09-10,Senior,Female,Gastritis,Clinic,Dr. Victor Manuel,Check-up
2025-09-10,Adult,Male,Hypertension Monitoring,Clinic,Dr. Elena Bautista,Check-up
2025-09-10,Adult,Female,Hypertension Monitoring,Clinic,Dr. Elena Bautista,Check-up
2025-09-10,Adult,Male,Pre-Employment Medical Exam,Clinic,Dr. Ana Lopez,Pre-Employment Checkup
2025-09-10,Child,Male,Upper Respiratory Infection,Clinic,Dr. Miguel Fernandez,Check-up
2025-09-10,Adult,Male,Urinary Tract Infection,Clinic,Dr. Miguel Fernandez,Check-up
2025-09-10,Adult,Male,Vaccination,Clinic,Dr. Miguel Fernandez,Vaccination
2025-09-11,Adult,Male,Asthma Monitoring,Clinic,Dr. Elena Bautista,Check-up
2025-09-11,Adult,Male,Chest X-ray,Radiology,Dr. Andrea Sy,Imaging
2025-09-11,Adult,Male,Drug Testing,Drug Testing,"Carlo Navarro, RMT",Drug Testing
2025-09-11,Adult,Male,Gastritis,Clinic,Dr. Elena Bautista,Check-up
2025-09-11,Senior,Female,Hypertension Monitoring,Clinic,Dr. Victor Manuel,Check-up
2025-09-11,Adult,Male,Routine Medical Consultation,Clinic,Dr. Miguel Fernandez,Check-up
2025-09-11,Adult,Female,Ultrasound,Radiology,Dr. Sofia Mercado,Imaging
2025-09-11,Senior,Male,Urinalysis,Laboratory,"Patricia Mendoza, RMT",Laboratory
2025-09-11,Adult,Female,Vaccination,Clinic,Dr. Miguel Fernandez,Vaccination
2025-09-12,Adult,Female,Annual Physical Examination,Annual Physical Examination,Dr. Ana Lopez,Annual Physical Examination
2025-09-12,Adult,Male,Diabetes Mellitus Monitoring,Clinic,Dr. Elena Bautista,Check-up
2025-09-12,Adult,Male,Electrocardiography,Cardiology,Dr. Ana Lopez,Cardiology
2025-09-12,Adult,Male,Headache,Clinic,Dr. Miguel Fernandez,Check-up
2025-09-12,Adult,Male,Hepatitis Screening,Laboratory,"Joanna Lim, RMT",Laboratory
2025-09-12,Adult,Female,Preventive Health Check-up,Clinic,Dr. Paolo Rivera,Check-up
2025-09-12,Senior,Male,Upper Respiratory Infection,Clinic,Dr. Miguel Fernandez,Check-up
2025-09-13,Senior,Female,Blood Chemistry,Laboratory,"Mark Villanueva, RMT",Laboratory
2025-09-13,Adult,Male,Dermatitis and Allergy,Clinic,Dr. Paolo Rivera,Check-up
2025-09-13,Adult,Male,Diabetes Mellitus Monitoring,Clinic,Dr. Elena Bautista,Check-up
2025-09-13,Senior,Female,Diabetes Mellitus Monitoring,Clinic,Dr. Victor Manuel,Check-up
2025-09-13,Adult,Female,Fecalysis,Laboratory,"Patricia Mendoza, RMT",Laboratory
2025-09-13,Adult,Male,Gastritis,Clinic,Dr. Elena Bautista,Check-up
2025-09-13,Adult,Female,Pre-Employment Medical Exam,Clinic,Dr. Paolo Rivera,Pre-Employment Checkup
2025-09-13,Adult,Female,Ultrasound,Radiology,Dr. Andrea Sy,Imaging
2025-09-13,Adult,Male,Urinalysis,Laboratory,"Rafael Torres, RMT",Laboratory
2025-09-14,Adult,Male,Annual Physical Examination,Annual Physical Examination,Dr. Paolo Rivera,Annual Physical Examination
2025-09-14,Adult,Female,Blood Chemistry,Laboratory,"Mark Villanueva, RMT",Laboratory
2025-09-14,Adult,Female,Creatinine,Laboratory,"Patricia Mendoza, RMT",Laboratory
2025-09-14,Adult,Male,Fecalysis,Laboratory,"Mark Villanueva, RMT",Laboratory
2025-09-14,Adult,Male,Fever,Clinic,Dr. Miguel Fernandez,Check-up
2025-09-14,Adult,Female,Hypertension Monitoring,Clinic,Dr. Victor Manuel,Check-up
2025-09-14,Adult,Male,SGPT,Laboratory,"Mark Villanueva, RMT",Laboratory
2025-09-14,Adult,Female,Thyroid Function Test,Laboratory,"Joanna Lim, RMT",Laboratory
2025-09-14,Adult,Female,Upper Respiratory Infection,Clinic,Dr. Camille Tan,Check-up
2025-09-14,Adult,Male,Vaccination,Clinic,Dr. Miguel Fernandez,Vaccination
2025-09-15,Adult,Male,Asthma Monitoring,Clinic,Dr. Victor Manuel,Check-up
2025-09-15,Adult,Male,Headache,Clinic,Dr. Miguel Fernandez,Check-up
2025-09-15,Adult,Female,Preventive Health Check-up,Clinic,Dr. Miguel Fernandez,Check-up
2025-09-15,Child,Male,Vaccination,Clinic,Dr. Paolo Rivera,Vaccination
2025-09-16,Adult,Female,Complete Blood Count,Laboratory,"Carlo Navarro, RMT",Laboratory
2025-09-16,Adult,Male,Creatinine,Laboratory,"Rafael Torres, RMT",Laboratory
2025-09-16,Adult,Male,Drug Testing,Drug Testing,"Mark Villanueva, RMT",Drug Testing
2025-09-16,Senior,Female,Fasting Blood Sugar,Laboratory,"Joanna Lim, RMT",Laboratory
2025-09-16,Adult,Male,Fever,Clinic,Dr. Ana Lopez,Check-up
2025-09-16,Adult,Female,Gastritis,Clinic,Dr. Victor Manuel,Check-up
2025-09-16,Adult,Male,Gastritis,Clinic,Dr. Victor Manuel,Check-up
2025-09-16,Child,Female,Gastritis,Clinic,Dr. Elena Bautista,Check-up
2025-09-16,Adult,Male,Hypertension Monitoring,Clinic,Dr. Victor Manuel,Check-up
2025-09-16,Adult,Female,Upper Respiratory Infection,Clinic,Dr. Camille Tan,Check-up
2025-09-16,Adult,Male,Upper Respiratory Infection,Clinic,Dr. Miguel Fernandez,Check-up
2025-09-16,Adult,Male,Urinalysis,Laboratory,"Mark Villanueva, RMT",Laboratory
2025-09-17,Adult,Female,Asthma Monitoring,Clinic,Dr. Elena Bautista,Check-up
2025-09-17,Adult,Male,Complete Blood Count,Laboratory,"Carlo Navarro, RMT",Laboratory
2025-09-17,Adult,Male,Hepatitis Screening,Laboratory,"Mark Villanueva, RMT",Laboratory
2025-09-17,Adult,Male,Pre-Employment Medical Exam,Clinic,Dr. Ana Lopez,Pre-Employment Checkup
2025-09-17,Adult,Female,Upper Respiratory Infection,Clinic,Dr. Camille Tan,Check-up
2025-09-17,Child,Female,Upper Respiratory Infection,Clinic,Dr. Miguel Fernandez,Check-up
2025-09-17,Adult,Male,Urinalysis,Laboratory,"Patricia Mendoza, RMT",Laboratory
2025-09-18,Senior,Male,2D Echo,Cardiology,Dr. Miguel Fernandez,Cardiology
2025-09-18,Adult,Female,Abdominal Pain,Clinic,Dr. Elena Bautista,Check-up
2025-09-18,Adult,Female,Asthma Monitoring,Clinic,Dr. Elena Bautista,Check-up
2025-09-18,Child,Male,Complete Blood Count,Laboratory,"Mark Villanueva, RMT",Laboratory
2025-09-18,Child,Female,Creatinine,Laboratory,"Patricia Mendoza, RMT",Laboratory
2025-09-18,Adult,Male,Hepatitis Screening,Laboratory,"Mark Villanueva, RMT",Laboratory
2025-09-19,Adult,Female,Annual Physical Examination,Annual Physical Examination,Dr. Camille Tan,Annual Physical Examination
2025-09-19,Senior,Female,Asthma Monitoring,Clinic,Dr. Victor Manuel,Check-up
2025-09-19,Adult,Female,Blood Chemistry,Laboratory,"Carlo Navarro, RMT",Laboratory
2025-09-19,Child,Female,Complete Blood Count,Laboratory,"Mark Villanueva, RMT",Laboratory
2025-09-19,Adult,Male,Creatinine,Laboratory,"Carlo Navarro, RMT",Laboratory
2025-09-19,Adult,Female,Creatinine,Laboratory,"Patricia Mendoza, RMT",Laboratory
2025-09-19,Adult,Female,Dermatitis and Allergy,Clinic,Dr. Camille Tan,Check-up
2025-09-19,Adult,Male,Hepatitis Screening,Laboratory,"Rafael Torres, RMT",Laboratory
2025-09-19,Adult,Female,Pregnancy Test,Laboratory,"Carlo Navarro, RMT",Laboratory
2025-09-19,Adult,Male,Upper Respiratory Infection,Clinic,Dr. Camille Tan,Check-up
2025-09-19,Senior,Female,Urinalysis,Laboratory,"Angela Reyes, RMT",Laboratory
2025-09-20,Adult,Female,Blood Chemistry,Laboratory,"Carlo Navarro, RMT",Laboratory
2025-09-20,Adult,Male,Blood Chemistry,Laboratory,"Mark Villanueva, RMT",Laboratory
2025-09-20,Child,Female,Complete Blood Count,Laboratory,"Carlo Navarro, RMT",Laboratory
2025-09-20,Senior,Female,Diabetes Mellitus Monitoring,Clinic,Dr. Victor Manuel,Check-up
2025-09-20,Adult,Female,Diabetes Mellitus Monitoring,Clinic,Dr. Elena Bautista,Check-up
2025-09-20,Adult,Female,Diabetes Mellitus Monitoring,Clinic,Dr. Victor Manuel,Check-up
2025-09-20,Adult,Male,Fasting Blood Sugar,Laboratory,"Angela Reyes, RMT",Laboratory
2025-09-20,Child,Male,Fever,Clinic,Dr. Paolo Rivera,Check-up
2025-09-20,Adult,Female,Gastritis,Clinic,Dr. Elena Bautista,Check-up
2025-09-20,Senior,Female,Home Service Laboratory,Home Service,"Rafael Torres, RMT",Home Service
2025-09-20,Adult,Female,Lipid Profile,Laboratory,"Rafael Torres, RMT",Laboratory
2025-09-20,Adult,Male,Pre-Employment Medical Exam,Clinic,Dr. Miguel Fernandez,Pre-Employment Checkup
2025-09-20,Adult,Female,Pregnancy Test,Laboratory,"Mark Villanueva, RMT",Laboratory
2025-09-20,Adult,Male,Upper Respiratory Infection,Clinic,Dr. Camille Tan,Check-up
2025-09-20,Adult,Female,Upper Respiratory Infection,Clinic,Dr. Camille Tan,Check-up
2025-09-21,Adult,Male,Complete Blood Count,Laboratory,"Patricia Mendoza, RMT",Laboratory
2025-09-21,Senior,Female,Fasting Blood Sugar,Laboratory,"Angela Reyes, RMT",Laboratory
2025-09-21,Adult,Female,Fasting Blood Sugar,Laboratory,"Carlo Navarro, RMT",Laboratory
2025-09-21,Adult,Male,Fever,Clinic,Dr. Camille Tan,Check-up
2025-09-21,Adult,Male,Gastritis,Clinic,Dr. Victor Manuel,Check-up
2025-09-21,Adult,Male,Gastritis,Clinic,Dr. Elena Bautista,Check-up
2025-09-21,Adult,Female,Gastritis,Clinic,Dr. Victor Manuel,Check-up
2025-09-21,Adult,Male,Preventive Health Check-up,Clinic,Dr. Miguel Fernandez,Check-up
2025-09-22,Adult,Male,Abdominal Pain,Clinic,Dr. Elena Bautista,Check-up
2025-09-22,Adult,Male,Chest X-ray,Radiology,Dr. Sofia Mercado,Imaging
2025-09-22,Adult,Female,Fever,Clinic,Dr. Miguel Fernandez,Check-up
2025-09-22,Adult,Male,Headache,Clinic,Dr. Camille Tan,Check-up
2025-09-22,Senior,Male,Hypertension Monitoring,Clinic,Dr. Elena Bautista,Check-up
2025-09-22,Adult,Male,Pre-Employment Medical Exam,Clinic,Dr. Paolo Rivera,Pre-Employment Checkup
2025-09-22,Adult,Female,Pregnancy Test,Laboratory,"Rafael Torres, RMT",Laboratory
2025-09-22,Adult,Female,Ultrasound,Radiology,Dr. Andrea Sy,Imaging
2025-09-22,Child,Female,Upper Respiratory Infection,Clinic,Dr. Ana Lopez,Check-up
2025-09-22,Child,Female,Urinalysis,Laboratory,"Rafael Torres, RMT",Laboratory
2025-09-22,Adult,Male,Urinalysis,Laboratory,"Rafael Torres, RMT",Laboratory
2025-09-22,Senior,Male,Urinary Tract Infection,Clinic,Dr. Ana Lopez,Check-up
2025-09-23,Child,Male,Creatinine,Laboratory,"Mark Villanueva, RMT",Laboratory
2025-09-23,Child,Male,Fever,Clinic,Dr. Camille Tan,Check-up
2025-09-23,Adult,Female,Hypertension Monitoring,Clinic,Dr. Elena Bautista,Check-up
2025-09-23,Senior,Female,Hypertension Monitoring,Clinic,Dr. Victor Manuel,Check-up
2025-09-23,Adult,Female,Thyroid Function Test,Laboratory,"Patricia Mendoza, RMT",Laboratory
2025-09-23,Child,Female,Upper Respiratory Infection,Clinic,Dr. Camille Tan,Check-up
2025-09-23,Adult,Female,Upper Respiratory Infection,Clinic,Dr. Paolo Rivera,Check-up
2025-09-24,Adult,Female,2D Echo,Cardiology,Dr. Paolo Rivera,Cardiology
2025-09-24,Senior,Female,Abdominal Pain,Clinic,Dr. Victor Manuel,Check-up
2025-09-24,Adult,Male,Asthma Monitoring,Clinic,Dr. Elena Bautista,Check-up
2025-09-24,Adult,Female,Diabetes Mellitus Monitoring,Clinic,Dr. Elena Bautista,Check-up
2025-09-24,Adult,Male,Fasting Blood Sugar,Laboratory,"Joanna Lim, RMT",Laboratory
2025-09-24,Adult,Female,Fecalysis,Laboratory,"Rafael Torres, RMT",Laboratory
2025-09-24,Senior,Female,Fever,Clinic,Dr. Miguel Fernandez,Check-up
2025-09-24,Adult,Male,Pre-Employment Medical Exam,Clinic,Dr. Ana Lopez,Pre-Employment Checkup
2025-09-24,Adult,Female,Pregnancy Test,Laboratory,"Mark Villanueva, RMT",Laboratory
2025-09-24,Adult,Male,Vaccination,Clinic,Dr. Ana Lopez,Vaccination
2025-09-25,Adult,Female,Complete Blood Count,Laboratory,"Carlo Navarro, RMT",Laboratory
2025-09-25,Adult,Male,Diabetes Mellitus Monitoring,Clinic,Dr. Victor Manuel,Check-up
2025-09-25,Child,Male,Home Service Laboratory,Home Service,"Joanna Lim, RMT",Home Service
2025-09-25,Adult,Male,Pre-Employment Medical Exam,Clinic,Dr. Paolo Rivera,Pre-Employment Checkup
2025-09-25,Senior,Male,Ultrasound,Radiology,Dr. Andrea Sy,Imaging
2025-09-25,Adult,Male,Upper Respiratory Infection,Clinic,Dr. Camille Tan,Check-up
2025-09-25,Adult,Male,Upper Respiratory Infection,Clinic,Dr. Paolo Rivera,Check-up
2025-09-26,Adult,Female,Annual Physical Examination,Annual Physical Examination,Dr. Miguel Fernandez,Annual Physical Examination
2025-09-26,Adult,Female,Dermatitis and Allergy,Clinic,Dr. Ana Lopez,Check-up
2025-09-26,Adult,Male,Electrocardiography,Cardiology,Dr. Paolo Rivera,Cardiology
2025-09-26,Child,Male,Fasting Blood Sugar,Laboratory,"Carlo Navarro, RMT",Laboratory
2025-09-26,Adult,Male,Fasting Blood Sugar,Laboratory,"Rafael Torres, RMT",Laboratory
2025-09-26,Adult,Female,Upper Respiratory Infection,Clinic,Dr. Camille Tan,Check-up
2025-09-27,Adult,Female,Asthma Monitoring,Clinic,Dr. Victor Manuel,Check-up
2025-09-27,Adult,Female,Chest X-ray,Radiology,Dr. Henry Ong,Imaging
2025-09-27,Adult,Female,Gastritis,Clinic,Dr. Victor Manuel,Check-up
2025-09-27,Adult,Female,Pregnancy Test,Laboratory,"Carlo Navarro, RMT",Laboratory
2025-09-27,Adult,Female,Preventive Health Check-up,Clinic,Dr. Ana Lopez,Check-up
2025-09-27,Adult,Female,Thyroid Function Test,Laboratory,"Joanna Lim, RMT",Laboratory
2025-09-27,Adult,Male,Ultrasound,Radiology,Dr. Henry Ong,Imaging
2025-09-27,Adult,Female,Upper Respiratory Infection,Clinic,Dr. Miguel Fernandez,Check-up
2025-09-27,Adult,Female,Urinalysis,Laboratory,"Angela Reyes, RMT",Laboratory
2025-09-27,Child,Male,Urinalysis,Laboratory,"Rafael Torres, RMT",Laboratory
2025-09-28,Adult,Female,Asthma Monitoring,Clinic,Dr. Victor Manuel,Check-up
2025-09-28,Senior,Female,Diabetes Mellitus Monitoring,Clinic,Dr. Elena Bautista,Check-up
2025-09-28,Senior,Male,Diabetes Mellitus Monitoring,Clinic,Dr. Elena Bautista,Check-up
2025-09-28,Child,Male,Fever,Clinic,Dr. Ana Lopez,Check-up
2025-09-28,Adult,Female,Gastritis,Clinic,Dr. Elena Bautista,Check-up
2025-09-28,Senior,Male,Hypertension Monitoring,Clinic,Dr. Elena Bautista,Check-up
2025-09-28,Senior,Female,Hypertension Monitoring,Clinic,Dr. Elena Bautista,Check-up
2025-09-28,Child,Male,Ultrasound,Radiology,Dr. Henry Ong,Imaging
2025-09-29,Senior,Male,Abdominal Pain,Clinic,Dr. Elena Bautista,Check-up
2025-09-29,Adult,Male,Abdominal Pain,Clinic,Dr. Victor Manuel,Check-up
2025-09-29,Adult,Male,Complete Blood Count,Laboratory,"Patricia Mendoza, RMT",Laboratory
2025-09-29,Adult,Female,Creatinine,Laboratory,"Joanna Lim, RMT",Laboratory
2025-09-29,Adult,Female,Diabetes Mellitus Monitoring,Clinic,Dr. Victor Manuel,Check-up
2025-09-29,Adult,Male,Drug Testing,Drug Testing,"Patricia Mendoza, RMT",Drug Testing
2025-09-29,Child,Male,Fever,Clinic,Dr. Ana Lopez,Check-up
2025-09-29,Adult,Male,Hypertension Monitoring,Clinic,Dr. Victor Manuel,Check-up
2025-09-29,Adult,Male,Pre-Employment Medical Exam,Clinic,Dr. Ana Lopez,Pre-Employment Checkup
2025-09-29,Adult,Female,Preventive Health Check-up,Clinic,Dr. Paolo Rivera,Check-up
2025-09-29,Child,Male,Routine Medical Consultation,Clinic,Dr. Camille Tan,Check-up
2025-09-29,Child,Male,SGPT,Laboratory,"Joanna Lim, RMT",Laboratory
2025-09-29,Adult,Female,Vascular Study,Radiology,Dr. Andrea Sy,Imaging
2025-09-30,Adult,Female,Creatinine,Laboratory,"Angela Reyes, RMT",Laboratory
2025-09-30,Senior,Male,Fasting Blood Sugar,Laboratory,"Rafael Torres, RMT",Laboratory
2025-09-30,Senior,Female,Fever,Clinic,Dr. Paolo Rivera,Check-up
2025-09-30,Child,Female,Fever,Clinic,Dr. Camille Tan,Check-up
2025-09-30,Child,Female,Fever,Clinic,Dr. Miguel Fernandez,Check-up
2025-09-30,Adult,Female,Pre-Employment Medical Exam,Clinic,Dr. Camille Tan,Pre-Employment Checkup
2025-09-30,Adult,Female,Pregnancy Test,Laboratory,"Rafael Torres, RMT",Laboratory
2025-09-30,Child,Male,Urinalysis,Laboratory,"Carlo Navarro, RMT",Laboratory
2025-09-30,Adult,Male,Urinary Tract Infection,Clinic,Dr. Ana Lopez,Check-up
2025-10-01,Senior,Female,Asthma Monitoring,Clinic,Dr. Elena Bautista,Check-up
2025-10-01,Adult,Female,Hypertension Monitoring,Clinic,Dr. Victor Manuel,Check-up
2025-10-01,Adult,Female,Ultrasound,Radiology,Dr. Andrea Sy,Imaging
2025-10-01,Child,Male,Upper Respiratory Infection,Clinic,Dr. Miguel Fernandez,Check-up
2025-10-01,Adult,Male,Urinalysis,Laboratory,"Joanna Lim, RMT",Laboratory
2025-10-02,Senior,Female,Chest X-ray,Radiology,Dr. Henry Ong,Imaging
2025-10-02,Adult,Male,Complete Blood Count,Laboratory,"Patricia Mendoza, RMT",Laboratory
2025-10-02,Senior,Female,Fasting Blood Sugar,Laboratory,"Mark Villanueva, RMT",Laboratory
2025-10-02,Adult,Male,Fecalysis,Laboratory,"Carlo Navarro, RMT",Laboratory
2025-10-02,Adult,Male,Home Service Laboratory,Home Service,"Patricia Mendoza, RMT",Home Service
2025-10-02,Adult,Male,Hypertension Monitoring,Clinic,Dr. Victor Manuel,Check-up
2025-10-02,Adult,Female,Lipid Profile,Laboratory,"Angela Reyes, RMT",Laboratory
2025-10-02,Adult,Female,Pregnancy Test,Laboratory,"Patricia Mendoza, RMT",Laboratory
2025-10-02,Child,Male,Preventive Health Check-up,Clinic,Dr. Camille Tan,Check-up
2025-10-03,Adult,Male,Complete Blood Count,Laboratory,"Carlo Navarro, RMT",Laboratory
2025-10-03,Senior,Male,Complete Blood Count,Laboratory,"Patricia Mendoza, RMT",Laboratory
2025-10-03,Child,Female,Creatinine,Laboratory,"Carlo Navarro, RMT",Laboratory
2025-10-03,Adult,Male,Dermatitis and Allergy,Clinic,Dr. Paolo Rivera,Check-up
2025-10-03,Adult,Female,Diabetes Mellitus Monitoring,Clinic,Dr. Victor Manuel,Check-up
2025-10-03,Senior,Male,Electrocardiography,Cardiology,Dr. Miguel Fernandez,Cardiology
2025-10-03,Senior,Male,Hypertension Monitoring,Clinic,Dr. Victor Manuel,Check-up
2025-10-03,Adult,Female,SGPT,Laboratory,"Mark Villanueva, RMT",Laboratory
2025-10-03,Senior,Female,Vascular Study,Radiology,Dr. Andrea Sy,Imaging
2025-10-04,Child,Female,Chest X-ray,Radiology,Dr. Sofia Mercado,Imaging
2025-10-04,Adult,Female,Complete Blood Count,Laboratory,"Angela Reyes, RMT",Laboratory
2025-10-04,Adult,Male,Dermatitis and Allergy,Clinic,Dr. Camille Tan,Check-up
2025-10-04,Adult,Female,Diabetes Mellitus Monitoring,Clinic,Dr. Victor Manuel,Check-up
2025-10-04,Adult,Female,Drug Testing,Drug Testing,"Mark Villanueva, RMT",Drug Testing
2025-10-04,Adult,Female,Fecalysis,Laboratory,"Rafael Torres, RMT",Laboratory
2025-10-04,Adult,Male,Fever,Clinic,Dr. Miguel Fernandez,Check-up
2025-10-04,Senior,Female,Hypertension Monitoring,Clinic,Dr. Elena Bautista,Check-up
2025-10-04,Senior,Male,Hypertension Monitoring,Clinic,Dr. Elena Bautista,Check-up
2025-10-04,Child,Male,SGPT,Laboratory,"Joanna Lim, RMT",Laboratory
2025-10-04,Adult,Male,Ultrasound,Radiology,Dr. Henry Ong,Imaging
2025-10-04,Senior,Male,Upper Respiratory Infection,Clinic,Dr. Miguel Fernandez,Check-up
2025-10-04,Adult,Female,Upper Respiratory Infection,Clinic,Dr. Miguel Fernandez,Check-up
2025-10-05,Adult,Male,Blood Chemistry,Laboratory,"Mark Villanueva, RMT",Laboratory
2025-10-05,Adult,Female,Diabetes Mellitus Monitoring,Clinic,Dr. Victor Manuel,Check-up
2025-10-05,Senior,Female,Diabetes Mellitus Monitoring,Clinic,Dr. Victor Manuel,Check-up
2025-10-05,Adult,Female,Fasting Blood Sugar,Laboratory,"Joanna Lim, RMT",Laboratory
2025-10-05,Child,Male,Headache,Clinic,Dr. Miguel Fernandez,Check-up
2025-10-05,Adult,Male,Pre-Employment Medical Exam,Clinic,Dr. Miguel Fernandez,Pre-Employment Checkup
2025-10-05,Adult,Male,Pregnancy Test,Laboratory,"Mark Villanueva, RMT",Laboratory
2025-10-05,Adult,Female,Preventive Health Check-up,Clinic,Dr. Camille Tan,Check-up
2025-10-05,Adult,Female,Thyroid Function Test,Laboratory,"Mark Villanueva, RMT",Laboratory
2025-10-05,Child,Female,Thyroid Function Test,Laboratory,"Carlo Navarro, RMT",Laboratory
2025-10-05,Adult,Male,Vaccination,Clinic,Dr. Paolo Rivera,Vaccination
2025-10-06,Child,Male,Asthma Monitoring,Clinic,Dr. Victor Manuel,Check-up
2025-10-06,Adult,Male,Electrocardiography,Cardiology,Dr. Camille Tan,Cardiology
2025-10-06,Adult,Female,Home Service Laboratory,Home Service,"Joanna Lim, RMT",Home Service
2025-10-06,Adult,Female,Hypertension Monitoring,Clinic,Dr. Elena Bautista,Check-up
2025-10-06,Adult,Female,Hypertension Monitoring,Clinic,Dr. Victor Manuel,Check-up
2025-10-06,Adult,Female,Pregnancy Test,Laboratory,"Angela Reyes, RMT",Laboratory
2025-10-06,Adult,Male,Routine Medical Consultation,Clinic,Dr. Paolo Rivera,Check-up
2025-10-06,Adult,Female,Urinalysis,Laboratory,"Patricia Mendoza, RMT",Laboratory
2025-10-06,Adult,Male,Urinalysis,Laboratory,"Mark Villanueva, RMT",Laboratory
2025-10-06,Adult,Male,Vascular Study,Radiology,Dr. Henry Ong,Imaging
2025-10-06,Senior,Male,Vascular Study,Radiology,Dr. Henry Ong,Imaging
2025-10-07,Adult,Male,Dermatitis and Allergy,Clinic,Dr. Paolo Rivera,Check-up
2025-10-07,Adult,Male,Fasting Blood Sugar,Laboratory,"Joanna Lim, RMT",Laboratory
2025-10-07,Adult,Female,Gastritis,Clinic,Dr. Elena Bautista,Check-up
2025-10-07,Adult,Female,Headache,Clinic,Dr. Paolo Rivera,Check-up
2025-10-07,Child,Male,Urinary Tract Infection,Clinic,Dr. Ana Lopez,Check-up
2025-10-08,Adult,Female,Diabetes Mellitus Monitoring,Clinic,Dr. Victor Manuel,Check-up
2025-10-08,Senior,Female,Fever,Clinic,Dr. Ana Lopez,Check-up
2025-10-08,Adult,Female,Gastritis,Clinic,Dr. Elena Bautista,Check-up
2025-10-08,Adult,Male,Hypertension Monitoring,Clinic,Dr. Victor Manuel,Check-up
2025-10-08,Adult,Male,Routine Medical Consultation,Clinic,Dr. Miguel Fernandez,Check-up
2025-10-08,Adult,Female,SGPT,Laboratory,"Carlo Navarro, RMT",Laboratory
2025-10-08,Child,Male,Urinary Tract Infection,Clinic,Dr. Paolo Rivera,Check-up
2025-10-09,Senior,Male,2D Echo,Cardiology,Dr. Paolo Rivera,Cardiology
2025-10-09,Adult,Female,Asthma Monitoring,Clinic,Dr. Victor Manuel,Check-up
2025-10-09,Adult,Female,Chest X-ray,Radiology,Dr. Sofia Mercado,Imaging
2025-10-09,Adult,Female,Hypertension Monitoring,Clinic,Dr. Elena Bautista,Check-up
2025-10-09,Senior,Male,Hypertension Monitoring,Clinic,Dr. Elena Bautista,Check-up
2025-10-09,Adult,Male,Lipid Profile,Laboratory,"Rafael Torres, RMT",Laboratory
2025-10-09,Adult,Male,Pregnancy Test,Laboratory,"Rafael Torres, RMT",Laboratory
2025-10-09,Adult,Female,Routine Medical Consultation,Clinic,Dr. Ana Lopez,Check-up
2025-10-09,Child,Male,Thyroid Function Test,Laboratory,"Joanna Lim, RMT",Laboratory
2025-10-09,Adult,Male,Upper Respiratory Infection,Clinic,Dr. Paolo Rivera,Check-up
2025-10-09,Adult,Female,Upper Respiratory Infection,Clinic,Dr. Ana Lopez,Check-up
2025-10-09,Child,Male,Urinalysis,Laboratory,"Joanna Lim, RMT",Laboratory
2025-10-09,Senior,Male,Vascular Study,Radiology,Dr. Andrea Sy,Imaging
2025-10-10,Adult,Male,Blood Chemistry,Laboratory,"Joanna Lim, RMT",Laboratory
2025-10-10,Adult,Female,Fasting Blood Sugar,Laboratory,"Patricia Mendoza, RMT",Laboratory
2025-10-10,Child,Male,Fecalysis,Laboratory,"Carlo Navarro, RMT",Laboratory
2025-10-10,Adult,Male,Fever,Clinic,Dr. Miguel Fernandez,Check-up
2025-10-10,Adult,Male,Fever,Clinic,Dr. Camille Tan,Check-up
2025-10-10,Adult,Female,Hypertension Monitoring,Clinic,Dr. Elena Bautista,Check-up
2025-10-10,Adult,Male,Lipid Profile,Laboratory,"Angela Reyes, RMT",Laboratory
2025-10-10,Child,Female,Lipid Profile,Laboratory,"Angela Reyes, RMT",Laboratory
2025-10-10,Senior,Female,Ultrasound,Radiology,Dr. Andrea Sy,Imaging
2025-10-10,Adult,Male,Urinary Tract Infection,Clinic,Dr. Miguel Fernandez,Check-up
2025-10-11,Adult,Female,Complete Blood Count,Laboratory,"Joanna Lim, RMT",Laboratory
2025-10-11,Child,Male,Dermatitis and Allergy,Clinic,Dr. Miguel Fernandez,Check-up
2025-10-11,Adult,Female,Fecalysis,Laboratory,"Rafael Torres, RMT",Laboratory
2025-10-11,Adult,Male,Hypertension Monitoring,Clinic,Dr. Victor Manuel,Check-up
2025-10-11,Adult,Female,Hypertension Monitoring,Clinic,Dr. Elena Bautista,Check-up
2025-10-11,Adult,Male,Pre-Employment Medical Exam,Clinic,Dr. Paolo Rivera,Pre-Employment Checkup
2025-10-11,Adult,Female,Upper Respiratory Infection,Clinic,Dr. Miguel Fernandez,Check-up
2025-10-11,Child,Male,Urinary Tract Infection,Clinic,Dr. Ana Lopez,Check-up
2025-10-12,Adult,Male,2D Echo,Cardiology,Dr. Ana Lopez,Cardiology
2025-10-12,Adult,Female,Abdominal Pain,Clinic,Dr. Victor Manuel,Check-up
2025-10-12,Adult,Female,Annual Physical Examination,Annual Physical Examination,Dr. Paolo Rivera,Annual Physical Examination
2025-10-12,Child,Male,Chest X-ray,Radiology,Dr. Sofia Mercado,Imaging
2025-10-12,Adult,Female,Creatinine,Laboratory,"Patricia Mendoza, RMT",Laboratory
2025-10-12,Senior,Female,Dermatitis and Allergy,Clinic,Dr. Ana Lopez,Check-up
2025-10-12,Senior,Male,Diabetes Mellitus Monitoring,Clinic,Dr. Elena Bautista,Check-up
2025-10-12,Adult,Male,Diabetes Mellitus Monitoring,Clinic,Dr. Elena Bautista,Check-up
2025-10-12,Adult,Male,Hypertension Monitoring,Clinic,Dr. Victor Manuel,Check-up
2025-10-13,Adult,Male,2D Echo,Cardiology,Dr. Ana Lopez,Cardiology
2025-10-13,Adult,Female,Asthma Monitoring,Clinic,Dr. Victor Manuel,Check-up
2025-10-13,Senior,Female,Blood Chemistry,Laboratory,"Patricia Mendoza, RMT",Laboratory
2025-10-13,Adult,Male,Complete Blood Count,Laboratory,"Carlo Navarro, RMT",Laboratory
2025-10-13,Child,Male,Complete Blood Count,Laboratory,"Patricia Mendoza, RMT",Laboratory
2025-10-13,Adult,Female,Diabetes Mellitus Monitoring,Clinic,Dr. Elena Bautista,Check-up
2025-10-13,Adult,Male,Diabetes Mellitus Monitoring,Clinic,Dr. Victor Manuel,Check-up
2025-10-13,Adult,Female,Fasting Blood Sugar,Laboratory,"Angela Reyes, RMT",Laboratory
2025-10-13,Adult,Male,Fecalysis,Laboratory,"Joanna Lim, RMT",Laboratory
2025-10-13,Adult,Male,Hepatitis Screening,Laboratory,"Mark Villanueva, RMT",Laboratory
2025-10-13,Adult,Male,Hypertension Monitoring,Clinic,Dr. Elena Bautista,Check-up
2025-10-13,Adult,Male,Lipid Profile,Laboratory,"Joanna Lim, RMT",Laboratory
2025-10-13,Adult,Male,Lipid Profile,Laboratory,"Patricia Mendoza, RMT",Laboratory
2025-10-13,Adult,Male,Lipid Profile,Laboratory,"Mark Villanueva, RMT",Laboratory
2025-10-13,Adult,Male,Preventive Health Check-up,Clinic,Dr. Paolo Rivera,Check-up
2025-10-14,Adult,Male,Abdominal Pain,Clinic,Dr. Elena Bautista,Check-up
2025-10-14,Adult,Male,Annual Physical Examination,Annual Physical Examination,Dr. Paolo Rivera,Annual Physical Examination
2025-10-14,Adult,Male,Complete Blood Count,Laboratory,"Mark Villanueva, RMT",Laboratory
2025-10-14,Adult,Female,Fecalysis,Laboratory,"Angela Reyes, RMT",Laboratory
2025-10-14,Adult,Male,Gastritis,Clinic,Dr. Victor Manuel,Check-up
2025-10-14,Adult,Female,Hypertension Monitoring,Clinic,Dr. Victor Manuel,Check-up
2025-10-14,Senior,Female,Hypertension Monitoring,Clinic,Dr. Elena Bautista,Check-up
2025-10-14,Child,Female,Lipid Profile,Laboratory,"Joanna Lim, RMT",Laboratory
2025-10-14,Child,Male,Urinary Tract Infection,Clinic,Dr. Miguel Fernandez,Check-up
2025-10-15,Child,Male,Creatinine,Laboratory,"Mark Villanueva, RMT",Laboratory
2025-10-15,Adult,Male,Drug Testing,Drug Testing,"Mark Villanueva, RMT",Drug Testing
2025-10-15,Child,Female,Fasting Blood Sugar,Laboratory,"Rafael Torres, RMT",Laboratory
2025-10-16,Adult,Male,Abdominal Pain,Clinic,Dr. Elena Bautista,Check-up
2025-10-16,Child,Female,Complete Blood Count,Laboratory,"Rafael Torres, RMT",Laboratory
2025-10-16,Adult,Female,Drug Testing,Drug Testing,"Rafael Torres, RMT",Drug Testing
2025-10-16,Adult,Male,Gastritis,Clinic,Dr. Elena Bautista,Check-up
2025-10-16,Adult,Male,Home Service Laboratory,Home Service,"Mark Villanueva, RMT",Home Service
2025-10-16,Senior,Male,Hypertension Monitoring,Clinic,Dr. Elena Bautista,Check-up
2025-10-16,Child,Male,Upper Respiratory Infection,Clinic,Dr. Paolo Rivera,Check-up
2025-10-16,Child,Female,Urinary Tract Infection,Clinic,Dr. Miguel Fernandez,Check-up
2025-10-16,Adult,Male,Vaccination,Clinic,Dr. Camille Tan,Vaccination
2025-10-17,Senior,Female,2D Echo,Cardiology,Dr. Paolo Rivera,Cardiology
2025-10-17,Child,Female,Annual Physical Examination,Annual Physical Examination,Dr. Ana Lopez,Annual Physical Examination
2025-10-17,Adult,Female,Chest X-ray,Radiology,Dr. Andrea Sy,Imaging
2025-10-17,Child,Male,Creatinine,Laboratory,"Patricia Mendoza, RMT",Laboratory
2025-10-17,Adult,Male,Diabetes Mellitus Monitoring,Clinic,Dr. Elena Bautista,Check-up
2025-10-17,Senior,Female,Fasting Blood Sugar,Laboratory,"Rafael Torres, RMT",Laboratory
2025-10-17,Adult,Female,Gastritis,Clinic,Dr. Elena Bautista,Check-up
2025-10-17,Senior,Female,Hypertension Monitoring,Clinic,Dr. Elena Bautista,Check-up
2025-10-18,Senior,Female,2D Echo,Cardiology,Dr. Ana Lopez,Cardiology
2025-10-18,Adult,Female,Asthma Monitoring,Clinic,Dr. Elena Bautista,Check-up
2025-10-18,Child,Female,Complete Blood Count,Laboratory,"Joanna Lim, RMT",Laboratory
2025-10-18,Adult,Male,Hypertension Monitoring,Clinic,Dr. Elena Bautista,Check-up
2025-10-18,Adult,Female,Pre-Employment Medical Exam,Clinic,Dr. Camille Tan,Pre-Employment Checkup
2025-10-18,Adult,Male,Routine Medical Consultation,Clinic,Dr. Camille Tan,Check-up
2025-10-18,Senior,Male,SGPT,Laboratory,"Joanna Lim, RMT",Laboratory
2025-10-18,Child,Female,Ultrasound,Radiology,Dr. Sofia Mercado,Imaging
2025-10-18,Adult,Female,Upper Respiratory Infection,Clinic,Dr. Ana Lopez,Check-up
2025-10-18,Adult,Male,Upper Respiratory Infection,Clinic,Dr. Paolo Rivera,Check-up
2025-10-18,Child,Male,Urinalysis,Laboratory,"Patricia Mendoza, RMT",Laboratory
2025-10-18,Adult,Female,Urinalysis,Laboratory,"Rafael Torres, RMT",Laboratory
2025-10-19,Child,Female,Gastritis,Clinic,Dr. Elena Bautista,Check-up
2025-10-19,Adult,Male,Headache,Clinic,Dr. Camille Tan,Check-up
2025-10-19,Senior,Male,Hypertension Monitoring,Clinic,Dr. Victor Manuel,Check-up
2025-10-19,Adult,Male,Lipid Profile,Laboratory,"Angela Reyes, RMT",Laboratory
2025-10-19,Adult,Male,Preventive Health Check-up,Clinic,Dr. Paolo Rivera,Check-up
2025-10-19,Adult,Male,Ultrasound,Radiology,Dr. Henry Ong,Imaging
2025-10-19,Adult,Male,Urinary Tract Infection,Clinic,Dr. Miguel Fernandez,Check-up
2025-10-20,Adult,Male,Abdominal Pain,Clinic,Dr. Victor Manuel,Check-up
2025-10-20,Senior,Female,Blood Chemistry,Laboratory,"Mark Villanueva, RMT",Laboratory
2025-10-20,Senior,Female,Dermatitis and Allergy,Clinic,Dr. Miguel Fernandez,Check-up
2025-10-20,Adult,Male,Home Service Laboratory,Home Service,"Rafael Torres, RMT",Home Service
2025-10-20,Child,Male,Routine Medical Consultation,Clinic,Dr. Ana Lopez,Check-up
2025-10-20,Adult,Female,Upper Respiratory Infection,Clinic,Dr. Ana Lopez,Check-up
2025-10-21,Adult,Female,Diabetes Mellitus Monitoring,Clinic,Dr. Victor Manuel,Check-up
2025-10-21,Adult,Female,Fasting Blood Sugar,Laboratory,"Angela Reyes, RMT",Laboratory
2025-10-21,Adult,Female,Fecalysis,Laboratory,"Joanna Lim, RMT",Laboratory
2025-10-21,Adult,Male,Hepatitis Screening,Laboratory,"Patricia Mendoza, RMT",Laboratory
2025-10-21,Adult,Male,Routine Medical Consultation,Clinic,Dr. Ana Lopez,Check-up
2025-10-21,Adult,Male,Urinalysis,Laboratory,"Angela Reyes, RMT",Laboratory
2025-10-22,Adult,Female,Blood Chemistry,Laboratory,"Angela Reyes, RMT",Laboratory
2025-10-22,Senior,Male,Diabetes Mellitus Monitoring,Clinic,Dr. Elena Bautista,Check-up
2025-10-22,Adult,Female,Drug Testing,Drug Testing,"Carlo Navarro, RMT",Drug Testing
2025-10-22,Adult,Male,Electrocardiography,Cardiology,Dr. Camille Tan,Cardiology
2025-10-22,Child,Female,Hepatitis Screening,Laboratory,"Patricia Mendoza, RMT",Laboratory
2025-10-22,Adult,Male,Hypertension Monitoring,Clinic,Dr. Elena Bautista,Check-up
2025-10-22,Adult,Male,Pre-Employment Medical Exam,Clinic,Dr. Camille Tan,Pre-Employment Checkup
2025-10-22,Adult,Female,Pregnancy Test,Laboratory,"Carlo Navarro, RMT",Laboratory
2025-10-22,Adult,Male,Urinalysis,Laboratory,"Mark Villanueva, RMT",Laboratory
2025-10-23,Adult,Female,Abdominal Pain,Clinic,Dr. Elena Bautista,Check-up
2025-10-23,Child,Male,Blood Chemistry,Laboratory,"Rafael Torres, RMT",Laboratory
2025-10-23,Adult,Male,Blood Chemistry,Laboratory,"Carlo Navarro, RMT",Laboratory
2025-10-23,Adult,Male,Fasting Blood Sugar,Laboratory,"Patricia Mendoza, RMT",Laboratory
2025-10-23,Adult,Female,Gastritis,Clinic,Dr. Victor Manuel,Check-up
2025-10-23,Adult,Male,Pregnancy Test,Laboratory,"Rafael Torres, RMT",Laboratory
2025-10-23,Adult,Male,Pregnancy Test,Laboratory,"Carlo Navarro, RMT",Laboratory
2025-10-23,Adult,Female,Urinalysis,Laboratory,"Mark Villanueva, RMT",Laboratory
2025-10-23,Adult,Male,Urinary Tract Infection,Clinic,Dr. Ana Lopez,Check-up
2025-10-23,Senior,Male,Vaccination,Clinic,Dr. Camille Tan,Vaccination
2025-10-24,Adult,Male,Annual Physical Examination,Annual Physical Examination,Dr. Camille Tan,Annual Physical Examination
2025-10-24,Adult,Female,Blood Chemistry,Laboratory,"Mark Villanueva, RMT",Laboratory
2025-10-24,Child,Female,Blood Chemistry,Laboratory,"Rafael Torres, RMT",Laboratory
2025-10-24,Senior,Female,Hypertension Monitoring,Clinic,Dr. Victor Manuel,Check-up
2025-10-25,Adult,Male,Abdominal Pain,Clinic,Dr. Victor Manuel,Check-up
2025-10-25,Adult,Female,Fasting Blood Sugar,Laboratory,"Mark Villanueva, RMT",Laboratory
2025-10-25,Senior,Male,Hypertension Monitoring,Clinic,Dr. Victor Manuel,Check-up
2025-10-25,Senior,Male,Hypertension Monitoring,Clinic,Dr. Elena Bautista,Check-up
2025-10-25,Adult,Male,Pregnancy Test,Laboratory,"Patricia Mendoza, RMT",Laboratory
2025-10-25,Adult,Male,Pregnancy Test,Laboratory,"Rafael Torres, RMT",Laboratory
2025-10-25,Adult,Male,Pregnancy Test,Laboratory,"Carlo Navarro, RMT",Laboratory
2025-10-25,Child,Female,Routine Medical Consultation,Clinic,Dr. Camille Tan,Check-up
2025-10-25,Adult,Female,Urinalysis,Laboratory,"Rafael Torres, RMT",Laboratory
2025-10-26,Adult,Male,Annual Physical Examination,Annual Physical Examination,Dr. Miguel Fernandez,Annual Physical Examination
2025-10-26,Adult,Male,Chest X-ray,Radiology,Dr. Andrea Sy,Imaging
2025-10-26,Adult,Male,Creatinine,Laboratory,"Rafael Torres, RMT",Laboratory
2025-10-26,Adult,Female,Diabetes Mellitus Monitoring,Clinic,Dr. Victor Manuel,Check-up
2025-10-26,Adult,Male,Hepatitis Screening,Laboratory,"Angela Reyes, RMT",Laboratory
2025-10-26,Adult,Male,Lipid Profile,Laboratory,"Joanna Lim, RMT",Laboratory
2025-10-26,Child,Male,Lipid Profile,Laboratory,"Rafael Torres, RMT",Laboratory
2025-10-26,Adult,Male,Ultrasound,Radiology,Dr. Sofia Mercado,Imaging
2025-10-26,Child,Female,Urinalysis,Laboratory,"Carlo Navarro, RMT",Laboratory
2025-10-27,Senior,Male,Blood Chemistry,Laboratory,"Joanna Lim, RMT",Laboratory
2025-10-27,Senior,Male,Dermatitis and Allergy,Clinic,Dr. Miguel Fernandez,Check-up
2025-10-27,Adult,Female,Gastritis,Clinic,Dr. Victor Manuel,Check-up
2025-10-27,Adult,Female,Hepatitis Screening,Laboratory,"Mark Villanueva, RMT",Laboratory
2025-10-27,Adult,Female,Lipid Profile,Laboratory,"Joanna Lim, RMT",Laboratory
2025-10-27,Adult,Male,Ultrasound,Radiology,Dr. Henry Ong,Imaging
2025-10-28,Child,Female,Asthma Monitoring,Clinic,Dr. Victor Manuel,Check-up
2025-10-28,Adult,Female,Blood Chemistry,Laboratory,"Mark Villanueva, RMT",Laboratory
2025-10-28,Adult,Male,Complete Blood Count,Laboratory,"Mark Villanueva, RMT",Laboratory
2025-10-28,Adult,Male,Drug Testing,Drug Testing,"Joanna Lim, RMT",Drug Testing
2025-10-28,Adult,Male,Fecalysis,Laboratory,"Patricia Mendoza, RMT",Laboratory
2025-10-28,Adult,Female,Gastritis,Clinic,Dr. Elena Bautista,Check-up
2025-10-28,Senior,Female,Hypertension Monitoring,Clinic,Dr. Victor Manuel,Check-up
2025-10-28,Adult,Female,Lipid Profile,Laboratory,"Patricia Mendoza, RMT",Laboratory
2025-10-28,Adult,Male,Pregnancy Test,Laboratory,"Angela Reyes, RMT",Laboratory
2025-10-28,Adult,Male,Thyroid Function Test,Laboratory,"Angela Reyes, RMT",Laboratory
2025-10-28,Senior,Female,Vaccination,Clinic,Dr. Miguel Fernandez,Vaccination
2025-10-29,Senior,Female,Diabetes Mellitus Monitoring,Clinic,Dr. Victor Manuel,Check-up
2025-10-29,Adult,Male,Drug Testing,Drug Testing,"Rafael Torres, RMT",Drug Testing
2025-10-29,Adult,Female,Gastritis,Clinic,Dr. Victor Manuel,Check-up
2025-10-29,Adult,Male,Home Service Laboratory,Home Service,"Rafael Torres, RMT",Home Service
2025-10-30,Adult,Male,Complete Blood Count,Laboratory,"Carlo Navarro, RMT",Laboratory
2025-10-30,Adult,Female,Headache,Clinic,Dr. Ana Lopez,Check-up
2025-10-30,Adult,Female,Hypertension Monitoring,Clinic,Dr. Victor Manuel,Check-up
2025-10-30,Child,Female,Upper Respiratory Infection,Clinic,Dr. Camille Tan,Check-up
2025-10-30,Child,Male,Urinalysis,Laboratory,"Patricia Mendoza, RMT",Laboratory
2025-10-30,Adult,Male,Urinalysis,Laboratory,"Angela Reyes, RMT",Laboratory
2025-10-31,Adult,Female,Annual Physical Examination,Annual Physical Examination,Dr. Ana Lopez,Annual Physical Examination
2025-10-31,Adult,Female,Chest X-ray,Radiology,Dr. Andrea Sy,Imaging
2025-10-31,Adult,Female,Creatinine,Laboratory,"Mark Villanueva, RMT",Laboratory
2025-10-31,Adult,Female,Fasting Blood Sugar,Laboratory,"Carlo Navarro, RMT",Laboratory
2025-10-31,Adult,Female,Fasting Blood Sugar,Laboratory,"Mark Villanueva, RMT",Laboratory
2025-10-31,Adult,Male,Home Service Laboratory,Home Service,"Angela Reyes, RMT",Home Service
2025-10-31,Senior,Female,Hypertension Monitoring,Clinic,Dr. Victor Manuel,Check-up
2025-10-31,Child,Male,Thyroid Function Test,Laboratory,"Rafael Torres, RMT",Laboratory
2025-10-31,Adult,Male,Urinalysis,Laboratory,"Mark Villanueva, RMT",Laboratory
2025-11-01,Adult,Male,Asthma Monitoring,Clinic,Dr. Victor Manuel,Check-up
2025-11-01,Adult,Female,Asthma Monitoring,Clinic,Dr. Elena Bautista,Check-up
2025-11-01,Adult,Female,Chest X-ray,Radiology,Dr. Sofia Mercado,Imaging
2025-11-01,Adult,Male,Diabetes Mellitus Monitoring,Clinic,Dr. Elena Bautista,Check-up
2025-11-01,Adult,Male,Diabetes Mellitus Monitoring,Clinic,Dr. Victor Manuel,Check-up
2025-11-01,Child,Female,Home Service Laboratory,Home Service,"Rafael Torres, RMT",Home Service
2025-11-01,Adult,Male,Pregnancy Test,Laboratory,"Rafael Torres, RMT",Laboratory
2025-11-01,Senior,Male,Preventive Health Check-up,Clinic,Dr. Paolo Rivera,Check-up
2025-11-01,Adult,Female,Urinary Tract Infection,Clinic,Dr. Miguel Fernandez,Check-up
2025-11-02,Adult,Female,Abdominal Pain,Clinic,Dr. Elena Bautista,Check-up
2025-11-02,Adult,Male,Complete Blood Count,Laboratory,"Angela Reyes, RMT",Laboratory
2025-11-02,Adult,Male,Diabetes Mellitus Monitoring,Clinic,Dr. Elena Bautista,Check-up
2025-11-02,Adult,Female,Fasting Blood Sugar,Laboratory,"Joanna Lim, RMT",Laboratory
2025-11-02,Adult,Male,Fasting Blood Sugar,Laboratory,"Mark Villanueva, RMT",Laboratory
2025-11-02,Senior,Female,Fecalysis,Laboratory,"Patricia Mendoza, RMT",Laboratory
2025-11-02,Adult,Female,Fecalysis,Laboratory,"Carlo Navarro, RMT",Laboratory
2025-11-02,Senior,Female,Home Service Laboratory,Home Service,"Angela Reyes, RMT",Home Service
2025-11-02,Adult,Female,Hypertension Monitoring,Clinic,Dr. Victor Manuel,Check-up
2025-11-02,Senior,Male,Hypertension Monitoring,Clinic,Dr. Victor Manuel,Check-up
2025-11-02,Adult,Female,Pre-Employment Medical Exam,Clinic,Dr. Ana Lopez,Pre-Employment Checkup
2025-11-02,Adult,Male,Ultrasound,Radiology,Dr. Henry Ong,Imaging
2025-11-02,Child,Male,Urinalysis,Laboratory,"Angela Reyes, RMT",Laboratory
2025-11-03,Adult,Male,Abdominal Pain,Clinic,Dr. Victor Manuel,Check-up
2025-11-03,Adult,Male,Blood Chemistry,Laboratory,"Joanna Lim, RMT",Laboratory
2025-11-03,Adult,Male,Blood Chemistry,Laboratory,"Rafael Torres, RMT",Laboratory
2025-11-03,Child,Female,Blood Chemistry,Laboratory,"Angela Reyes, RMT",Laboratory
2025-11-03,Senior,Female,Diabetes Mellitus Monitoring,Clinic,Dr. Elena Bautista,Check-up
2025-11-03,Adult,Male,Lipid Profile,Laboratory,"Patricia Mendoza, RMT",Laboratory
2025-11-03,Adult,Female,Upper Respiratory Infection,Clinic,Dr. Ana Lopez,Check-up
2025-11-04,Adult,Male,Diabetes Mellitus Monitoring,Clinic,Dr. Elena Bautista,Check-up
2025-11-04,Child,Female,Fasting Blood Sugar,Laboratory,"Joanna Lim, RMT",Laboratory
2025-11-04,Senior,Male,Gastritis,Clinic,Dr. Victor Manuel,Check-up
2025-11-04,Adult,Female,Headache,Clinic,Dr. Miguel Fernandez,Check-up
2025-11-04,Child,Female,Routine Medical Consultation,Clinic,Dr. Camille Tan,Check-up
2025-11-05,Adult,Female,Abdominal Pain,Clinic,Dr. Victor Manuel,Check-up
2025-11-05,Adult,Male,Asthma Monitoring,Clinic,Dr. Elena Bautista,Check-up
2025-11-05,Adult,Female,Chest X-ray,Radiology,Dr. Sofia Mercado,Imaging
2025-11-05,Adult,Male,Chest X-ray,Radiology,Dr. Sofia Mercado,Imaging
2025-11-05,Adult,Female,Drug Testing,Drug Testing,"Rafael Torres, RMT",Drug Testing
2025-11-05,Adult,Male,Fasting Blood Sugar,Laboratory,"Joanna Lim, RMT",Laboratory
2025-11-05,Child,Male,Fasting Blood Sugar,Laboratory,"Rafael Torres, RMT",Laboratory
2025-11-05,Child,Male,Headache,Clinic,Dr. Miguel Fernandez,Check-up
2025-11-05,Senior,Male,Hypertension Monitoring,Clinic,Dr. Victor Manuel,Check-up
2025-11-05,Adult,Male,Hypertension Monitoring,Clinic,Dr. Victor Manuel,Check-up
2025-11-05,Adult,Male,Pre-Employment Medical Exam,Clinic,Dr. Ana Lopez,Pre-Employment Checkup
2025-11-05,Adult,Female,SGPT,Laboratory,"Joanna Lim, RMT",Laboratory
2025-11-05,Adult,Female,Thyroid Function Test,Laboratory,"Mark Villanueva, RMT",Laboratory
2025-11-05,Adult,Female,Ultrasound,Radiology,Dr. Sofia Mercado,Imaging
2025-11-05,Adult,Female,Upper Respiratory Infection,Clinic,Dr. Miguel Fernandez,Check-up
2025-11-06,Adult,Female,Asthma Monitoring,Clinic,Dr. Elena Bautista,Check-up
2025-11-06,Adult,Female,Blood Chemistry,Laboratory,"Rafael Torres, RMT",Laboratory
2025-11-06,Adult,Female,Chest X-ray,Radiology,Dr. Andrea Sy,Imaging
2025-11-06,Adult,Male,Hypertension Monitoring,Clinic,Dr. Elena Bautista,Check-up
2025-11-07,Senior,Male,Electrocardiography,Cardiology,Dr. Miguel Fernandez,Cardiology
2025-11-07,Child,Male,Fasting Blood Sugar,Laboratory,"Carlo Navarro, RMT",Laboratory
2025-11-07,Adult,Female,Fasting Blood Sugar,Laboratory,"Angela Reyes, RMT",Laboratory
2025-11-07,Adult,Female,Fecalysis,Laboratory,"Rafael Torres, RMT",Laboratory
2025-11-07,Child,Male,Fever,Clinic,Dr. Camille Tan,Check-up
2025-11-07,Adult,Female,Hepatitis Screening,Laboratory,"Joanna Lim, RMT",Laboratory
2025-11-07,Senior,Male,Hypertension Monitoring,Clinic,Dr. Victor Manuel,Check-up
2025-11-07,Adult,Female,Pre-Employment Medical Exam,Clinic,Dr. Camille Tan,Pre-Employment Checkup
2025-11-07,Adult,Male,Routine Medical Consultation,Clinic,Dr. Paolo Rivera,Check-up
2025-11-07,Adult,Male,Routine Medical Consultation,Clinic,Dr. Miguel Fernandez,Check-up
2025-11-07,Adult,Female,Routine Medical Consultation,Clinic,Dr. Paolo Rivera,Check-up
2025-11-07,Child,Female,SGPT,Laboratory,"Patricia Mendoza, RMT",Laboratory
2025-11-07,Adult,Male,Upper Respiratory Infection,Clinic,Dr. Camille Tan,Check-up
2025-11-08,Senior,Male,Asthma Monitoring,Clinic,Dr. Victor Manuel,Check-up
2025-11-08,Adult,Female,Asthma Monitoring,Clinic,Dr. Elena Bautista,Check-up
2025-11-08,Adult,Male,Complete Blood Count,Laboratory,"Joanna Lim, RMT",Laboratory
2025-11-08,Adult,Male,Diabetes Mellitus Monitoring,Clinic,Dr. Victor Manuel,Check-up
2025-11-08,Adult,Female,Electrocardiography,Cardiology,Dr. Ana Lopez,Cardiology
2025-11-08,Adult,Male,Gastritis,Clinic,Dr. Victor Manuel,Check-up
2025-11-08,Adult,Male,Urinalysis,Laboratory,"Mark Villanueva, RMT",Laboratory
2025-11-09,Adult,Female,Complete Blood Count,Laboratory,"Rafael Torres, RMT",Laboratory
2025-11-09,Adult,Female,Drug Testing,Drug Testing,"Mark Villanueva, RMT",Drug Testing
2025-11-09,Adult,Male,Headache,Clinic,Dr. Camille Tan,Check-up
2025-11-09,Adult,Male,Headache,Clinic,Dr. Ana Lopez,Check-up
2025-11-09,Adult,Male,Lipid Profile,Laboratory,"Joanna Lim, RMT",Laboratory
2025-11-09,Adult,Female,SGPT,Laboratory,"Mark Villanueva, RMT",Laboratory
2025-11-10,Adult,Male,Asthma Monitoring,Clinic,Dr. Victor Manuel,Check-up
2025-11-10,Adult,Male,Blood Chemistry,Laboratory,"Rafael Torres, RMT",Laboratory
2025-11-10,Adult,Male,Diabetes Mellitus Monitoring,Clinic,Dr. Victor Manuel,Check-up
2025-11-10,Adult,Female,Electrocardiography,Cardiology,Dr. Ana Lopez,Cardiology
2025-11-10,Adult,Male,Pregnancy Test,Laboratory,"Rafael Torres, RMT",Laboratory
2025-11-10,Adult,Female,Routine Medical Consultation,Clinic,Dr. Camille Tan,Check-up
2025-11-10,Adult,Female,Thyroid Function Test,Laboratory,"Joanna Lim, RMT",Laboratory
2025-11-11,Adult,Male,2D Echo,Cardiology,Dr. Miguel Fernandez,Cardiology
2025-11-11,Child,Female,Dermatitis and Allergy,Clinic,Dr. Miguel Fernandez,Check-up
2025-11-11,Child,Male,Fasting Blood Sugar,Laboratory,"Patricia Mendoza, RMT",Laboratory
2025-11-11,Adult,Male,Fever,Clinic,Dr. Paolo Rivera,Check-up
2025-11-11,Adult,Male,Urinalysis,Laboratory,"Rafael Torres, RMT",Laboratory
2025-11-11,Senior,Male,Urinalysis,Laboratory,"Rafael Torres, RMT",Laboratory
2025-11-12,Adult,Male,Annual Physical Examination,Annual Physical Examination,Dr. Camille Tan,Annual Physical Examination
2025-11-12,Child,Male,Asthma Monitoring,Clinic,Dr. Victor Manuel,Check-up
2025-11-12,Child,Female,Complete Blood Count,Laboratory,"Angela Reyes, RMT",Laboratory
2025-11-12,Adult,Male,Complete Blood Count,Laboratory,"Carlo Navarro, RMT",Laboratory
2025-11-12,Adult,Female,Creatinine,Laboratory,"Rafael Torres, RMT",Laboratory
2025-11-12,Adult,Male,Gastritis,Clinic,Dr. Victor Manuel,Check-up
2025-11-12,Adult,Male,Hepatitis Screening,Laboratory,"Carlo Navarro, RMT",Laboratory
2025-11-12,Adult,Male,Pre-Employment Medical Exam,Clinic,Dr. Camille Tan,Pre-Employment Checkup
2025-11-12,Adult,Female,Pre-Employment Medical Exam,Clinic,Dr. Paolo Rivera,Pre-Employment Checkup
2025-11-12,Adult,Female,Pre-Employment Medical Exam,Clinic,Dr. Miguel Fernandez,Pre-Employment Checkup
2025-11-12,Adult,Female,Pregnancy Test,Laboratory,"Angela Reyes, RMT",Laboratory
2025-11-12,Adult,Male,Pregnancy Test,Laboratory,"Angela Reyes, RMT",Laboratory
2025-11-12,Adult,Female,Ultrasound,Radiology,Dr. Sofia Mercado,Imaging
2025-11-12,Child,Female,Urinary Tract Infection,Clinic,Dr. Camille Tan,Check-up
2025-11-13,Senior,Female,2D Echo,Cardiology,Dr. Ana Lopez,Cardiology
2025-11-13,Adult,Female,Abdominal Pain,Clinic,Dr. Elena Bautista,Check-up
2025-11-13,Adult,Female,Blood Chemistry,Laboratory,"Mark Villanueva, RMT",Laboratory
2025-11-13,Adult,Male,Complete Blood Count,Laboratory,"Patricia Mendoza, RMT",Laboratory
2025-11-13,Adult,Female,Dermatitis and Allergy,Clinic,Dr. Camille Tan,Check-up
2025-11-13,Adult,Female,Diabetes Mellitus Monitoring,Clinic,Dr. Elena Bautista,Check-up
2025-11-13,Adult,Male,Electrocardiography,Cardiology,Dr. Paolo Rivera,Cardiology
2025-11-13,Adult,Male,Fasting Blood Sugar,Laboratory,"Patricia Mendoza, RMT",Laboratory
2025-11-13,Senior,Female,Gastritis,Clinic,Dr. Victor Manuel,Check-up
2025-11-13,Adult,Female,Hypertension Monitoring,Clinic,Dr. Elena Bautista,Check-up
2025-11-13,Adult,Male,Hypertension Monitoring,Clinic,Dr. Victor Manuel,Check-up
2025-11-13,Adult,Female,Urinalysis,Laboratory,"Joanna Lim, RMT",Laboratory
2025-11-14,Senior,Female,Diabetes Mellitus Monitoring,Clinic,Dr. Elena Bautista,Check-up
2025-11-14,Adult,Male,Diabetes Mellitus Monitoring,Clinic,Dr. Victor Manuel,Check-up
2025-11-14,Adult,Female,Fecalysis,Laboratory,"Rafael Torres, RMT",Laboratory
2025-11-14,Adult,Male,Hypertension Monitoring,Clinic,Dr. Elena Bautista,Check-up
2025-11-14,Adult,Male,Pregnancy Test,Laboratory,"Joanna Lim, RMT",Laboratory
2025-11-14,Adult,Male,Preventive Health Check-up,Clinic,Dr. Ana Lopez,Check-up
2025-11-14,Adult,Female,Upper Respiratory Infection,Clinic,Dr. Paolo Rivera,Check-up
2025-11-14,Adult,Male,Upper Respiratory Infection,Clinic,Dr. Ana Lopez,Check-up
2025-11-14,Adult,Male,Vaccination,Clinic,Dr. Ana Lopez,Vaccination
2025-11-15,Adult,Female,Complete Blood Count,Laboratory,"Joanna Lim, RMT",Laboratory
2025-11-15,Child,Male,Dermatitis and Allergy,Clinic,Dr. Miguel Fernandez,Check-up
2025-11-15,Adult,Female,Pre-Employment Medical Exam,Clinic,Dr. Camille Tan,Pre-Employment Checkup
2025-11-15,Adult,Male,Pre-Employment Medical Exam,Clinic,Dr. Miguel Fernandez,Pre-Employment Checkup
2025-11-15,Senior,Female,Vascular Study,Radiology,Dr. Henry Ong,Imaging
2025-11-16,Adult,Female,Chest X-ray,Radiology,Dr. Sofia Mercado,Imaging
2025-11-16,Adult,Male,Drug Testing,Drug Testing,"Carlo Navarro, RMT",Drug Testing
2025-11-16,Adult,Female,Electrocardiography,Cardiology,Dr. Miguel Fernandez,Cardiology
2025-11-16,Adult,Female,Fasting Blood Sugar,Laboratory,"Mark Villanueva, RMT",Laboratory
2025-11-16,Adult,Male,Fever,Clinic,Dr. Ana Lopez,Check-up
2025-11-16,Adult,Male,Hepatitis Screening,Laboratory,"Patricia Mendoza, RMT",Laboratory
2025-11-16,Adult,Male,Hypertension Monitoring,Clinic,Dr. Elena Bautista,Check-up
2025-11-16,Adult,Female,Pregnancy Test,Laboratory,"Carlo Navarro, RMT",Laboratory
2025-11-16,Child,Female,Upper Respiratory Infection,Clinic,Dr. Paolo Rivera,Check-up
2025-11-17,Adult,Female,Chest X-ray,Radiology,Dr. Sofia Mercado,Imaging
2025-11-17,Adult,Male,Drug Testing,Drug Testing,"Angela Reyes, RMT",Drug Testing
2025-11-17,Child,Male,Fever,Clinic,Dr. Camille Tan,Check-up
2025-11-17,Child,Male,Upper Respiratory Infection,Clinic,Dr. Ana Lopez,Check-up
2025-11-18,Adult,Male,Complete Blood Count,Laboratory,"Patricia Mendoza, RMT",Laboratory
2025-11-18,Adult,Female,Fasting Blood Sugar,Laboratory,"Rafael Torres, RMT",Laboratory
2025-11-18,Senior,Male,Hepatitis Screening,Laboratory,"Carlo Navarro, RMT",Laboratory
2025-11-18,Child,Male,Lipid Profile,Laboratory,"Patricia Mendoza, RMT",Laboratory
2025-11-18,Senior,Male,Routine Medical Consultation,Clinic,Dr. Paolo Rivera,Check-up
2025-11-18,Adult,Female,SGPT,Laboratory,"Angela Reyes, RMT",Laboratory
2025-11-18,Adult,Male,Upper Respiratory Infection,Clinic,Dr. Camille Tan,Check-up
2025-11-18,Child,Male,Upper Respiratory Infection,Clinic,Dr. Ana Lopez,Check-up
2025-11-18,Adult,Male,Urinary Tract Infection,Clinic,Dr. Camille Tan,Check-up
2025-11-19,Adult,Female,Annual Physical Examination,Annual Physical Examination,Dr. Ana Lopez,Annual Physical Examination
2025-11-19,Adult,Male,Complete Blood Count,Laboratory,"Angela Reyes, RMT",Laboratory
2025-11-19,Child,Female,Dermatitis and Allergy,Clinic,Dr. Ana Lopez,Check-up
2025-11-19,Adult,Female,Dermatitis and Allergy,Clinic,Dr. Miguel Fernandez,Check-up
2025-11-19,Adult,Male,Diabetes Mellitus Monitoring,Clinic,Dr. Victor Manuel,Check-up
2025-11-19,Adult,Male,Drug Testing,Drug Testing,"Angela Reyes, RMT",Drug Testing
2025-11-19,Adult,Female,Fever,Clinic,Dr. Ana Lopez,Check-up
2025-11-19,Adult,Female,Routine Medical Consultation,Clinic,Dr. Camille Tan,Check-up
2025-11-19,Child,Male,SGPT,Laboratory,"Rafael Torres, RMT",Laboratory
2025-11-19,Adult,Female,Vascular Study,Radiology,Dr. Sofia Mercado,Imaging
2025-11-20,Adult,Female,Chest X-ray,Radiology,Dr. Andrea Sy,Imaging
2025-11-20,Senior,Male,Diabetes Mellitus Monitoring,Clinic,Dr. Victor Manuel,Check-up
2025-11-20,Child,Male,Fecalysis,Laboratory,"Angela Reyes, RMT",Laboratory
2025-11-20,Adult,Female,Lipid Profile,Laboratory,"Mark Villanueva, RMT",Laboratory
2025-11-20,Adult,Male,Lipid Profile,Laboratory,"Mark Villanueva, RMT",Laboratory
2025-11-21,Senior,Female,2D Echo,Cardiology,Dr. Miguel Fernandez,Cardiology
2025-11-21,Adult,Female,Asthma Monitoring,Clinic,Dr. Elena Bautista,Check-up
2025-11-21,Adult,Male,Asthma Monitoring,Clinic,Dr. Elena Bautista,Check-up
2025-11-21,Senior,Male,Diabetes Mellitus Monitoring,Clinic,Dr. Elena Bautista,Check-up
2025-11-21,Adult,Male,Diabetes Mellitus Monitoring,Clinic,Dr. Victor Manuel,Check-up
2025-11-21,Child,Female,Gastritis,Clinic,Dr. Elena Bautista,Check-up
2025-11-21,Adult,Male,Home Service Laboratory,Home Service,"Angela Reyes, RMT",Home Service
2025-11-21,Adult,Male,Hypertension Monitoring,Clinic,Dr. Elena Bautista,Check-up
2025-11-21,Senior,Male,Hypertension Monitoring,Clinic,Dr. Victor Manuel,Check-up
2025-11-21,Adult,Male,Lipid Profile,Laboratory,"Carlo Navarro, RMT",Laboratory
2025-11-21,Adult,Male,Pre-Employment Medical Exam,Clinic,Dr. Paolo Rivera,Pre-Employment Checkup
2025-11-21,Senior,Female,Preventive Health Check-up,Clinic,Dr. Ana Lopez,Check-up
2025-11-21,Adult,Male,SGPT,Laboratory,"Mark Villanueva, RMT",Laboratory
2025-11-21,Child,Male,SGPT,Laboratory,"Patricia Mendoza, RMT",Laboratory
2025-11-21,Adult,Female,SGPT,Laboratory,"Rafael Torres, RMT",Laboratory
2025-11-21,Senior,Male,Vaccination,Clinic,Dr. Paolo Rivera,Vaccination
2025-11-22,Adult,Female,Complete Blood Count,Laboratory,"Joanna Lim, RMT",Laboratory
2025-11-22,Adult,Male,Creatinine,Laboratory,"Angela Reyes, RMT",Laboratory
2025-11-22,Adult,Female,Diabetes Mellitus Monitoring,Clinic,Dr. Elena Bautista,Check-up
2025-11-22,Adult,Male,Hypertension Monitoring,Clinic,Dr. Victor Manuel,Check-up
2025-11-22,Adult,Male,Hypertension Monitoring,Clinic,Dr. Elena Bautista,Check-up
2025-11-22,Adult,Female,Urinary Tract Infection,Clinic,Dr. Ana Lopez,Check-up
2025-11-23,Adult,Female,Abdominal Pain,Clinic,Dr. Victor Manuel,Check-up
2025-11-23,Adult,Female,Diabetes Mellitus Monitoring,Clinic,Dr. Victor Manuel,Check-up
2025-11-23,Adult,Female,SGPT,Laboratory,"Rafael Torres, RMT",Laboratory
2025-11-23,Adult,Female,Upper Respiratory Infection,Clinic,Dr. Ana Lopez,Check-up
2025-11-23,Adult,Male,Upper Respiratory Infection,Clinic,Dr. Paolo Rivera,Check-up
2025-11-23,Adult,Female,Upper Respiratory Infection,Clinic,Dr. Miguel Fernandez,Check-up
2025-11-23,Adult,Male,Urinary Tract Infection,Clinic,Dr. Ana Lopez,Check-up
2025-11-24,Adult,Male,Chest X-ray,Radiology,Dr. Henry Ong,Imaging
2025-11-24,Adult,Male,Complete Blood Count,Laboratory,"Patricia Mendoza, RMT",Laboratory
2025-11-24,Senior,Female,Creatinine,Laboratory,"Joanna Lim, RMT",Laboratory
2025-11-24,Adult,Male,Urinary Tract Infection,Clinic,Dr. Ana Lopez,Check-up
2025-11-24,Senior,Female,Vascular Study,Radiology,Dr. Andrea Sy,Imaging
2025-11-25,Adult,Male,Annual Physical Examination,Annual Physical Examination,Dr. Ana Lopez,Annual Physical Examination
2025-11-25,Adult,Male,Gastritis,Clinic,Dr. Elena Bautista,Check-up
2025-11-25,Adult,Male,Pregnancy Test,Laboratory,"Carlo Navarro, RMT",Laboratory
2025-11-25,Child,Female,Thyroid Function Test,Laboratory,"Mark Villanueva, RMT",Laboratory
2025-11-25,Adult,Male,Upper Respiratory Infection,Clinic,Dr. Miguel Fernandez,Check-up
2025-11-25,Senior,Male,Vaccination,Clinic,Dr. Paolo Rivera,Vaccination
2025-11-25,Adult,Female,Vascular Study,Radiology,Dr. Sofia Mercado,Imaging
2025-11-26,Child,Female,Blood Chemistry,Laboratory,"Patricia Mendoza, RMT",Laboratory
2025-11-26,Adult,Male,Creatinine,Laboratory,"Patricia Mendoza, RMT",Laboratory
2025-11-26,Adult,Female,Creatinine,Laboratory,"Joanna Lim, RMT",Laboratory
2025-11-26,Senior,Female,Dermatitis and Allergy,Clinic,Dr. Ana Lopez,Check-up
2025-11-26,Adult,Male,Fecalysis,Laboratory,"Carlo Navarro, RMT",Laboratory
2025-11-26,Adult,Male,Gastritis,Clinic,Dr. Victor Manuel,Check-up
2025-11-26,Senior,Female,Preventive Health Check-up,Clinic,Dr. Paolo Rivera,Check-up
2025-11-26,Adult,Male,Upper Respiratory Infection,Clinic,Dr. Ana Lopez,Check-up
2025-11-26,Adult,Female,Upper Respiratory Infection,Clinic,Dr. Paolo Rivera,Check-up
2025-11-27,Child,Male,Annual Physical Examination,Annual Physical Examination,Dr. Ana Lopez,Annual Physical Examination
2025-11-27,Senior,Female,Chest X-ray,Radiology,Dr. Sofia Mercado,Imaging
2025-11-27,Adult,Female,Drug Testing,Drug Testing,"Rafael Torres, RMT",Drug Testing
2025-11-27,Adult,Male,Fecalysis,Laboratory,"Mark Villanueva, RMT",Laboratory
2025-11-27,Adult,Male,Gastritis,Clinic,Dr. Victor Manuel,Check-up
2025-11-27,Adult,Female,Hepatitis Screening,Laboratory,"Rafael Torres, RMT",Laboratory
2025-11-27,Adult,Female,Lipid Profile,Laboratory,"Patricia Mendoza, RMT",Laboratory
2025-11-27,Adult,Female,Pre-Employment Medical Exam,Clinic,Dr. Paolo Rivera,Pre-Employment Checkup
2025-11-27,Adult,Female,Urinalysis,Laboratory,"Patricia Mendoza, RMT",Laboratory
2025-11-27,Adult,Female,Vaccination,Clinic,Dr. Ana Lopez,Vaccination
2025-11-28,Adult,Male,Asthma Monitoring,Clinic,Dr. Elena Bautista,Check-up
2025-11-28,Adult,Female,Complete Blood Count,Laboratory,"Carlo Navarro, RMT",Laboratory
2025-11-28,Adult,Male,Dermatitis and Allergy,Clinic,Dr. Camille Tan,Check-up
2025-11-28,Adult,Male,Fasting Blood Sugar,Laboratory,"Carlo Navarro, RMT",Laboratory
2025-11-28,Adult,Male,Fecalysis,Laboratory,"Rafael Torres, RMT",Laboratory
2025-11-28,Adult,Female,Ultrasound,Radiology,Dr. Andrea Sy,Imaging
2025-11-28,Adult,Male,Urinalysis,Laboratory,"Carlo Navarro, RMT",Laboratory
2025-11-28,Adult,Male,Vaccination,Clinic,Dr. Ana Lopez,Vaccination
2025-11-29,Adult,Female,Asthma Monitoring,Clinic,Dr. Elena Bautista,Check-up
2025-11-29,Senior,Female,Diabetes Mellitus Monitoring,Clinic,Dr. Victor Manuel,Check-up
2025-11-29,Senior,Male,Fasting Blood Sugar,Laboratory,"Patricia Mendoza, RMT",Laboratory
2025-11-29,Adult,Female,Hypertension Monitoring,Clinic,Dr. Elena Bautista,Check-up
2025-11-29,Senior,Male,Hypertension Monitoring,Clinic,Dr. Victor Manuel,Check-up
2025-11-29,Senior,Male,Hypertension Monitoring,Clinic,Dr. Elena Bautista,Check-up
2025-11-29,Adult,Male,Lipid Profile,Laboratory,"Carlo Navarro, RMT",Laboratory
2025-11-29,Adult,Female,Ultrasound,Radiology,Dr. Sofia Mercado,Imaging
2025-11-29,Child,Male,Urinary Tract Infection,Clinic,Dr. Paolo Rivera,Check-up
2025-11-30,Child,Male,Blood Chemistry,Laboratory,"Rafael Torres, RMT",Laboratory
2025-11-30,Adult,Male,Electrocardiography,Cardiology,Dr. Miguel Fernandez,Cardiology
2025-11-30,Adult,Female,Fasting Blood Sugar,Laboratory,"Joanna Lim, RMT",Laboratory
2025-11-30,Senior,Female,Fecalysis,Laboratory,"Patricia Mendoza, RMT",Laboratory
2025-11-30,Adult,Female,Hypertension Monitoring,Clinic,Dr. Victor Manuel,Check-up
2025-11-30,Adult,Male,SGPT,Laboratory,"Carlo Navarro, RMT",Laboratory
2025-11-30,Child,Male,Upper Respiratory Infection,Clinic,Dr. Miguel Fernandez,Check-up
2025-11-30,Adult,Male,Upper Respiratory Infection,Clinic,Dr. Paolo Rivera,Check-up
2025-12-01,Adult,Female,Complete Blood Count,Laboratory,"Patricia Mendoza, RMT",Laboratory
2025-12-01,Adult,Female,Dermatitis and Allergy,Clinic,Dr. Miguel Fernandez,Check-up
2025-12-01,Adult,Female,Thyroid Function Test,Laboratory,"Rafael Torres, RMT",Laboratory
2025-12-01,Adult,Female,Ultrasound,Radiology,Dr. Andrea Sy,Imaging
2025-12-02,Senior,Female,Blood Chemistry,Laboratory,"Angela Reyes, RMT",Laboratory
2025-12-02,Adult,Male,Complete Blood Count,Laboratory,"Patricia Mendoza, RMT",Laboratory
2025-12-02,Adult,Female,Creatinine,Laboratory,"Patricia Mendoza, RMT",Laboratory
2025-12-02,Senior,Female,Diabetes Mellitus Monitoring,Clinic,Dr. Victor Manuel,Check-up
2025-12-02,Senior,Male,Hypertension Monitoring,Clinic,Dr. Elena Bautista,Check-up
2025-12-02,Adult,Male,Pre-Employment Medical Exam,Clinic,Dr. Paolo Rivera,Pre-Employment Checkup
2025-12-02,Adult,Male,Pre-Employment Medical Exam,Clinic,Dr. Ana Lopez,Pre-Employment Checkup
2025-12-02,Adult,Female,Urinalysis,Laboratory,"Carlo Navarro, RMT",Laboratory
2025-12-03,Adult,Male,2D Echo,Cardiology,Dr. Camille Tan,Cardiology
2025-12-03,Adult,Female,Annual Physical Examination,Annual Physical Examination,Dr. Ana Lopez,Annual Physical Examination
2025-12-03,Adult,Male,Annual Physical Examination,Annual Physical Examination,Dr. Paolo Rivera,Annual Physical Examination
2025-12-03,Adult,Male,Blood Chemistry,Laboratory,"Rafael Torres, RMT",Laboratory
2025-12-03,Adult,Male,Complete Blood Count,Laboratory,"Rafael Torres, RMT",Laboratory
2025-12-03,Adult,Female,Creatinine,Laboratory,"Rafael Torres, RMT",Laboratory
2025-12-03,Adult,Male,Creatinine,Laboratory,"Mark Villanueva, RMT",Laboratory
2025-12-03,Senior,Male,Dermatitis and Allergy,Clinic,Dr. Camille Tan,Check-up
2025-12-03,Adult,Female,Drug Testing,Drug Testing,"Angela Reyes, RMT",Drug Testing
2025-12-03,Child,Female,Hepatitis Screening,Laboratory,"Carlo Navarro, RMT",Laboratory
2025-12-03,Adult,Female,Hypertension Monitoring,Clinic,Dr. Elena Bautista,Check-up
2025-12-03,Adult,Male,Thyroid Function Test,Laboratory,"Rafael Torres, RMT",Laboratory
2025-12-03,Child,Male,Upper Respiratory Infection,Clinic,Dr. Miguel Fernandez,Check-up
2025-12-03,Senior,Male,Urinalysis,Laboratory,"Patricia Mendoza, RMT",Laboratory
2025-12-04,Adult,Female,Diabetes Mellitus Monitoring,Clinic,Dr. Elena Bautista,Check-up
2025-12-04,Adult,Female,Diabetes Mellitus Monitoring,Clinic,Dr. Victor Manuel,Check-up
2025-12-04,Adult,Male,Drug Testing,Drug Testing,"Angela Reyes, RMT",Drug Testing
2025-12-04,Adult,Male,Fasting Blood Sugar,Laboratory,"Angela Reyes, RMT",Laboratory
2025-12-04,Child,Male,Fasting Blood Sugar,Laboratory,"Patricia Mendoza, RMT",Laboratory
2025-12-04,Adult,Female,Fecalysis,Laboratory,"Joanna Lim, RMT",Laboratory
2025-12-04,Adult,Male,Hypertension Monitoring,Clinic,Dr. Elena Bautista,Check-up
2025-12-04,Adult,Female,Preventive Health Check-up,Clinic,Dr. Ana Lopez,Check-up
2025-12-04,Adult,Female,Upper Respiratory Infection,Clinic,Dr. Ana Lopez,Check-up
2025-12-05,Adult,Female,Blood Chemistry,Laboratory,"Joanna Lim, RMT",Laboratory
2025-12-05,Adult,Male,Creatinine,Laboratory,"Joanna Lim, RMT",Laboratory
2025-12-05,Adult,Male,Dermatitis and Allergy,Clinic,Dr. Ana Lopez,Check-up
2025-12-05,Adult,Female,Diabetes Mellitus Monitoring,Clinic,Dr. Victor Manuel,Check-up
2025-12-05,Adult,Female,Fasting Blood Sugar,Laboratory,"Angela Reyes, RMT",Laboratory
2025-12-05,Adult,Female,Fecalysis,Laboratory,"Joanna Lim, RMT",Laboratory
2025-12-05,Adult,Male,Fever,Clinic,Dr. Miguel Fernandez,Check-up
2025-12-05,Child,Female,Routine Medical Consultation,Clinic,Dr. Camille Tan,Check-up
2025-12-05,Adult,Male,SGPT,Laboratory,"Patricia Mendoza, RMT",Laboratory
2025-12-05,Adult,Male,Ultrasound,Radiology,Dr. Henry Ong,Imaging
2025-12-06,Senior,Male,2D Echo,Cardiology,Dr. Camille Tan,Cardiology
2025-12-06,Adult,Male,Blood Chemistry,Laboratory,"Mark Villanueva, RMT",Laboratory
2025-12-06,Child,Male,Blood Chemistry,Laboratory,"Rafael Torres, RMT",Laboratory
2025-12-06,Adult,Male,Blood Chemistry,Laboratory,"Carlo Navarro, RMT",Laboratory
2025-12-06,Child,Male,Dermatitis and Allergy,Clinic,Dr. Camille Tan,Check-up
2025-12-06,Senior,Male,Fecalysis,Laboratory,"Angela Reyes, RMT",Laboratory
2025-12-06,Adult,Male,Gastritis,Clinic,Dr. Victor Manuel,Check-up
2025-12-06,Adult,Male,Headache,Clinic,Dr. Miguel Fernandez,Check-up
2025-12-06,Adult,Female,Pre-Employment Medical Exam,Clinic,Dr. Miguel Fernandez,Pre-Employment Checkup
2025-12-06,Child,Female,Preventive Health Check-up,Clinic,Dr. Camille Tan,Check-up
2025-12-06,Adult,Male,Urinalysis,Laboratory,"Angela Reyes, RMT",Laboratory
2025-12-07,Adult,Male,Chest X-ray,Radiology,Dr. Henry Ong,Imaging
2025-12-07,Adult,Male,Fecalysis,Laboratory,"Rafael Torres, RMT",Laboratory
2025-12-07,Adult,Male,Gastritis,Clinic,Dr. Victor Manuel,Check-up
2025-12-07,Adult,Male,Preventive Health Check-up,Clinic,Dr. Ana Lopez,Check-up
2025-12-07,Adult,Female,Urinalysis,Laboratory,"Rafael Torres, RMT",Laboratory
2025-12-07,Adult,Male,Vaccination,Clinic,Dr. Paolo Rivera,Vaccination
2025-12-08,Adult,Female,Complete Blood Count,Laboratory,"Patricia Mendoza, RMT",Laboratory
2025-12-08,Child,Male,Complete Blood Count,Laboratory,"Rafael Torres, RMT",Laboratory
2025-12-08,Adult,Male,Diabetes Mellitus Monitoring,Clinic,Dr. Elena Bautista,Check-up
2025-12-08,Adult,Male,Drug Testing,Drug Testing,"Patricia Mendoza, RMT",Drug Testing
2025-12-08,Adult,Female,Hypertension Monitoring,Clinic,Dr. Elena Bautista,Check-up
2025-12-08,Adult,Male,Pre-Employment Medical Exam,Clinic,Dr. Ana Lopez,Pre-Employment Checkup
2025-12-08,Adult,Female,Ultrasound,Radiology,Dr. Sofia Mercado,Imaging
2025-12-08,Child,Female,Upper Respiratory Infection,Clinic,Dr. Paolo Rivera,Check-up
2025-12-08,Senior,Female,Upper Respiratory Infection,Clinic,Dr. Miguel Fernandez,Check-up
2025-12-08,Adult,Female,Urinary Tract Infection,Clinic,Dr. Miguel Fernandez,Check-up
2025-12-09,Adult,Female,Diabetes Mellitus Monitoring,Clinic,Dr. Victor Manuel,Check-up
2025-12-09,Adult,Male,Hypertension Monitoring,Clinic,Dr. Elena Bautista,Check-up
2025-12-09,Child,Female,Urinalysis,Laboratory,"Mark Villanueva, RMT",Laboratory
2025-12-10,Adult,Male,Chest X-ray,Radiology,Dr. Henry Ong,Imaging
2025-12-10,Child,Female,Gastritis,Clinic,Dr. Victor Manuel,Check-up
2025-12-10,Adult,Male,Headache,Clinic,Dr. Ana Lopez,Check-up
2025-12-10,Adult,Male,Hypertension Monitoring,Clinic,Dr. Victor Manuel,Check-up
2025-12-10,Adult,Male,Lipid Profile,Laboratory,"Angela Reyes, RMT",Laboratory
2025-12-10,Adult,Female,Upper Respiratory Infection,Clinic,Dr. Camille Tan,Check-up
2025-12-10,Senior,Female,Upper Respiratory Infection,Clinic,Dr. Camille Tan,Check-up
2025-12-10,Child,Female,Urinary Tract Infection,Clinic,Dr. Miguel Fernandez,Check-up
2025-12-10,Senior,Female,Vascular Study,Radiology,Dr. Andrea Sy,Imaging
2025-12-11,Adult,Female,2D Echo,Cardiology,Dr. Ana Lopez,Cardiology
2025-12-11,Adult,Female,Abdominal Pain,Clinic,Dr. Elena Bautista,Check-up
2025-12-11,Child,Female,Annual Physical Examination,Annual Physical Examination,Dr. Miguel Fernandez,Annual Physical Examination
2025-12-11,Child,Female,Blood Chemistry,Laboratory,"Carlo Navarro, RMT",Laboratory
2025-12-11,Adult,Female,Chest X-ray,Radiology,Dr. Andrea Sy,Imaging
2025-12-11,Child,Female,Creatinine,Laboratory,"Rafael Torres, RMT",Laboratory
2025-12-11,Adult,Female,Creatinine,Laboratory,"Patricia Mendoza, RMT",Laboratory
2025-12-11,Adult,Female,Diabetes Mellitus Monitoring,Clinic,Dr. Elena Bautista,Check-up
2025-12-11,Adult,Male,Gastritis,Clinic,Dr. Elena Bautista,Check-up
2025-12-11,Adult,Female,Hepatitis Screening,Laboratory,"Joanna Lim, RMT",Laboratory
2025-12-11,Adult,Male,Preventive Health Check-up,Clinic,Dr. Camille Tan,Check-up
2025-12-11,Adult,Female,SGPT,Laboratory,"Mark Villanueva, RMT",Laboratory
2025-12-11,Adult,Male,Upper Respiratory Infection,Clinic,Dr. Ana Lopez,Check-up
2025-12-11,Adult,Male,Vaccination,Clinic,Dr. Ana Lopez,Vaccination
2025-12-12,Child,Female,Annual Physical Examination,Annual Physical Examination,Dr. Camille Tan,Annual Physical Examination
2025-12-12,Adult,Female,Creatinine,Laboratory,"Patricia Mendoza, RMT",Laboratory
2025-12-12,Senior,Male,Diabetes Mellitus Monitoring,Clinic,Dr. Victor Manuel,Check-up
2025-12-12,Adult,Female,Electrocardiography,Cardiology,Dr. Paolo Rivera,Cardiology
2025-12-12,Child,Male,Hepatitis Screening,Laboratory,"Rafael Torres, RMT",Laboratory
2025-12-12,Adult,Male,Pre-Employment Medical Exam,Clinic,Dr. Ana Lopez,Pre-Employment Checkup
2025-12-12,Adult,Female,Pre-Employment Medical Exam,Clinic,Dr. Paolo Rivera,Pre-Employment Checkup
2025-12-12,Adult,Male,Urinalysis,Laboratory,"Carlo Navarro, RMT",Laboratory
2025-12-12,Adult,Female,Urinary Tract Infection,Clinic,Dr. Ana Lopez,Check-up
2025-12-12,Adult,Male,Vaccination,Clinic,Dr. Ana Lopez,Vaccination
2025-12-13,Adult,Male,Complete Blood Count,Laboratory,"Patricia Mendoza, RMT",Laboratory
2025-12-13,Adult,Female,Creatinine,Laboratory,"Angela Reyes, RMT",Laboratory
2025-12-13,Adult,Male,Dermatitis and Allergy,Clinic,Dr. Miguel Fernandez,Check-up
2025-12-13,Adult,Female,Drug Testing,Drug Testing,"Rafael Torres, RMT",Drug Testing
2025-12-13,Adult,Male,Fasting Blood Sugar,Laboratory,"Joanna Lim, RMT",Laboratory
2025-12-13,Child,Male,Hepatitis Screening,Laboratory,"Carlo Navarro, RMT",Laboratory
2025-12-13,Adult,Female,Lipid Profile,Laboratory,"Angela Reyes, RMT",Laboratory
2025-12-13,Adult,Female,Routine Medical Consultation,Clinic,Dr. Camille Tan,Check-up
2025-12-13,Adult,Female,Upper Respiratory Infection,Clinic,Dr. Miguel Fernandez,Check-up
2025-12-14,Adult,Male,Annual Physical Examination,Annual Physical Examination,Dr. Camille Tan,Annual Physical Examination
2025-12-14,Adult,Male,Complete Blood Count,Laboratory,"Patricia Mendoza, RMT",Laboratory
2025-12-14,Senior,Female,Dermatitis and Allergy,Clinic,Dr. Ana Lopez,Check-up
2025-12-14,Senior,Male,Diabetes Mellitus Monitoring,Clinic,Dr. Victor Manuel,Check-up
2025-12-14,Child,Female,Fever,Clinic,Dr. Ana Lopez,Check-up
2025-12-14,Adult,Male,Headache,Clinic,Dr. Camille Tan,Check-up
2025-12-14,Child,Female,SGPT,Laboratory,"Mark Villanueva, RMT",Laboratory
2025-12-14,Adult,Male,Upper Respiratory Infection,Clinic,Dr. Camille Tan,Check-up
2025-12-14,Adult,Female,Urinary Tract Infection,Clinic,Dr. Miguel Fernandez,Check-up
2025-12-15,Child,Female,Blood Chemistry,Laboratory,"Angela Reyes, RMT",Laboratory
2025-12-15,Child,Female,Electrocardiography,Cardiology,Dr. Miguel Fernandez,Cardiology
2025-12-15,Adult,Female,Thyroid Function Test,Laboratory,"Patricia Mendoza, RMT",Laboratory
2025-12-15,Adult,Male,Upper Respiratory Infection,Clinic,Dr. Camille Tan,Check-up
2025-12-16,Child,Male,Asthma Monitoring,Clinic,Dr. Victor Manuel,Check-up
2025-12-16,Adult,Male,Asthma Monitoring,Clinic,Dr. Elena Bautista,Check-up
2025-12-16,Adult,Female,Blood Chemistry,Laboratory,"Carlo Navarro, RMT",Laboratory
2025-12-16,Adult,Male,Chest X-ray,Radiology,Dr. Sofia Mercado,Imaging
2025-12-16,Adult,Male,Gastritis,Clinic,Dr. Elena Bautista,Check-up
2025-12-16,Senior,Female,Gastritis,Clinic,Dr. Elena Bautista,Check-up
2025-12-16,Adult,Female,Lipid Profile,Laboratory,"Angela Reyes, RMT",Laboratory
2025-12-16,Adult,Male,Upper Respiratory Infection,Clinic,Dr. Paolo Rivera,Check-up
2025-12-17,Adult,Male,Asthma Monitoring,Clinic,Dr. Elena Bautista,Check-up
2025-12-17,Senior,Male,Complete Blood Count,Laboratory,"Carlo Navarro, RMT",Laboratory
2025-12-17,Adult,Female,Complete Blood Count,Laboratory,"Mark Villanueva, RMT",Laboratory
2025-12-17,Senior,Male,Diabetes Mellitus Monitoring,Clinic,Dr. Victor Manuel,Check-up
2025-12-17,Adult,Male,Diabetes Mellitus Monitoring,Clinic,Dr. Elena Bautista,Check-up
2025-12-17,Adult,Female,Drug Testing,Drug Testing,"Angela Reyes, RMT",Drug Testing
2025-12-17,Adult,Male,Fasting Blood Sugar,Laboratory,"Mark Villanueva, RMT",Laboratory
2025-12-17,Adult,Female,Hypertension Monitoring,Clinic,Dr. Elena Bautista,Check-up
2025-12-17,Adult,Female,Hypertension Monitoring,Clinic,Dr. Victor Manuel,Check-up
2025-12-17,Adult,Female,Routine Medical Consultation,Clinic,Dr. Ana Lopez,Check-up
2025-12-17,Child,Female,SGPT,Laboratory,"Angela Reyes, RMT",Laboratory
2025-12-17,Senior,Male,Urinalysis,Laboratory,"Carlo Navarro, RMT",Laboratory
2025-12-17,Adult,Female,Vascular Study,Radiology,Dr. Sofia Mercado,Imaging
2025-12-17,Senior,Male,Vascular Study,Radiology,Dr. Henry Ong,Imaging
2025-12-18,Adult,Male,Complete Blood Count,Laboratory,"Rafael Torres, RMT",Laboratory
2025-12-18,Child,Female,Complete Blood Count,Laboratory,"Angela Reyes, RMT",Laboratory
2025-12-18,Senior,Male,Diabetes Mellitus Monitoring,Clinic,Dr. Victor Manuel,Check-up
2025-12-18,Adult,Male,Fever,Clinic,Dr. Ana Lopez,Check-up
2025-12-18,Adult,Female,Hypertension Monitoring,Clinic,Dr. Victor Manuel,Check-up
2025-12-18,Adult,Female,Preventive Health Check-up,Clinic,Dr. Ana Lopez,Check-up
2025-12-18,Adult,Male,Upper Respiratory Infection,Clinic,Dr. Camille Tan,Check-up
2025-12-18,Adult,Male,Urinary Tract Infection,Clinic,Dr. Miguel Fernandez,Check-up
2025-12-19,Adult,Male,Diabetes Mellitus Monitoring,Clinic,Dr. Elena Bautista,Check-up
2025-12-19,Adult,Male,Fasting Blood Sugar,Laboratory,"Angela Reyes, RMT",Laboratory
2025-12-19,Adult,Female,Gastritis,Clinic,Dr. Elena Bautista,Check-up
2025-12-19,Adult,Male,Gastritis,Clinic,Dr. Elena Bautista,Check-up
2025-12-19,Adult,Male,Hypertension Monitoring,Clinic,Dr. Victor Manuel,Check-up
2025-12-19,Adult,Male,Upper Respiratory Infection,Clinic,Dr. Ana Lopez,Check-up
2025-12-19,Adult,Male,Upper Respiratory Infection,Clinic,Dr. Camille Tan,Check-up
2025-12-19,Child,Female,Urinary Tract Infection,Clinic,Dr. Camille Tan,Check-up
2025-12-20,Adult,Female,Blood Chemistry,Laboratory,"Joanna Lim, RMT",Laboratory
2025-12-20,Adult,Male,Dermatitis and Allergy,Clinic,Dr. Paolo Rivera,Check-up
2025-12-20,Adult,Female,Diabetes Mellitus Monitoring,Clinic,Dr. Victor Manuel,Check-up
2025-12-20,Adult,Male,Electrocardiography,Cardiology,Dr. Miguel Fernandez,Cardiology
2025-12-20,Senior,Female,Fasting Blood Sugar,Laboratory,"Carlo Navarro, RMT",Laboratory
2025-12-20,Adult,Female,Fecalysis,Laboratory,"Rafael Torres, RMT",Laboratory
2025-12-20,Child,Male,Fecalysis,Laboratory,"Patricia Mendoza, RMT",Laboratory
2025-12-20,Adult,Female,Pre-Employment Medical Exam,Clinic,Dr. Camille Tan,Pre-Employment Checkup
2025-12-20,Adult,Male,SGPT,Laboratory,"Angela Reyes, RMT",Laboratory
2025-12-20,Senior,Female,Urinalysis,Laboratory,"Joanna Lim, RMT",Laboratory
2025-12-21,Child,Female,Abdominal Pain,Clinic,Dr. Elena Bautista,Check-up
2025-12-21,Adult,Male,Abdominal Pain,Clinic,Dr. Victor Manuel,Check-up
2025-12-21,Senior,Female,Asthma Monitoring,Clinic,Dr. Elena Bautista,Check-up
2025-12-21,Adult,Male,Complete Blood Count,Laboratory,"Patricia Mendoza, RMT",Laboratory
2025-12-21,Child,Male,Creatinine,Laboratory,"Carlo Navarro, RMT",Laboratory
2025-12-21,Senior,Male,Diabetes Mellitus Monitoring,Clinic,Dr. Elena Bautista,Check-up
2025-12-21,Adult,Female,Hypertension Monitoring,Clinic,Dr. Victor Manuel,Check-up
2025-12-21,Adult,Male,Routine Medical Consultation,Clinic,Dr. Ana Lopez,Check-up
2025-12-21,Senior,Female,Urinary Tract Infection,Clinic,Dr. Miguel Fernandez,Check-up
2025-12-22,Adult,Female,2D Echo,Cardiology,Dr. Camille Tan,Cardiology
2025-12-22,Adult,Male,Annual Physical Examination,Annual Physical Examination,Dr. Camille Tan,Annual Physical Examination
2025-12-22,Child,Female,Asthma Monitoring,Clinic,Dr. Victor Manuel,Check-up
2025-12-22,Child,Female,Blood Chemistry,Laboratory,"Joanna Lim, RMT",Laboratory
2025-12-22,Senior,Male,Diabetes Mellitus Monitoring,Clinic,Dr. Elena Bautista,Check-up
2025-12-22,Adult,Male,Gastritis,Clinic,Dr. Victor Manuel,Check-up
2025-12-22,Adult,Female,Headache,Clinic,Dr. Paolo Rivera,Check-up
2025-12-22,Adult,Male,Pregnancy Test,Laboratory,"Mark Villanueva, RMT",Laboratory
2025-12-22,Adult,Male,Urinary Tract Infection,Clinic,Dr. Camille Tan,Check-up
2025-12-22,Adult,Female,Urinary Tract Infection,Clinic,Dr. Miguel Fernandez,Check-up
2025-12-23,Adult,Female,Annual Physical Examination,Annual Physical Examination,Dr. Ana Lopez,Annual Physical Examination
2025-12-23,Adult,Male,Complete Blood Count,Laboratory,"Angela Reyes, RMT",Laboratory
2025-12-23,Senior,Female,Diabetes Mellitus Monitoring,Clinic,Dr. Victor Manuel,Check-up
2025-12-23,Child,Male,Electrocardiography,Cardiology,Dr. Miguel Fernandez,Cardiology
2025-12-23,Senior,Male,Fecalysis,Laboratory,"Patricia Mendoza, RMT",Laboratory
2025-12-23,Child,Male,Hepatitis Screening,Laboratory,"Joanna Lim, RMT",Laboratory
2025-12-23,Senior,Female,Hypertension Monitoring,Clinic,Dr. Elena Bautista,Check-up
2025-12-23,Adult,Female,Routine Medical Consultation,Clinic,Dr. Miguel Fernandez,Check-up
2025-12-24,Child,Male,Annual Physical Examination,Annual Physical Examination,Dr. Ana Lopez,Annual Physical Examination
2025-12-25,Adult,Male,Complete Blood Count,Laboratory,"Mark Villanueva, RMT",Laboratory
2025-12-25,Adult,Male,Drug Testing,Drug Testing,"Rafael Torres, RMT",Drug Testing
2025-12-25,Adult,Male,Home Service Laboratory,Home Service,"Rafael Torres, RMT",Home Service
2025-12-25,Adult,Female,Hypertension Monitoring,Clinic,Dr. Elena Bautista,Check-up
2025-12-25,Adult,Female,Pregnancy Test,Laboratory,"Patricia Mendoza, RMT",Laboratory
2025-12-26,Adult,Female,Complete Blood Count,Laboratory,"Carlo Navarro, RMT",Laboratory
2025-12-26,Senior,Female,Gastritis,Clinic,Dr. Elena Bautista,Check-up
2025-12-26,Child,Male,Gastritis,Clinic,Dr. Victor Manuel,Check-up
2025-12-26,Adult,Female,Headache,Clinic,Dr. Ana Lopez,Check-up
2025-12-26,Senior,Female,Hypertension Monitoring,Clinic,Dr. Elena Bautista,Check-up
2025-12-26,Child,Male,Lipid Profile,Laboratory,"Mark Villanueva, RMT",Laboratory
2025-12-26,Adult,Male,Pregnancy Test,Laboratory,"Carlo Navarro, RMT",Laboratory
2025-12-26,Adult,Female,Urinalysis,Laboratory,"Rafael Torres, RMT",Laboratory
2025-12-26,Adult,Female,Urinalysis,Laboratory,"Joanna Lim, RMT",Laboratory
2025-12-26,Senior,Female,Vascular Study,Radiology,Dr. Andrea Sy,Imaging
2025-12-27,Adult,Female,Abdominal Pain,Clinic,Dr. Elena Bautista,Check-up
2025-12-27,Child,Female,Annual Physical Examination,Annual Physical Examination,Dr. Paolo Rivera,Annual Physical Examination
2025-12-27,Child,Male,Annual Physical Examination,Annual Physical Examination,Dr. Miguel Fernandez,Annual Physical Examination
2025-12-27,Child,Male,Chest X-ray,Radiology,Dr. Sofia Mercado,Imaging
2025-12-27,Adult,Male,Complete Blood Count,Laboratory,"Carlo Navarro, RMT",Laboratory
2025-12-27,Adult,Female,Diabetes Mellitus Monitoring,Clinic,Dr. Elena Bautista,Check-up
2025-12-27,Adult,Male,Diabetes Mellitus Monitoring,Clinic,Dr. Victor Manuel,Check-up
2025-12-27,Adult,Female,Fecalysis,Laboratory,"Rafael Torres, RMT",Laboratory
2025-12-27,Adult,Female,Gastritis,Clinic,Dr. Elena Bautista,Check-up
2025-12-27,Adult,Male,Pregnancy Test,Laboratory,"Patricia Mendoza, RMT",Laboratory
2025-12-27,Adult,Male,Vascular Study,Radiology,Dr. Andrea Sy,Imaging
2025-12-28,Child,Male,Blood Chemistry,Laboratory,"Mark Villanueva, RMT",Laboratory
2025-12-28,Child,Male,Fasting Blood Sugar,Laboratory,"Patricia Mendoza, RMT",Laboratory
2025-12-28,Adult,Female,Fever,Clinic,Dr. Camille Tan,Check-up
2025-12-28,Senior,Male,Gastritis,Clinic,Dr. Victor Manuel,Check-up
2025-12-28,Senior,Female,Hypertension Monitoring,Clinic,Dr. Victor Manuel,Check-up
2025-12-28,Senior,Female,Hypertension Monitoring,Clinic,Dr. Elena Bautista,Check-up
2025-12-28,Child,Female,Upper Respiratory Infection,Clinic,Dr. Camille Tan,Check-up
2025-12-28,Adult,Female,Urinalysis,Laboratory,"Mark Villanueva, RMT",Laboratory
2025-12-28,Adult,Female,Vaccination,Clinic,Dr. Camille Tan,Vaccination
2025-12-28,Adult,Male,Vascular Study,Radiology,Dr. Sofia Mercado,Imaging
2025-12-29,Child,Female,Blood Chemistry,Laboratory,"Carlo Navarro, RMT",Laboratory
2025-12-29,Adult,Female,Drug Testing,Drug Testing,"Mark Villanueva, RMT",Drug Testing
2025-12-29,Adult,Female,Fasting Blood Sugar,Laboratory,"Carlo Navarro, RMT",Laboratory
2025-12-29,Adult,Male,Gastritis,Clinic,Dr. Victor Manuel,Check-up
2025-12-29,Adult,Male,Pre-Employment Medical Exam,Clinic,Dr. Camille Tan,Pre-Employment Checkup
2025-12-29,Senior,Male,Preventive Health Check-up,Clinic,Dr. Miguel Fernandez,Check-up
2025-12-29,Child,Male,Routine Medical Consultation,Clinic,Dr. Paolo Rivera,Check-up
2025-12-29,Adult,Male,Routine Medical Consultation,Clinic,Dr. Paolo Rivera,Check-up
2025-12-29,Adult,Female,Upper Respiratory Infection,Clinic,Dr. Paolo Rivera,Check-up
2025-12-30,Child,Male,Chest X-ray,Radiology,Dr. Andrea Sy,Imaging
2025-12-30,Adult,Male,Complete Blood Count,Laboratory,"Carlo Navarro, RMT",Laboratory
2025-12-30,Adult,Female,Diabetes Mellitus Monitoring,Clinic,Dr. Victor Manuel,Check-up
2025-12-30,Adult,Male,Electrocardiography,Cardiology,Dr. Camille Tan,Cardiology
2025-12-30,Child,Female,Fasting Blood Sugar,Laboratory,"Mark Villanueva, RMT",Laboratory
2025-12-30,Adult,Male,Fecalysis,Laboratory,"Angela Reyes, RMT",Laboratory
2025-12-30,Child,Female,Fever,Clinic,Dr. Ana Lopez,Check-up
2025-12-30,Adult,Female,Fever,Clinic,Dr. Ana Lopez,Check-up
2025-12-30,Senior,Female,Headache,Clinic,Dr. Miguel Fernandez,Check-up
2025-12-30,Adult,Male,Hypertension Monitoring,Clinic,Dr. Victor Manuel,Check-up
2025-12-31,Adult,Male,Blood Chemistry,Laboratory,"Patricia Mendoza, RMT",Laboratory
2025-12-31,Adult,Female,Blood Chemistry,Laboratory,"Rafael Torres, RMT",Laboratory
2025-12-31,Adult,Male,Fever,Clinic,Dr. Paolo Rivera,Check-up
2025-12-31,Child,Female,Preventive Health Check-up,Clinic,Dr. Miguel Fernandez,Check-up
2025-12-31,Adult,Female,Routine Medical Consultation,Clinic,Dr. Camille Tan,Check-up
2025-12-31,Senior,Male,Upper Respiratory Infection,Clinic,Dr. Paolo Rivera,Check-up
2025-12-31,Adult,Male,Urinary Tract Infection,Clinic,Dr. Camille Tan,Check-up
2025-12-31,Child,Female,Urinary Tract Infection,Clinic,Dr. Paolo Rivera,Check-up
2026-01-01,Child,Female,Asthma Monitoring,Clinic,Dr. Victor Manuel,Check-up
2026-01-01,Adult,Female,Asthma Monitoring,Clinic,Dr. Elena Bautista,Check-up
2026-01-01,Child,Female,Asthma Monitoring,Clinic,Dr. Elena Bautista,Check-up
2026-01-01,Adult,Female,Complete Blood Count,Laboratory,"Patricia Mendoza, RMT",Laboratory
2026-01-01,Senior,Female,Creatinine,Laboratory,"Joanna Lim, RMT",Laboratory
2026-01-01,Adult,Male,Fasting Blood Sugar,Laboratory,"Carlo Navarro, RMT",Laboratory
2026-01-01,Adult,Female,Gastritis,Clinic,Dr. Elena Bautista,Check-up
2026-01-01,Senior,Male,Hypertension Monitoring,Clinic,Dr. Victor Manuel,Check-up
2026-01-01,Senior,Female,Hypertension Monitoring,Clinic,Dr. Victor Manuel,Check-up
2026-01-01,Child,Female,Thyroid Function Test,Laboratory,"Angela Reyes, RMT",Laboratory
2026-01-02,Adult,Female,Annual Physical Examination,Annual Physical Examination,Dr. Paolo Rivera,Annual Physical Examination
2026-01-02,Adult,Male,Asthma Monitoring,Clinic,Dr. Elena Bautista,Check-up
2026-01-02,Senior,Female,Chest X-ray,Radiology,Dr. Andrea Sy,Imaging
2026-01-02,Adult,Male,Hypertension Monitoring,Clinic,Dr. Victor Manuel,Check-up
2026-01-02,Adult,Male,Preventive Health Check-up,Clinic,Dr. Camille Tan,Check-up
2026-01-02,Adult,Female,Upper Respiratory Infection,Clinic,Dr. Paolo Rivera,Check-up
2026-01-02,Adult,Female,Upper Respiratory Infection,Clinic,Dr. Ana Lopez,Check-up
2026-01-03,Adult,Female,Fasting Blood Sugar,Laboratory,"Carlo Navarro, RMT",Laboratory
2026-01-03,Adult,Female,Gastritis,Clinic,Dr. Victor Manuel,Check-up
2026-01-03,Child,Male,Headache,Clinic,Dr. Paolo Rivera,Check-up
2026-01-03,Adult,Female,Home Service Laboratory,Home Service,"Carlo Navarro, RMT",Home Service
2026-01-03,Adult,Female,Preventive Health Check-up,Clinic,Dr. Paolo Rivera,Check-up
2026-01-03,Adult,Female,Preventive Health Check-up,Clinic,Dr. Camille Tan,Check-up
2026-01-03,Senior,Male,Ultrasound,Radiology,Dr. Henry Ong,Imaging
2026-01-04,Adult,Male,Abdominal Pain,Clinic,Dr. Victor Manuel,Check-up
2026-01-04,Senior,Male,Blood Chemistry,Laboratory,"Mark Villanueva, RMT",Laboratory
2026-01-04,Child,Male,Chest X-ray,Radiology,Dr. Sofia Mercado,Imaging
2026-01-04,Adult,Male,Drug Testing,Drug Testing,"Patricia Mendoza, RMT",Drug Testing
2026-01-04,Adult,Female,Hypertension Monitoring,Clinic,Dr. Victor Manuel,Check-up
2026-01-04,Adult,Male,Pregnancy Test,Laboratory,"Mark Villanueva, RMT",Laboratory
2026-01-04,Adult,Male,Preventive Health Check-up,Clinic,Dr. Paolo Rivera,Check-up
2026-01-04,Adult,Female,Ultrasound,Radiology,Dr. Sofia Mercado,Imaging
2026-01-04,Adult,Female,Upper Respiratory Infection,Clinic,Dr. Ana Lopez,Check-up
2026-01-04,Senior,Male,Vaccination,Clinic,Dr. Ana Lopez,Vaccination
2026-01-05,Adult,Female,2D Echo,Cardiology,Dr. Camille Tan,Cardiology
2026-01-05,Child,Female,Asthma Monitoring,Clinic,Dr. Victor Manuel,Check-up
2026-01-05,Adult,Female,Asthma Monitoring,Clinic,Dr. Elena Bautista,Check-up
2026-01-05,Child,Male,Complete Blood Count,Laboratory,"Joanna Lim, RMT",Laboratory
2026-01-05,Senior,Female,Diabetes Mellitus Monitoring,Clinic,Dr. Victor Manuel,Check-up
2026-01-05,Adult,Female,Hypertension Monitoring,Clinic,Dr. Elena Bautista,Check-up
2026-01-05,Adult,Female,Pregnancy Test,Laboratory,"Rafael Torres, RMT",Laboratory
2026-01-05,Adult,Male,Pregnancy Test,Laboratory,"Patricia Mendoza, RMT",Laboratory
2026-01-05,Adult,Male,Routine Medical Consultation,Clinic,Dr. Camille Tan,Check-up
2026-01-05,Child,Male,Upper Respiratory Infection,Clinic,Dr. Paolo Rivera,Check-up
2026-01-05,Adult,Female,Urinary Tract Infection,Clinic,Dr. Miguel Fernandez,Check-up
2026-01-06,Adult,Male,Abdominal Pain,Clinic,Dr. Elena Bautista,Check-up
2026-01-06,Adult,Female,Annual Physical Examination,Annual Physical Examination,Dr. Camille Tan,Annual Physical Examination
2026-01-06,Senior,Male,Asthma Monitoring,Clinic,Dr. Victor Manuel,Check-up
2026-01-06,Adult,Male,Blood Chemistry,Laboratory,"Joanna Lim, RMT",Laboratory
2026-01-06,Child,Female,Complete Blood Count,Laboratory,"Joanna Lim, RMT",Laboratory
2026-01-06,Adult,Female,Diabetes Mellitus Monitoring,Clinic,Dr. Elena Bautista,Check-up
2026-01-06,Child,Male,Electrocardiography,Cardiology,Dr. Camille Tan,Cardiology
2026-01-06,Adult,Male,Electrocardiography,Cardiology,Dr. Camille Tan,Cardiology
2026-01-06,Child,Female,Electrocardiography,Cardiology,Dr. Paolo Rivera,Cardiology
2026-01-06,Adult,Male,Gastritis,Clinic,Dr. Elena Bautista,Check-up
2026-01-06,Adult,Male,Headache,Clinic,Dr. Miguel Fernandez,Check-up
2026-01-06,Adult,Male,Lipid Profile,Laboratory,"Rafael Torres, RMT",Laboratory
2026-01-06,Adult,Female,Pre-Employment Medical Exam,Clinic,Dr. Paolo Rivera,Pre-Employment Checkup
2026-01-07,Child,Male,Abdominal Pain,Clinic,Dr. Elena Bautista,Check-up
2026-01-07,Adult,Female,Blood Chemistry,Laboratory,"Angela Reyes, RMT",Laboratory
2026-01-07,Child,Male,Chest X-ray,Radiology,Dr. Henry Ong,Imaging
2026-01-07,Adult,Female,Complete Blood Count,Laboratory,"Patricia Mendoza, RMT",Laboratory
2026-01-07,Adult,Female,Dermatitis and Allergy,Clinic,Dr. Ana Lopez,Check-up
2026-01-07,Adult,Male,Headache,Clinic,Dr. Camille Tan,Check-up
2026-01-07,Adult,Male,Hepatitis Screening,Laboratory,"Angela Reyes, RMT",Laboratory
2026-01-07,Child,Female,Preventive Health Check-up,Clinic,Dr. Ana Lopez,Check-up
2026-01-07,Child,Male,Ultrasound,Radiology,Dr. Sofia Mercado,Imaging
2026-01-07,Senior,Female,Upper Respiratory Infection,Clinic,Dr. Miguel Fernandez,Check-up
2026-01-07,Adult,Male,Vascular Study,Radiology,Dr. Andrea Sy,Imaging
2026-01-08,Adult,Male,Diabetes Mellitus Monitoring,Clinic,Dr. Elena Bautista,Check-up
2026-01-08,Adult,Male,Headache,Clinic,Dr. Ana Lopez,Check-up
2026-01-08,Senior,Male,Home Service Laboratory,Home Service,"Mark Villanueva, RMT",Home Service
2026-01-08,Child,Female,Routine Medical Consultation,Clinic,Dr. Ana Lopez,Check-up
2026-01-09,Adult,Male,Dermatitis and Allergy,Clinic,Dr. Paolo Rivera,Check-up
2026-01-09,Adult,Female,Diabetes Mellitus Monitoring,Clinic,Dr. Victor Manuel,Check-up
2026-01-09,Child,Male,Fever,Clinic,Dr. Paolo Rivera,Check-up
2026-01-09,Adult,Female,Pregnancy Test,Laboratory,"Patricia Mendoza, RMT",Laboratory
2026-01-09,Senior,Female,Vascular Study,Radiology,Dr. Andrea Sy,Imaging
2026-01-10,Adult,Male,Abdominal Pain,Clinic,Dr. Elena Bautista,Check-up
2026-01-10,Adult,Female,Annual Physical Examination,Annual Physical Examination,Dr. Miguel Fernandez,Annual Physical Examination
2026-01-10,Adult,Male,Blood Chemistry,Laboratory,"Rafael Torres, RMT",Laboratory
2026-01-10,Adult,Female,Dermatitis and Allergy,Clinic,Dr. Miguel Fernandez,Check-up
2026-01-10,Adult,Female,Fasting Blood Sugar,Laboratory,"Rafael Torres, RMT",Laboratory
2026-01-10,Child,Male,Fecalysis,Laboratory,"Angela Reyes, RMT",Laboratory
2026-01-10,Adult,Female,Fever,Clinic,Dr. Paolo Rivera,Check-up
2026-01-10,Adult,Male,Fever,Clinic,Dr. Paolo Rivera,Check-up
2026-01-11,Adult,Male,Creatinine,Laboratory,"Rafael Torres, RMT",Laboratory
2026-01-11,Senior,Female,Diabetes Mellitus Monitoring,Clinic,Dr. Elena Bautista,Check-up
2026-01-11,Adult,Male,Gastritis,Clinic,Dr. Elena Bautista,Check-up
2026-01-11,Adult,Female,Hypertension Monitoring,Clinic,Dr. Victor Manuel,Check-up
2026-01-11,Adult,Male,Lipid Profile,Laboratory,"Mark Villanueva, RMT",Laboratory
2026-01-11,Adult,Male,Preventive Health Check-up,Clinic,Dr. Miguel Fernandez,Check-up
2026-01-11,Adult,Male,Preventive Health Check-up,Clinic,Dr. Paolo Rivera,Check-up
2026-01-11,Adult,Female,Urinalysis,Laboratory,"Rafael Torres, RMT",Laboratory
2026-01-11,Adult,Male,Vaccination,Clinic,Dr. Camille Tan,Vaccination
2026-01-12,Adult,Male,Asthma Monitoring,Clinic,Dr. Victor Manuel,Check-up
2026-01-12,Adult,Female,Drug Testing,Drug Testing,"Angela Reyes, RMT",Drug Testing
2026-01-12,Adult,Male,Fasting Blood Sugar,Laboratory,"Patricia Mendoza, RMT",Laboratory
2026-01-12,Child,Female,Urinalysis,Laboratory,"Angela Reyes, RMT",Laboratory
2026-01-12,Adult,Male,Urinalysis,Laboratory,"Mark Villanueva, RMT",Laboratory
2026-01-13,Senior,Female,Annual Physical Examination,Annual Physical Examination,Dr. Paolo Rivera,Annual Physical Examination
2026-01-13,Adult,Female,Chest X-ray,Radiology,Dr. Andrea Sy,Imaging
2026-01-13,Adult,Male,Creatinine,Laboratory,"Joanna Lim, RMT",Laboratory
2026-01-13,Adult,Male,Diabetes Mellitus Monitoring,Clinic,Dr. Elena Bautista,Check-up
2026-01-13,Adult,Male,Electrocardiography,Cardiology,Dr. Miguel Fernandez,Cardiology
2026-01-13,Child,Male,Fasting Blood Sugar,Laboratory,"Rafael Torres, RMT",Laboratory
2026-01-13,Adult,Female,Gastritis,Clinic,Dr. Elena Bautista,Check-up
2026-01-13,Adult,Male,Hypertension Monitoring,Clinic,Dr. Victor Manuel,Check-up
2026-01-13,Child,Female,Lipid Profile,Laboratory,"Mark Villanueva, RMT",Laboratory
2026-01-13,Adult,Female,Routine Medical Consultation,Clinic,Dr. Camille Tan,Check-up
2026-01-13,Adult,Male,Ultrasound,Radiology,Dr. Henry Ong,Imaging
2026-01-14,Adult,Male,Annual Physical Examination,Annual Physical Examination,Dr. Camille Tan,Annual Physical Examination
2026-01-14,Senior,Male,Fasting Blood Sugar,Laboratory,"Mark Villanueva, RMT",Laboratory
2026-01-14,Adult,Female,Fecalysis,Laboratory,"Patricia Mendoza, RMT",Laboratory
2026-01-14,Adult,Male,Fever,Clinic,Dr. Ana Lopez,Check-up
2026-01-14,Adult,Female,Headache,Clinic,Dr. Ana Lopez,Check-up
2026-01-14,Senior,Male,Hypertension Monitoring,Clinic,Dr. Elena Bautista,Check-up
2026-01-14,Adult,Female,Pre-Employment Medical Exam,Clinic,Dr. Paolo Rivera,Pre-Employment Checkup
2026-01-14,Adult,Male,Vascular Study,Radiology,Dr. Sofia Mercado,Imaging
2026-01-15,Adult,Male,Abdominal Pain,Clinic,Dr. Elena Bautista,Check-up
2026-01-15,Senior,Female,Chest X-ray,Radiology,Dr. Henry Ong,Imaging
2026-01-15,Senior,Female,Chest X-ray,Radiology,Dr. Andrea Sy,Imaging
2026-01-15,Child,Male,Complete Blood Count,Laboratory,"Patricia Mendoza, RMT",Laboratory
2026-01-15,Senior,Male,Diabetes Mellitus Monitoring,Clinic,Dr. Elena Bautista,Check-up
2026-01-15,Child,Female,Fecalysis,Laboratory,"Angela Reyes, RMT",Laboratory
2026-01-15,Adult,Female,Headache,Clinic,Dr. Camille Tan,Check-up
2026-01-15,Adult,Male,Headache,Clinic,Dr. Miguel Fernandez,Check-up
2026-01-15,Adult,Male,Hypertension Monitoring,Clinic,Dr. Victor Manuel,Check-up
2026-01-15,Adult,Male,Hypertension Monitoring,Clinic,Dr. Elena Bautista,Check-up
2026-01-15,Senior,Male,Hypertension Monitoring,Clinic,Dr. Victor Manuel,Check-up
2026-01-15,Adult,Female,Pregnancy Test,Laboratory,"Rafael Torres, RMT",Laboratory
2026-01-16,Child,Male,Annual Physical Examination,Annual Physical Examination,Dr. Paolo Rivera,Annual Physical Examination
2026-01-16,Adult,Male,Asthma Monitoring,Clinic,Dr. Elena Bautista,Check-up
2026-01-16,Senior,Female,Asthma Monitoring,Clinic,Dr. Victor Manuel,Check-up
2026-01-16,Adult,Female,Dermatitis and Allergy,Clinic,Dr. Camille Tan,Check-up
2026-01-16,Adult,Female,Diabetes Mellitus Monitoring,Clinic,Dr. Victor Manuel,Check-up
2026-01-16,Adult,Male,Fasting Blood Sugar,Laboratory,"Carlo Navarro, RMT",Laboratory
2026-01-16,Senior,Female,Hypertension Monitoring,Clinic,Dr. Victor Manuel,Check-up
2026-01-16,Adult,Female,Preventive Health Check-up,Clinic,Dr. Camille Tan,Check-up
2026-01-17,Adult,Female,Asthma Monitoring,Clinic,Dr. Victor Manuel,Check-up
2026-01-17,Adult,Female,Complete Blood Count,Laboratory,"Joanna Lim, RMT",Laboratory
2026-01-17,Adult,Male,Complete Blood Count,Laboratory,"Joanna Lim, RMT",Laboratory
2026-01-17,Adult,Male,Diabetes Mellitus Monitoring,Clinic,Dr. Victor Manuel,Check-up
2026-01-17,Adult,Female,Diabetes Mellitus Monitoring,Clinic,Dr. Elena Bautista,Check-up
2026-01-17,Senior,Male,Electrocardiography,Cardiology,Dr. Paolo Rivera,Cardiology
2026-01-17,Adult,Female,Hepatitis Screening,Laboratory,"Patricia Mendoza, RMT",Laboratory
2026-01-17,Adult,Female,Pre-Employment Medical Exam,Clinic,Dr. Miguel Fernandez,Pre-Employment Checkup
2026-01-17,Child,Female,Routine Medical Consultation,Clinic,Dr. Paolo Rivera,Check-up
2026-01-17,Adult,Male,Routine Medical Consultation,Clinic,Dr. Ana Lopez,Check-up
2026-01-17,Senior,Female,SGPT,Laboratory,"Angela Reyes, RMT",Laboratory
2026-01-17,Adult,Female,Upper Respiratory Infection,Clinic,Dr. Ana Lopez,Check-up
2026-01-17,Child,Female,Upper Respiratory Infection,Clinic,Dr. Ana Lopez,Check-up
2026-01-17,Child,Female,Upper Respiratory Infection,Clinic,Dr. Paolo Rivera,Check-up
2026-01-17,Adult,Male,Urinalysis,Laboratory,"Mark Villanueva, RMT",Laboratory
2026-01-17,Child,Female,Urinary Tract Infection,Clinic,Dr. Ana Lopez,Check-up
2026-01-18,Child,Male,Asthma Monitoring,Clinic,Dr. Victor Manuel,Check-up
2026-01-18,Child,Female,Complete Blood Count,Laboratory,"Rafael Torres, RMT",Laboratory
2026-01-18,Child,Female,Dermatitis and Allergy,Clinic,Dr. Ana Lopez,Check-up
2026-01-18,Senior,Male,Hypertension Monitoring,Clinic,Dr. Elena Bautista,Check-up
2026-01-18,Senior,Male,Hypertension Monitoring,Clinic,Dr. Victor Manuel,Check-up
2026-01-18,Adult,Male,Hypertension Monitoring,Clinic,Dr. Elena Bautista,Check-up
2026-01-18,Adult,Female,Lipid Profile,Laboratory,"Carlo Navarro, RMT",Laboratory
2026-01-18,Child,Male,Preventive Health Check-up,Clinic,Dr. Ana Lopez,Check-up
2026-01-18,Adult,Female,Thyroid Function Test,Laboratory,"Joanna Lim, RMT",Laboratory
2026-01-18,Child,Male,Ultrasound,Radiology,Dr. Sofia Mercado,Imaging
2026-01-18,Adult,Female,Upper Respiratory Infection,Clinic,Dr. Miguel Fernandez,Check-up
2026-01-18,Adult,Female,Urinalysis,Laboratory,"Rafael Torres, RMT",Laboratory
2026-01-18,Adult,Female,Urinary Tract Infection,Clinic,Dr. Camille Tan,Check-up
2026-01-18,Adult,Male,Vascular Study,Radiology,Dr. Henry Ong,Imaging
2026-01-19,Adult,Female,Abdominal Pain,Clinic,Dr. Victor Manuel,Check-up
2026-01-19,Adult,Female,Blood Chemistry,Laboratory,"Rafael Torres, RMT",Laboratory
2026-01-19,Adult,Female,Creatinine,Laboratory,"Carlo Navarro, RMT",Laboratory
2026-01-19,Child,Male,Fasting Blood Sugar,Laboratory,"Rafael Torres, RMT",Laboratory
2026-01-19,Child,Female,Headache,Clinic,Dr. Miguel Fernandez,Check-up
2026-01-19,Adult,Female,Hepatitis Screening,Laboratory,"Rafael Torres, RMT",Laboratory
2026-01-19,Adult,Male,Home Service Laboratory,Home Service,"Patricia Mendoza, RMT",Home Service
2026-01-19,Adult,Female,Lipid Profile,Laboratory,"Angela Reyes, RMT",Laboratory
2026-01-19,Adult,Male,SGPT,Laboratory,"Angela Reyes, RMT",Laboratory
2026-01-19,Adult,Female,Urinalysis,Laboratory,"Mark Villanueva, RMT",Laboratory
2026-01-20,Adult,Male,Annual Physical Examination,Annual Physical Examination,Dr. Camille Tan,Annual Physical Examination
2026-01-20,Senior,Male,Diabetes Mellitus Monitoring,Clinic,Dr. Victor Manuel,Check-up
2026-01-20,Adult,Male,Fasting Blood Sugar,Laboratory,"Rafael Torres, RMT",Laboratory
2026-01-20,Adult,Female,Gastritis,Clinic,Dr. Elena Bautista,Check-up
2026-01-20,Adult,Male,Hypertension Monitoring,Clinic,Dr. Victor Manuel,Check-up
2026-01-20,Adult,Male,Pre-Employment Medical Exam,Clinic,Dr. Paolo Rivera,Pre-Employment Checkup
2026-01-20,Child,Male,Ultrasound,Radiology,Dr. Andrea Sy,Imaging
2026-01-20,Adult,Female,Upper Respiratory Infection,Clinic,Dr. Camille Tan,Check-up
2026-01-20,Adult,Female,Upper Respiratory Infection,Clinic,Dr. Miguel Fernandez,Check-up
2026-01-20,Adult,Female,Urinalysis,Laboratory,"Patricia Mendoza, RMT",Laboratory
2026-01-20,Adult,Female,Vaccination,Clinic,Dr. Miguel Fernandez,Vaccination
2026-01-21,Adult,Female,Asthma Monitoring,Clinic,Dr. Victor Manuel,Check-up
2026-01-21,Adult,Male,Blood Chemistry,Laboratory,"Patricia Mendoza, RMT",Laboratory
2026-01-21,Child,Male,Chest X-ray,Radiology,Dr. Sofia Mercado,Imaging
2026-01-21,Adult,Female,Complete Blood Count,Laboratory,"Joanna Lim, RMT",Laboratory
2026-01-21,Adult,Male,Complete Blood Count,Laboratory,"Carlo Navarro, RMT",Laboratory
2026-01-21,Adult,Female,Complete Blood Count,Laboratory,"Mark Villanueva, RMT",Laboratory
2026-01-21,Adult,Male,Dermatitis and Allergy,Clinic,Dr. Ana Lopez,Check-up
2026-01-21,Adult,Male,Diabetes Mellitus Monitoring,Clinic,Dr. Elena Bautista,Check-up
2026-01-21,Adult,Male,Drug Testing,Drug Testing,"Patricia Mendoza, RMT",Drug Testing
2026-01-21,Adult,Female,Hypertension Monitoring,Clinic,Dr. Elena Bautista,Check-up
2026-01-21,Senior,Female,Lipid Profile,Laboratory,"Angela Reyes, RMT",Laboratory
2026-01-21,Adult,Male,Pre-Employment Medical Exam,Clinic,Dr. Camille Tan,Pre-Employment Checkup
2026-01-21,Adult,Male,Upper Respiratory Infection,Clinic,Dr. Paolo Rivera,Check-up
2026-01-22,Adult,Female,Complete Blood Count,Laboratory,"Rafael Torres, RMT",Laboratory
2026-01-22,Adult,Female,Dermatitis and Allergy,Clinic,Dr. Miguel Fernandez,Check-up
2026-01-22,Adult,Male,Fecalysis,Laboratory,"Rafael Torres, RMT",Laboratory
2026-01-22,Child,Male,Gastritis,Clinic,Dr. Elena Bautista,Check-up
2026-01-22,Adult,Female,Gastritis,Clinic,Dr. Victor Manuel,Check-up
2026-01-22,Adult,Male,Routine Medical Consultation,Clinic,Dr. Ana Lopez,Check-up
2026-01-22,Adult,Male,Upper Respiratory Infection,Clinic,Dr. Miguel Fernandez,Check-up
2026-01-22,Adult,Female,Upper Respiratory Infection,Clinic,Dr. Paolo Rivera,Check-up
2026-01-22,Adult,Male,Urinary Tract Infection,Clinic,Dr. Ana Lopez,Check-up
2026-01-23,Senior,Female,Asthma Monitoring,Clinic,Dr. Victor Manuel,Check-up
2026-01-23,Adult,Male,Complete Blood Count,Laboratory,"Patricia Mendoza, RMT",Laboratory
2026-01-23,Adult,Female,Creatinine,Laboratory,"Rafael Torres, RMT",Laboratory
2026-01-23,Senior,Female,Diabetes Mellitus Monitoring,Clinic,Dr. Elena Bautista,Check-up
2026-01-23,Adult,Male,Drug Testing,Drug Testing,"Mark Villanueva, RMT",Drug Testing
2026-01-23,Adult,Male,Electrocardiography,Cardiology,Dr. Camille Tan,Cardiology
2026-01-23,Child,Male,Headache,Clinic,Dr. Miguel Fernandez,Check-up
2026-01-23,Adult,Male,Hepatitis Screening,Laboratory,"Angela Reyes, RMT",Laboratory
2026-01-23,Senior,Male,Hypertension Monitoring,Clinic,Dr. Victor Manuel,Check-up
2026-01-23,Adult,Female,Pre-Employment Medical Exam,Clinic,Dr. Ana Lopez,Pre-Employment Checkup
2026-01-23,Adult,Female,Preventive Health Check-up,Clinic,Dr. Ana Lopez,Check-up
2026-01-23,Adult,Male,Upper Respiratory Infection,Clinic,Dr. Miguel Fernandez,Check-up
2026-01-23,Adult,Female,Urinalysis,Laboratory,"Angela Reyes, RMT",Laboratory
2026-01-23,Adult,Male,Urinary Tract Infection,Clinic,Dr. Paolo Rivera,Check-up
2026-01-23,Child,Female,Vaccination,Clinic,Dr. Paolo Rivera,Vaccination
2026-01-24,Child,Female,Asthma Monitoring,Clinic,Dr. Victor Manuel,Check-up
2026-01-24,Child,Male,Blood Chemistry,Laboratory,"Carlo Navarro, RMT",Laboratory
2026-01-24,Adult,Female,Fever,Clinic,Dr. Ana Lopez,Check-up
2026-01-24,Adult,Female,Hypertension Monitoring,Clinic,Dr. Elena Bautista,Check-up
2026-01-24,Adult,Female,Pre-Employment Medical Exam,Clinic,Dr. Paolo Rivera,Pre-Employment Checkup
2026-01-24,Adult,Female,Pregnancy Test,Laboratory,"Patricia Mendoza, RMT",Laboratory
2026-01-25,Adult,Male,2D Echo,Cardiology,Dr. Paolo Rivera,Cardiology
2026-01-25,Adult,Female,Abdominal Pain,Clinic,Dr. Elena Bautista,Check-up
2026-01-25,Adult,Male,Asthma Monitoring,Clinic,Dr. Victor Manuel,Check-up
2026-01-25,Senior,Male,Blood Chemistry,Laboratory,"Carlo Navarro, RMT",Laboratory
2026-01-25,Adult,Female,Chest X-ray,Radiology,Dr. Andrea Sy,Imaging
2026-01-25,Senior,Male,Chest X-ray,Radiology,Dr. Henry Ong,Imaging
2026-01-25,Senior,Female,Diabetes Mellitus Monitoring,Clinic,Dr. Victor Manuel,Check-up
2026-01-25,Adult,Female,Headache,Clinic,Dr. Paolo Rivera,Check-up
2026-01-25,Senior,Male,Hypertension Monitoring,Clinic,Dr. Elena Bautista,Check-up
2026-01-25,Adult,Male,Lipid Profile,Laboratory,"Joanna Lim, RMT",Laboratory
2026-01-25,Adult,Female,Urinary Tract Infection,Clinic,Dr. Camille Tan,Check-up
2026-01-25,Adult,Male,Urinary Tract Infection,Clinic,Dr. Camille Tan,Check-up
2026-01-25,Child,Female,Urinary Tract Infection,Clinic,Dr. Camille Tan,Check-up
2026-01-26,Adult,Male,Annual Physical Examination,Annual Physical Examination,Dr. Paolo Rivera,Annual Physical Examination
2026-01-26,Child,Female,Blood Chemistry,Laboratory,"Carlo Navarro, RMT",Laboratory
2026-01-26,Adult,Female,Complete Blood Count,Laboratory,"Carlo Navarro, RMT",Laboratory
2026-01-26,Child,Female,Complete Blood Count,Laboratory,"Joanna Lim, RMT",Laboratory
2026-01-26,Adult,Male,Dermatitis and Allergy,Clinic,Dr. Paolo Rivera,Check-up
2026-01-26,Child,Male,Dermatitis and Allergy,Clinic,Dr. Camille Tan,Check-up
2026-01-26,Senior,Male,Electrocardiography,Cardiology,Dr. Ana Lopez,Cardiology
2026-01-26,Adult,Female,Fever,Clinic,Dr. Ana Lopez,Check-up
2026-01-26,Senior,Male,Hypertension Monitoring,Clinic,Dr. Elena Bautista,Check-up
2026-01-26,Senior,Male,SGPT,Laboratory,"Joanna Lim, RMT",Laboratory
2026-01-26,Adult,Male,Upper Respiratory Infection,Clinic,Dr. Camille Tan,Check-up
2026-01-26,Child,Female,Urinary Tract Infection,Clinic,Dr. Paolo Rivera,Check-up
2026-01-26,Senior,Male,Urinary Tract Infection,Clinic,Dr. Camille Tan,Check-up
2026-01-26,Senior,Male,Vascular Study,Radiology,Dr. Sofia Mercado,Imaging
2026-01-27,Adult,Female,Asthma Monitoring,Clinic,Dr. Elena Bautista,Check-up
2026-01-27,Senior,Male,Asthma Monitoring,Clinic,Dr. Victor Manuel,Check-up
2026-01-27,Adult,Female,Dermatitis and Allergy,Clinic,Dr. Miguel Fernandez,Check-up
2026-01-27,Senior,Female,Diabetes Mellitus Monitoring,Clinic,Dr. Elena Bautista,Check-up
2026-01-27,Adult,Male,Fasting Blood Sugar,Laboratory,"Patricia Mendoza, RMT",Laboratory
2026-01-27,Child,Male,Fecalysis,Laboratory,"Mark Villanueva, RMT",Laboratory
2026-01-27,Adult,Male,Gastritis,Clinic,Dr. Victor Manuel,Check-up
2026-01-27,Child,Male,Routine Medical Consultation,Clinic,Dr. Ana Lopez,Check-up
2026-01-27,Adult,Male,Ultrasound,Radiology,Dr. Sofia Mercado,Imaging
2026-01-27,Adult,Male,Upper Respiratory Infection,Clinic,Dr. Miguel Fernandez,Check-up
2026-01-28,Child,Female,Blood Chemistry,Laboratory,"Mark Villanueva, RMT",Laboratory
2026-01-28,Senior,Male,Diabetes Mellitus Monitoring,Clinic,Dr. Elena Bautista,Check-up
2026-01-28,Child,Female,Fasting Blood Sugar,Laboratory,"Joanna Lim, RMT",Laboratory
2026-01-28,Adult,Male,Hypertension Monitoring,Clinic,Dr. Victor Manuel,Check-up
2026-01-28,Adult,Male,Pre-Employment Medical Exam,Clinic,Dr. Miguel Fernandez,Pre-Employment Checkup
2026-01-28,Adult,Male,Thyroid Function Test,Laboratory,"Joanna Lim, RMT",Laboratory
2026-01-28,Adult,Male,Upper Respiratory Infection,Clinic,Dr. Miguel Fernandez,Check-up
2026-01-28,Adult,Male,Urinalysis,Laboratory,"Joanna Lim, RMT",Laboratory
2026-01-28,Adult,Female,Urinalysis,Laboratory,"Joanna Lim, RMT",Laboratory
2026-01-28,Child,Male,Urinary Tract Infection,Clinic,Dr. Miguel Fernandez,Check-up
2026-01-29,Child,Male,Asthma Monitoring,Clinic,Dr. Elena Bautista,Check-up
2026-01-29,Adult,Female,Blood Chemistry,Laboratory,"Patricia Mendoza, RMT",Laboratory
2026-01-29,Adult,Male,Complete Blood Count,Laboratory,"Patricia Mendoza, RMT",Laboratory
2026-01-29,Senior,Male,Diabetes Mellitus Monitoring,Clinic,Dr. Elena Bautista,Check-up
2026-01-29,Adult,Female,Diabetes Mellitus Monitoring,Clinic,Dr. Elena Bautista,Check-up
2026-01-29,Adult,Male,Drug Testing,Drug Testing,"Patricia Mendoza, RMT",Drug Testing
2026-01-29,Adult,Male,Electrocardiography,Cardiology,Dr. Miguel Fernandez,Cardiology
2026-01-29,Adult,Female,Gastritis,Clinic,Dr. Victor Manuel,Check-up
2026-01-29,Senior,Female,Ultrasound,Radiology,Dr. Sofia Mercado,Imaging
2026-01-29,Child,Male,Ultrasound,Radiology,Dr. Andrea Sy,Imaging
2026-01-29,Adult,Male,Upper Respiratory Infection,Clinic,Dr. Camille Tan,Check-up
2026-01-30,Senior,Female,Annual Physical Examination,Annual Physical Examination,Dr. Paolo Rivera,Annual Physical Examination
2026-01-30,Senior,Male,Annual Physical Examination,Annual Physical Examination,Dr. Miguel Fernandez,Annual Physical Examination
2026-01-30,Adult,Male,Asthma Monitoring,Clinic,Dr. Elena Bautista,Check-up
2026-01-30,Adult,Male,Blood Chemistry,Laboratory,"Rafael Torres, RMT",Laboratory
2026-01-30,Child,Male,Complete Blood Count,Laboratory,"Mark Villanueva, RMT",Laboratory
2026-01-30,Adult,Female,Creatinine,Laboratory,"Rafael Torres, RMT",Laboratory
2026-01-30,Adult,Female,Gastritis,Clinic,Dr. Victor Manuel,Check-up
2026-01-30,Adult,Male,Headache,Clinic,Dr. Paolo Rivera,Check-up
2026-01-30,Adult,Female,Hepatitis Screening,Laboratory,"Joanna Lim, RMT",Laboratory
2026-01-30,Adult,Female,Hepatitis Screening,Laboratory,"Angela Reyes, RMT",Laboratory
2026-01-30,Adult,Male,Preventive Health Check-up,Clinic,Dr. Ana Lopez,Check-up
2026-01-30,Adult,Female,Routine Medical Consultation,Clinic,Dr. Paolo Rivera,Check-up
2026-01-30,Adult,Male,SGPT,Laboratory,"Angela Reyes, RMT",Laboratory
2026-01-31,Adult,Male,Annual Physical Examination,Annual Physical Examination,Dr. Camille Tan,Annual Physical Examination
2026-01-31,Adult,Female,Drug Testing,Drug Testing,"Angela Reyes, RMT",Drug Testing
2026-01-31,Adult,Female,Home Service Laboratory,Home Service,"Angela Reyes, RMT",Home Service
2026-01-31,Senior,Male,Home Service Laboratory,Home Service,"Rafael Torres, RMT",Home Service
2026-01-31,Adult,Male,SGPT,Laboratory,"Patricia Mendoza, RMT",Laboratory
2026-01-31,Child,Female,Ultrasound,Radiology,Dr. Henry Ong,Imaging
2026-01-31,Child,Female,Upper Respiratory Infection,Clinic,Dr. Ana Lopez,Check-up
2026-02-01,Adult,Male,Diabetes Mellitus Monitoring,Clinic,Dr. Victor Manuel,Check-up
2026-02-01,Senior,Female,Hypertension Monitoring,Clinic,Dr. Victor Manuel,Check-up
2026-02-01,Adult,Male,Lipid Profile,Laboratory,"Angela Reyes, RMT",Laboratory
2026-02-01,Senior,Female,Upper Respiratory Infection,Clinic,Dr. Miguel Fernandez,Check-up
2026-02-02,Senior,Male,2D Echo,Cardiology,Dr. Paolo Rivera,Cardiology
2026-02-02,Senior,Female,Diabetes Mellitus Monitoring,Clinic,Dr. Elena Bautista,Check-up
2026-02-02,Adult,Female,Drug Testing,Drug Testing,"Carlo Navarro, RMT",Drug Testing
2026-02-02,Adult,Female,Fasting Blood Sugar,Laboratory,"Rafael Torres, RMT",Laboratory
2026-02-02,Adult,Female,Home Service Laboratory,Home Service,"Rafael Torres, RMT",Home Service
2026-02-02,Adult,Female,Home Service Laboratory,Home Service,"Carlo Navarro, RMT",Home Service
2026-02-02,Adult,Female,Lipid Profile,Laboratory,"Rafael Torres, RMT",Laboratory
2026-02-02,Adult,Female,Lipid Profile,Laboratory,"Angela Reyes, RMT",Laboratory
2026-02-02,Adult,Male,Pre-Employment Medical Exam,Clinic,Dr. Miguel Fernandez,Pre-Employment Checkup
2026-02-02,Adult,Female,Upper Respiratory Infection,Clinic,Dr. Paolo Rivera,Check-up
2026-02-02,Adult,Male,Upper Respiratory Infection,Clinic,Dr. Ana Lopez,Check-up
2026-02-02,Adult,Female,Urinalysis,Laboratory,"Carlo Navarro, RMT",Laboratory
2026-02-03,Adult,Male,Abdominal Pain,Clinic,Dr. Victor Manuel,Check-up
2026-02-03,Adult,Male,Blood Chemistry,Laboratory,"Angela Reyes, RMT",Laboratory
2026-02-03,Child,Male,Dermatitis and Allergy,Clinic,Dr. Ana Lopez,Check-up
2026-02-03,Adult,Male,Diabetes Mellitus Monitoring,Clinic,Dr. Victor Manuel,Check-up
2026-02-03,Adult,Female,Fecalysis,Laboratory,"Mark Villanueva, RMT",Laboratory
2026-02-03,Adult,Male,Fecalysis,Laboratory,"Mark Villanueva, RMT",Laboratory
2026-02-03,Adult,Female,Lipid Profile,Laboratory,"Angela Reyes, RMT",Laboratory
2026-02-04,Adult,Female,Asthma Monitoring,Clinic,Dr. Elena Bautista,Check-up
2026-02-04,Child,Female,Complete Blood Count,Laboratory,"Rafael Torres, RMT",Laboratory
2026-02-04,Adult,Male,Diabetes Mellitus Monitoring,Clinic,Dr. Victor Manuel,Check-up
2026-02-04,Adult,Male,Drug Testing,Drug Testing,"Mark Villanueva, RMT",Drug Testing
2026-02-04,Child,Female,Fasting Blood Sugar,Laboratory,"Rafael Torres, RMT",Laboratory
2026-02-04,Adult,Female,Fasting Blood Sugar,Laboratory,"Angela Reyes, RMT",Laboratory
2026-02-04,Senior,Female,Fever,Clinic,Dr. Ana Lopez,Check-up
2026-02-04,Adult,Female,Hypertension Monitoring,Clinic,Dr. Victor Manuel,Check-up
2026-02-04,Adult,Female,Hypertension Monitoring,Clinic,Dr. Elena Bautista,Check-up
2026-02-04,Child,Male,Lipid Profile,Laboratory,"Joanna Lim, RMT",Laboratory
2026-02-04,Child,Male,Upper Respiratory Infection,Clinic,Dr. Camille Tan,Check-up
2026-02-05,Adult,Male,2D Echo,Cardiology,Dr. Miguel Fernandez,Cardiology
2026-02-05,Child,Female,Asthma Monitoring,Clinic,Dr. Elena Bautista,Check-up
2026-02-05,Adult,Female,Blood Chemistry,Laboratory,"Angela Reyes, RMT",Laboratory
2026-02-05,Adult,Male,Fecalysis,Laboratory,"Patricia Mendoza, RMT",Laboratory
2026-02-05,Adult,Female,Fever,Clinic,Dr. Ana Lopez,Check-up
2026-02-05,Adult,Male,Gastritis,Clinic,Dr. Victor Manuel,Check-up
2026-02-05,Adult,Female,Headache,Clinic,Dr. Paolo Rivera,Check-up
2026-02-05,Adult,Male,Lipid Profile,Laboratory,"Patricia Mendoza, RMT",Laboratory
2026-02-05,Adult,Male,Lipid Profile,Laboratory,"Joanna Lim, RMT",Laboratory
2026-02-05,Child,Female,Ultrasound,Radiology,Dr. Andrea Sy,Imaging
2026-02-05,Senior,Female,Upper Respiratory Infection,Clinic,Dr. Paolo Rivera,Check-up
2026-02-05,Adult,Female,Upper Respiratory Infection,Clinic,Dr. Miguel Fernandez,Check-up
2026-02-06,Adult,Male,Blood Chemistry,Laboratory,"Patricia Mendoza, RMT",Laboratory
2026-02-06,Adult,Male,Chest X-ray,Radiology,Dr. Andrea Sy,Imaging
2026-02-06,Senior,Female,Dermatitis and Allergy,Clinic,Dr. Miguel Fernandez,Check-up
2026-02-06,Senior,Male,Diabetes Mellitus Monitoring,Clinic,Dr. Elena Bautista,Check-up
2026-02-06,Adult,Male,Diabetes Mellitus Monitoring,Clinic,Dr. Victor Manuel,Check-up
2026-02-06,Adult,Male,Drug Testing,Drug Testing,"Angela Reyes, RMT",Drug Testing
2026-02-06,Senior,Female,Electrocardiography,Cardiology,Dr. Ana Lopez,Cardiology
2026-02-06,Adult,Male,Routine Medical Consultation,Clinic,Dr. Miguel Fernandez,Check-up
2026-02-06,Adult,Male,Routine Medical Consultation,Clinic,Dr. Ana Lopez,Check-up
2026-02-06,Adult,Female,SGPT,Laboratory,"Carlo Navarro, RMT",Laboratory
2026-02-06,Adult,Male,Urinalysis,Laboratory,"Mark Villanueva, RMT",Laboratory
2026-02-06,Adult,Female,Urinary Tract Infection,Clinic,Dr. Miguel Fernandez,Check-up
2026-02-07,Adult,Male,Annual Physical Examination,Annual Physical Examination,Dr. Paolo Rivera,Annual Physical Examination
2026-02-07,Child,Male,Annual Physical Examination,Annual Physical Examination,Dr. Paolo Rivera,Annual Physical Examination
2026-02-07,Adult,Male,Complete Blood Count,Laboratory,"Carlo Navarro, RMT",Laboratory
2026-02-07,Adult,Female,Dermatitis and Allergy,Clinic,Dr. Ana Lopez,Check-up
2026-02-07,Senior,Male,Diabetes Mellitus Monitoring,Clinic,Dr. Elena Bautista,Check-up
2026-02-07,Adult,Female,Diabetes Mellitus Monitoring,Clinic,Dr. Elena Bautista,Check-up
2026-02-07,Adult,Female,Drug Testing,Drug Testing,"Joanna Lim, RMT",Drug Testing
2026-02-07,Adult,Male,Pre-Employment Medical Exam,Clinic,Dr. Camille Tan,Pre-Employment Checkup
2026-02-07,Adult,Female,Pre-Employment Medical Exam,Clinic,Dr. Miguel Fernandez,Pre-Employment Checkup
2026-02-07,Child,Male,Preventive Health Check-up,Clinic,Dr. Miguel Fernandez,Check-up
2026-02-07,Adult,Female,Urinary Tract Infection,Clinic,Dr. Camille Tan,Check-up
2026-02-07,Adult,Male,Vaccination,Clinic,Dr. Paolo Rivera,Vaccination
2026-02-08,Adult,Female,Abdominal Pain,Clinic,Dr. Elena Bautista,Check-up
2026-02-08,Adult,Male,Chest X-ray,Radiology,Dr. Sofia Mercado,Imaging
2026-02-08,Adult,Female,Complete Blood Count,Laboratory,"Carlo Navarro, RMT",Laboratory
2026-02-08,Adult,Male,Diabetes Mellitus Monitoring,Clinic,Dr. Victor Manuel,Check-up
2026-02-08,Adult,Female,Diabetes Mellitus Monitoring,Clinic,Dr. Victor Manuel,Check-up
2026-02-08,Adult,Female,Drug Testing,Drug Testing,"Mark Villanueva, RMT",Drug Testing
2026-02-08,Child,Male,Fasting Blood Sugar,Laboratory,"Rafael Torres, RMT",Laboratory
2026-02-08,Adult,Female,Routine Medical Consultation,Clinic,Dr. Paolo Rivera,Check-up
2026-02-08,Adult,Female,SGPT,Laboratory,"Joanna Lim, RMT",Laboratory
2026-02-08,Senior,Female,Upper Respiratory Infection,Clinic,Dr. Camille Tan,Check-up
2026-02-08,Adult,Male,Upper Respiratory Infection,Clinic,Dr. Ana Lopez,Check-up
2026-02-08,Adult,Female,Upper Respiratory Infection,Clinic,Dr. Paolo Rivera,Check-up
2026-02-08,Adult,Female,Urinary Tract Infection,Clinic,Dr. Miguel Fernandez,Check-up
2026-02-09,Adult,Male,Asthma Monitoring,Clinic,Dr. Elena Bautista,Check-up
2026-02-09,Adult,Male,Dermatitis and Allergy,Clinic,Dr. Ana Lopez,Check-up
2026-02-09,Senior,Female,Diabetes Mellitus Monitoring,Clinic,Dr. Victor Manuel,Check-up
2026-02-09,Adult,Male,Diabetes Mellitus Monitoring,Clinic,Dr. Elena Bautista,Check-up
2026-02-09,Adult,Male,Drug Testing,Drug Testing,"Carlo Navarro, RMT",Drug Testing
2026-02-09,Adult,Male,Fecalysis,Laboratory,"Rafael Torres, RMT",Laboratory
2026-02-09,Senior,Male,Hypertension Monitoring,Clinic,Dr. Victor Manuel,Check-up
2026-02-09,Adult,Female,SGPT,Laboratory,"Rafael Torres, RMT",Laboratory
2026-02-09,Adult,Male,Upper Respiratory Infection,Clinic,Dr. Camille Tan,Check-up
2026-02-09,Adult,Female,Urinalysis,Laboratory,"Patricia Mendoza, RMT",Laboratory
2026-02-10,Adult,Male,Dermatitis and Allergy,Clinic,Dr. Camille Tan,Check-up
2026-02-10,Adult,Male,Headache,Clinic,Dr. Ana Lopez,Check-up
2026-02-10,Adult,Male,Lipid Profile,Laboratory,"Rafael Torres, RMT",Laboratory
2026-02-10,Child,Male,Preventive Health Check-up,Clinic,Dr. Ana Lopez,Check-up
2026-02-10,Adult,Female,Ultrasound,Radiology,Dr. Andrea Sy,Imaging
2026-02-11,Adult,Male,Abdominal Pain,Clinic,Dr. Victor Manuel,Check-up
2026-02-11,Senior,Female,Asthma Monitoring,Clinic,Dr. Elena Bautista,Check-up
2026-02-11,Adult,Male,Asthma Monitoring,Clinic,Dr. Elena Bautista,Check-up
2026-02-11,Adult,Male,Blood Chemistry,Laboratory,"Carlo Navarro, RMT",Laboratory
2026-02-11,Child,Male,Dermatitis and Allergy,Clinic,Dr. Ana Lopez,Check-up
2026-02-11,Senior,Male,Diabetes Mellitus Monitoring,Clinic,Dr. Victor Manuel,Check-up
2026-02-11,Adult,Female,Fasting Blood Sugar,Laboratory,"Joanna Lim, RMT",Laboratory
2026-02-11,Senior,Male,Fasting Blood Sugar,Laboratory,"Patricia Mendoza, RMT",Laboratory
2026-02-11,Adult,Male,Hepatitis Screening,Laboratory,"Angela Reyes, RMT",Laboratory
2026-02-11,Child,Female,Home Service Laboratory,Home Service,"Mark Villanueva, RMT",Home Service
2026-02-11,Adult,Female,Thyroid Function Test,Laboratory,"Carlo Navarro, RMT",Laboratory
2026-02-11,Adult,Female,Ultrasound,Radiology,Dr. Andrea Sy,Imaging
2026-02-11,Adult,Female,Upper Respiratory Infection,Clinic,Dr. Miguel Fernandez,Check-up
2026-02-11,Adult,Male,Upper Respiratory Infection,Clinic,Dr. Paolo Rivera,Check-up
2026-02-11,Adult,Male,Upper Respiratory Infection,Clinic,Dr. Camille Tan,Check-up
2026-02-11,Adult,Female,Urinary Tract Infection,Clinic,Dr. Camille Tan,Check-up
2026-02-12,Adult,Male,Asthma Monitoring,Clinic,Dr. Elena Bautista,Check-up
2026-02-12,Child,Female,Complete Blood Count,Laboratory,"Carlo Navarro, RMT",Laboratory
2026-02-12,Adult,Female,Drug Testing,Drug Testing,"Angela Reyes, RMT",Drug Testing
2026-02-12,Child,Male,Thyroid Function Test,Laboratory,"Joanna Lim, RMT",Laboratory
2026-02-12,Adult,Female,Upper Respiratory Infection,Clinic,Dr. Ana Lopez,Check-up
2026-02-12,Child,Male,Upper Respiratory Infection,Clinic,Dr. Ana Lopez,Check-up
2026-02-12,Adult,Male,Urinalysis,Laboratory,"Patricia Mendoza, RMT",Laboratory
2026-02-13,Adult,Female,Asthma Monitoring,Clinic,Dr. Elena Bautista,Check-up
2026-02-13,Adult,Male,Fever,Clinic,Dr. Camille Tan,Check-up
2026-02-13,Adult,Female,Gastritis,Clinic,Dr. Victor Manuel,Check-up
2026-02-13,Adult,Male,Preventive Health Check-up,Clinic,Dr. Ana Lopez,Check-up
2026-02-13,Adult,Female,Routine Medical Consultation,Clinic,Dr. Paolo Rivera,Check-up
2026-02-13,Adult,Female,Thyroid Function Test,Laboratory,"Rafael Torres, RMT",Laboratory
2026-02-13,Adult,Male,Urinalysis,Laboratory,"Mark Villanueva, RMT",Laboratory
2026-02-14,Adult,Female,Annual Physical Examination,Annual Physical Examination,Dr. Miguel Fernandez,Annual Physical Examination
2026-02-14,Adult,Female,Blood Chemistry,Laboratory,"Patricia Mendoza, RMT",Laboratory
2026-02-14,Senior,Male,Complete Blood Count,Laboratory,"Patricia Mendoza, RMT",Laboratory
2026-02-14,Adult,Female,Complete Blood Count,Laboratory,"Mark Villanueva, RMT",Laboratory
2026-02-14,Adult,Female,Electrocardiography,Cardiology,Dr. Camille Tan,Cardiology
2026-02-14,Senior,Male,Fasting Blood Sugar,Laboratory,"Angela Reyes, RMT",Laboratory
2026-02-14,Child,Female,Gastritis,Clinic,Dr. Victor Manuel,Check-up
2026-02-14,Adult,Female,Hypertension Monitoring,Clinic,Dr. Elena Bautista,Check-up
2026-02-14,Adult,Female,Pre-Employment Medical Exam,Clinic,Dr. Paolo Rivera,Pre-Employment Checkup
2026-02-14,Child,Female,Urinalysis,Laboratory,"Patricia Mendoza, RMT",Laboratory
2026-02-15,Adult,Female,Asthma Monitoring,Clinic,Dr. Elena Bautista,Check-up
2026-02-15,Adult,Male,Blood Chemistry,Laboratory,"Joanna Lim, RMT",Laboratory
2026-02-15,Adult,Male,Complete Blood Count,Laboratory,"Joanna Lim, RMT",Laboratory
2026-02-15,Adult,Female,Complete Blood Count,Laboratory,"Rafael Torres, RMT",Laboratory
2026-02-15,Adult,Female,Dermatitis and Allergy,Clinic,Dr. Camille Tan,Check-up
2026-02-15,Adult,Male,Diabetes Mellitus Monitoring,Clinic,Dr. Elena Bautista,Check-up
2026-02-15,Adult,Female,Fasting Blood Sugar,Laboratory,"Angela Reyes, RMT",Laboratory
2026-02-15,Adult,Female,Gastritis,Clinic,Dr. Victor Manuel,Check-up
2026-02-15,Adult,Male,Headache,Clinic,Dr. Camille Tan,Check-up
2026-02-15,Adult,Male,Hepatitis Screening,Laboratory,"Joanna Lim, RMT",Laboratory
2026-02-15,Adult,Male,Pre-Employment Medical Exam,Clinic,Dr. Paolo Rivera,Pre-Employment Checkup
2026-02-15,Adult,Male,Pregnancy Test,Laboratory,"Rafael Torres, RMT",Laboratory
2026-02-15,Child,Female,Preventive Health Check-up,Clinic,Dr. Miguel Fernandez,Check-up
2026-02-15,Child,Male,Preventive Health Check-up,Clinic,Dr. Paolo Rivera,Check-up
2026-02-15,Adult,Male,Upper Respiratory Infection,Clinic,Dr. Ana Lopez,Check-up
2026-02-15,Child,Female,Urinalysis,Laboratory,"Joanna Lim, RMT",Laboratory
2026-02-15,Adult,Female,Urinalysis,Laboratory,"Rafael Torres, RMT",Laboratory
2026-02-15,Adult,Male,Urinalysis,Laboratory,"Mark Villanueva, RMT",Laboratory
2026-02-16,Adult,Male,Blood Chemistry,Laboratory,"Carlo Navarro, RMT",Laboratory
2026-02-16,Adult,Male,Chest X-ray,Radiology,Dr. Henry Ong,Imaging
2026-02-16,Adult,Female,Complete Blood Count,Laboratory,"Carlo Navarro, RMT",Laboratory
2026-02-16,Adult,Male,Fasting Blood Sugar,Laboratory,"Angela Reyes, RMT",Laboratory
2026-02-16,Adult,Female,Hypertension Monitoring,Clinic,Dr. Elena Bautista,Check-up
2026-02-16,Adult,Male,Preventive Health Check-up,Clinic,Dr. Paolo Rivera,Check-up
2026-02-17,Adult,Male,Abdominal Pain,Clinic,Dr. Victor Manuel,Check-up
2026-02-17,Adult,Female,Blood Chemistry,Laboratory,"Carlo Navarro, RMT",Laboratory
2026-02-17,Adult,Female,Chest X-ray,Radiology,Dr. Andrea Sy,Imaging
2026-02-17,Adult,Male,Diabetes Mellitus Monitoring,Clinic,Dr. Victor Manuel,Check-up
2026-02-17,Adult,Female,Diabetes Mellitus Monitoring,Clinic,Dr. Victor Manuel,Check-up
2026-02-17,Adult,Female,Gastritis,Clinic,Dr. Victor Manuel,Check-up
2026-02-17,Senior,Female,Hepatitis Screening,Laboratory,"Mark Villanueva, RMT",Laboratory
2026-02-17,Senior,Male,Hypertension Monitoring,Clinic,Dr. Elena Bautista,Check-up
2026-02-17,Adult,Male,Hypertension Monitoring,Clinic,Dr. Victor Manuel,Check-up
2026-02-17,Adult,Female,Pre-Employment Medical Exam,Clinic,Dr. Ana Lopez,Pre-Employment Checkup
2026-02-17,Adult,Female,SGPT,Laboratory,"Patricia Mendoza, RMT",Laboratory
2026-02-17,Senior,Female,Vascular Study,Radiology,Dr. Andrea Sy,Imaging
2026-02-18,Adult,Male,Annual Physical Examination,Annual Physical Examination,Dr. Miguel Fernandez,Annual Physical Examination
2026-02-18,Adult,Female,Asthma Monitoring,Clinic,Dr. Victor Manuel,Check-up
2026-02-18,Child,Male,Blood Chemistry,Laboratory,"Mark Villanueva, RMT",Laboratory
2026-02-18,Adult,Female,Complete Blood Count,Laboratory,"Patricia Mendoza, RMT",Laboratory
2026-02-18,Adult,Female,Creatinine,Laboratory,"Joanna Lim, RMT",Laboratory
2026-02-18,Adult,Female,Diabetes Mellitus Monitoring,Clinic,Dr. Elena Bautista,Check-up
2026-02-18,Senior,Female,Fasting Blood Sugar,Laboratory,"Mark Villanueva, RMT",Laboratory
2026-02-18,Adult,Female,Fever,Clinic,Dr. Camille Tan,Check-up
2026-02-18,Child,Male,Gastritis,Clinic,Dr. Victor Manuel,Check-up
2026-02-18,Child,Female,Gastritis,Clinic,Dr. Victor Manuel,Check-up
2026-02-18,Adult,Female,Gastritis,Clinic,Dr. Elena Bautista,Check-up
2026-02-18,Adult,Male,Hepatitis Screening,Laboratory,"Patricia Mendoza, RMT",Laboratory
2026-02-18,Adult,Female,Home Service Laboratory,Home Service,"Carlo Navarro, RMT",Home Service
2026-02-18,Adult,Male,Pre-Employment Medical Exam,Clinic,Dr. Miguel Fernandez,Pre-Employment Checkup
2026-02-18,Senior,Male,Preventive Health Check-up,Clinic,Dr. Miguel Fernandez,Check-up
2026-02-18,Adult,Male,Ultrasound,Radiology,Dr. Henry Ong,Imaging
2026-02-18,Adult,Female,Upper Respiratory Infection,Clinic,Dr. Ana Lopez,Check-up
2026-02-18,Child,Female,Upper Respiratory Infection,Clinic,Dr. Ana Lopez,Check-up
2026-02-18,Child,Male,Upper Respiratory Infection,Clinic,Dr. Ana Lopez,Check-up
2026-02-18,Child,Male,Urinalysis,Laboratory,"Patricia Mendoza, RMT",Laboratory
2026-02-19,Adult,Female,Abdominal Pain,Clinic,Dr. Elena Bautista,Check-up
2026-02-19,Adult,Female,Gastritis,Clinic,Dr. Elena Bautista,Check-up
2026-02-19,Child,Female,Lipid Profile,Laboratory,"Joanna Lim, RMT",Laboratory
2026-02-19,Adult,Female,Urinalysis,Laboratory,"Patricia Mendoza, RMT",Laboratory
2026-02-20,Adult,Female,Asthma Monitoring,Clinic,Dr. Elena Bautista,Check-up
2026-02-20,Adult,Female,Blood Chemistry,Laboratory,"Carlo Navarro, RMT",Laboratory
2026-02-20,Senior,Male,Creatinine,Laboratory,"Joanna Lim, RMT",Laboratory
2026-02-20,Adult,Male,Dermatitis and Allergy,Clinic,Dr. Camille Tan,Check-up
2026-02-20,Adult,Female,Dermatitis and Allergy,Clinic,Dr. Miguel Fernandez,Check-up
2026-02-20,Adult,Female,Fever,Clinic,Dr. Miguel Fernandez,Check-up
2026-02-20,Adult,Female,Headache,Clinic,Dr. Camille Tan,Check-up
2026-02-20,Child,Female,Headache,Clinic,Dr. Miguel Fernandez,Check-up
2026-02-20,Adult,Male,Hepatitis Screening,Laboratory,"Carlo Navarro, RMT",Laboratory
2026-02-20,Adult,Female,Hypertension Monitoring,Clinic,Dr. Victor Manuel,Check-up
2026-02-21,Adult,Female,Asthma Monitoring,Clinic,Dr. Victor Manuel,Check-up
2026-02-21,Adult,Female,Blood Chemistry,Laboratory,"Rafael Torres, RMT",Laboratory
2026-02-21,Adult,Male,Fasting Blood Sugar,Laboratory,"Angela Reyes, RMT",Laboratory
2026-02-21,Child,Female,Fever,Clinic,Dr. Ana Lopez,Check-up
2026-02-21,Child,Male,Fever,Clinic,Dr. Camille Tan,Check-up
2026-02-21,Child,Female,Hepatitis Screening,Laboratory,"Rafael Torres, RMT",Laboratory
2026-02-21,Adult,Male,Hypertension Monitoring,Clinic,Dr. Elena Bautista,Check-up
2026-02-21,Child,Female,Routine Medical Consultation,Clinic,Dr. Paolo Rivera,Check-up
2026-02-21,Adult,Male,Routine Medical Consultation,Clinic,Dr. Miguel Fernandez,Check-up
2026-02-21,Adult,Female,Thyroid Function Test,Laboratory,"Rafael Torres, RMT",Laboratory
2026-02-21,Child,Female,Upper Respiratory Infection,Clinic,Dr. Miguel Fernandez,Check-up
2026-02-21,Adult,Female,Upper Respiratory Infection,Clinic,Dr. Paolo Rivera,Check-up
2026-02-21,Adult,Female,Urinalysis,Laboratory,"Mark Villanueva, RMT",Laboratory
2026-02-22,Senior,Female,2D Echo,Cardiology,Dr. Ana Lopez,Cardiology
2026-02-22,Child,Female,Annual Physical Examination,Annual Physical Examination,Dr. Ana Lopez,Annual Physical Examination
2026-02-22,Child,Female,Blood Chemistry,Laboratory,"Joanna Lim, RMT",Laboratory
2026-02-22,Child,Male,Blood Chemistry,Laboratory,"Mark Villanueva, RMT",Laboratory
2026-02-22,Adult,Male,Diabetes Mellitus Monitoring,Clinic,Dr. Victor Manuel,Check-up
2026-02-22,Senior,Female,Hypertension Monitoring,Clinic,Dr. Elena Bautista,Check-up
2026-02-22,Adult,Female,Ultrasound,Radiology,Dr. Henry Ong,Imaging
2026-02-22,Child,Male,Urinalysis,Laboratory,"Angela Reyes, RMT",Laboratory
2026-02-22,Adult,Female,Vaccination,Clinic,Dr. Camille Tan,Vaccination
2026-02-23,Senior,Female,Annual Physical Examination,Annual Physical Examination,Dr. Paolo Rivera,Annual Physical Examination
2026-02-23,Adult,Male,Asthma Monitoring,Clinic,Dr. Elena Bautista,Check-up
2026-02-23,Child,Male,Chest X-ray,Radiology,Dr. Andrea Sy,Imaging
2026-02-23,Senior,Female,Diabetes Mellitus Monitoring,Clinic,Dr. Elena Bautista,Check-up
2026-02-23,Senior,Female,Gastritis,Clinic,Dr. Victor Manuel,Check-up
2026-02-23,Adult,Female,Lipid Profile,Laboratory,"Patricia Mendoza, RMT",Laboratory
2026-02-23,Senior,Male,Ultrasound,Radiology,Dr. Andrea Sy,Imaging
2026-02-23,Adult,Male,Ultrasound,Radiology,Dr. Andrea Sy,Imaging
2026-02-23,Child,Male,Upper Respiratory Infection,Clinic,Dr. Miguel Fernandez,Check-up
2026-02-23,Senior,Male,Urinalysis,Laboratory,"Mark Villanueva, RMT",Laboratory
2026-02-23,Child,Female,Urinary Tract Infection,Clinic,Dr. Paolo Rivera,Check-up
2026-02-23,Adult,Female,Urinary Tract Infection,Clinic,Dr. Ana Lopez,Check-up
2026-02-24,Senior,Female,2D Echo,Cardiology,Dr. Ana Lopez,Cardiology
2026-02-24,Adult,Male,Blood Chemistry,Laboratory,"Patricia Mendoza, RMT",Laboratory
2026-02-24,Adult,Male,Complete Blood Count,Laboratory,"Joanna Lim, RMT",Laboratory
2026-02-24,Senior,Male,Dermatitis and Allergy,Clinic,Dr. Miguel Fernandez,Check-up
2026-02-24,Senior,Female,Fever,Clinic,Dr. Ana Lopez,Check-up
2026-02-24,Adult,Male,Fever,Clinic,Dr. Paolo Rivera,Check-up
2026-02-24,Senior,Female,Hypertension Monitoring,Clinic,Dr. Victor Manuel,Check-up
2026-02-24,Child,Male,Thyroid Function Test,Laboratory,"Rafael Torres, RMT",Laboratory
2026-02-25,Child,Female,Complete Blood Count,Laboratory,"Joanna Lim, RMT",Laboratory
2026-02-25,Adult,Female,Complete Blood Count,Laboratory,"Angela Reyes, RMT",Laboratory
2026-02-25,Adult,Female,Drug Testing,Drug Testing,"Rafael Torres, RMT",Drug Testing
2026-02-25,Adult,Female,Electrocardiography,Cardiology,Dr. Camille Tan,Cardiology
2026-02-25,Adult,Female,Headache,Clinic,Dr. Camille Tan,Check-up
2026-02-25,Senior,Female,Hypertension Monitoring,Clinic,Dr. Victor Manuel,Check-up
2026-02-25,Adult,Male,Hypertension Monitoring,Clinic,Dr. Victor Manuel,Check-up
2026-02-25,Adult,Female,Upper Respiratory Infection,Clinic,Dr. Paolo Rivera,Check-up
2026-02-26,Adult,Male,Blood Chemistry,Laboratory,"Joanna Lim, RMT",Laboratory
2026-02-26,Adult,Female,Chest X-ray,Radiology,Dr. Sofia Mercado,Imaging
2026-02-26,Child,Female,Complete Blood Count,Laboratory,"Carlo Navarro, RMT",Laboratory
2026-02-26,Adult,Male,Dermatitis and Allergy,Clinic,Dr. Ana Lopez,Check-up
2026-02-26,Adult,Male,Dermatitis and Allergy,Clinic,Dr. Camille Tan,Check-up
2026-02-26,Senior,Male,Diabetes Mellitus Monitoring,Clinic,Dr. Victor Manuel,Check-up
2026-02-26,Child,Female,Gastritis,Clinic,Dr. Victor Manuel,Check-up
2026-02-26,Adult,Female,Hypertension Monitoring,Clinic,Dr. Elena Bautista,Check-up
2026-02-26,Senior,Male,Hypertension Monitoring,Clinic,Dr. Victor Manuel,Check-up
2026-02-26,Adult,Male,Pre-Employment Medical Exam,Clinic,Dr. Paolo Rivera,Pre-Employment Checkup
2026-02-26,Adult,Male,Pre-Employment Medical Exam,Clinic,Dr. Camille Tan,Pre-Employment Checkup
2026-02-26,Adult,Female,Pregnancy Test,Laboratory,"Patricia Mendoza, RMT",Laboratory
2026-02-26,Child,Male,Upper Respiratory Infection,Clinic,Dr. Ana Lopez,Check-up
2026-02-26,Senior,Male,Upper Respiratory Infection,Clinic,Dr. Ana Lopez,Check-up
2026-02-26,Adult,Male,Urinalysis,Laboratory,"Rafael Torres, RMT",Laboratory
2026-02-27,Child,Female,Asthma Monitoring,Clinic,Dr. Victor Manuel,Check-up
2026-02-27,Child,Male,Blood Chemistry,Laboratory,"Mark Villanueva, RMT",Laboratory
2026-02-27,Adult,Female,Creatinine,Laboratory,"Patricia Mendoza, RMT",Laboratory
2026-02-27,Senior,Female,Diabetes Mellitus Monitoring,Clinic,Dr. Victor Manuel,Check-up
2026-02-27,Senior,Male,Diabetes Mellitus Monitoring,Clinic,Dr. Victor Manuel,Check-up
2026-02-27,Adult,Male,Drug Testing,Drug Testing,"Rafael Torres, RMT",Drug Testing
2026-02-27,Adult,Male,Drug Testing,Drug Testing,"Patricia Mendoza, RMT",Drug Testing
2026-02-27,Adult,Female,Fecalysis,Laboratory,"Joanna Lim, RMT",Laboratory
2026-02-27,Adult,Male,Fever,Clinic,Dr. Miguel Fernandez,Check-up
2026-02-27,Adult,Female,Hepatitis Screening,Laboratory,"Mark Villanueva, RMT",Laboratory
2026-02-27,Adult,Male,Pre-Employment Medical Exam,Clinic,Dr. Ana Lopez,Pre-Employment Checkup
2026-02-27,Child,Female,Preventive Health Check-up,Clinic,Dr. Miguel Fernandez,Check-up
2026-02-27,Adult,Male,Urinalysis,Laboratory,"Patricia Mendoza, RMT",Laboratory
2026-02-28,Adult,Female,Abdominal Pain,Clinic,Dr. Elena Bautista,Check-up
2026-02-28,Adult,Female,Annual Physical Examination,Annual Physical Examination,Dr. Camille Tan,Annual Physical Examination
2026-02-28,Senior,Male,Asthma Monitoring,Clinic,Dr. Victor Manuel,Check-up
2026-02-28,Adult,Female,Asthma Monitoring,Clinic,Dr. Victor Manuel,Check-up
2026-02-28,Senior,Female,Chest X-ray,Radiology,Dr. Andrea Sy,Imaging
2026-02-28,Senior,Male,Fasting Blood Sugar,Laboratory,"Joanna Lim, RMT",Laboratory
2026-02-28,Adult,Male,Gastritis,Clinic,Dr. Victor Manuel,Check-up
2026-02-28,Child,Male,Routine Medical Consultation,Clinic,Dr. Camille Tan,Check-up
2026-02-28,Child,Male,Routine Medical Consultation,Clinic,Dr. Ana Lopez,Check-up
2026-02-28,Adult,Female,Urinalysis,Laboratory,"Angela Reyes, RMT",Laboratory
2026-03-01,Child,Male,Asthma Monitoring,Clinic,Dr. Elena Bautista,Check-up
2026-03-01,Child,Female,Complete Blood Count,Laboratory,"Angela Reyes, RMT",Laboratory
2026-03-01,Senior,Male,Complete Blood Count,Laboratory,"Patricia Mendoza, RMT",Laboratory
2026-03-01,Adult,Male,Diabetes Mellitus Monitoring,Clinic,Dr. Elena Bautista,Check-up
2026-03-01,Adult,Female,Drug Testing,Drug Testing,"Carlo Navarro, RMT",Drug Testing
2026-03-01,Adult,Male,Fever,Clinic,Dr. Paolo Rivera,Check-up
2026-03-01,Adult,Female,Fever,Clinic,Dr. Paolo Rivera,Check-up
2026-03-01,Adult,Female,Gastritis,Clinic,Dr. Elena Bautista,Check-up
2026-03-01,Adult,Female,Pre-Employment Medical Exam,Clinic,Dr. Camille Tan,Pre-Employment Checkup
2026-03-01,Senior,Female,Routine Medical Consultation,Clinic,Dr. Camille Tan,Check-up
2026-03-01,Adult,Female,Ultrasound,Radiology,Dr. Andrea Sy,Imaging
2026-03-01,Child,Female,Vaccination,Clinic,Dr. Ana Lopez,Vaccination
2026-03-02,Senior,Female,Complete Blood Count,Laboratory,"Patricia Mendoza, RMT",Laboratory
2026-03-02,Adult,Male,Complete Blood Count,Laboratory,"Angela Reyes, RMT",Laboratory
2026-03-02,Senior,Female,Complete Blood Count,Laboratory,"Mark Villanueva, RMT",Laboratory
2026-03-02,Adult,Male,Fever,Clinic,Dr. Miguel Fernandez,Check-up
2026-03-02,Adult,Female,Gastritis,Clinic,Dr. Victor Manuel,Check-up
2026-03-02,Adult,Male,Headache,Clinic,Dr. Camille Tan,Check-up
2026-03-02,Adult,Male,Thyroid Function Test,Laboratory,"Patricia Mendoza, RMT",Laboratory
2026-03-02,Child,Male,Urinalysis,Laboratory,"Mark Villanueva, RMT",Laboratory
2026-03-03,Adult,Female,Abdominal Pain,Clinic,Dr. Victor Manuel,Check-up
2026-03-03,Adult,Male,Asthma Monitoring,Clinic,Dr. Victor Manuel,Check-up
2026-03-03,Senior,Female,Asthma Monitoring,Clinic,Dr. Elena Bautista,Check-up
2026-03-03,Adult,Female,Complete Blood Count,Laboratory,"Mark Villanueva, RMT",Laboratory
2026-03-03,Senior,Female,Diabetes Mellitus Monitoring,Clinic,Dr. Elena Bautista,Check-up
2026-03-03,Adult,Female,Diabetes Mellitus Monitoring,Clinic,Dr. Elena Bautista,Check-up
2026-03-03,Senior,Male,Diabetes Mellitus Monitoring,Clinic,Dr. Victor Manuel,Check-up
2026-03-03,Adult,Male,Fecalysis,Laboratory,"Joanna Lim, RMT",Laboratory
2026-03-03,Senior,Female,Home Service Laboratory,Home Service,"Angela Reyes, RMT",Home Service
2026-03-03,Adult,Female,Routine Medical Consultation,Clinic,Dr. Ana Lopez,Check-up
2026-03-03,Senior,Male,Upper Respiratory Infection,Clinic,Dr. Ana Lopez,Check-up
2026-03-03,Adult,Male,Upper Respiratory Infection,Clinic,Dr. Miguel Fernandez,Check-up
2026-03-04,Adult,Male,Abdominal Pain,Clinic,Dr. Elena Bautista,Check-up
2026-03-04,Senior,Male,Blood Chemistry,Laboratory,"Patricia Mendoza, RMT",Laboratory
2026-03-04,Child,Male,Complete Blood Count,Laboratory,"Rafael Torres, RMT",Laboratory
2026-03-04,Adult,Female,Diabetes Mellitus Monitoring,Clinic,Dr. Elena Bautista,Check-up
2026-03-05,Child,Male,Annual Physical Examination,Annual Physical Examination,Dr. Ana Lopez,Annual Physical Examination
2026-03-05,Child,Male,Asthma Monitoring,Clinic,Dr. Elena Bautista,Check-up
2026-03-05,Adult,Male,Creatinine,Laboratory,"Patricia Mendoza, RMT",Laboratory
2026-03-05,Adult,Male,Fasting Blood Sugar,Laboratory,"Rafael Torres, RMT",Laboratory
2026-03-05,Adult,Female,Fasting Blood Sugar,Laboratory,"Patricia Mendoza, RMT",Laboratory
2026-03-05,Adult,Male,Gastritis,Clinic,Dr. Elena Bautista,Check-up
2026-03-05,Adult,Female,Hypertension Monitoring,Clinic,Dr. Victor Manuel,Check-up
2026-03-05,Adult,Female,Thyroid Function Test,Laboratory,"Joanna Lim, RMT",Laboratory
2026-03-05,Senior,Male,Ultrasound,Radiology,Dr. Sofia Mercado,Imaging
2026-03-05,Adult,Female,Ultrasound,Radiology,Dr. Sofia Mercado,Imaging
2026-03-05,Adult,Female,Urinalysis,Laboratory,"Joanna Lim, RMT",Laboratory
2026-03-05,Adult,Male,Urinary Tract Infection,Clinic,Dr. Ana Lopez,Check-up
2026-03-05,Child,Male,Vaccination,Clinic,Dr. Ana Lopez,Vaccination
2026-03-06,Adult,Male,Annual Physical Examination,Annual Physical Examination,Dr. Paolo Rivera,Annual Physical Examination
2026-03-06,Senior,Male,Asthma Monitoring,Clinic,Dr. Victor Manuel,Check-up
2026-03-06,Senior,Female,Diabetes Mellitus Monitoring,Clinic,Dr. Victor Manuel,Check-up
2026-03-06,Child,Male,Fever,Clinic,Dr. Ana Lopez,Check-up
2026-03-06,Adult,Female,Headache,Clinic,Dr. Miguel Fernandez,Check-up
2026-03-06,Senior,Male,Hypertension Monitoring,Clinic,Dr. Victor Manuel,Check-up
2026-03-07,Senior,Male,2D Echo,Cardiology,Dr. Paolo Rivera,Cardiology
2026-03-07,Adult,Female,Abdominal Pain,Clinic,Dr. Victor Manuel,Check-up
2026-03-07,Adult,Female,Abdominal Pain,Clinic,Dr. Elena Bautista,Check-up
2026-03-07,Adult,Female,Annual Physical Examination,Annual Physical Examination,Dr. Miguel Fernandez,Annual Physical Examination
2026-03-07,Child,Male,Asthma Monitoring,Clinic,Dr. Victor Manuel,Check-up
2026-03-07,Adult,Male,Asthma Monitoring,Clinic,Dr. Victor Manuel,Check-up
2026-03-07,Adult,Female,Complete Blood Count,Laboratory,"Joanna Lim, RMT",Laboratory
2026-03-07,Adult,Female,Complete Blood Count,Laboratory,"Rafael Torres, RMT",Laboratory
2026-03-07,Child,Male,Creatinine,Laboratory,"Mark Villanueva, RMT",Laboratory
2026-03-07,Child,Female,Dermatitis and Allergy,Clinic,Dr. Ana Lopez,Check-up
2026-03-07,Adult,Female,Fecalysis,Laboratory,"Rafael Torres, RMT",Laboratory
2026-03-07,Adult,Female,Hypertension Monitoring,Clinic,Dr. Victor Manuel,Check-up
2026-03-07,Adult,Male,Routine Medical Consultation,Clinic,Dr. Paolo Rivera,Check-up
2026-03-07,Adult,Female,SGPT,Laboratory,"Joanna Lim, RMT",Laboratory
2026-03-07,Adult,Male,Thyroid Function Test,Laboratory,"Joanna Lim, RMT",Laboratory
2026-03-07,Adult,Female,Urinalysis,Laboratory,"Patricia Mendoza, RMT",Laboratory
2026-03-07,Adult,Male,Urinalysis,Laboratory,"Rafael Torres, RMT",Laboratory
2026-03-08,Adult,Female,Chest X-ray,Radiology,Dr. Sofia Mercado,Imaging
2026-03-08,Senior,Male,Diabetes Mellitus Monitoring,Clinic,Dr. Elena Bautista,Check-up
2026-03-08,Adult,Female,Diabetes Mellitus Monitoring,Clinic,Dr. Elena Bautista,Check-up
2026-03-08,Adult,Male,Headache,Clinic,Dr. Paolo Rivera,Check-up
2026-03-08,Adult,Male,Hypertension Monitoring,Clinic,Dr. Elena Bautista,Check-up
2026-03-08,Adult,Male,Lipid Profile,Laboratory,"Joanna Lim, RMT",Laboratory
2026-03-08,Child,Male,Thyroid Function Test,Laboratory,"Rafael Torres, RMT",Laboratory
2026-03-08,Adult,Male,Thyroid Function Test,Laboratory,"Rafael Torres, RMT",Laboratory
2026-03-08,Adult,Male,Ultrasound,Radiology,Dr. Henry Ong,Imaging
2026-03-08,Senior,Female,Upper Respiratory Infection,Clinic,Dr. Paolo Rivera,Check-up
2026-03-08,Child,Female,Upper Respiratory Infection,Clinic,Dr. Camille Tan,Check-up
2026-03-08,Adult,Female,Urinary Tract Infection,Clinic,Dr. Camille Tan,Check-up
2026-03-08,Senior,Female,Vascular Study,Radiology,Dr. Andrea Sy,Imaging
2026-03-09,Adult,Female,Abdominal Pain,Clinic,Dr. Elena Bautista,Check-up
2026-03-09,Adult,Female,Drug Testing,Drug Testing,"Joanna Lim, RMT",Drug Testing
2026-03-09,Adult,Female,Drug Testing,Drug Testing,"Patricia Mendoza, RMT",Drug Testing
2026-03-09,Senior,Female,Hypertension Monitoring,Clinic,Dr. Victor Manuel,Check-up
2026-03-09,Adult,Male,Pre-Employment Medical Exam,Clinic,Dr. Ana Lopez,Pre-Employment Checkup
2026-03-09,Child,Male,Ultrasound,Radiology,Dr. Sofia Mercado,Imaging
2026-03-09,Adult,Female,Upper Respiratory Infection,Clinic,Dr. Camille Tan,Check-up
2026-03-09,Adult,Male,Upper Respiratory Infection,Clinic,Dr. Paolo Rivera,Check-up
2026-03-09,Adult,Male,Vascular Study,Radiology,Dr. Andrea Sy,Imaging
2026-03-10,Adult,Male,Annual Physical Examination,Annual Physical Examination,Dr. Camille Tan,Annual Physical Examination
2026-03-10,Adult,Female,Blood Chemistry,Laboratory,"Joanna Lim, RMT",Laboratory
2026-03-10,Adult,Female,Complete Blood Count,Laboratory,"Patricia Mendoza, RMT",Laboratory
2026-03-10,Adult,Female,Complete Blood Count,Laboratory,"Carlo Navarro, RMT",Laboratory
2026-03-10,Senior,Female,Gastritis,Clinic,Dr. Victor Manuel,Check-up
2026-03-10,Adult,Male,Headache,Clinic,Dr. Paolo Rivera,Check-up
2026-03-10,Adult,Female,Hepatitis Screening,Laboratory,"Patricia Mendoza, RMT",Laboratory
2026-03-10,Adult,Female,Urinary Tract Infection,Clinic,Dr. Ana Lopez,Check-up
2026-03-11,Senior,Female,Diabetes Mellitus Monitoring,Clinic,Dr. Elena Bautista,Check-up
2026-03-11,Child,Male,Fecalysis,Laboratory,"Angela Reyes, RMT",Laboratory
2026-03-11,Child,Female,Fever,Clinic,Dr. Ana Lopez,Check-up
2026-03-11,Senior,Female,Urinary Tract Infection,Clinic,Dr. Ana Lopez,Check-up
2026-03-12,Adult,Male,Asthma Monitoring,Clinic,Dr. Victor Manuel,Check-up
2026-03-12,Adult,Male,Chest X-ray,Radiology,Dr. Sofia Mercado,Imaging
2026-03-12,Senior,Male,Chest X-ray,Radiology,Dr. Andrea Sy,Imaging
2026-03-12,Adult,Female,Diabetes Mellitus Monitoring,Clinic,Dr. Victor Manuel,Check-up
2026-03-12,Adult,Female,Drug Testing,Drug Testing,"Rafael Torres, RMT",Drug Testing
2026-03-12,Adult,Male,Routine Medical Consultation,Clinic,Dr. Camille Tan,Check-up
2026-03-12,Adult,Female,Upper Respiratory Infection,Clinic,Dr. Ana Lopez,Check-up
2026-03-12,Adult,Male,Upper Respiratory Infection,Clinic,Dr. Ana Lopez,Check-up
2026-03-12,Adult,Male,Urinalysis,Laboratory,"Angela Reyes, RMT",Laboratory
2026-03-12,Child,Male,Vaccination,Clinic,Dr. Miguel Fernandez,Vaccination
2026-03-13,Adult,Female,Blood Chemistry,Laboratory,"Mark Villanueva, RMT",Laboratory
2026-03-13,Adult,Female,Complete Blood Count,Laboratory,"Carlo Navarro, RMT",Laboratory
2026-03-13,Adult,Male,Dermatitis and Allergy,Clinic,Dr. Ana Lopez,Check-up
2026-03-13,Adult,Male,Dermatitis and Allergy,Clinic,Dr. Camille Tan,Check-up
2026-03-13,Adult,Female,Drug Testing,Drug Testing,"Carlo Navarro, RMT",Drug Testing
2026-03-13,Adult,Female,Fasting Blood Sugar,Laboratory,"Patricia Mendoza, RMT",Laboratory
2026-03-13,Adult,Female,Headache,Clinic,Dr. Ana Lopez,Check-up
2026-03-13,Adult,Female,Home Service Laboratory,Home Service,"Mark Villanueva, RMT",Home Service
2026-03-13,Adult,Male,Hypertension Monitoring,Clinic,Dr. Elena Bautista,Check-up
2026-03-13,Senior,Male,Ultrasound,Radiology,Dr. Henry Ong,Imaging
2026-03-14,Adult,Female,Annual Physical Examination,Annual Physical Examination,Dr. Miguel Fernandez,Annual Physical Examination
2026-03-14,Adult,Male,Chest X-ray,Radiology,Dr. Sofia Mercado,Imaging
2026-03-14,Adult,Male,Fasting Blood Sugar,Laboratory,"Rafael Torres, RMT",Laboratory
2026-03-14,Adult,Female,Gastritis,Clinic,Dr. Elena Bautista,Check-up
2026-03-14,Child,Male,Gastritis,Clinic,Dr. Elena Bautista,Check-up
2026-03-14,Adult,Male,Headache,Clinic,Dr. Camille Tan,Check-up
2026-03-14,Child,Male,Lipid Profile,Laboratory,"Carlo Navarro, RMT",Laboratory
2026-03-14,Adult,Male,Routine Medical Consultation,Clinic,Dr. Miguel Fernandez,Check-up
2026-03-14,Senior,Male,Routine Medical Consultation,Clinic,Dr. Camille Tan,Check-up
2026-03-15,Adult,Female,Complete Blood Count,Laboratory,"Rafael Torres, RMT",Laboratory
2026-03-15,Child,Female,Dermatitis and Allergy,Clinic,Dr. Miguel Fernandez,Check-up
2026-03-15,Adult,Female,Headache,Clinic,Dr. Camille Tan,Check-up
2026-03-15,Adult,Male,Preventive Health Check-up,Clinic,Dr. Camille Tan,Check-up
2026-03-15,Adult,Female,Routine Medical Consultation,Clinic,Dr. Ana Lopez,Check-up
2026-03-15,Child,Male,SGPT,Laboratory,"Carlo Navarro, RMT",Laboratory
2026-03-15,Adult,Male,Upper Respiratory Infection,Clinic,Dr. Paolo Rivera,Check-up
2026-03-15,Senior,Female,Vascular Study,Radiology,Dr. Andrea Sy,Imaging
2026-03-16,Adult,Male,Blood Chemistry,Laboratory,"Angela Reyes, RMT",Laboratory
2026-03-16,Adult,Female,Blood Chemistry,Laboratory,"Patricia Mendoza, RMT",Laboratory
2026-03-16,Adult,Female,Electrocardiography,Cardiology,Dr. Miguel Fernandez,Cardiology
2026-03-16,Adult,Female,Fasting Blood Sugar,Laboratory,"Angela Reyes, RMT",Laboratory
2026-03-16,Adult,Male,Fever,Clinic,Dr. Camille Tan,Check-up
2026-03-16,Senior,Female,Fever,Clinic,Dr. Camille Tan,Check-up
2026-03-16,Senior,Female,Gastritis,Clinic,Dr. Elena Bautista,Check-up
2026-03-16,Senior,Female,Hypertension Monitoring,Clinic,Dr. Elena Bautista,Check-up
2026-03-16,Adult,Female,Hypertension Monitoring,Clinic,Dr. Victor Manuel,Check-up
2026-03-16,Adult,Male,Urinalysis,Laboratory,"Rafael Torres, RMT",Laboratory
2026-03-17,Senior,Female,Diabetes Mellitus Monitoring,Clinic,Dr. Victor Manuel,Check-up
2026-03-17,Adult,Male,Hypertension Monitoring,Clinic,Dr. Elena Bautista,Check-up
2026-03-17,Senior,Female,Hypertension Monitoring,Clinic,Dr. Victor Manuel,Check-up
2026-03-17,Adult,Male,Lipid Profile,Laboratory,"Joanna Lim, RMT",Laboratory
2026-03-17,Adult,Female,Urinary Tract Infection,Clinic,Dr. Paolo Rivera,Check-up
2026-03-17,Adult,Male,Urinary Tract Infection,Clinic,Dr. Paolo Rivera,Check-up
2026-03-18,Adult,Female,Blood Chemistry,Laboratory,"Carlo Navarro, RMT",Laboratory
2026-03-18,Adult,Male,Blood Chemistry,Laboratory,"Mark Villanueva, RMT",Laboratory
2026-03-18,Adult,Female,Chest X-ray,Radiology,Dr. Henry Ong,Imaging
2026-03-18,Adult,Female,Complete Blood Count,Laboratory,"Angela Reyes, RMT",Laboratory
2026-03-18,Child,Male,Complete Blood Count,Laboratory,"Joanna Lim, RMT",Laboratory
2026-03-18,Adult,Female,Creatinine,Laboratory,"Joanna Lim, RMT",Laboratory
2026-03-18,Adult,Female,Dermatitis and Allergy,Clinic,Dr. Ana Lopez,Check-up
2026-03-18,Senior,Male,Diabetes Mellitus Monitoring,Clinic,Dr. Victor Manuel,Check-up
2026-03-18,Adult,Male,Electrocardiography,Cardiology,Dr. Paolo Rivera,Cardiology
2026-03-18,Senior,Female,Fasting Blood Sugar,Laboratory,"Angela Reyes, RMT",Laboratory
2026-03-18,Adult,Male,Fasting Blood Sugar,Laboratory,"Carlo Navarro, RMT",Laboratory
2026-03-18,Adult,Male,Routine Medical Consultation,Clinic,Dr. Paolo Rivera,Check-up
2026-03-18,Child,Male,Urinalysis,Laboratory,"Angela Reyes, RMT",Laboratory
2026-03-18,Child,Female,Urinalysis,Laboratory,"Mark Villanueva, RMT",Laboratory
2026-03-18,Senior,Female,Urinary Tract Infection,Clinic,Dr. Ana Lopez,Check-up
2026-03-19,Adult,Female,Abdominal Pain,Clinic,Dr. Victor Manuel,Check-up
2026-03-19,Adult,Female,Complete Blood Count,Laboratory,"Carlo Navarro, RMT",Laboratory
2026-03-19,Adult,Female,Creatinine,Laboratory,"Carlo Navarro, RMT",Laboratory
2026-03-19,Adult,Male,Diabetes Mellitus Monitoring,Clinic,Dr. Elena Bautista,Check-up
2026-03-19,Adult,Female,Fasting Blood Sugar,Laboratory,"Patricia Mendoza, RMT",Laboratory
2026-03-19,Adult,Female,Fever,Clinic,Dr. Camille Tan,Check-up
2026-03-19,Adult,Male,Hypertension Monitoring,Clinic,Dr. Elena Bautista,Check-up
2026-03-19,Child,Male,Preventive Health Check-up,Clinic,Dr. Miguel Fernandez,Check-up
2026-03-19,Adult,Male,Upper Respiratory Infection,Clinic,Dr. Paolo Rivera,Check-up
2026-03-20,Adult,Male,Annual Physical Examination,Annual Physical Examination,Dr. Ana Lopez,Annual Physical Examination
2026-03-20,Child,Female,Asthma Monitoring,Clinic,Dr. Victor Manuel,Check-up
2026-03-20,Child,Male,Chest X-ray,Radiology,Dr. Henry Ong,Imaging
2026-03-20,Adult,Female,Dermatitis and Allergy,Clinic,Dr. Miguel Fernandez,Check-up
2026-03-20,Adult,Male,Gastritis,Clinic,Dr. Victor Manuel,Check-up
2026-03-20,Adult,Female,Gastritis,Clinic,Dr. Elena Bautista,Check-up
2026-03-20,Adult,Male,Lipid Profile,Laboratory,"Angela Reyes, RMT",Laboratory
2026-03-20,Adult,Male,Pregnancy Test,Laboratory,"Angela Reyes, RMT",Laboratory
2026-03-20,Adult,Male,Preventive Health Check-up,Clinic,Dr. Paolo Rivera,Check-up
2026-03-20,Adult,Female,Routine Medical Consultation,Clinic,Dr. Camille Tan,Check-up
2026-03-20,Adult,Female,Routine Medical Consultation,Clinic,Dr. Miguel Fernandez,Check-up
2026-03-20,Adult,Female,Urinalysis,Laboratory,"Joanna Lim, RMT",Laboratory
2026-03-20,Senior,Female,Vaccination,Clinic,Dr. Miguel Fernandez,Vaccination
2026-03-21,Adult,Female,Blood Chemistry,Laboratory,"Patricia Mendoza, RMT",Laboratory
2026-03-21,Adult,Female,Complete Blood Count,Laboratory,"Patricia Mendoza, RMT",Laboratory
2026-03-21,Child,Male,Hepatitis Screening,Laboratory,"Mark Villanueva, RMT",Laboratory
2026-03-21,Adult,Male,Hypertension Monitoring,Clinic,Dr. Elena Bautista,Check-up
2026-03-21,Adult,Male,Pregnancy Test,Laboratory,"Rafael Torres, RMT",Laboratory
2026-03-21,Adult,Male,Routine Medical Consultation,Clinic,Dr. Camille Tan,Check-up
2026-03-21,Child,Male,Upper Respiratory Infection,Clinic,Dr. Camille Tan,Check-up
2026-03-21,Adult,Male,Urinalysis,Laboratory,"Angela Reyes, RMT",Laboratory
2026-03-22,Adult,Male,Asthma Monitoring,Clinic,Dr. Elena Bautista,Check-up
2026-03-22,Child,Female,Blood Chemistry,Laboratory,"Patricia Mendoza, RMT",Laboratory
2026-03-22,Adult,Female,Dermatitis and Allergy,Clinic,Dr. Miguel Fernandez,Check-up
2026-03-22,Adult,Female,Fever,Clinic,Dr. Paolo Rivera,Check-up
2026-03-22,Adult,Male,Gastritis,Clinic,Dr. Victor Manuel,Check-up
2026-03-22,Adult,Male,Lipid Profile,Laboratory,"Mark Villanueva, RMT",Laboratory
2026-03-22,Adult,Female,Routine Medical Consultation,Clinic,Dr. Ana Lopez,Check-up
2026-03-22,Senior,Male,SGPT,Laboratory,"Carlo Navarro, RMT",Laboratory
2026-03-22,Child,Male,Thyroid Function Test,Laboratory,"Mark Villanueva, RMT",Laboratory
2026-03-23,Adult,Female,Abdominal Pain,Clinic,Dr. Elena Bautista,Check-up
2026-03-23,Child,Female,Blood Chemistry,Laboratory,"Mark Villanueva, RMT",Laboratory
2026-03-23,Senior,Male,Chest X-ray,Radiology,Dr. Henry Ong,Imaging
2026-03-23,Adult,Female,Complete Blood Count,Laboratory,"Angela Reyes, RMT",Laboratory
2026-03-23,Adult,Male,Dermatitis and Allergy,Clinic,Dr. Paolo Rivera,Check-up
2026-03-23,Adult,Female,Drug Testing,Drug Testing,"Angela Reyes, RMT",Drug Testing
2026-03-23,Adult,Male,Fasting Blood Sugar,Laboratory,"Joanna Lim, RMT",Laboratory
2026-03-23,Child,Female,Fever,Clinic,Dr. Miguel Fernandez,Check-up
2026-03-23,Adult,Female,Gastritis,Clinic,Dr. Elena Bautista,Check-up
2026-03-23,Child,Female,Home Service Laboratory,Home Service,"Rafael Torres, RMT",Home Service
2026-03-23,Adult,Male,Pre-Employment Medical Exam,Clinic,Dr. Miguel Fernandez,Pre-Employment Checkup
2026-03-23,Adult,Female,Pregnancy Test,Laboratory,"Patricia Mendoza, RMT",Laboratory
2026-03-23,Adult,Female,Routine Medical Consultation,Clinic,Dr. Paolo Rivera,Check-up
2026-03-23,Adult,Female,SGPT,Laboratory,"Patricia Mendoza, RMT",Laboratory
2026-03-23,Adult,Female,Urinary Tract Infection,Clinic,Dr. Paolo Rivera,Check-up
2026-03-23,Child,Male,Urinary Tract Infection,Clinic,Dr. Paolo Rivera,Check-up
2026-03-23,Adult,Male,Urinary Tract Infection,Clinic,Dr. Camille Tan,Check-up
2026-03-24,Adult,Female,Blood Chemistry,Laboratory,"Mark Villanueva, RMT",Laboratory
2026-03-24,Adult,Male,Chest X-ray,Radiology,Dr. Andrea Sy,Imaging
2026-03-24,Adult,Male,Complete Blood Count,Laboratory,"Mark Villanueva, RMT",Laboratory
2026-03-24,Adult,Male,Complete Blood Count,Laboratory,"Rafael Torres, RMT",Laboratory
2026-03-24,Adult,Female,Diabetes Mellitus Monitoring,Clinic,Dr. Victor Manuel,Check-up
2026-03-24,Adult,Female,Home Service Laboratory,Home Service,"Patricia Mendoza, RMT",Home Service
2026-03-24,Adult,Female,Hypertension Monitoring,Clinic,Dr. Elena Bautista,Check-up
2026-03-24,Adult,Female,Pre-Employment Medical Exam,Clinic,Dr. Ana Lopez,Pre-Employment Checkup
2026-03-24,Adult,Female,Preventive Health Check-up,Clinic,Dr. Camille Tan,Check-up
2026-03-24,Adult,Female,Upper Respiratory Infection,Clinic,Dr. Miguel Fernandez,Check-up
2026-03-24,Senior,Male,Upper Respiratory Infection,Clinic,Dr. Paolo Rivera,Check-up
2026-03-24,Adult,Female,Vaccination,Clinic,Dr. Camille Tan,Vaccination
2026-03-25,Adult,Female,Abdominal Pain,Clinic,Dr. Victor Manuel,Check-up
2026-03-25,Adult,Female,Annual Physical Examination,Annual Physical Examination,Dr. Miguel Fernandez,Annual Physical Examination
2026-03-25,Adult,Female,Creatinine,Laboratory,"Rafael Torres, RMT",Laboratory
2026-03-25,Adult,Female,Dermatitis and Allergy,Clinic,Dr. Miguel Fernandez,Check-up
2026-03-25,Adult,Female,Drug Testing,Drug Testing,"Joanna Lim, RMT",Drug Testing
2026-03-25,Adult,Male,Routine Medical Consultation,Clinic,Dr. Camille Tan,Check-up
2026-03-25,Child,Male,Ultrasound,Radiology,Dr. Sofia Mercado,Imaging
2026-03-26,Adult,Male,Creatinine,Laboratory,"Joanna Lim, RMT",Laboratory
2026-03-26,Senior,Male,Diabetes Mellitus Monitoring,Clinic,Dr. Victor Manuel,Check-up
2026-03-26,Senior,Male,Fecalysis,Laboratory,"Joanna Lim, RMT",Laboratory
2026-03-26,Adult,Female,Gastritis,Clinic,Dr. Victor Manuel,Check-up
2026-03-26,Adult,Female,Lipid Profile,Laboratory,"Mark Villanueva, RMT",Laboratory
2026-03-26,Adult,Female,Pre-Employment Medical Exam,Clinic,Dr. Paolo Rivera,Pre-Employment Checkup
2026-03-26,Adult,Female,Upper Respiratory Infection,Clinic,Dr. Paolo Rivera,Check-up
2026-03-26,Adult,Female,Upper Respiratory Infection,Clinic,Dr. Miguel Fernandez,Check-up
2026-03-26,Child,Female,Urinary Tract Infection,Clinic,Dr. Ana Lopez,Check-up
2026-03-26,Adult,Female,Vascular Study,Radiology,Dr. Sofia Mercado,Imaging
2026-03-27,Child,Female,Abdominal Pain,Clinic,Dr. Elena Bautista,Check-up
2026-03-27,Senior,Male,Annual Physical Examination,Annual Physical Examination,Dr. Ana Lopez,Annual Physical Examination
2026-03-27,Adult,Male,Annual Physical Examination,Annual Physical Examination,Dr. Miguel Fernandez,Annual Physical Examination
2026-03-27,Adult,Male,Chest X-ray,Radiology,Dr. Henry Ong,Imaging
2026-03-27,Adult,Female,Complete Blood Count,Laboratory,"Patricia Mendoza, RMT",Laboratory
2026-03-27,Adult,Female,Electrocardiography,Cardiology,Dr. Ana Lopez,Cardiology
2026-03-27,Adult,Female,Pregnancy Test,Laboratory,"Joanna Lim, RMT",Laboratory
2026-03-27,Adult,Male,Thyroid Function Test,Laboratory,"Angela Reyes, RMT",Laboratory
2026-03-27,Adult,Male,Upper Respiratory Infection,Clinic,Dr. Miguel Fernandez,Check-up
2026-03-27,Adult,Female,Urinalysis,Laboratory,"Patricia Mendoza, RMT",Laboratory
2026-03-27,Adult,Male,Urinary Tract Infection,Clinic,Dr. Ana Lopez,Check-up
2026-03-28,Adult,Female,Blood Chemistry,Laboratory,"Angela Reyes, RMT",Laboratory
2026-03-28,Senior,Female,Chest X-ray,Radiology,Dr. Andrea Sy,Imaging
2026-03-28,Adult,Female,Dermatitis and Allergy,Clinic,Dr. Miguel Fernandez,Check-up
2026-03-28,Adult,Male,Diabetes Mellitus Monitoring,Clinic,Dr. Elena Bautista,Check-up
2026-03-28,Senior,Male,Hypertension Monitoring,Clinic,Dr. Victor Manuel,Check-up
2026-03-28,Adult,Female,Hypertension Monitoring,Clinic,Dr. Victor Manuel,Check-up
2026-03-28,Adult,Female,Lipid Profile,Laboratory,"Mark Villanueva, RMT",Laboratory
2026-03-28,Child,Female,Thyroid Function Test,Laboratory,"Angela Reyes, RMT",Laboratory
2026-03-28,Adult,Male,Upper Respiratory Infection,Clinic,Dr. Camille Tan,Check-up
2026-03-28,Adult,Male,Urinalysis,Laboratory,"Rafael Torres, RMT",Laboratory
2026-03-29,Adult,Female,2D Echo,Cardiology,Dr. Paolo Rivera,Cardiology
2026-03-29,Adult,Male,2D Echo,Cardiology,Dr. Camille Tan,Cardiology
2026-03-29,Adult,Male,Abdominal Pain,Clinic,Dr. Victor Manuel,Check-up
2026-03-29,Child,Male,Blood Chemistry,Laboratory,"Angela Reyes, RMT",Laboratory
2026-03-29,Child,Female,Complete Blood Count,Laboratory,"Patricia Mendoza, RMT",Laboratory
2026-03-29,Child,Male,Complete Blood Count,Laboratory,"Rafael Torres, RMT",Laboratory
2026-03-29,Adult,Female,Complete Blood Count,Laboratory,"Patricia Mendoza, RMT",Laboratory
2026-03-29,Senior,Male,Gastritis,Clinic,Dr. Victor Manuel,Check-up
2026-03-29,Adult,Female,Hypertension Monitoring,Clinic,Dr. Elena Bautista,Check-up
2026-03-29,Child,Male,Lipid Profile,Laboratory,"Carlo Navarro, RMT",Laboratory
2026-03-29,Adult,Female,Preventive Health Check-up,Clinic,Dr. Miguel Fernandez,Check-up
2026-03-29,Adult,Male,SGPT,Laboratory,"Angela Reyes, RMT",Laboratory
2026-03-29,Adult,Male,Ultrasound,Radiology,Dr. Henry Ong,Imaging
2026-03-29,Adult,Male,Upper Respiratory Infection,Clinic,Dr. Camille Tan,Check-up
2026-03-29,Senior,Male,Upper Respiratory Infection,Clinic,Dr. Ana Lopez,Check-up
2026-03-29,Adult,Female,Urinalysis,Laboratory,"Mark Villanueva, RMT",Laboratory
2026-03-30,Adult,Male,Abdominal Pain,Clinic,Dr. Victor Manuel,Check-up
2026-03-30,Adult,Female,Dermatitis and Allergy,Clinic,Dr. Camille Tan,Check-up
2026-03-30,Senior,Male,Hepatitis Screening,Laboratory,"Rafael Torres, RMT",Laboratory
2026-03-30,Adult,Female,Hepatitis Screening,Laboratory,"Joanna Lim, RMT",Laboratory
2026-03-30,Adult,Female,Lipid Profile,Laboratory,"Carlo Navarro, RMT",Laboratory
2026-03-30,Adult,Male,Upper Respiratory Infection,Clinic,Dr. Paolo Rivera,Check-up
2026-03-30,Adult,Female,Vascular Study,Radiology,Dr. Sofia Mercado,Imaging
2026-03-31,Adult,Female,Blood Chemistry,Laboratory,"Carlo Navarro, RMT",Laboratory
2026-03-31,Adult,Female,Complete Blood Count,Laboratory,"Joanna Lim, RMT",Laboratory
2026-03-31,Adult,Male,Fasting Blood Sugar,Laboratory,"Carlo Navarro, RMT",Laboratory
2026-03-31,Adult,Female,Fecalysis,Laboratory,"Carlo Navarro, RMT",Laboratory
2026-03-31,Adult,Male,Pre-Employment Medical Exam,Clinic,Dr. Miguel Fernandez,Pre-Employment Checkup
2026-04-01,Senior,Male,2D Echo,Cardiology,Dr. Miguel Fernandez,Cardiology
2026-04-01,Adult,Male,Complete Blood Count,Laboratory,"Carlo Navarro, RMT",Laboratory
2026-04-01,Adult,Female,Dermatitis and Allergy,Clinic,Dr. Miguel Fernandez,Check-up
2026-04-01,Senior,Male,Diabetes Mellitus Monitoring,Clinic,Dr. Elena Bautista,Check-up
2026-04-01,Adult,Male,Diabetes Mellitus Monitoring,Clinic,Dr. Victor Manuel,Check-up
2026-04-01,Adult,Female,Drug Testing,Drug Testing,"Mark Villanueva, RMT",Drug Testing
2026-04-01,Adult,Female,Hypertension Monitoring,Clinic,Dr. Elena Bautista,Check-up
2026-04-01,Adult,Male,Pre-Employment Medical Exam,Clinic,Dr. Paolo Rivera,Pre-Employment Checkup
2026-04-01,Adult,Female,Pre-Employment Medical Exam,Clinic,Dr. Ana Lopez,Pre-Employment Checkup
2026-04-01,Adult,Male,Pregnancy Test,Laboratory,"Carlo Navarro, RMT",Laboratory
2026-04-01,Child,Female,Preventive Health Check-up,Clinic,Dr. Camille Tan,Check-up
2026-04-02,Child,Female,Annual Physical Examination,Annual Physical Examination,Dr. Ana Lopez,Annual Physical Examination
2026-04-02,Adult,Female,Blood Chemistry,Laboratory,"Angela Reyes, RMT",Laboratory
2026-04-02,Adult,Male,Dermatitis and Allergy,Clinic,Dr. Miguel Fernandez,Check-up
2026-04-02,Child,Male,Gastritis,Clinic,Dr. Elena Bautista,Check-up
2026-04-02,Adult,Male,Gastritis,Clinic,Dr. Elena Bautista,Check-up
2026-04-02,Adult,Male,Home Service Laboratory,Home Service,"Carlo Navarro, RMT",Home Service
2026-04-02,Adult,Female,Preventive Health Check-up,Clinic,Dr. Camille Tan,Check-up
2026-04-02,Adult,Male,Vascular Study,Radiology,Dr. Andrea Sy,Imaging
2026-04-03,Adult,Male,Asthma Monitoring,Clinic,Dr. Victor Manuel,Check-up
2026-04-03,Adult,Female,Blood Chemistry,Laboratory,"Carlo Navarro, RMT",Laboratory
2026-04-03,Senior,Male,Diabetes Mellitus Monitoring,Clinic,Dr. Elena Bautista,Check-up
2026-04-03,Adult,Male,Drug Testing,Drug Testing,"Angela Reyes, RMT",Drug Testing
2026-04-03,Adult,Male,Fasting Blood Sugar,Laboratory,"Joanna Lim, RMT",Laboratory
2026-04-03,Child,Female,Fecalysis,Laboratory,"Rafael Torres, RMT",Laboratory
2026-04-03,Adult,Female,Fecalysis,Laboratory,"Joanna Lim, RMT",Laboratory
2026-04-03,Adult,Female,Gastritis,Clinic,Dr. Elena Bautista,Check-up
2026-04-03,Senior,Male,Hypertension Monitoring,Clinic,Dr. Victor Manuel,Check-up
2026-04-03,Adult,Female,Preventive Health Check-up,Clinic,Dr. Camille Tan,Check-up
2026-04-03,Child,Female,Preventive Health Check-up,Clinic,Dr. Paolo Rivera,Check-up
2026-04-03,Adult,Female,Urinalysis,Laboratory,"Patricia Mendoza, RMT",Laboratory
2026-04-04,Senior,Male,Dermatitis and Allergy,Clinic,Dr. Paolo Rivera,Check-up
2026-04-04,Adult,Female,Fasting Blood Sugar,Laboratory,"Rafael Torres, RMT",Laboratory
2026-04-04,Child,Female,Fever,Clinic,Dr. Camille Tan,Check-up
2026-04-04,Adult,Female,Gastritis,Clinic,Dr. Elena Bautista,Check-up
2026-04-04,Adult,Male,Headache,Clinic,Dr. Ana Lopez,Check-up
2026-04-04,Adult,Female,Headache,Clinic,Dr. Paolo Rivera,Check-up
2026-04-04,Senior,Female,Hypertension Monitoring,Clinic,Dr. Victor Manuel,Check-up
2026-04-04,Adult,Male,Hypertension Monitoring,Clinic,Dr. Victor Manuel,Check-up
2026-04-04,Adult,Female,Pregnancy Test,Laboratory,"Rafael Torres, RMT",Laboratory
2026-04-04,Adult,Male,Upper Respiratory Infection,Clinic,Dr. Ana Lopez,Check-up
2026-04-05,Adult,Female,Abdominal Pain,Clinic,Dr. Elena Bautista,Check-up
2026-04-05,Adult,Male,Blood Chemistry,Laboratory,"Rafael Torres, RMT",Laboratory
2026-04-05,Adult,Male,Complete Blood Count,Laboratory,"Rafael Torres, RMT",Laboratory
2026-04-05,Adult,Female,Complete Blood Count,Laboratory,"Rafael Torres, RMT",Laboratory
2026-04-05,Senior,Male,Dermatitis and Allergy,Clinic,Dr. Paolo Rivera,Check-up
2026-04-05,Adult,Female,Dermatitis and Allergy,Clinic,Dr. Paolo Rivera,Check-up
2026-04-05,Adult,Male,Fasting Blood Sugar,Laboratory,"Patricia Mendoza, RMT",Laboratory
2026-04-05,Adult,Female,Hypertension Monitoring,Clinic,Dr. Victor Manuel,Check-up
2026-04-05,Adult,Female,Pre-Employment Medical Exam,Clinic,Dr. Miguel Fernandez,Pre-Employment Checkup
2026-04-05,Adult,Female,Pregnancy Test,Laboratory,"Rafael Torres, RMT",Laboratory
2026-04-05,Adult,Male,Routine Medical Consultation,Clinic,Dr. Camille Tan,Check-up
2026-04-06,Adult,Male,Annual Physical Examination,Annual Physical Examination,Dr. Paolo Rivera,Annual Physical Examination
2026-04-06,Child,Male,Blood Chemistry,Laboratory,"Patricia Mendoza, RMT",Laboratory
2026-04-06,Child,Male,Blood Chemistry,Laboratory,"Mark Villanueva, RMT",Laboratory
2026-04-06,Adult,Female,Complete Blood Count,Laboratory,"Patricia Mendoza, RMT",Laboratory
2026-04-06,Adult,Female,Complete Blood Count,Laboratory,"Angela Reyes, RMT",Laboratory
2026-04-06,Adult,Male,Drug Testing,Drug Testing,"Angela Reyes, RMT",Drug Testing
2026-04-06,Child,Male,Fecalysis,Laboratory,"Mark Villanueva, RMT",Laboratory
2026-04-06,Senior,Female,Hepatitis Screening,Laboratory,"Carlo Navarro, RMT",Laboratory
2026-04-06,Senior,Male,Hypertension Monitoring,Clinic,Dr. Elena Bautista,Check-up
2026-04-06,Adult,Male,Lipid Profile,Laboratory,"Carlo Navarro, RMT",Laboratory
2026-04-06,Child,Male,Upper Respiratory Infection,Clinic,Dr. Miguel Fernandez,Check-up
2026-04-06,Adult,Male,Urinalysis,Laboratory,"Joanna Lim, RMT",Laboratory
2026-04-07,Adult,Male,Asthma Monitoring,Clinic,Dr. Victor Manuel,Check-up
2026-04-07,Adult,Male,Asthma Monitoring,Clinic,Dr. Elena Bautista,Check-up
2026-04-07,Child,Female,Blood Chemistry,Laboratory,"Joanna Lim, RMT",Laboratory
2026-04-07,Adult,Male,Dermatitis and Allergy,Clinic,Dr. Ana Lopez,Check-up
2026-04-07,Adult,Female,Hypertension Monitoring,Clinic,Dr. Victor Manuel,Check-up
2026-04-07,Senior,Female,Upper Respiratory Infection,Clinic,Dr. Paolo Rivera,Check-up
2026-04-07,Senior,Female,Urinary Tract Infection,Clinic,Dr. Paolo Rivera,Check-up
2026-04-08,Senior,Female,Abdominal Pain,Clinic,Dr. Elena Bautista,Check-up
2026-04-08,Senior,Male,Diabetes Mellitus Monitoring,Clinic,Dr. Elena Bautista,Check-up
2026-04-08,Adult,Female,Drug Testing,Drug Testing,"Mark Villanueva, RMT",Drug Testing
2026-04-08,Child,Male,Fecalysis,Laboratory,"Rafael Torres, RMT",Laboratory
2026-04-08,Adult,Male,Hypertension Monitoring,Clinic,Dr. Elena Bautista,Check-up
2026-04-08,Child,Male,SGPT,Laboratory,"Angela Reyes, RMT",Laboratory
2026-04-08,Child,Female,Upper Respiratory Infection,Clinic,Dr. Ana Lopez,Check-up
2026-04-08,Adult,Male,Vaccination,Clinic,Dr. Miguel Fernandez,Vaccination
2026-04-09,Adult,Female,Abdominal Pain,Clinic,Dr. Elena Bautista,Check-up
2026-04-09,Adult,Female,Asthma Monitoring,Clinic,Dr. Elena Bautista,Check-up
2026-04-09,Child,Female,Blood Chemistry,Laboratory,"Patricia Mendoza, RMT",Laboratory
2026-04-09,Adult,Male,Complete Blood Count,Laboratory,"Angela Reyes, RMT",Laboratory
2026-04-09,Adult,Female,Fecalysis,Laboratory,"Rafael Torres, RMT",Laboratory
2026-04-09,Adult,Male,Fever,Clinic,Dr. Camille Tan,Check-up
2026-04-09,Adult,Female,Gastritis,Clinic,Dr. Elena Bautista,Check-up
2026-04-09,Child,Female,Gastritis,Clinic,Dr. Elena Bautista,Check-up
2026-04-09,Senior,Female,Hypertension Monitoring,Clinic,Dr. Elena Bautista,Check-up
2026-04-09,Adult,Male,Pre-Employment Medical Exam,Clinic,Dr. Paolo Rivera,Pre-Employment Checkup
2026-04-10,Adult,Male,Chest X-ray,Radiology,Dr. Henry Ong,Imaging
2026-04-10,Senior,Male,Complete Blood Count,Laboratory,"Angela Reyes, RMT",Laboratory
2026-04-10,Senior,Male,Dermatitis and Allergy,Clinic,Dr. Camille Tan,Check-up
2026-04-10,Adult,Female,Dermatitis and Allergy,Clinic,Dr. Ana Lopez,Check-up
2026-04-10,Adult,Male,Fasting Blood Sugar,Laboratory,"Carlo Navarro, RMT",Laboratory
2026-04-10,Senior,Female,Hypertension Monitoring,Clinic,Dr. Elena Bautista,Check-up
2026-04-10,Adult,Female,Hypertension Monitoring,Clinic,Dr. Elena Bautista,Check-up
2026-04-10,Adult,Male,Hypertension Monitoring,Clinic,Dr. Victor Manuel,Check-up
2026-04-10,Adult,Male,Preventive Health Check-up,Clinic,Dr. Ana Lopez,Check-up
2026-04-11,Child,Female,Annual Physical Examination,Annual Physical Examination,Dr. Ana Lopez,Annual Physical Examination
2026-04-11,Adult,Female,Asthma Monitoring,Clinic,Dr. Victor Manuel,Check-up
2026-04-11,Child,Male,Asthma Monitoring,Clinic,Dr. Victor Manuel,Check-up
2026-04-11,Adult,Female,Complete Blood Count,Laboratory,"Mark Villanueva, RMT",Laboratory
2026-04-11,Adult,Female,Dermatitis and Allergy,Clinic,Dr. Camille Tan,Check-up
2026-04-11,Adult,Male,Gastritis,Clinic,Dr. Victor Manuel,Check-up
2026-04-11,Adult,Female,Hypertension Monitoring,Clinic,Dr. Victor Manuel,Check-up
2026-04-11,Adult,Female,Lipid Profile,Laboratory,"Carlo Navarro, RMT",Laboratory
2026-04-11,Adult,Male,Urinalysis,Laboratory,"Mark Villanueva, RMT",Laboratory
2026-04-12,Adult,Female,Annual Physical Examination,Annual Physical Examination,Dr. Ana Lopez,Annual Physical Examination
2026-04-12,Adult,Female,Complete Blood Count,Laboratory,"Joanna Lim, RMT",Laboratory
2026-04-12,Adult,Female,Creatinine,Laboratory,"Carlo Navarro, RMT",Laboratory
2026-04-12,Child,Male,Fasting Blood Sugar,Laboratory,"Rafael Torres, RMT",Laboratory
2026-04-12,Adult,Female,Fecalysis,Laboratory,"Rafael Torres, RMT",Laboratory
2026-04-12,Adult,Female,Hepatitis Screening,Laboratory,"Rafael Torres, RMT",Laboratory
2026-04-12,Senior,Male,Hypertension Monitoring,Clinic,Dr. Victor Manuel,Check-up
2026-04-12,Child,Male,Preventive Health Check-up,Clinic,Dr. Miguel Fernandez,Check-up
2026-04-13,Senior,Male,2D Echo,Cardiology,Dr. Camille Tan,Cardiology
2026-04-13,Senior,Male,Asthma Monitoring,Clinic,Dr. Victor Manuel,Check-up
2026-04-13,Child,Female,Creatinine,Laboratory,"Angela Reyes, RMT",Laboratory
2026-04-13,Adult,Male,Dermatitis and Allergy,Clinic,Dr. Paolo Rivera,Check-up
2026-04-13,Adult,Male,Dermatitis and Allergy,Clinic,Dr. Ana Lopez,Check-up
2026-04-13,Child,Male,Electrocardiography,Cardiology,Dr. Miguel Fernandez,Cardiology
2026-04-13,Senior,Male,Electrocardiography,Cardiology,Dr. Miguel Fernandez,Cardiology
2026-04-13,Child,Female,Gastritis,Clinic,Dr. Victor Manuel,Check-up
2026-04-13,Adult,Male,Lipid Profile,Laboratory,"Joanna Lim, RMT",Laboratory
2026-04-13,Senior,Female,Thyroid Function Test,Laboratory,"Angela Reyes, RMT",Laboratory
2026-04-13,Adult,Male,Upper Respiratory Infection,Clinic,Dr. Camille Tan,Check-up
2026-04-13,Child,Male,Vaccination,Clinic,Dr. Miguel Fernandez,Vaccination
2026-04-13,Adult,Female,Vascular Study,Radiology,Dr. Andrea Sy,Imaging
2026-04-14,Adult,Female,Blood Chemistry,Laboratory,"Rafael Torres, RMT",Laboratory
2026-04-14,Child,Female,Dermatitis and Allergy,Clinic,Dr. Miguel Fernandez,Check-up
2026-04-14,Adult,Female,Drug Testing,Drug Testing,"Carlo Navarro, RMT",Drug Testing
2026-04-14,Child,Male,Fecalysis,Laboratory,"Angela Reyes, RMT",Laboratory
2026-04-14,Adult,Female,Gastritis,Clinic,Dr. Elena Bautista,Check-up
2026-04-14,Child,Female,Lipid Profile,Laboratory,"Carlo Navarro, RMT",Laboratory
2026-04-14,Adult,Male,Routine Medical Consultation,Clinic,Dr. Camille Tan,Check-up
2026-04-14,Adult,Male,Ultrasound,Radiology,Dr. Henry Ong,Imaging
2026-04-14,Adult,Female,Upper Respiratory Infection,Clinic,Dr. Camille Tan,Check-up
2026-04-14,Adult,Female,Urinalysis,Laboratory,"Mark Villanueva, RMT",Laboratory
2026-04-14,Adult,Male,Vaccination,Clinic,Dr. Miguel Fernandez,Vaccination
2026-04-14,Adult,Female,Vaccination,Clinic,Dr. Miguel Fernandez,Vaccination
2026-04-15,Adult,Female,Blood Chemistry,Laboratory,"Carlo Navarro, RMT",Laboratory
2026-04-15,Adult,Female,Chest X-ray,Radiology,Dr. Sofia Mercado,Imaging
2026-04-15,Adult,Male,Creatinine,Laboratory,"Patricia Mendoza, RMT",Laboratory
2026-04-15,Adult,Male,Fasting Blood Sugar,Laboratory,"Rafael Torres, RMT",Laboratory
2026-04-15,Senior,Male,Hypertension Monitoring,Clinic,Dr. Victor Manuel,Check-up
2026-04-15,Child,Female,Preventive Health Check-up,Clinic,Dr. Ana Lopez,Check-up
2026-04-15,Senior,Male,Upper Respiratory Infection,Clinic,Dr. Miguel Fernandez,Check-up
2026-04-15,Adult,Male,Upper Respiratory Infection,Clinic,Dr. Paolo Rivera,Check-up
2026-04-15,Adult,Female,Urinalysis,Laboratory,"Joanna Lim, RMT",Laboratory
2026-04-15,Adult,Female,Urinalysis,Laboratory,"Rafael Torres, RMT",Laboratory
2026-04-15,Adult,Female,Urinary Tract Infection,Clinic,Dr. Paolo Rivera,Check-up
2026-04-16,Adult,Female,Blood Chemistry,Laboratory,"Joanna Lim, RMT",Laboratory
2026-04-16,Senior,Female,Dermatitis and Allergy,Clinic,Dr. Camille Tan,Check-up
2026-04-16,Senior,Female,Diabetes Mellitus Monitoring,Clinic,Dr. Victor Manuel,Check-up
2026-04-16,Adult,Male,Hepatitis Screening,Laboratory,"Rafael Torres, RMT",Laboratory
2026-04-16,Adult,Female,Home Service Laboratory,Home Service,"Mark Villanueva, RMT",Home Service
2026-04-16,Adult,Male,Lipid Profile,Laboratory,"Joanna Lim, RMT",Laboratory
2026-04-16,Adult,Female,Preventive Health Check-up,Clinic,Dr. Paolo Rivera,Check-up
2026-04-16,Senior,Female,SGPT,Laboratory,"Mark Villanueva, RMT",Laboratory
2026-04-16,Senior,Female,Upper Respiratory Infection,Clinic,Dr. Camille Tan,Check-up
2026-04-16,Adult,Female,Urinalysis,Laboratory,"Joanna Lim, RMT",Laboratory
2026-04-17,Senior,Female,Diabetes Mellitus Monitoring,Clinic,Dr. Elena Bautista,Check-up
2026-04-17,Adult,Female,Hypertension Monitoring,Clinic,Dr. Victor Manuel,Check-up
2026-04-17,Adult,Male,Ultrasound,Radiology,Dr. Henry Ong,Imaging
2026-04-17,Adult,Female,Upper Respiratory Infection,Clinic,Dr. Miguel Fernandez,Check-up
2026-04-17,Child,Female,Urinary Tract Infection,Clinic,Dr. Paolo Rivera,Check-up
2026-04-17,Adult,Female,Vascular Study,Radiology,Dr. Sofia Mercado,Imaging
2026-04-18,Child,Male,Complete Blood Count,Laboratory,"Joanna Lim, RMT",Laboratory
2026-04-18,Adult,Male,Complete Blood Count,Laboratory,"Carlo Navarro, RMT",Laboratory
2026-04-18,Adult,Female,Fecalysis,Laboratory,"Carlo Navarro, RMT",Laboratory
2026-04-18,Adult,Male,Hepatitis Screening,Laboratory,"Mark Villanueva, RMT",Laboratory
2026-04-18,Adult,Male,Hypertension Monitoring,Clinic,Dr. Victor Manuel,Check-up
2026-04-18,Adult,Female,Preventive Health Check-up,Clinic,Dr. Ana Lopez,Check-up
2026-04-18,Senior,Female,Routine Medical Consultation,Clinic,Dr. Paolo Rivera,Check-up
2026-04-18,Adult,Female,Routine Medical Consultation,Clinic,Dr. Miguel Fernandez,Check-up
2026-04-18,Child,Female,Urinalysis,Laboratory,"Carlo Navarro, RMT",Laboratory
2026-04-19,Adult,Male,Annual Physical Examination,Annual Physical Examination,Dr. Camille Tan,Annual Physical Examination
2026-04-19,Adult,Female,Asthma Monitoring,Clinic,Dr. Elena Bautista,Check-up
2026-04-19,Senior,Male,Complete Blood Count,Laboratory,"Mark Villanueva, RMT",Laboratory
2026-04-19,Adult,Female,Gastritis,Clinic,Dr. Elena Bautista,Check-up
2026-04-19,Adult,Female,Hypertension Monitoring,Clinic,Dr. Elena Bautista,Check-up
2026-04-19,Adult,Male,Lipid Profile,Laboratory,"Joanna Lim, RMT",Laboratory
2026-04-19,Adult,Female,Lipid Profile,Laboratory,"Rafael Torres, RMT",Laboratory
2026-04-19,Adult,Male,Lipid Profile,Laboratory,"Angela Reyes, RMT",Laboratory
2026-04-19,Adult,Male,Preventive Health Check-up,Clinic,Dr. Ana Lopez,Check-up
2026-04-19,Adult,Female,Preventive Health Check-up,Clinic,Dr. Paolo Rivera,Check-up
2026-04-19,Adult,Male,Urinalysis,Laboratory,"Joanna Lim, RMT",Laboratory
2026-04-20,Adult,Female,Blood Chemistry,Laboratory,"Joanna Lim, RMT",Laboratory
2026-04-20,Child,Female,Electrocardiography,Cardiology,Dr. Ana Lopez,Cardiology
2026-04-20,Adult,Male,Fasting Blood Sugar,Laboratory,"Rafael Torres, RMT",Laboratory
2026-04-20,Adult,Female,Headache,Clinic,Dr. Ana Lopez,Check-up
2026-04-20,Child,Male,Hepatitis Screening,Laboratory,"Angela Reyes, RMT",Laboratory
2026-04-20,Adult,Female,Routine Medical Consultation,Clinic,Dr. Miguel Fernandez,Check-up
2026-04-20,Adult,Female,SGPT,Laboratory,"Carlo Navarro, RMT",Laboratory
2026-04-20,Child,Male,SGPT,Laboratory,"Joanna Lim, RMT",Laboratory
2026-04-20,Adult,Male,Urinalysis,Laboratory,"Joanna Lim, RMT",Laboratory
2026-04-20,Adult,Male,Urinalysis,Laboratory,"Mark Villanueva, RMT",Laboratory
2026-04-21,Adult,Female,2D Echo,Cardiology,Dr. Ana Lopez,Cardiology
2026-04-21,Senior,Male,2D Echo,Cardiology,Dr. Paolo Rivera,Cardiology
2026-04-21,Adult,Male,Diabetes Mellitus Monitoring,Clinic,Dr. Elena Bautista,Check-up
2026-04-21,Adult,Female,Gastritis,Clinic,Dr. Elena Bautista,Check-up
2026-04-21,Adult,Male,Hypertension Monitoring,Clinic,Dr. Elena Bautista,Check-up
2026-04-21,Child,Male,Upper Respiratory Infection,Clinic,Dr. Miguel Fernandez,Check-up
2026-04-21,Adult,Female,Urinalysis,Laboratory,"Rafael Torres, RMT",Laboratory
2026-04-21,Senior,Female,Urinary Tract Infection,Clinic,Dr. Miguel Fernandez,Check-up
2026-04-22,Adult,Male,2D Echo,Cardiology,Dr. Miguel Fernandez,Cardiology
2026-04-22,Child,Female,Annual Physical Examination,Annual Physical Examination,Dr. Paolo Rivera,Annual Physical Examination
2026-04-22,Adult,Male,Blood Chemistry,Laboratory,"Carlo Navarro, RMT",Laboratory
2026-04-22,Child,Male,Fever,Clinic,Dr. Paolo Rivera,Check-up
2026-04-22,Senior,Male,Fever,Clinic,Dr. Ana Lopez,Check-up
2026-04-22,Senior,Female,Hypertension Monitoring,Clinic,Dr. Victor Manuel,Check-up
2026-04-22,Adult,Male,Pregnancy Test,Laboratory,"Patricia Mendoza, RMT",Laboratory
2026-04-22,Adult,Female,Urinalysis,Laboratory,"Mark Villanueva, RMT",Laboratory
2026-04-22,Child,Male,Vaccination,Clinic,Dr. Ana Lopez,Vaccination
2026-04-23,Child,Female,Asthma Monitoring,Clinic,Dr. Elena Bautista,Check-up
2026-04-23,Senior,Female,Diabetes Mellitus Monitoring,Clinic,Dr. Elena Bautista,Check-up
2026-04-23,Adult,Male,Electrocardiography,Cardiology,Dr. Ana Lopez,Cardiology
2026-04-23,Senior,Female,Fecalysis,Laboratory,"Rafael Torres, RMT",Laboratory
2026-04-23,Adult,Female,Hypertension Monitoring,Clinic,Dr. Elena Bautista,Check-up
2026-04-23,Adult,Female,Pre-Employment Medical Exam,Clinic,Dr. Paolo Rivera,Pre-Employment Checkup
2026-04-23,Adult,Male,Routine Medical Consultation,Clinic,Dr. Miguel Fernandez,Check-up
2026-04-23,Adult,Male,Urinary Tract Infection,Clinic,Dr. Miguel Fernandez,Check-up
2026-04-23,Adult,Female,Vascular Study,Radiology,Dr. Henry Ong,Imaging
2026-04-24,Adult,Male,Abdominal Pain,Clinic,Dr. Elena Bautista,Check-up
2026-04-24,Senior,Male,Annual Physical Examination,Annual Physical Examination,Dr. Miguel Fernandez,Annual Physical Examination
2026-04-24,Child,Female,Blood Chemistry,Laboratory,"Joanna Lim, RMT",Laboratory
2026-04-24,Adult,Female,Blood Chemistry,Laboratory,"Joanna Lim, RMT",Laboratory
2026-04-24,Adult,Male,Dermatitis and Allergy,Clinic,Dr. Camille Tan,Check-up
2026-04-24,Senior,Female,Diabetes Mellitus Monitoring,Clinic,Dr. Elena Bautista,Check-up
2026-04-24,Adult,Female,Drug Testing,Drug Testing,"Carlo Navarro, RMT",Drug Testing
2026-04-24,Child,Female,Fasting Blood Sugar,Laboratory,"Patricia Mendoza, RMT",Laboratory
2026-04-24,Child,Male,Home Service Laboratory,Home Service,"Rafael Torres, RMT",Home Service
2026-04-24,Senior,Female,Hypertension Monitoring,Clinic,Dr. Victor Manuel,Check-up
2026-04-24,Adult,Female,Hypertension Monitoring,Clinic,Dr. Victor Manuel,Check-up
2026-04-24,Senior,Male,Hypertension Monitoring,Clinic,Dr. Elena Bautista,Check-up
2026-04-24,Adult,Male,Urinary Tract Infection,Clinic,Dr. Ana Lopez,Check-up
2026-04-25,Senior,Female,2D Echo,Cardiology,Dr. Miguel Fernandez,Cardiology
2026-04-25,Adult,Male,Asthma Monitoring,Clinic,Dr. Victor Manuel,Check-up
2026-04-25,Adult,Female,Dermatitis and Allergy,Clinic,Dr. Paolo Rivera,Check-up
2026-04-25,Adult,Male,Electrocardiography,Cardiology,Dr. Camille Tan,Cardiology
2026-04-25,Adult,Male,Electrocardiography,Cardiology,Dr. Ana Lopez,Cardiology
2026-04-25,Adult,Male,Fever,Clinic,Dr. Paolo Rivera,Check-up
2026-04-25,Adult,Female,Hypertension Monitoring,Clinic,Dr. Victor Manuel,Check-up
2026-04-25,Adult,Male,Lipid Profile,Laboratory,"Rafael Torres, RMT",Laboratory
2026-04-25,Adult,Female,Urinalysis,Laboratory,"Rafael Torres, RMT",Laboratory
2026-04-26,Adult,Female,Asthma Monitoring,Clinic,Dr. Elena Bautista,Check-up
2026-04-26,Adult,Male,Blood Chemistry,Laboratory,"Patricia Mendoza, RMT",Laboratory
2026-04-26,Adult,Female,Chest X-ray,Radiology,Dr. Henry Ong,Imaging
2026-04-26,Adult,Female,Fecalysis,Laboratory,"Joanna Lim, RMT",Laboratory
2026-04-26,Adult,Female,SGPT,Laboratory,"Patricia Mendoza, RMT",Laboratory
2026-04-26,Child,Female,Urinalysis,Laboratory,"Patricia Mendoza, RMT",Laboratory
2026-04-27,Child,Female,Abdominal Pain,Clinic,Dr. Victor Manuel,Check-up
2026-04-27,Adult,Female,Dermatitis and Allergy,Clinic,Dr. Ana Lopez,Check-up
2026-04-27,Adult,Female,Diabetes Mellitus Monitoring,Clinic,Dr. Victor Manuel,Check-up
2026-04-27,Adult,Male,Electrocardiography,Cardiology,Dr. Camille Tan,Cardiology
2026-04-27,Adult,Female,Fecalysis,Laboratory,"Angela Reyes, RMT",Laboratory
2026-04-27,Child,Female,Gastritis,Clinic,Dr. Victor Manuel,Check-up
2026-04-27,Senior,Male,Headache,Clinic,Dr. Paolo Rivera,Check-up
2026-04-27,Senior,Female,Hypertension Monitoring,Clinic,Dr. Victor Manuel,Check-up
2026-04-27,Child,Male,SGPT,Laboratory,"Angela Reyes, RMT",Laboratory
2026-04-27,Adult,Male,Thyroid Function Test,Laboratory,"Patricia Mendoza, RMT",Laboratory
2026-04-27,Adult,Male,Upper Respiratory Infection,Clinic,Dr. Ana Lopez,Check-up
2026-04-28,Adult,Male,Abdominal Pain,Clinic,Dr. Elena Bautista,Check-up
2026-04-28,Adult,Male,Asthma Monitoring,Clinic,Dr. Elena Bautista,Check-up
2026-04-28,Child,Male,Blood Chemistry,Laboratory,"Patricia Mendoza, RMT",Laboratory
2026-04-28,Child,Male,Blood Chemistry,Laboratory,"Joanna Lim, RMT",Laboratory
2026-04-28,Adult,Male,Complete Blood Count,Laboratory,"Mark Villanueva, RMT",Laboratory
2026-04-28,Senior,Male,Complete Blood Count,Laboratory,"Carlo Navarro, RMT",Laboratory
2026-04-28,Adult,Male,Dermatitis and Allergy,Clinic,Dr. Ana Lopez,Check-up
2026-04-28,Adult,Male,Hepatitis Screening,Laboratory,"Patricia Mendoza, RMT",Laboratory
2026-04-28,Adult,Male,Hypertension Monitoring,Clinic,Dr. Elena Bautista,Check-up
2026-04-28,Senior,Male,Hypertension Monitoring,Clinic,Dr. Elena Bautista,Check-up
2026-04-28,Adult,Male,Routine Medical Consultation,Clinic,Dr. Miguel Fernandez,Check-up
2026-04-28,Senior,Female,Thyroid Function Test,Laboratory,"Rafael Torres, RMT",Laboratory
2026-04-28,Adult,Male,Thyroid Function Test,Laboratory,"Joanna Lim, RMT",Laboratory
2026-04-28,Child,Male,Urinary Tract Infection,Clinic,Dr. Miguel Fernandez,Check-up
2026-04-29,Adult,Male,Blood Chemistry,Laboratory,"Carlo Navarro, RMT",Laboratory
2026-04-29,Adult,Male,Dermatitis and Allergy,Clinic,Dr. Camille Tan,Check-up
2026-04-29,Adult,Male,Fasting Blood Sugar,Laboratory,"Angela Reyes, RMT",Laboratory
2026-04-29,Adult,Female,Hypertension Monitoring,Clinic,Dr. Elena Bautista,Check-up
2026-04-29,Senior,Male,Hypertension Monitoring,Clinic,Dr. Elena Bautista,Check-up
2026-04-29,Adult,Male,Lipid Profile,Laboratory,"Patricia Mendoza, RMT",Laboratory
2026-04-29,Child,Female,Ultrasound,Radiology,Dr. Andrea Sy,Imaging
2026-04-29,Child,Male,Urinary Tract Infection,Clinic,Dr. Paolo Rivera,Check-up
2026-04-29,Adult,Female,Vascular Study,Radiology,Dr. Sofia Mercado,Imaging
2026-04-30,Adult,Male,Chest X-ray,Radiology,Dr. Henry Ong,Imaging
2026-04-30,Adult,Male,Creatinine,Laboratory,"Mark Villanueva, RMT",Laboratory
2026-04-30,Adult,Male,Diabetes Mellitus Monitoring,Clinic,Dr. Victor Manuel,Check-up
2026-04-30,Child,Male,Electrocardiography,Cardiology,Dr. Ana Lopez,Cardiology
2026-04-30,Adult,Male,Fever,Clinic,Dr. Paolo Rivera,Check-up
2026-04-30,Senior,Male,Hypertension Monitoring,Clinic,Dr. Victor Manuel,Check-up
2026-04-30,Child,Male,Lipid Profile,Laboratory,"Angela Reyes, RMT",Laboratory
2026-04-30,Adult,Female,Pregnancy Test,Laboratory,"Mark Villanueva, RMT",Laboratory
2026-05-01,Senior,Female,Complete Blood Count,Laboratory,"Carlo Navarro, RMT",Laboratory
2026-05-01,Child,Male,Complete Blood Count,Laboratory,"Carlo Navarro, RMT",Laboratory
2026-05-01,Adult,Male,Electrocardiography,Cardiology,Dr. Paolo Rivera,Cardiology
2026-05-01,Adult,Female,Fasting Blood Sugar,Laboratory,"Angela Reyes, RMT",Laboratory
2026-05-01,Adult,Male,Fecalysis,Laboratory,"Mark Villanueva, RMT",Laboratory
2026-05-01,Senior,Female,Thyroid Function Test,Laboratory,"Rafael Torres, RMT",Laboratory
2026-05-01,Adult,Female,Ultrasound,Radiology,Dr. Sofia Mercado,Imaging
2026-05-01,Adult,Male,Vaccination,Clinic,Dr. Paolo Rivera,Vaccination
2026-05-02,Child,Female,Blood Chemistry,Laboratory,"Joanna Lim, RMT",Laboratory
2026-05-02,Adult,Female,Creatinine,Laboratory,"Angela Reyes, RMT",Laboratory
2026-05-02,Child,Female,Dermatitis and Allergy,Clinic,Dr. Miguel Fernandez,Check-up
2026-05-02,Child,Female,Dermatitis and Allergy,Clinic,Dr. Ana Lopez,Check-up
2026-05-02,Adult,Female,Dermatitis and Allergy,Clinic,Dr. Miguel Fernandez,Check-up
2026-05-02,Adult,Male,Dermatitis and Allergy,Clinic,Dr. Miguel Fernandez,Check-up
2026-05-02,Adult,Female,Diabetes Mellitus Monitoring,Clinic,Dr. Elena Bautista,Check-up
2026-05-02,Senior,Male,Headache,Clinic,Dr. Miguel Fernandez,Check-up
2026-05-02,Senior,Female,Home Service Laboratory,Home Service,"Rafael Torres, RMT",Home Service
2026-05-02,Adult,Male,Lipid Profile,Laboratory,"Angela Reyes, RMT",Laboratory
2026-05-02,Adult,Male,Pre-Employment Medical Exam,Clinic,Dr. Paolo Rivera,Pre-Employment Checkup
2026-05-02,Adult,Male,Upper Respiratory Infection,Clinic,Dr. Camille Tan,Check-up
2026-05-02,Adult,Female,Urinalysis,Laboratory,"Mark Villanueva, RMT",Laboratory
2026-05-03,Adult,Female,2D Echo,Cardiology,Dr. Miguel Fernandez,Cardiology
2026-05-03,Adult,Female,Complete Blood Count,Laboratory,"Patricia Mendoza, RMT",Laboratory
2026-05-03,Adult,Male,Complete Blood Count,Laboratory,"Carlo Navarro, RMT",Laboratory
2026-05-03,Child,Male,Dermatitis and Allergy,Clinic,Dr. Paolo Rivera,Check-up
2026-05-03,Adult,Female,Drug Testing,Drug Testing,"Angela Reyes, RMT",Drug Testing
2026-05-03,Adult,Male,Gastritis,Clinic,Dr. Victor Manuel,Check-up
2026-05-03,Adult,Female,Hypertension Monitoring,Clinic,Dr. Elena Bautista,Check-up
2026-05-03,Senior,Female,Hypertension Monitoring,Clinic,Dr. Elena Bautista,Check-up
2026-05-03,Child,Female,Lipid Profile,Laboratory,"Joanna Lim, RMT",Laboratory
2026-05-03,Adult,Female,Ultrasound,Radiology,Dr. Sofia Mercado,Imaging
2026-05-03,Adult,Male,Ultrasound,Radiology,Dr. Henry Ong,Imaging
2026-05-03,Senior,Female,Ultrasound,Radiology,Dr. Sofia Mercado,Imaging
2026-05-03,Adult,Male,Upper Respiratory Infection,Clinic,Dr. Camille Tan,Check-up
2026-05-03,Adult,Male,Urinalysis,Laboratory,"Patricia Mendoza, RMT",Laboratory
2026-05-03,Adult,Female,Vascular Study,Radiology,Dr. Sofia Mercado,Imaging
2026-05-04,Adult,Male,Asthma Monitoring,Clinic,Dr. Elena Bautista,Check-up
2026-05-04,Adult,Female,Complete Blood Count,Laboratory,"Joanna Lim, RMT",Laboratory
2026-05-04,Child,Male,Complete Blood Count,Laboratory,"Patricia Mendoza, RMT",Laboratory
2026-05-04,Adult,Female,Creatinine,Laboratory,"Joanna Lim, RMT",Laboratory
2026-05-04,Adult,Male,Diabetes Mellitus Monitoring,Clinic,Dr. Elena Bautista,Check-up
2026-05-04,Adult,Female,Fever,Clinic,Dr. Ana Lopez,Check-up
2026-05-04,Adult,Male,Hypertension Monitoring,Clinic,Dr. Victor Manuel,Check-up
2026-05-04,Senior,Female,Hypertension Monitoring,Clinic,Dr. Victor Manuel,Check-up
2026-05-04,Senior,Male,Lipid Profile,Laboratory,"Mark Villanueva, RMT",Laboratory
2026-05-04,Adult,Female,Pre-Employment Medical Exam,Clinic,Dr. Miguel Fernandez,Pre-Employment Checkup
2026-05-04,Child,Male,Routine Medical Consultation,Clinic,Dr. Miguel Fernandez,Check-up
2026-05-04,Child,Male,Ultrasound,Radiology,Dr. Andrea Sy,Imaging
2026-05-05,Adult,Male,Chest X-ray,Radiology,Dr. Henry Ong,Imaging
2026-05-05,Adult,Female,Dermatitis and Allergy,Clinic,Dr. Miguel Fernandez,Check-up
2026-05-05,Adult,Female,Headache,Clinic,Dr. Paolo Rivera,Check-up
2026-05-05,Adult,Male,Hypertension Monitoring,Clinic,Dr. Elena Bautista,Check-up
2026-05-05,Adult,Male,Routine Medical Consultation,Clinic,Dr. Paolo Rivera,Check-up
2026-05-05,Adult,Male,Routine Medical Consultation,Clinic,Dr. Camille Tan,Check-up
2026-05-05,Senior,Female,Urinalysis,Laboratory,"Rafael Torres, RMT",Laboratory
2026-05-05,Senior,Female,Urinary Tract Infection,Clinic,Dr. Miguel Fernandez,Check-up
2026-05-06,Senior,Female,Asthma Monitoring,Clinic,Dr. Elena Bautista,Check-up
2026-05-06,Child,Male,Asthma Monitoring,Clinic,Dr. Victor Manuel,Check-up
2026-05-06,Adult,Male,Dermatitis and Allergy,Clinic,Dr. Paolo Rivera,Check-up
2026-05-06,Adult,Male,Diabetes Mellitus Monitoring,Clinic,Dr. Victor Manuel,Check-up
2026-05-06,Adult,Male,Drug Testing,Drug Testing,"Mark Villanueva, RMT",Drug Testing
2026-05-06,Adult,Male,Drug Testing,Drug Testing,"Rafael Torres, RMT",Drug Testing
2026-05-06,Adult,Female,Gastritis,Clinic,Dr. Victor Manuel,Check-up
2026-05-06,Adult,Female,Headache,Clinic,Dr. Camille Tan,Check-up
2026-05-06,Child,Male,Hepatitis Screening,Laboratory,"Rafael Torres, RMT",Laboratory
2026-05-06,Adult,Male,Hypertension Monitoring,Clinic,Dr. Elena Bautista,Check-up
2026-05-06,Adult,Male,Urinary Tract Infection,Clinic,Dr. Paolo Rivera,Check-up
2026-05-07,Adult,Male,Chest X-ray,Radiology,Dr. Andrea Sy,Imaging
2026-05-07,Child,Male,Chest X-ray,Radiology,Dr. Henry Ong,Imaging
2026-05-07,Adult,Male,Drug Testing,Drug Testing,"Carlo Navarro, RMT",Drug Testing
2026-05-07,Adult,Female,Drug Testing,Drug Testing,"Joanna Lim, RMT",Drug Testing
2026-05-07,Adult,Female,Drug Testing,Drug Testing,"Angela Reyes, RMT",Drug Testing
2026-05-07,Child,Male,Preventive Health Check-up,Clinic,Dr. Camille Tan,Check-up
2026-05-07,Adult,Male,Upper Respiratory Infection,Clinic,Dr. Paolo Rivera,Check-up
2026-05-08,Adult,Female,Chest X-ray,Radiology,Dr. Andrea Sy,Imaging
2026-05-08,Adult,Female,Complete Blood Count,Laboratory,"Mark Villanueva, RMT",Laboratory
2026-05-08,Adult,Male,Complete Blood Count,Laboratory,"Mark Villanueva, RMT",Laboratory
2026-05-08,Adult,Male,Creatinine,Laboratory,"Rafael Torres, RMT",Laboratory
2026-05-08,Child,Female,Headache,Clinic,Dr. Miguel Fernandez,Check-up
2026-05-08,Adult,Male,Hepatitis Screening,Laboratory,"Joanna Lim, RMT",Laboratory
2026-05-08,Senior,Female,Lipid Profile,Laboratory,"Angela Reyes, RMT",Laboratory
2026-05-08,Child,Female,Ultrasound,Radiology,Dr. Henry Ong,Imaging
2026-05-09,Adult,Male,Complete Blood Count,Laboratory,"Rafael Torres, RMT",Laboratory
2026-05-09,Senior,Male,Dermatitis and Allergy,Clinic,Dr. Camille Tan,Check-up
2026-05-09,Adult,Female,Diabetes Mellitus Monitoring,Clinic,Dr. Victor Manuel,Check-up
2026-05-09,Adult,Female,Fever,Clinic,Dr. Ana Lopez,Check-up
2026-05-09,Adult,Male,Gastritis,Clinic,Dr. Victor Manuel,Check-up
2026-05-09,Adult,Male,Hepatitis Screening,Laboratory,"Mark Villanueva, RMT",Laboratory
2026-05-09,Adult,Female,Thyroid Function Test,Laboratory,"Patricia Mendoza, RMT",Laboratory
2026-05-09,Senior,Female,Ultrasound,Radiology,Dr. Henry Ong,Imaging
2026-05-10,Adult,Female,Diabetes Mellitus Monitoring,Clinic,Dr. Victor Manuel,Check-up
2026-05-10,Adult,Male,Fasting Blood Sugar,Laboratory,"Patricia Mendoza, RMT",Laboratory
2026-05-10,Child,Female,Fecalysis,Laboratory,"Mark Villanueva, RMT",Laboratory
2026-05-10,Adult,Male,Gastritis,Clinic,Dr. Victor Manuel,Check-up
2026-05-10,Adult,Male,Hypertension Monitoring,Clinic,Dr. Elena Bautista,Check-up
2026-05-10,Adult,Male,Pre-Employment Medical Exam,Clinic,Dr. Paolo Rivera,Pre-Employment Checkup
2026-05-10,Adult,Male,Routine Medical Consultation,Clinic,Dr. Miguel Fernandez,Check-up
2026-05-10,Adult,Female,Routine Medical Consultation,Clinic,Dr. Miguel Fernandez,Check-up
2026-05-11,Adult,Female,Annual Physical Examination,Annual Physical Examination,Dr. Miguel Fernandez,Annual Physical Examination
2026-05-11,Adult,Male,Complete Blood Count,Laboratory,"Carlo Navarro, RMT",Laboratory
2026-05-11,Child,Male,Gastritis,Clinic,Dr. Elena Bautista,Check-up
2026-05-11,Adult,Female,Hypertension Monitoring,Clinic,Dr. Elena Bautista,Check-up
2026-05-11,Adult,Female,Pre-Employment Medical Exam,Clinic,Dr. Miguel Fernandez,Pre-Employment Checkup
2026-05-11,Adult,Male,Pre-Employment Medical Exam,Clinic,Dr. Paolo Rivera,Pre-Employment Checkup
2026-05-11,Child,Male,Ultrasound,Radiology,Dr. Henry Ong,Imaging
2026-05-11,Adult,Female,Urinalysis,Laboratory,"Angela Reyes, RMT",Laboratory
2026-05-12,Adult,Female,Chest X-ray,Radiology,Dr. Sofia Mercado,Imaging
2026-05-12,Adult,Male,Complete Blood Count,Laboratory,"Patricia Mendoza, RMT",Laboratory
2026-05-12,Adult,Male,Creatinine,Laboratory,"Mark Villanueva, RMT",Laboratory
2026-05-12,Adult,Female,Diabetes Mellitus Monitoring,Clinic,Dr. Elena Bautista,Check-up
2026-05-12,Adult,Male,Electrocardiography,Cardiology,Dr. Paolo Rivera,Cardiology
2026-05-12,Adult,Female,Gastritis,Clinic,Dr. Elena Bautista,Check-up
2026-05-12,Adult,Female,Hepatitis Screening,Laboratory,"Rafael Torres, RMT",Laboratory
2026-05-12,Adult,Male,Hypertension Monitoring,Clinic,Dr. Victor Manuel,Check-up
2026-05-12,Adult,Female,Pregnancy Test,Laboratory,"Rafael Torres, RMT",Laboratory
2026-05-12,Child,Male,SGPT,Laboratory,"Rafael Torres, RMT",Laboratory
2026-05-12,Adult,Female,Upper Respiratory Infection,Clinic,Dr. Camille Tan,Check-up
2026-05-12,Adult,Female,Urinalysis,Laboratory,"Joanna Lim, RMT",Laboratory
2026-05-12,Adult,Male,Urinalysis,Laboratory,"Patricia Mendoza, RMT",Laboratory
2026-05-13,Adult,Female,Abdominal Pain,Clinic,Dr. Victor Manuel,Check-up
2026-05-13,Adult,Male,Asthma Monitoring,Clinic,Dr. Elena Bautista,Check-up
2026-05-13,Adult,Female,Asthma Monitoring,Clinic,Dr. Elena Bautista,Check-up
2026-05-13,Child,Female,Blood Chemistry,Laboratory,"Carlo Navarro, RMT",Laboratory
2026-05-13,Adult,Male,Drug Testing,Drug Testing,"Carlo Navarro, RMT",Drug Testing
2026-05-13,Child,Female,Lipid Profile,Laboratory,"Joanna Lim, RMT",Laboratory
2026-05-13,Adult,Male,Lipid Profile,Laboratory,"Carlo Navarro, RMT",Laboratory
2026-05-13,Adult,Male,Pre-Employment Medical Exam,Clinic,Dr. Miguel Fernandez,Pre-Employment Checkup
2026-05-13,Senior,Female,Urinalysis,Laboratory,"Angela Reyes, RMT",Laboratory
2026-05-13,Child,Female,Urinary Tract Infection,Clinic,Dr. Paolo Rivera,Check-up
2026-05-13,Adult,Female,Vascular Study,Radiology,Dr. Andrea Sy,Imaging
2026-05-14,Adult,Male,Blood Chemistry,Laboratory,"Angela Reyes, RMT",Laboratory
2026-05-14,Adult,Female,Chest X-ray,Radiology,Dr. Sofia Mercado,Imaging
2026-05-14,Senior,Female,Hypertension Monitoring,Clinic,Dr. Elena Bautista,Check-up
2026-05-14,Adult,Male,Pre-Employment Medical Exam,Clinic,Dr. Camille Tan,Pre-Employment Checkup
2026-05-14,Child,Female,Routine Medical Consultation,Clinic,Dr. Ana Lopez,Check-up
2026-05-14,Adult,Male,Ultrasound,Radiology,Dr. Henry Ong,Imaging
2026-05-14,Child,Female,Upper Respiratory Infection,Clinic,Dr. Miguel Fernandez,Check-up
2026-05-14,Adult,Male,Upper Respiratory Infection,Clinic,Dr. Camille Tan,Check-up
2026-05-14,Child,Female,Vaccination,Clinic,Dr. Camille Tan,Vaccination
2026-05-15,Adult,Female,Drug Testing,Drug Testing,"Rafael Torres, RMT",Drug Testing
2026-05-15,Adult,Male,Fasting Blood Sugar,Laboratory,"Mark Villanueva, RMT",Laboratory
2026-05-15,Adult,Female,Fecalysis,Laboratory,"Patricia Mendoza, RMT",Laboratory
2026-05-15,Senior,Female,Headache,Clinic,Dr. Paolo Rivera,Check-up
2026-05-15,Adult,Female,Headache,Clinic,Dr. Paolo Rivera,Check-up
2026-05-15,Adult,Female,Home Service Laboratory,Home Service,"Carlo Navarro, RMT",Home Service
2026-05-15,Adult,Male,Routine Medical Consultation,Clinic,Dr. Paolo Rivera,Check-up
2026-05-15,Child,Male,Routine Medical Consultation,Clinic,Dr. Paolo Rivera,Check-up
2026-05-15,Senior,Female,Urinalysis,Laboratory,"Mark Villanueva, RMT",Laboratory
2026-05-16,Adult,Male,Blood Chemistry,Laboratory,"Mark Villanueva, RMT",Laboratory
2026-05-16,Adult,Female,Diabetes Mellitus Monitoring,Clinic,Dr. Elena Bautista,Check-up
2026-05-16,Adult,Female,Fasting Blood Sugar,Laboratory,"Joanna Lim, RMT",Laboratory
2026-05-16,Adult,Male,Hypertension Monitoring,Clinic,Dr. Victor Manuel,Check-up
2026-05-16,Child,Male,Preventive Health Check-up,Clinic,Dr. Ana Lopez,Check-up
2026-05-16,Adult,Female,Routine Medical Consultation,Clinic,Dr. Ana Lopez,Check-up
2026-05-16,Adult,Male,Upper Respiratory Infection,Clinic,Dr. Camille Tan,Check-up
2026-05-17,Child,Male,Abdominal Pain,Clinic,Dr. Elena Bautista,Check-up
2026-05-17,Adult,Male,Abdominal Pain,Clinic,Dr. Elena Bautista,Check-up
2026-05-17,Adult,Female,Annual Physical Examination,Annual Physical Examination,Dr. Miguel Fernandez,Annual Physical Examination
2026-05-17,Adult,Male,Asthma Monitoring,Clinic,Dr. Elena Bautista,Check-up
2026-05-17,Senior,Female,Complete Blood Count,Laboratory,"Rafael Torres, RMT",Laboratory
2026-05-17,Child,Female,Fecalysis,Laboratory,"Joanna Lim, RMT",Laboratory
2026-05-17,Adult,Female,Gastritis,Clinic,Dr. Victor Manuel,Check-up
2026-05-17,Adult,Female,Pre-Employment Medical Exam,Clinic,Dr. Miguel Fernandez,Pre-Employment Checkup
2026-05-17,Adult,Male,Urinalysis,Laboratory,"Carlo Navarro, RMT",Laboratory
2026-05-17,Adult,Male,Urinary Tract Infection,Clinic,Dr. Miguel Fernandez,Check-up
2026-05-18,Child,Male,Abdominal Pain,Clinic,Dr. Victor Manuel,Check-up
2026-05-18,Child,Female,Annual Physical Examination,Annual Physical Examination,Dr. Camille Tan,Annual Physical Examination
2026-05-18,Adult,Male,Fasting Blood Sugar,Laboratory,"Carlo Navarro, RMT",Laboratory
2026-05-18,Senior,Female,Fasting Blood Sugar,Laboratory,"Mark Villanueva, RMT",Laboratory
2026-05-18,Adult,Female,Fever,Clinic,Dr. Paolo Rivera,Check-up
2026-05-18,Senior,Male,Headache,Clinic,Dr. Paolo Rivera,Check-up
2026-05-18,Senior,Female,Hypertension Monitoring,Clinic,Dr. Victor Manuel,Check-up
2026-05-18,Senior,Female,Preventive Health Check-up,Clinic,Dr. Paolo Rivera,Check-up
2026-05-18,Adult,Male,Urinary Tract Infection,Clinic,Dr. Miguel Fernandez,Check-up
2026-05-18,Adult,Female,Vascular Study,Radiology,Dr. Andrea Sy,Imaging
2026-05-19,Child,Female,Complete Blood Count,Laboratory,"Angela Reyes, RMT",Laboratory
2026-05-19,Adult,Female,Creatinine,Laboratory,"Angela Reyes, RMT",Laboratory
2026-05-19,Adult,Male,Drug Testing,Drug Testing,"Carlo Navarro, RMT",Drug Testing
2026-05-19,Adult,Male,Hepatitis Screening,Laboratory,"Mark Villanueva, RMT",Laboratory
2026-05-19,Adult,Male,Pre-Employment Medical Exam,Clinic,Dr. Miguel Fernandez,Pre-Employment Checkup
2026-05-19,Adult,Male,Pregnancy Test,Laboratory,"Angela Reyes, RMT",Laboratory
2026-05-19,Child,Male,Thyroid Function Test,Laboratory,"Rafael Torres, RMT",Laboratory
2026-05-19,Adult,Female,Upper Respiratory Infection,Clinic,Dr. Ana Lopez,Check-up
2026-05-19,Adult,Male,Urinalysis,Laboratory,"Rafael Torres, RMT",Laboratory
2026-05-19,Adult,Male,Urinalysis,Laboratory,"Patricia Mendoza, RMT",Laboratory
2026-05-19,Adult,Male,Urinary Tract Infection,Clinic,Dr. Ana Lopez,Check-up
2026-05-20,Adult,Female,Blood Chemistry,Laboratory,"Carlo Navarro, RMT",Laboratory
2026-05-20,Child,Female,Chest X-ray,Radiology,Dr. Sofia Mercado,Imaging
2026-05-20,Child,Male,Complete Blood Count,Laboratory,"Patricia Mendoza, RMT",Laboratory
2026-05-20,Adult,Male,Creatinine,Laboratory,"Patricia Mendoza, RMT",Laboratory
2026-05-20,Adult,Male,Dermatitis and Allergy,Clinic,Dr. Miguel Fernandez,Check-up
2026-05-20,Senior,Female,Diabetes Mellitus Monitoring,Clinic,Dr. Victor Manuel,Check-up
2026-05-20,Senior,Male,Fecalysis,Laboratory,"Angela Reyes, RMT",Laboratory
2026-05-20,Adult,Male,Hypertension Monitoring,Clinic,Dr. Elena Bautista,Check-up
2026-05-20,Adult,Female,Hypertension Monitoring,Clinic,Dr. Victor Manuel,Check-up
2026-05-20,Adult,Male,Upper Respiratory Infection,Clinic,Dr. Miguel Fernandez,Check-up
2026-05-20,Adult,Female,Upper Respiratory Infection,Clinic,Dr. Miguel Fernandez,Check-up
2026-05-20,Senior,Female,Urinalysis,Laboratory,"Mark Villanueva, RMT",Laboratory
2026-05-20,Adult,Female,Urinary Tract Infection,Clinic,Dr. Paolo Rivera,Check-up
2026-05-21,Child,Female,Asthma Monitoring,Clinic,Dr. Victor Manuel,Check-up
2026-05-21,Adult,Male,Complete Blood Count,Laboratory,"Joanna Lim, RMT",Laboratory
2026-05-21,Adult,Male,Dermatitis and Allergy,Clinic,Dr. Miguel Fernandez,Check-up
2026-05-21,Adult,Female,Diabetes Mellitus Monitoring,Clinic,Dr. Elena Bautista,Check-up
2026-05-21,Adult,Female,Fever,Clinic,Dr. Camille Tan,Check-up
2026-05-21,Adult,Male,Gastritis,Clinic,Dr. Victor Manuel,Check-up
2026-05-21,Child,Female,Gastritis,Clinic,Dr. Victor Manuel,Check-up
2026-05-21,Adult,Male,Headache,Clinic,Dr. Paolo Rivera,Check-up
2026-05-21,Adult,Female,Hypertension Monitoring,Clinic,Dr. Elena Bautista,Check-up
2026-05-21,Child,Male,Lipid Profile,Laboratory,"Joanna Lim, RMT",Laboratory
2026-05-21,Adult,Female,Thyroid Function Test,Laboratory,"Angela Reyes, RMT",Laboratory
2026-05-21,Child,Female,Urinary Tract Infection,Clinic,Dr. Miguel Fernandez,Check-up
2026-05-21,Senior,Female,Urinary Tract Infection,Clinic,Dr. Miguel Fernandez,Check-up
2026-05-22,Child,Male,Annual Physical Examination,Annual Physical Examination,Dr. Paolo Rivera,Annual Physical Examination
2026-05-22,Adult,Male,Asthma Monitoring,Clinic,Dr. Elena Bautista,Check-up
2026-05-22,Child,Male,Asthma Monitoring,Clinic,Dr. Elena Bautista,Check-up
2026-05-22,Child,Female,Blood Chemistry,Laboratory,"Carlo Navarro, RMT",Laboratory
2026-05-22,Senior,Female,Diabetes Mellitus Monitoring,Clinic,Dr. Elena Bautista,Check-up
2026-05-22,Child,Female,Gastritis,Clinic,Dr. Elena Bautista,Check-up
2026-05-22,Adult,Female,Preventive Health Check-up,Clinic,Dr. Camille Tan,Check-up
2026-05-22,Adult,Male,Urinary Tract Infection,Clinic,Dr. Ana Lopez,Check-up
2026-05-23,Adult,Male,Complete Blood Count,Laboratory,"Mark Villanueva, RMT",Laboratory
2026-05-23,Child,Male,Complete Blood Count,Laboratory,"Joanna Lim, RMT",Laboratory
2026-05-23,Senior,Female,Creatinine,Laboratory,"Carlo Navarro, RMT",Laboratory
2026-05-23,Senior,Male,Diabetes Mellitus Monitoring,Clinic,Dr. Victor Manuel,Check-up
2026-05-23,Adult,Male,Diabetes Mellitus Monitoring,Clinic,Dr. Victor Manuel,Check-up
2026-05-23,Adult,Male,Drug Testing,Drug Testing,"Carlo Navarro, RMT",Drug Testing
2026-05-23,Child,Male,Gastritis,Clinic,Dr. Victor Manuel,Check-up
2026-05-23,Adult,Male,Hypertension Monitoring,Clinic,Dr. Victor Manuel,Check-up
2026-05-23,Senior,Male,Hypertension Monitoring,Clinic,Dr. Victor Manuel,Check-up
2026-05-23,Adult,Female,Lipid Profile,Laboratory,"Patricia Mendoza, RMT",Laboratory
2026-05-23,Adult,Female,SGPT,Laboratory,"Patricia Mendoza, RMT",Laboratory
2026-05-23,Child,Female,Ultrasound,Radiology,Dr. Henry Ong,Imaging
2026-05-24,Adult,Female,Blood Chemistry,Laboratory,"Rafael Torres, RMT",Laboratory
2026-05-24,Adult,Female,Blood Chemistry,Laboratory,"Carlo Navarro, RMT",Laboratory
2026-05-24,Child,Female,Creatinine,Laboratory,"Mark Villanueva, RMT",Laboratory
2026-05-24,Adult,Female,Home Service Laboratory,Home Service,"Patricia Mendoza, RMT",Home Service
2026-05-24,Adult,Male,Pre-Employment Medical Exam,Clinic,Dr. Camille Tan,Pre-Employment Checkup
2026-05-24,Adult,Female,Preventive Health Check-up,Clinic,Dr. Miguel Fernandez,Check-up
2026-05-24,Adult,Female,SGPT,Laboratory,"Mark Villanueva, RMT",Laboratory
2026-05-24,Adult,Female,Ultrasound,Radiology,Dr. Andrea Sy,Imaging
2026-05-25,Adult,Female,Abdominal Pain,Clinic,Dr. Victor Manuel,Check-up
2026-05-25,Child,Male,Annual Physical Examination,Annual Physical Examination,Dr. Miguel Fernandez,Annual Physical Examination
2026-05-25,Adult,Female,Annual Physical Examination,Annual Physical Examination,Dr. Camille Tan,Annual Physical Examination
2026-05-25,Adult,Male,Blood Chemistry,Laboratory,"Rafael Torres, RMT",Laboratory
2026-05-25,Adult,Male,Creatinine,Laboratory,"Mark Villanueva, RMT",Laboratory
2026-05-25,Child,Male,Lipid Profile,Laboratory,"Patricia Mendoza, RMT",Laboratory
2026-05-25,Adult,Male,Pre-Employment Medical Exam,Clinic,Dr. Paolo Rivera,Pre-Employment Checkup
2026-05-25,Senior,Female,Upper Respiratory Infection,Clinic,Dr. Miguel Fernandez,Check-up
2026-05-25,Adult,Female,Vaccination,Clinic,Dr. Paolo Rivera,Vaccination
2026-05-26,Child,Female,Complete Blood Count,Laboratory,"Mark Villanueva, RMT",Laboratory
2026-05-26,Child,Female,Dermatitis and Allergy,Clinic,Dr. Paolo Rivera,Check-up
2026-05-26,Adult,Male,Drug Testing,Drug Testing,"Patricia Mendoza, RMT",Drug Testing
2026-05-26,Adult,Male,Electrocardiography,Cardiology,Dr. Camille Tan,Cardiology
2026-05-26,Child,Female,Electrocardiography,Cardiology,Dr. Miguel Fernandez,Cardiology
2026-05-26,Adult,Male,Fecalysis,Laboratory,"Carlo Navarro, RMT",Laboratory
2026-05-26,Adult,Male,Pre-Employment Medical Exam,Clinic,Dr. Ana Lopez,Pre-Employment Checkup
2026-05-26,Adult,Female,Pre-Employment Medical Exam,Clinic,Dr. Ana Lopez,Pre-Employment Checkup
2026-05-27,Adult,Female,Fever,Clinic,Dr. Paolo Rivera,Check-up
2026-05-27,Adult,Female,Hypertension Monitoring,Clinic,Dr. Elena Bautista,Check-up
2026-05-27,Adult,Female,Lipid Profile,Laboratory,"Joanna Lim, RMT",Laboratory
2026-05-27,Adult,Male,Lipid Profile,Laboratory,"Mark Villanueva, RMT",Laboratory
2026-05-27,Adult,Male,Pregnancy Test,Laboratory,"Rafael Torres, RMT",Laboratory
2026-05-27,Adult,Male,Pregnancy Test,Laboratory,"Mark Villanueva, RMT",Laboratory
2026-05-27,Adult,Female,Routine Medical Consultation,Clinic,Dr. Miguel Fernandez,Check-up
2026-05-27,Adult,Male,Urinary Tract Infection,Clinic,Dr. Ana Lopez,Check-up
2026-05-27,Child,Male,Vaccination,Clinic,Dr. Ana Lopez,Vaccination
2026-05-27,Senior,Male,Vascular Study,Radiology,Dr. Andrea Sy,Imaging
2026-05-28,Adult,Male,Chest X-ray,Radiology,Dr. Sofia Mercado,Imaging
2026-05-28,Adult,Female,Chest X-ray,Radiology,Dr. Sofia Mercado,Imaging
2026-05-28,Adult,Male,Diabetes Mellitus Monitoring,Clinic,Dr. Elena Bautista,Check-up
2026-05-28,Adult,Female,Drug Testing,Drug Testing,"Carlo Navarro, RMT",Drug Testing
2026-05-28,Adult,Male,Fasting Blood Sugar,Laboratory,"Patricia Mendoza, RMT",Laboratory
2026-05-28,Senior,Male,Routine Medical Consultation,Clinic,Dr. Paolo Rivera,Check-up
2026-05-28,Adult,Male,Routine Medical Consultation,Clinic,Dr. Paolo Rivera,Check-up
2026-05-28,Adult,Male,Routine Medical Consultation,Clinic,Dr. Camille Tan,Check-up
2026-05-28,Senior,Female,Ultrasound,Radiology,Dr. Andrea Sy,Imaging
2026-05-29,Adult,Male,Asthma Monitoring,Clinic,Dr. Victor Manuel,Check-up
2026-05-29,Adult,Male,Complete Blood Count,Laboratory,"Rafael Torres, RMT",Laboratory
2026-05-29,Senior,Female,Complete Blood Count,Laboratory,"Carlo Navarro, RMT",Laboratory
2026-05-29,Adult,Female,Complete Blood Count,Laboratory,"Rafael Torres, RMT",Laboratory
2026-05-29,Adult,Female,Diabetes Mellitus Monitoring,Clinic,Dr. Elena Bautista,Check-up
2026-05-29,Adult,Female,Diabetes Mellitus Monitoring,Clinic,Dr. Victor Manuel,Check-up
2026-05-29,Adult,Male,Drug Testing,Drug Testing,"Joanna Lim, RMT",Drug Testing
2026-05-29,Adult,Male,Fecalysis,Laboratory,"Carlo Navarro, RMT",Laboratory
2026-05-29,Adult,Female,Fecalysis,Laboratory,"Patricia Mendoza, RMT",Laboratory
2026-05-29,Senior,Female,Gastritis,Clinic,Dr. Victor Manuel,Check-up
2026-05-29,Child,Male,Gastritis,Clinic,Dr. Elena Bautista,Check-up
2026-05-29,Adult,Female,Gastritis,Clinic,Dr. Victor Manuel,Check-up
2026-05-29,Adult,Female,Headache,Clinic,Dr. Miguel Fernandez,Check-up
2026-05-29,Senior,Male,Headache,Clinic,Dr. Ana Lopez,Check-up
2026-05-29,Adult,Male,Headache,Clinic,Dr. Camille Tan,Check-up
2026-05-30,Child,Male,Chest X-ray,Radiology,Dr. Henry Ong,Imaging
2026-05-30,Adult,Female,Diabetes Mellitus Monitoring,Clinic,Dr. Elena Bautista,Check-up
2026-05-30,Adult,Male,Drug Testing,Drug Testing,"Patricia Mendoza, RMT",Drug Testing
2026-05-30,Adult,Male,Gastritis,Clinic,Dr. Victor Manuel,Check-up
2026-05-30,Adult,Male,Hepatitis Screening,Laboratory,"Angela Reyes, RMT",Laboratory
2026-05-30,Adult,Female,Hepatitis Screening,Laboratory,"Angela Reyes, RMT",Laboratory
2026-05-30,Adult,Male,Home Service Laboratory,Home Service,"Rafael Torres, RMT",Home Service
2026-05-30,Senior,Female,Routine Medical Consultation,Clinic,Dr. Camille Tan,Check-up
2026-05-30,Child,Female,Urinalysis,Laboratory,"Carlo Navarro, RMT",Laboratory
2026-05-31,Adult,Female,Asthma Monitoring,Clinic,Dr. Victor Manuel,Check-up
2026-05-31,Child,Female,Creatinine,Laboratory,"Joanna Lim, RMT",Laboratory
2026-05-31,Child,Male,Fasting Blood Sugar,Laboratory,"Rafael Torres, RMT",Laboratory
2026-05-31,Senior,Male,Hypertension Monitoring,Clinic,Dr. Victor Manuel,Check-up
2026-05-31,Adult,Female,Routine Medical Consultation,Clinic,Dr. Ana Lopez,Check-up
2026-05-31,Adult,Female,Ultrasound,Radiology,Dr. Henry Ong,Imaging
2026-05-31,Adult,Female,Upper Respiratory Infection,Clinic,Dr. Ana Lopez,Check-up
2026-05-31,Adult,Male,Urinary Tract Infection,Clinic,Dr. Paolo Rivera,Check-up
2026-05-31,Senior,Male,Vascular Study,Radiology,Dr. Henry Ong,Imaging
2026-06-01,Adult,Male,Diabetes Mellitus Monitoring,Clinic,Dr. Elena Bautista,Check-up
2026-06-01,Adult,Male,Drug Testing,Drug Testing,"Rafael Torres, RMT",Drug Testing
2026-06-01,Child,Female,Fasting Blood Sugar,Laboratory,"Mark Villanueva, RMT",Laboratory
2026-06-01,Adult,Male,Fecalysis,Laboratory,"Patricia Mendoza, RMT",Laboratory
2026-06-01,Child,Female,Gastritis,Clinic,Dr. Elena Bautista,Check-up
2026-06-01,Child,Male,Headache,Clinic,Dr. Ana Lopez,Check-up
2026-06-01,Adult,Male,Pregnancy Test,Laboratory,"Rafael Torres, RMT",Laboratory
2026-06-01,Adult,Female,Thyroid Function Test,Laboratory,"Rafael Torres, RMT",Laboratory
2026-06-01,Adult,Male,Upper Respiratory Infection,Clinic,Dr. Paolo Rivera,Check-up
2026-06-01,Senior,Female,Urinalysis,Laboratory,"Joanna Lim, RMT",Laboratory
2026-06-01,Adult,Female,Urinalysis,Laboratory,"Angela Reyes, RMT",Laboratory
2026-06-01,Adult,Female,Urinalysis,Laboratory,"Mark Villanueva, RMT",Laboratory
2026-06-01,Adult,Male,Urinary Tract Infection,Clinic,Dr. Miguel Fernandez,Check-up
2026-06-02,Adult,Male,Abdominal Pain,Clinic,Dr. Elena Bautista,Check-up
2026-06-02,Child,Female,Asthma Monitoring,Clinic,Dr. Elena Bautista,Check-up
2026-06-02,Adult,Male,Drug Testing,Drug Testing,"Rafael Torres, RMT",Drug Testing
2026-06-02,Adult,Male,Electrocardiography,Cardiology,Dr. Paolo Rivera,Cardiology
2026-06-02,Adult,Male,Fever,Clinic,Dr. Camille Tan,Check-up
2026-06-02,Adult,Female,Lipid Profile,Laboratory,"Joanna Lim, RMT",Laboratory
2026-06-02,Child,Female,Preventive Health Check-up,Clinic,Dr. Camille Tan,Check-up
2026-06-02,Adult,Male,Routine Medical Consultation,Clinic,Dr. Ana Lopez,Check-up
2026-06-02,Child,Male,Routine Medical Consultation,Clinic,Dr. Miguel Fernandez,Check-up
2026-06-02,Adult,Female,SGPT,Laboratory,"Carlo Navarro, RMT",Laboratory
2026-06-03,Senior,Male,2D Echo,Cardiology,Dr. Paolo Rivera,Cardiology
2026-06-03,Adult,Male,Asthma Monitoring,Clinic,Dr. Elena Bautista,Check-up
2026-06-03,Adult,Female,Chest X-ray,Radiology,Dr. Sofia Mercado,Imaging
2026-06-03,Child,Male,Chest X-ray,Radiology,Dr. Sofia Mercado,Imaging
2026-06-03,Adult,Female,Complete Blood Count,Laboratory,"Rafael Torres, RMT",Laboratory
2026-06-03,Adult,Male,Diabetes Mellitus Monitoring,Clinic,Dr. Victor Manuel,Check-up
2026-06-03,Adult,Female,Diabetes Mellitus Monitoring,Clinic,Dr. Elena Bautista,Check-up
2026-06-03,Adult,Female,Electrocardiography,Cardiology,Dr. Paolo Rivera,Cardiology
2026-06-03,Child,Female,Electrocardiography,Cardiology,Dr. Paolo Rivera,Cardiology
2026-06-03,Senior,Male,Hypertension Monitoring,Clinic,Dr. Elena Bautista,Check-up
2026-06-03,Child,Male,Upper Respiratory Infection,Clinic,Dr. Paolo Rivera,Check-up
2026-06-03,Senior,Male,Urinary Tract Infection,Clinic,Dr. Ana Lopez,Check-up
2026-06-04,Adult,Female,2D Echo,Cardiology,Dr. Ana Lopez,Cardiology
2026-06-04,Adult,Male,Dermatitis and Allergy,Clinic,Dr. Miguel Fernandez,Check-up
2026-06-04,Adult,Female,Drug Testing,Drug Testing,"Patricia Mendoza, RMT",Drug Testing
2026-06-04,Adult,Male,Drug Testing,Drug Testing,"Carlo Navarro, RMT",Drug Testing
2026-06-04,Adult,Male,Electrocardiography,Cardiology,Dr. Miguel Fernandez,Cardiology
2026-06-04,Adult,Female,Fasting Blood Sugar,Laboratory,"Patricia Mendoza, RMT",Laboratory
2026-06-04,Adult,Male,Fasting Blood Sugar,Laboratory,"Joanna Lim, RMT",Laboratory
2026-06-04,Senior,Male,Fever,Clinic,Dr. Miguel Fernandez,Check-up
2026-06-04,Adult,Female,Hypertension Monitoring,Clinic,Dr. Elena Bautista,Check-up
2026-06-04,Adult,Male,Pre-Employment Medical Exam,Clinic,Dr. Ana Lopez,Pre-Employment Checkup
2026-06-04,Adult,Female,Pre-Employment Medical Exam,Clinic,Dr. Ana Lopez,Pre-Employment Checkup
2026-06-04,Child,Male,Routine Medical Consultation,Clinic,Dr. Miguel Fernandez,Check-up
2026-06-04,Adult,Female,Upper Respiratory Infection,Clinic,Dr. Ana Lopez,Check-up
2026-06-04,Adult,Female,Upper Respiratory Infection,Clinic,Dr. Paolo Rivera,Check-up
2026-06-05,Child,Female,Blood Chemistry,Laboratory,"Joanna Lim, RMT",Laboratory
2026-06-05,Senior,Male,Chest X-ray,Radiology,Dr. Henry Ong,Imaging
2026-06-05,Adult,Male,Complete Blood Count,Laboratory,"Angela Reyes, RMT",Laboratory
2026-06-05,Adult,Female,Diabetes Mellitus Monitoring,Clinic,Dr. Elena Bautista,Check-up
2026-06-05,Adult,Female,Lipid Profile,Laboratory,"Patricia Mendoza, RMT",Laboratory
2026-06-05,Adult,Male,Lipid Profile,Laboratory,"Angela Reyes, RMT",Laboratory
2026-06-05,Senior,Female,Upper Respiratory Infection,Clinic,Dr. Paolo Rivera,Check-up
2026-06-05,Senior,Male,Upper Respiratory Infection,Clinic,Dr. Ana Lopez,Check-up
2026-06-05,Adult,Male,Urinalysis,Laboratory,"Mark Villanueva, RMT",Laboratory
2026-06-06,Senior,Female,Diabetes Mellitus Monitoring,Clinic,Dr. Elena Bautista,Check-up
2026-06-06,Adult,Male,Fever,Clinic,Dr. Paolo Rivera,Check-up
2026-06-06,Adult,Female,Fever,Clinic,Dr. Ana Lopez,Check-up
2026-06-06,Adult,Male,Gastritis,Clinic,Dr. Elena Bautista,Check-up
2026-06-06,Adult,Female,Headache,Clinic,Dr. Paolo Rivera,Check-up
2026-06-06,Adult,Female,Home Service Laboratory,Home Service,"Angela Reyes, RMT",Home Service
2026-06-06,Senior,Male,Hypertension Monitoring,Clinic,Dr. Victor Manuel,Check-up
2026-06-06,Child,Male,Lipid Profile,Laboratory,"Rafael Torres, RMT",Laboratory
2026-06-06,Adult,Male,Pregnancy Test,Laboratory,"Joanna Lim, RMT",Laboratory
2026-06-06,Adult,Female,Preventive Health Check-up,Clinic,Dr. Ana Lopez,Check-up
2026-06-06,Senior,Female,Routine Medical Consultation,Clinic,Dr. Ana Lopez,Check-up
2026-06-06,Child,Female,Upper Respiratory Infection,Clinic,Dr. Ana Lopez,Check-up
2026-06-06,Adult,Female,Urinary Tract Infection,Clinic,Dr. Camille Tan,Check-up
2026-06-07,Adult,Female,Asthma Monitoring,Clinic,Dr. Victor Manuel,Check-up
2026-06-07,Adult,Female,Blood Chemistry,Laboratory,"Joanna Lim, RMT",Laboratory
2026-06-07,Adult,Male,Blood Chemistry,Laboratory,"Joanna Lim, RMT",Laboratory
2026-06-07,Child,Female,Blood Chemistry,Laboratory,"Patricia Mendoza, RMT",Laboratory
2026-06-07,Child,Female,Chest X-ray,Radiology,Dr. Henry Ong,Imaging
2026-06-07,Adult,Male,Diabetes Mellitus Monitoring,Clinic,Dr. Elena Bautista,Check-up
2026-06-07,Senior,Male,Diabetes Mellitus Monitoring,Clinic,Dr. Elena Bautista,Check-up
2026-06-07,Adult,Female,Drug Testing,Drug Testing,"Mark Villanueva, RMT",Drug Testing
2026-06-07,Adult,Male,Gastritis,Clinic,Dr. Elena Bautista,Check-up
2026-06-07,Senior,Female,Hypertension Monitoring,Clinic,Dr. Elena Bautista,Check-up
2026-06-07,Adult,Female,Preventive Health Check-up,Clinic,Dr. Ana Lopez,Check-up
2026-06-07,Adult,Male,Thyroid Function Test,Laboratory,"Rafael Torres, RMT",Laboratory
2026-06-07,Adult,Male,Upper Respiratory Infection,Clinic,Dr. Ana Lopez,Check-up
2026-06-07,Adult,Female,Urinalysis,Laboratory,"Joanna Lim, RMT",Laboratory
2026-06-08,Adult,Female,2D Echo,Cardiology,Dr. Miguel Fernandez,Cardiology
2026-06-08,Adult,Female,Annual Physical Examination,Annual Physical Examination,Dr. Camille Tan,Annual Physical Examination
2026-06-08,Adult,Male,Asthma Monitoring,Clinic,Dr. Victor Manuel,Check-up
2026-06-08,Senior,Male,Blood Chemistry,Laboratory,"Patricia Mendoza, RMT",Laboratory
2026-06-08,Adult,Male,Gastritis,Clinic,Dr. Victor Manuel,Check-up
2026-06-08,Child,Female,Gastritis,Clinic,Dr. Victor Manuel,Check-up
2026-06-08,Senior,Female,Gastritis,Clinic,Dr. Elena Bautista,Check-up
2026-06-08,Adult,Male,Headache,Clinic,Dr. Paolo Rivera,Check-up
2026-06-08,Child,Female,Home Service Laboratory,Home Service,"Mark Villanueva, RMT",Home Service
2026-06-08,Adult,Female,Hypertension Monitoring,Clinic,Dr. Victor Manuel,Check-up
2026-06-08,Adult,Male,Lipid Profile,Laboratory,"Mark Villanueva, RMT",Laboratory
2026-06-08,Adult,Female,Pre-Employment Medical Exam,Clinic,Dr. Miguel Fernandez,Pre-Employment Checkup
2026-06-08,Child,Female,Preventive Health Check-up,Clinic,Dr. Paolo Rivera,Check-up
2026-06-08,Adult,Male,Routine Medical Consultation,Clinic,Dr. Paolo Rivera,Check-up
2026-06-08,Adult,Female,Thyroid Function Test,Laboratory,"Rafael Torres, RMT",Laboratory
2026-06-08,Adult,Female,Ultrasound,Radiology,Dr. Andrea Sy,Imaging
2026-06-09,Adult,Female,Abdominal Pain,Clinic,Dr. Elena Bautista,Check-up
2026-06-09,Adult,Male,Dermatitis and Allergy,Clinic,Dr. Camille Tan,Check-up
2026-06-09,Adult,Female,Diabetes Mellitus Monitoring,Clinic,Dr. Victor Manuel,Check-up
2026-06-09,Child,Male,Fever,Clinic,Dr. Camille Tan,Check-up
2026-06-09,Adult,Female,Headache,Clinic,Dr. Paolo Rivera,Check-up
2026-06-09,Adult,Male,Headache,Clinic,Dr. Ana Lopez,Check-up
2026-06-09,Child,Male,Home Service Laboratory,Home Service,"Patricia Mendoza, RMT",Home Service
2026-06-09,Adult,Female,Home Service Laboratory,Home Service,"Angela Reyes, RMT",Home Service
2026-06-09,Senior,Female,Hypertension Monitoring,Clinic,Dr. Elena Bautista,Check-up
2026-06-09,Adult,Female,SGPT,Laboratory,"Joanna Lim, RMT",Laboratory
2026-06-09,Senior,Female,Upper Respiratory Infection,Clinic,Dr. Ana Lopez,Check-up
2026-06-09,Child,Male,Upper Respiratory Infection,Clinic,Dr. Miguel Fernandez,Check-up
2026-06-09,Child,Male,Vaccination,Clinic,Dr. Ana Lopez,Vaccination
2026-06-10,Child,Male,Complete Blood Count,Laboratory,"Carlo Navarro, RMT",Laboratory
2026-06-10,Child,Male,Complete Blood Count,Laboratory,"Angela Reyes, RMT",Laboratory
2026-06-10,Adult,Female,Complete Blood Count,Laboratory,"Mark Villanueva, RMT",Laboratory
2026-06-10,Adult,Female,Dermatitis and Allergy,Clinic,Dr. Miguel Fernandez,Check-up
2026-06-10,Adult,Male,Diabetes Mellitus Monitoring,Clinic,Dr. Victor Manuel,Check-up
2026-06-10,Adult,Male,Gastritis,Clinic,Dr. Elena Bautista,Check-up
2026-06-10,Adult,Male,Preventive Health Check-up,Clinic,Dr. Ana Lopez,Check-up
2026-06-10,Adult,Male,Upper Respiratory Infection,Clinic,Dr. Paolo Rivera,Check-up
2026-06-11,Adult,Female,Annual Physical Examination,Annual Physical Examination,Dr. Miguel Fernandez,Annual Physical Examination
2026-06-11,Senior,Female,Annual Physical Examination,Annual Physical Examination,Dr. Miguel Fernandez,Annual Physical Examination
2026-06-11,Adult,Female,Chest X-ray,Radiology,Dr. Sofia Mercado,Imaging
2026-06-11,Child,Female,Chest X-ray,Radiology,Dr. Andrea Sy,Imaging
2026-06-11,Adult,Male,Complete Blood Count,Laboratory,"Joanna Lim, RMT",Laboratory
2026-06-11,Adult,Female,Electrocardiography,Cardiology,Dr. Paolo Rivera,Cardiology
2026-06-11,Adult,Female,Fasting Blood Sugar,Laboratory,"Patricia Mendoza, RMT",Laboratory
2026-06-11,Adult,Female,Fasting Blood Sugar,Laboratory,"Angela Reyes, RMT",Laboratory
2026-06-11,Senior,Male,Fecalysis,Laboratory,"Joanna Lim, RMT",Laboratory
2026-06-11,Senior,Female,Hypertension Monitoring,Clinic,Dr. Victor Manuel,Check-up
2026-06-11,Adult,Male,Lipid Profile,Laboratory,"Mark Villanueva, RMT",Laboratory
2026-06-11,Senior,Male,SGPT,Laboratory,"Carlo Navarro, RMT",Laboratory
2026-06-11,Adult,Female,Urinalysis,Laboratory,"Rafael Torres, RMT",Laboratory
2026-06-12,Adult,Male,Abdominal Pain,Clinic,Dr. Elena Bautista,Check-up
2026-06-12,Adult,Male,Blood Chemistry,Laboratory,"Carlo Navarro, RMT",Laboratory
2026-06-12,Adult,Female,Diabetes Mellitus Monitoring,Clinic,Dr. Elena Bautista,Check-up
2026-06-12,Adult,Female,Diabetes Mellitus Monitoring,Clinic,Dr. Victor Manuel,Check-up
2026-06-12,Child,Female,Hepatitis Screening,Laboratory,"Patricia Mendoza, RMT",Laboratory
2026-06-12,Adult,Male,Hypertension Monitoring,Clinic,Dr. Victor Manuel,Check-up
2026-06-12,Adult,Male,Preventive Health Check-up,Clinic,Dr. Paolo Rivera,Check-up
2026-06-12,Child,Female,Routine Medical Consultation,Clinic,Dr. Camille Tan,Check-up
2026-06-12,Adult,Male,Routine Medical Consultation,Clinic,Dr. Paolo Rivera,Check-up
2026-06-12,Adult,Female,Ultrasound,Radiology,Dr. Sofia Mercado,Imaging
2026-06-12,Adult,Male,Upper Respiratory Infection,Clinic,Dr. Camille Tan,Check-up
2026-06-12,Adult,Female,Upper Respiratory Infection,Clinic,Dr. Camille Tan,Check-up
2026-06-12,Adult,Female,Urinalysis,Laboratory,"Rafael Torres, RMT",Laboratory
2026-06-12,Adult,Female,Urinalysis,Laboratory,"Joanna Lim, RMT",Laboratory
2026-06-12,Adult,Female,Urinary Tract Infection,Clinic,Dr. Paolo Rivera,Check-up
2026-06-12,Senior,Female,Vascular Study,Radiology,Dr. Andrea Sy,Imaging
2026-06-13,Adult,Female,2D Echo,Cardiology,Dr. Miguel Fernandez,Cardiology
2026-06-13,Adult,Male,Blood Chemistry,Laboratory,"Mark Villanueva, RMT",Laboratory
2026-06-13,Senior,Male,Electrocardiography,Cardiology,Dr. Paolo Rivera,Cardiology
2026-06-13,Adult,Female,Fever,Clinic,Dr. Ana Lopez,Check-up
2026-06-13,Adult,Female,Gastritis,Clinic,Dr. Elena Bautista,Check-up
2026-06-13,Child,Female,Urinalysis,Laboratory,"Joanna Lim, RMT",Laboratory
2026-06-14,Adult,Male,Blood Chemistry,Laboratory,"Angela Reyes, RMT",Laboratory
2026-06-14,Adult,Female,Gastritis,Clinic,Dr. Elena Bautista,Check-up
2026-06-14,Adult,Male,Gastritis,Clinic,Dr. Elena Bautista,Check-up
2026-06-14,Adult,Female,Hepatitis Screening,Laboratory,"Carlo Navarro, RMT",Laboratory
2026-06-14,Adult,Male,Hypertension Monitoring,Clinic,Dr. Victor Manuel,Check-up
2026-06-14,Adult,Male,Pregnancy Test,Laboratory,"Patricia Mendoza, RMT",Laboratory
2026-06-14,Adult,Female,Ultrasound,Radiology,Dr. Andrea Sy,Imaging
2026-06-14,Adult,Female,Upper Respiratory Infection,Clinic,Dr. Paolo Rivera,Check-up
2026-06-14,Adult,Female,Urinalysis,Laboratory,"Rafael Torres, RMT",Laboratory
2026-06-14,Adult,Male,Urinary Tract Infection,Clinic,Dr. Miguel Fernandez,Check-up
2026-06-14,Senior,Female,Vaccination,Clinic,Dr. Camille Tan,Vaccination
2026-06-15,Adult,Male,Annual Physical Examination,Annual Physical Examination,Dr. Ana Lopez,Annual Physical Examination
2026-06-15,Adult,Female,Annual Physical Examination,Annual Physical Examination,Dr. Miguel Fernandez,Annual Physical Examination
2026-06-15,Adult,Female,Blood Chemistry,Laboratory,"Carlo Navarro, RMT",Laboratory
2026-06-15,Adult,Male,Complete Blood Count,Laboratory,"Joanna Lim, RMT",Laboratory
2026-06-15,Adult,Male,Creatinine,Laboratory,"Mark Villanueva, RMT",Laboratory
2026-06-15,Adult,Male,Fasting Blood Sugar,Laboratory,"Patricia Mendoza, RMT",Laboratory
2026-06-15,Adult,Male,Fecalysis,Laboratory,"Joanna Lim, RMT",Laboratory
2026-06-15,Adult,Female,Pre-Employment Medical Exam,Clinic,Dr. Camille Tan,Pre-Employment Checkup
2026-06-15,Adult,Male,Pregnancy Test,Laboratory,"Carlo Navarro, RMT",Laboratory
2026-06-15,Adult,Female,Upper Respiratory Infection,Clinic,Dr. Ana Lopez,Check-up
2026-06-16,Adult,Female,Chest X-ray,Radiology,Dr. Andrea Sy,Imaging
2026-06-16,Adult,Male,Creatinine,Laboratory,"Joanna Lim, RMT",Laboratory
2026-06-16,Senior,Male,Diabetes Mellitus Monitoring,Clinic,Dr. Elena Bautista,Check-up
2026-06-16,Adult,Male,Hypertension Monitoring,Clinic,Dr. Elena Bautista,Check-up
2026-06-16,Adult,Male,Ultrasound,Radiology,Dr. Andrea Sy,Imaging
2026-06-17,Senior,Male,Annual Physical Examination,Annual Physical Examination,Dr. Camille Tan,Annual Physical Examination
2026-06-17,Adult,Male,Asthma Monitoring,Clinic,Dr. Elena Bautista,Check-up
2026-06-17,Adult,Male,Dermatitis and Allergy,Clinic,Dr. Paolo Rivera,Check-up
2026-06-17,Adult,Male,Diabetes Mellitus Monitoring,Clinic,Dr. Elena Bautista,Check-up
2026-06-17,Senior,Female,Hypertension Monitoring,Clinic,Dr. Elena Bautista,Check-up
2026-06-17,Adult,Male,Pre-Employment Medical Exam,Clinic,Dr. Paolo Rivera,Pre-Employment Checkup
2026-06-17,Adult,Male,Upper Respiratory Infection,Clinic,Dr. Ana Lopez,Check-up
2026-06-18,Adult,Male,2D Echo,Cardiology,Dr. Miguel Fernandez,Cardiology
2026-06-18,Adult,Female,Chest X-ray,Radiology,Dr. Andrea Sy,Imaging
2026-06-18,Child,Male,Complete Blood Count,Laboratory,"Angela Reyes, RMT",Laboratory
2026-06-18,Adult,Male,Complete Blood Count,Laboratory,"Rafael Torres, RMT",Laboratory
2026-06-18,Adult,Female,Electrocardiography,Cardiology,Dr. Miguel Fernandez,Cardiology
2026-06-18,Adult,Male,Fever,Clinic,Dr. Paolo Rivera,Check-up
2026-06-18,Adult,Female,Fever,Clinic,Dr. Camille Tan,Check-up
2026-06-18,Child,Male,Hepatitis Screening,Laboratory,"Mark Villanueva, RMT",Laboratory
2026-06-18,Adult,Female,Hypertension Monitoring,Clinic,Dr. Victor Manuel,Check-up
2026-06-18,Adult,Male,Hypertension Monitoring,Clinic,Dr. Victor Manuel,Check-up
2026-06-19,Child,Male,Asthma Monitoring,Clinic,Dr. Victor Manuel,Check-up
2026-06-19,Child,Male,Blood Chemistry,Laboratory,"Carlo Navarro, RMT",Laboratory
2026-06-19,Adult,Female,Blood Chemistry,Laboratory,"Rafael Torres, RMT",Laboratory
2026-06-19,Child,Female,Complete Blood Count,Laboratory,"Joanna Lim, RMT",Laboratory
2026-06-19,Senior,Female,Creatinine,Laboratory,"Joanna Lim, RMT",Laboratory
2026-06-19,Senior,Female,Diabetes Mellitus Monitoring,Clinic,Dr. Victor Manuel,Check-up
2026-06-19,Adult,Female,Diabetes Mellitus Monitoring,Clinic,Dr. Victor Manuel,Check-up
2026-06-19,Senior,Female,Electrocardiography,Cardiology,Dr. Miguel Fernandez,Cardiology
2026-06-19,Adult,Female,Hepatitis Screening,Laboratory,"Mark Villanueva, RMT",Laboratory
2026-06-19,Adult,Male,Routine Medical Consultation,Clinic,Dr. Paolo Rivera,Check-up
2026-06-19,Adult,Female,Upper Respiratory Infection,Clinic,Dr. Paolo Rivera,Check-up
2026-06-19,Adult,Male,Upper Respiratory Infection,Clinic,Dr. Miguel Fernandez,Check-up
2026-06-20,Child,Male,Electrocardiography,Cardiology,Dr. Miguel Fernandez,Cardiology
2026-06-20,Adult,Female,Fecalysis,Laboratory,"Rafael Torres, RMT",Laboratory
2026-06-20,Adult,Female,Hepatitis Screening,Laboratory,"Joanna Lim, RMT",Laboratory
2026-06-20,Adult,Male,Hypertension Monitoring,Clinic,Dr. Victor Manuel,Check-up
2026-06-20,Adult,Male,Ultrasound,Radiology,Dr. Henry Ong,Imaging
2026-06-20,Child,Female,Upper Respiratory Infection,Clinic,Dr. Ana Lopez,Check-up
2026-06-20,Adult,Male,Urinalysis,Laboratory,"Joanna Lim, RMT",Laboratory
2026-06-20,Senior,Female,Urinary Tract Infection,Clinic,Dr. Camille Tan,Check-up
2026-06-20,Child,Male,Vaccination,Clinic,Dr. Paolo Rivera,Vaccination
2026-06-21,Senior,Male,2D Echo,Cardiology,Dr. Camille Tan,Cardiology
2026-06-21,Adult,Male,Blood Chemistry,Laboratory,"Carlo Navarro, RMT",Laboratory
2026-06-21,Adult,Female,Chest X-ray,Radiology,Dr. Henry Ong,Imaging
2026-06-21,Adult,Male,Dermatitis and Allergy,Clinic,Dr. Paolo Rivera,Check-up
2026-06-21,Adult,Female,Diabetes Mellitus Monitoring,Clinic,Dr. Elena Bautista,Check-up
2026-06-21,Adult,Male,Gastritis,Clinic,Dr. Victor Manuel,Check-up
2026-06-21,Adult,Female,Home Service Laboratory,Home Service,"Mark Villanueva, RMT",Home Service
2026-06-21,Child,Male,Preventive Health Check-up,Clinic,Dr. Miguel Fernandez,Check-up
2026-06-21,Adult,Male,Upper Respiratory Infection,Clinic,Dr. Miguel Fernandez,Check-up
2026-06-21,Adult,Female,Upper Respiratory Infection,Clinic,Dr. Camille Tan,Check-up
2026-06-22,Adult,Female,Annual Physical Examination,Annual Physical Examination,Dr. Ana Lopez,Annual Physical Examination
2026-06-22,Child,Female,Annual Physical Examination,Annual Physical Examination,Dr. Camille Tan,Annual Physical Examination
2026-06-22,Adult,Female,Annual Physical Examination,Annual Physical Examination,Dr. Camille Tan,Annual Physical Examination
2026-06-22,Senior,Male,Chest X-ray,Radiology,Dr. Sofia Mercado,Imaging
2026-06-22,Child,Male,Complete Blood Count,Laboratory,"Patricia Mendoza, RMT",Laboratory
2026-06-22,Adult,Male,Diabetes Mellitus Monitoring,Clinic,Dr. Elena Bautista,Check-up
2026-06-22,Adult,Male,Electrocardiography,Cardiology,Dr. Miguel Fernandez,Cardiology
2026-06-22,Senior,Female,Lipid Profile,Laboratory,"Mark Villanueva, RMT",Laboratory
2026-06-22,Senior,Female,Routine Medical Consultation,Clinic,Dr. Ana Lopez,Check-up
2026-06-22,Adult,Male,Urinalysis,Laboratory,"Joanna Lim, RMT",Laboratory
2026-06-22,Child,Male,Vaccination,Clinic,Dr. Camille Tan,Vaccination
2026-06-22,Child,Male,Vaccination,Clinic,Dr. Paolo Rivera,Vaccination
2026-06-23,Senior,Female,2D Echo,Cardiology,Dr. Miguel Fernandez,Cardiology
2026-06-23,Adult,Male,Annual Physical Examination,Annual Physical Examination,Dr. Ana Lopez,Annual Physical Examination
2026-06-23,Adult,Female,Asthma Monitoring,Clinic,Dr. Victor Manuel,Check-up
2026-06-23,Adult,Male,Complete Blood Count,Laboratory,"Rafael Torres, RMT",Laboratory
2026-06-23,Senior,Female,Diabetes Mellitus Monitoring,Clinic,Dr. Elena Bautista,Check-up
2026-06-23,Senior,Male,Hypertension Monitoring,Clinic,Dr. Elena Bautista,Check-up
2026-06-23,Adult,Female,Hypertension Monitoring,Clinic,Dr. Elena Bautista,Check-up
2026-06-23,Adult,Male,Lipid Profile,Laboratory,"Angela Reyes, RMT",Laboratory
2026-06-23,Adult,Female,Routine Medical Consultation,Clinic,Dr. Miguel Fernandez,Check-up
2026-06-23,Adult,Male,Thyroid Function Test,Laboratory,"Joanna Lim, RMT",Laboratory
2026-06-23,Adult,Male,Upper Respiratory Infection,Clinic,Dr. Paolo Rivera,Check-up
2026-06-23,Adult,Female,Upper Respiratory Infection,Clinic,Dr. Camille Tan,Check-up
2026-06-23,Adult,Male,Vascular Study,Radiology,Dr. Andrea Sy,Imaging
2026-06-24,Senior,Female,2D Echo,Cardiology,Dr. Miguel Fernandez,Cardiology
2026-06-24,Senior,Female,Blood Chemistry,Laboratory,"Angela Reyes, RMT",Laboratory
2026-06-24,Adult,Female,Diabetes Mellitus Monitoring,Clinic,Dr. Elena Bautista,Check-up
2026-06-24,Adult,Male,Diabetes Mellitus Monitoring,Clinic,Dr. Victor Manuel,Check-up
2026-06-24,Adult,Male,Electrocardiography,Cardiology,Dr. Paolo Rivera,Cardiology
2026-06-24,Child,Male,Gastritis,Clinic,Dr. Victor Manuel,Check-up
2026-06-24,Adult,Female,Hypertension Monitoring,Clinic,Dr. Elena Bautista,Check-up
2026-06-24,Adult,Female,Lipid Profile,Laboratory,"Mark Villanueva, RMT",Laboratory
2026-06-24,Adult,Male,Pre-Employment Medical Exam,Clinic,Dr. Ana Lopez,Pre-Employment Checkup
2026-06-24,Adult,Female,Preventive Health Check-up,Clinic,Dr. Paolo Rivera,Check-up
2026-06-24,Senior,Female,Upper Respiratory Infection,Clinic,Dr. Miguel Fernandez,Check-up
2026-06-25,Adult,Female,Annual Physical Examination,Annual Physical Examination,Dr. Ana Lopez,Annual Physical Examination
2026-06-25,Adult,Male,Asthma Monitoring,Clinic,Dr. Elena Bautista,Check-up
2026-06-25,Adult,Female,Complete Blood Count,Laboratory,"Mark Villanueva, RMT",Laboratory
2026-06-25,Child,Male,Complete Blood Count,Laboratory,"Mark Villanueva, RMT",Laboratory
2026-06-25,Adult,Female,Diabetes Mellitus Monitoring,Clinic,Dr. Victor Manuel,Check-up
2026-06-25,Adult,Male,Drug Testing,Drug Testing,"Patricia Mendoza, RMT",Drug Testing
2026-06-25,Adult,Female,Fasting Blood Sugar,Laboratory,"Angela Reyes, RMT",Laboratory
2026-06-25,Adult,Female,Fecalysis,Laboratory,"Rafael Torres, RMT",Laboratory
2026-06-25,Child,Female,Fecalysis,Laboratory,"Rafael Torres, RMT",Laboratory
2026-06-25,Child,Female,Fever,Clinic,Dr. Ana Lopez,Check-up
2026-06-25,Adult,Female,Hypertension Monitoring,Clinic,Dr. Victor Manuel,Check-up
2026-06-25,Adult,Male,Pre-Employment Medical Exam,Clinic,Dr. Paolo Rivera,Pre-Employment Checkup
2026-06-25,Adult,Female,Routine Medical Consultation,Clinic,Dr. Camille Tan,Check-up
2026-06-25,Adult,Male,SGPT,Laboratory,"Angela Reyes, RMT",Laboratory
2026-06-25,Adult,Female,Ultrasound,Radiology,Dr. Henry Ong,Imaging
2026-06-25,Adult,Male,Ultrasound,Radiology,Dr. Sofia Mercado,Imaging
2026-06-25,Adult,Female,Urinalysis,Laboratory,"Carlo Navarro, RMT",Laboratory
2026-06-26,Adult,Female,Chest X-ray,Radiology,Dr. Sofia Mercado,Imaging
2026-06-26,Adult,Female,Chest X-ray,Radiology,Dr. Andrea Sy,Imaging
2026-06-26,Adult,Male,Complete Blood Count,Laboratory,"Patricia Mendoza, RMT",Laboratory
2026-06-26,Adult,Female,Dermatitis and Allergy,Clinic,Dr. Paolo Rivera,Check-up
2026-06-26,Senior,Male,Diabetes Mellitus Monitoring,Clinic,Dr. Elena Bautista,Check-up
2026-06-26,Adult,Male,Drug Testing,Drug Testing,"Mark Villanueva, RMT",Drug Testing
2026-06-26,Adult,Male,Fever,Clinic,Dr. Paolo Rivera,Check-up
2026-06-26,Adult,Female,Hypertension Monitoring,Clinic,Dr. Elena Bautista,Check-up
2026-06-26,Senior,Female,Hypertension Monitoring,Clinic,Dr. Elena Bautista,Check-up
2026-06-26,Adult,Male,Upper Respiratory Infection,Clinic,Dr. Camille Tan,Check-up
2026-06-26,Child,Female,Upper Respiratory Infection,Clinic,Dr. Paolo Rivera,Check-up
2026-06-27,Adult,Male,Creatinine,Laboratory,"Patricia Mendoza, RMT",Laboratory
2026-06-27,Senior,Female,Diabetes Mellitus Monitoring,Clinic,Dr. Elena Bautista,Check-up
2026-06-27,Child,Male,Fasting Blood Sugar,Laboratory,"Joanna Lim, RMT",Laboratory
2026-06-27,Child,Male,Fecalysis,Laboratory,"Rafael Torres, RMT",Laboratory
2026-06-27,Adult,Female,Home Service Laboratory,Home Service,"Rafael Torres, RMT",Home Service
2026-06-27,Adult,Female,Upper Respiratory Infection,Clinic,Dr. Ana Lopez,Check-up
2026-06-28,Adult,Male,Complete Blood Count,Laboratory,"Patricia Mendoza, RMT",Laboratory
2026-06-28,Senior,Female,Complete Blood Count,Laboratory,"Mark Villanueva, RMT",Laboratory
2026-06-28,Adult,Female,Electrocardiography,Cardiology,Dr. Ana Lopez,Cardiology
2026-06-28,Adult,Male,Electrocardiography,Cardiology,Dr. Ana Lopez,Cardiology
2026-06-28,Child,Female,Fasting Blood Sugar,Laboratory,"Rafael Torres, RMT",Laboratory
2026-06-28,Adult,Male,Fasting Blood Sugar,Laboratory,"Joanna Lim, RMT",Laboratory
2026-06-28,Child,Female,Fecalysis,Laboratory,"Patricia Mendoza, RMT",Laboratory
2026-06-28,Adult,Female,Gastritis,Clinic,Dr. Elena Bautista,Check-up
2026-06-28,Adult,Male,Hepatitis Screening,Laboratory,"Mark Villanueva, RMT",Laboratory
2026-06-28,Adult,Female,Thyroid Function Test,Laboratory,"Angela Reyes, RMT",Laboratory
2026-06-28,Adult,Female,Upper Respiratory Infection,Clinic,Dr. Ana Lopez,Check-up
2026-06-29,Adult,Male,Annual Physical Examination,Annual Physical Examination,Dr. Paolo Rivera,Annual Physical Examination
2026-06-29,Adult,Male,Diabetes Mellitus Monitoring,Clinic,Dr. Victor Manuel,Check-up
2026-06-29,Adult,Female,Ultrasound,Radiology,Dr. Andrea Sy,Imaging
2026-06-29,Child,Female,Urinalysis,Laboratory,"Patricia Mendoza, RMT",Laboratory
2026-06-30,Adult,Female,Blood Chemistry,Laboratory,"Angela Reyes, RMT",Laboratory
2026-06-30,Adult,Male,Diabetes Mellitus Monitoring,Clinic,Dr. Victor Manuel,Check-up
2026-06-30,Adult,Male,Fasting Blood Sugar,Laboratory,"Patricia Mendoza, RMT",Laboratory
2026-06-30,Adult,Male,Routine Medical Consultation,Clinic,Dr. Camille Tan,Check-up
2026-06-30,Child,Male,Upper Respiratory Infection,Clinic,Dr. Ana Lopez,Check-up
2026-06-30,Adult,Male,Urinalysis,Laboratory,"Mark Villanueva, RMT",Laboratory
2026-06-30,Adult,Male,Vascular Study,Radiology,Dr. Sofia Mercado,Imaging
2026-07-01,Adult,Male,2D Echo,Cardiology,Dr. Miguel Fernandez,Cardiology
2026-07-01,Adult,Male,Annual Physical Examination,Annual Physical Examination,Dr. Ana Lopez,Annual Physical Examination
2026-07-01,Child,Male,Complete Blood Count,Laboratory,"Patricia Mendoza, RMT",Laboratory
2026-07-01,Adult,Male,Complete Blood Count,Laboratory,"Angela Reyes, RMT",Laboratory
2026-07-01,Adult,Male,Gastritis,Clinic,Dr. Victor Manuel,Check-up
2026-07-02,Adult,Male,Chest X-ray,Radiology,Dr. Andrea Sy,Imaging
2026-07-02,Adult,Male,Hypertension Monitoring,Clinic,Dr. Elena Bautista,Check-up
2026-07-02,Adult,Female,Upper Respiratory Infection,Clinic,Dr. Camille Tan,Check-up
2026-07-03,Adult,Male,Abdominal Pain,Clinic,Dr. Victor Manuel,Check-up
2026-07-03,Adult,Female,Chest X-ray,Radiology,Dr. Sofia Mercado,Imaging
2026-07-03,Adult,Male,Chest X-ray,Radiology,Dr. Henry Ong,Imaging
2026-07-03,Adult,Male,Diabetes Mellitus Monitoring,Clinic,Dr. Victor Manuel,Check-up
2026-07-03,Adult,Male,Hypertension Monitoring,Clinic,Dr. Elena Bautista,Check-up
2026-07-03,Adult,Female,Routine Medical Consultation,Clinic,Dr. Paolo Rivera,Check-up
2026-07-03,Child,Male,SGPT,Laboratory,"Carlo Navarro, RMT",Laboratory
2026-07-03,Adult,Female,Urinalysis,Laboratory,"Carlo Navarro, RMT",Laboratory
2026-07-03,Adult,Male,Urinalysis,Laboratory,"Mark Villanueva, RMT",Laboratory
2026-07-03,Adult,Female,Urinary Tract Infection,Clinic,Dr. Camille Tan,Check-up
2026-07-03,Adult,Male,Vaccination,Clinic,Dr. Paolo Rivera,Vaccination
2026-07-04,Adult,Male,2D Echo,Cardiology,Dr. Paolo Rivera,Cardiology
2026-07-04,Adult,Female,Abdominal Pain,Clinic,Dr. Elena Bautista,Check-up
2026-07-04,Child,Male,Abdominal Pain,Clinic,Dr. Victor Manuel,Check-up
2026-07-04,Adult,Male,Blood Chemistry,Laboratory,"Rafael Torres, RMT",Laboratory
2026-07-04,Adult,Female,Diabetes Mellitus Monitoring,Clinic,Dr. Victor Manuel,Check-up
2026-07-04,Adult,Male,Drug Testing,Drug Testing,"Angela Reyes, RMT",Drug Testing
2026-07-04,Adult,Female,Fever,Clinic,Dr. Paolo Rivera,Check-up
2026-07-04,Adult,Female,Hepatitis Screening,Laboratory,"Patricia Mendoza, RMT",Laboratory
2026-07-04,Adult,Male,Hypertension Monitoring,Clinic,Dr. Victor Manuel,Check-up
2026-07-04,Adult,Female,Hypertension Monitoring,Clinic,Dr. Victor Manuel,Check-up
2026-07-04,Adult,Male,Hypertension Monitoring,Clinic,Dr. Elena Bautista,Check-up
2026-07-04,Senior,Male,Hypertension Monitoring,Clinic,Dr. Elena Bautista,Check-up
2026-07-04,Adult,Male,Pregnancy Test,Laboratory,"Carlo Navarro, RMT",Laboratory
2026-07-04,Adult,Male,Routine Medical Consultation,Clinic,Dr. Ana Lopez,Check-up
2026-07-04,Senior,Male,Ultrasound,Radiology,Dr. Andrea Sy,Imaging
2026-07-04,Adult,Male,Upper Respiratory Infection,Clinic,Dr. Miguel Fernandez,Check-up
2026-07-04,Child,Male,Urinalysis,Laboratory,"Carlo Navarro, RMT",Laboratory
2026-07-04,Child,Female,Urinalysis,Laboratory,"Angela Reyes, RMT",Laboratory
2026-07-05,Senior,Male,Annual Physical Examination,Annual Physical Examination,Dr. Paolo Rivera,Annual Physical Examination
2026-07-05,Senior,Female,Diabetes Mellitus Monitoring,Clinic,Dr. Elena Bautista,Check-up
2026-07-05,Adult,Male,Diabetes Mellitus Monitoring,Clinic,Dr. Elena Bautista,Check-up
2026-07-05,Adult,Female,Drug Testing,Drug Testing,"Rafael Torres, RMT",Drug Testing
2026-07-05,Senior,Male,Electrocardiography,Cardiology,Dr. Camille Tan,Cardiology
2026-07-05,Senior,Male,Fasting Blood Sugar,Laboratory,"Rafael Torres, RMT",Laboratory
2026-07-05,Adult,Male,Home Service Laboratory,Home Service,"Rafael Torres, RMT",Home Service
2026-07-05,Adult,Female,Lipid Profile,Laboratory,"Joanna Lim, RMT",Laboratory
2026-07-05,Adult,Male,Preventive Health Check-up,Clinic,Dr. Ana Lopez,Check-up
2026-07-05,Adult,Female,Preventive Health Check-up,Clinic,Dr. Paolo Rivera,Check-up
2026-07-05,Adult,Male,SGPT,Laboratory,"Mark Villanueva, RMT",Laboratory
2026-07-05,Adult,Male,Urinary Tract Infection,Clinic,Dr. Camille Tan,Check-up
2026-07-06,Adult,Female,Abdominal Pain,Clinic,Dr. Elena Bautista,Check-up
2026-07-06,Child,Female,Annual Physical Examination,Annual Physical Examination,Dr. Ana Lopez,Annual Physical Examination
2026-07-06,Adult,Female,Chest X-ray,Radiology,Dr. Andrea Sy,Imaging
2026-07-06,Adult,Female,Diabetes Mellitus Monitoring,Clinic,Dr. Victor Manuel,Check-up
2026-07-06,Senior,Female,Diabetes Mellitus Monitoring,Clinic,Dr. Victor Manuel,Check-up
2026-07-06,Child,Female,Fecalysis,Laboratory,"Carlo Navarro, RMT",Laboratory
2026-07-06,Adult,Male,Fever,Clinic,Dr. Paolo Rivera,Check-up
2026-07-06,Child,Female,Headache,Clinic,Dr. Ana Lopez,Check-up
2026-07-06,Adult,Male,Headache,Clinic,Dr. Ana Lopez,Check-up
2026-07-06,Adult,Female,Hepatitis Screening,Laboratory,"Patricia Mendoza, RMT",Laboratory
2026-07-06,Adult,Female,Hypertension Monitoring,Clinic,Dr. Victor Manuel,Check-up
2026-07-07,Adult,Female,Abdominal Pain,Clinic,Dr. Victor Manuel,Check-up
2026-07-07,Adult,Female,Chest X-ray,Radiology,Dr. Henry Ong,Imaging
2026-07-07,Adult,Male,Complete Blood Count,Laboratory,"Mark Villanueva, RMT",Laboratory
2026-07-07,Senior,Female,Dermatitis and Allergy,Clinic,Dr. Camille Tan,Check-up
2026-07-07,Senior,Female,Hypertension Monitoring,Clinic,Dr. Elena Bautista,Check-up
2026-07-07,Senior,Male,Hypertension Monitoring,Clinic,Dr. Elena Bautista,Check-up
2026-07-07,Adult,Female,Lipid Profile,Laboratory,"Joanna Lim, RMT",Laboratory
2026-07-08,Child,Female,Complete Blood Count,Laboratory,"Carlo Navarro, RMT",Laboratory
2026-07-08,Adult,Male,Complete Blood Count,Laboratory,"Angela Reyes, RMT",Laboratory
2026-07-08,Adult,Male,Dermatitis and Allergy,Clinic,Dr. Miguel Fernandez,Check-up
2026-07-08,Senior,Male,Diabetes Mellitus Monitoring,Clinic,Dr. Elena Bautista,Check-up
2026-07-08,Senior,Male,Electrocardiography,Cardiology,Dr. Ana Lopez,Cardiology
2026-07-08,Adult,Female,Headache,Clinic,Dr. Ana Lopez,Check-up
2026-07-08,Senior,Female,Hypertension Monitoring,Clinic,Dr. Elena Bautista,Check-up
2026-07-08,Child,Male,Preventive Health Check-up,Clinic,Dr. Paolo Rivera,Check-up
2026-07-08,Adult,Male,Upper Respiratory Infection,Clinic,Dr. Camille Tan,Check-up
2026-07-08,Senior,Female,Upper Respiratory Infection,Clinic,Dr. Camille Tan,Check-up
2026-07-08,Adult,Female,Upper Respiratory Infection,Clinic,Dr. Camille Tan,Check-up
2026-07-08,Adult,Female,Urinalysis,Laboratory,"Angela Reyes, RMT",Laboratory
2026-07-09,Senior,Female,Annual Physical Examination,Annual Physical Examination,Dr. Paolo Rivera,Annual Physical Examination
2026-07-09,Adult,Male,Chest X-ray,Radiology,Dr. Henry Ong,Imaging
2026-07-09,Adult,Male,Diabetes Mellitus Monitoring,Clinic,Dr. Elena Bautista,Check-up
2026-07-09,Senior,Female,Diabetes Mellitus Monitoring,Clinic,Dr. Victor Manuel,Check-up
2026-07-09,Adult,Female,Drug Testing,Drug Testing,"Carlo Navarro, RMT",Drug Testing
2026-07-09,Adult,Female,Fasting Blood Sugar,Laboratory,"Joanna Lim, RMT",Laboratory
2026-07-09,Adult,Female,Fever,Clinic,Dr. Paolo Rivera,Check-up
2026-07-09,Adult,Female,Home Service Laboratory,Home Service,"Angela Reyes, RMT",Home Service
2026-07-09,Adult,Female,Hypertension Monitoring,Clinic,Dr. Elena Bautista,Check-up
2026-07-09,Adult,Male,Pre-Employment Medical Exam,Clinic,Dr. Miguel Fernandez,Pre-Employment Checkup
2026-07-09,Adult,Male,Pregnancy Test,Laboratory,"Angela Reyes, RMT",Laboratory
2026-07-09,Adult,Male,Thyroid Function Test,Laboratory,"Angela Reyes, RMT",Laboratory
2026-07-10,Adult,Male,Abdominal Pain,Clinic,Dr. Elena Bautista,Check-up
2026-07-10,Child,Female,Abdominal Pain,Clinic,Dr. Victor Manuel,Check-up
2026-07-10,Adult,Male,Blood Chemistry,Laboratory,"Joanna Lim, RMT",Laboratory
2026-07-10,Adult,Female,Dermatitis and Allergy,Clinic,Dr. Paolo Rivera,Check-up
2026-07-10,Adult,Male,Diabetes Mellitus Monitoring,Clinic,Dr. Victor Manuel,Check-up
2026-07-10,Senior,Male,Hypertension Monitoring,Clinic,Dr. Elena Bautista,Check-up
2026-07-10,Adult,Male,Hypertension Monitoring,Clinic,Dr. Victor Manuel,Check-up
2026-07-10,Adult,Male,Pregnancy Test,Laboratory,"Mark Villanueva, RMT",Laboratory
2026-07-10,Adult,Female,Routine Medical Consultation,Clinic,Dr. Paolo Rivera,Check-up
2026-07-11,Adult,Female,Abdominal Pain,Clinic,Dr. Elena Bautista,Check-up
2026-07-11,Adult,Male,Annual Physical Examination,Annual Physical Examination,Dr. Miguel Fernandez,Annual Physical Examination
2026-07-11,Senior,Male,Diabetes Mellitus Monitoring,Clinic,Dr. Victor Manuel,Check-up
2026-07-11,Adult,Female,Drug Testing,Drug Testing,"Mark Villanueva, RMT",Drug Testing
2026-07-11,Adult,Female,Fever,Clinic,Dr. Miguel Fernandez,Check-up
2026-07-11,Adult,Female,Headache,Clinic,Dr. Paolo Rivera,Check-up
2026-07-11,Adult,Male,Home Service Laboratory,Home Service,"Joanna Lim, RMT",Home Service
2026-07-11,Child,Female,Routine Medical Consultation,Clinic,Dr. Miguel Fernandez,Check-up
2026-07-11,Child,Female,Upper Respiratory Infection,Clinic,Dr. Camille Tan,Check-up
2026-07-11,Adult,Female,Urinary Tract Infection,Clinic,Dr. Paolo Rivera,Check-up
2026-07-12,Child,Female,Asthma Monitoring,Clinic,Dr. Victor Manuel,Check-up
2026-07-12,Adult,Male,Blood Chemistry,Laboratory,"Rafael Torres, RMT",Laboratory
2026-07-12,Child,Female,Blood Chemistry,Laboratory,"Joanna Lim, RMT",Laboratory
2026-07-12,Adult,Female,Drug Testing,Drug Testing,"Joanna Lim, RMT",Drug Testing
2026-07-12,Adult,Female,Gastritis,Clinic,Dr. Victor Manuel,Check-up
2026-07-12,Adult,Female,Headache,Clinic,Dr. Ana Lopez,Check-up
2026-07-12,Adult,Female,Hypertension Monitoring,Clinic,Dr. Elena Bautista,Check-up
2026-07-12,Senior,Male,Hypertension Monitoring,Clinic,Dr. Victor Manuel,Check-up
2026-07-12,Child,Female,Routine Medical Consultation,Clinic,Dr. Ana Lopez,Check-up
2026-07-12,Child,Female,SGPT,Laboratory,"Carlo Navarro, RMT",Laboratory
2026-07-12,Adult,Male,Ultrasound,Radiology,Dr. Henry Ong,Imaging
2026-07-12,Adult,Male,Upper Respiratory Infection,Clinic,Dr. Paolo Rivera,Check-up
2026-07-12,Child,Female,Upper Respiratory Infection,Clinic,Dr. Camille Tan,Check-up
2026-07-12,Adult,Male,Vascular Study,Radiology,Dr. Sofia Mercado,Imaging
2026-07-13,Adult,Male,Dermatitis and Allergy,Clinic,Dr. Miguel Fernandez,Check-up
2026-07-13,Adult,Male,Diabetes Mellitus Monitoring,Clinic,Dr. Elena Bautista,Check-up
2026-07-13,Senior,Female,Diabetes Mellitus Monitoring,Clinic,Dr. Elena Bautista,Check-up
2026-07-13,Adult,Male,Fasting Blood Sugar,Laboratory,"Mark Villanueva, RMT",Laboratory
2026-07-13,Senior,Male,Gastritis,Clinic,Dr. Victor Manuel,Check-up
2026-07-13,Adult,Male,Home Service Laboratory,Home Service,"Mark Villanueva, RMT",Home Service
2026-07-13,Adult,Male,Hypertension Monitoring,Clinic,Dr. Elena Bautista,Check-up
2026-07-13,Senior,Female,Hypertension Monitoring,Clinic,Dr. Elena Bautista,Check-up
2026-07-13,Adult,Female,Routine Medical Consultation,Clinic,Dr. Camille Tan,Check-up
2026-07-13,Adult,Male,Upper Respiratory Infection,Clinic,Dr. Ana Lopez,Check-up
2026-07-13,Adult,Female,Upper Respiratory Infection,Clinic,Dr. Paolo Rivera,Check-up
2026-07-13,Adult,Female,Vascular Study,Radiology,Dr. Sofia Mercado,Imaging
2026-07-14,Adult,Male,Blood Chemistry,Laboratory,"Joanna Lim, RMT",Laboratory
2026-07-14,Adult,Female,Chest X-ray,Radiology,Dr. Henry Ong,Imaging
2026-07-14,Child,Male,Fever,Clinic,Dr. Ana Lopez,Check-up
2026-07-14,Adult,Male,Gastritis,Clinic,Dr. Victor Manuel,Check-up
2026-07-14,Adult,Female,Gastritis,Clinic,Dr. Elena Bautista,Check-up
2026-07-14,Child,Female,Headache,Clinic,Dr. Camille Tan,Check-up
2026-07-14,Adult,Male,Headache,Clinic,Dr. Paolo Rivera,Check-up
2026-07-14,Adult,Male,Lipid Profile,Laboratory,"Mark Villanueva, RMT",Laboratory
2026-07-14,Adult,Female,Pre-Employment Medical Exam,Clinic,Dr. Camille Tan,Pre-Employment Checkup
2026-07-14,Child,Male,Routine Medical Consultation,Clinic,Dr. Camille Tan,Check-up
2026-07-14,Adult,Female,Upper Respiratory Infection,Clinic,Dr. Ana Lopez,Check-up
2026-07-14,Adult,Female,Urinalysis,Laboratory,"Joanna Lim, RMT",Laboratory
2026-07-14,Adult,Male,Vaccination,Clinic,Dr. Ana Lopez,Vaccination
2026-07-15,Senior,Male,Chest X-ray,Radiology,Dr. Henry Ong,Imaging
2026-07-15,Adult,Female,Fecalysis,Laboratory,"Patricia Mendoza, RMT",Laboratory
2026-07-15,Adult,Female,Hypertension Monitoring,Clinic,Dr. Elena Bautista,Check-up
2026-07-15,Adult,Male,Pregnancy Test,Laboratory,"Carlo Navarro, RMT",Laboratory
2026-07-15,Adult,Male,Routine Medical Consultation,Clinic,Dr. Paolo Rivera,Check-up
2026-07-15,Adult,Male,Thyroid Function Test,Laboratory,"Joanna Lim, RMT",Laboratory
2026-07-15,Senior,Male,Ultrasound,Radiology,Dr. Andrea Sy,Imaging
2026-07-15,Child,Male,Upper Respiratory Infection,Clinic,Dr. Miguel Fernandez,Check-up
2026-07-16,Senior,Male,2D Echo,Cardiology,Dr. Paolo Rivera,Cardiology
2026-07-16,Adult,Male,Asthma Monitoring,Clinic,Dr. Victor Manuel,Check-up
2026-07-16,Adult,Female,Electrocardiography,Cardiology,Dr. Paolo Rivera,Cardiology
2026-07-16,Adult,Female,Electrocardiography,Cardiology,Dr. Ana Lopez,Cardiology
2026-07-16,Adult,Male,Fever,Clinic,Dr. Miguel Fernandez,Check-up
2026-07-16,Adult,Male,Gastritis,Clinic,Dr. Victor Manuel,Check-up
2026-07-16,Adult,Female,Hypertension Monitoring,Clinic,Dr. Elena Bautista,Check-up
2026-07-16,Senior,Female,Hypertension Monitoring,Clinic,Dr. Elena Bautista,Check-up
2026-07-16,Adult,Male,Hypertension Monitoring,Clinic,Dr. Elena Bautista,Check-up
2026-07-16,Adult,Male,Hypertension Monitoring,Clinic,Dr. Victor Manuel,Check-up
2026-07-16,Adult,Male,Lipid Profile,Laboratory,"Rafael Torres, RMT",Laboratory
2026-07-16,Adult,Female,Pre-Employment Medical Exam,Clinic,Dr. Ana Lopez,Pre-Employment Checkup
2026-07-16,Adult,Male,Pregnancy Test,Laboratory,"Angela Reyes, RMT",Laboratory
2026-07-16,Adult,Female,Ultrasound,Radiology,Dr. Sofia Mercado,Imaging
2026-07-16,Child,Male,Ultrasound,Radiology,Dr. Henry Ong,Imaging
2026-07-16,Senior,Female,Upper Respiratory Infection,Clinic,Dr. Paolo Rivera,Check-up
2026-07-16,Child,Female,Urinalysis,Laboratory,"Joanna Lim, RMT",Laboratory
2026-07-17,Adult,Female,Asthma Monitoring,Clinic,Dr. Victor Manuel,Check-up
2026-07-17,Adult,Male,Chest X-ray,Radiology,Dr. Sofia Mercado,Imaging
2026-07-17,Adult,Female,Dermatitis and Allergy,Clinic,Dr. Miguel Fernandez,Check-up
2026-07-17,Adult,Female,Drug Testing,Drug Testing,"Joanna Lim, RMT",Drug Testing
2026-07-17,Adult,Male,Drug Testing,Drug Testing,"Angela Reyes, RMT",Drug Testing
2026-07-17,Adult,Female,Fasting Blood Sugar,Laboratory,"Patricia Mendoza, RMT",Laboratory
2026-07-17,Adult,Female,Fecalysis,Laboratory,"Rafael Torres, RMT",Laboratory
2026-07-17,Adult,Female,Fever,Clinic,Dr. Camille Tan,Check-up
2026-07-17,Adult,Male,Fever,Clinic,Dr. Camille Tan,Check-up
2026-07-17,Adult,Female,Fever,Clinic,Dr. Ana Lopez,Check-up
2026-07-17,Adult,Male,Thyroid Function Test,Laboratory,"Carlo Navarro, RMT",Laboratory
2026-07-17,Adult,Male,Urinalysis,Laboratory,"Carlo Navarro, RMT",Laboratory
2026-07-18,Senior,Male,Annual Physical Examination,Annual Physical Examination,Dr. Camille Tan,Annual Physical Examination
2026-07-18,Adult,Male,Complete Blood Count,Laboratory,"Joanna Lim, RMT",Laboratory
2026-07-18,Adult,Male,Creatinine,Laboratory,"Rafael Torres, RMT",Laboratory
2026-07-18,Child,Female,Fasting Blood Sugar,Laboratory,"Patricia Mendoza, RMT",Laboratory
2026-07-18,Adult,Female,Hepatitis Screening,Laboratory,"Carlo Navarro, RMT",Laboratory
2026-07-18,Adult,Male,Hypertension Monitoring,Clinic,Dr. Elena Bautista,Check-up
2026-07-18,Adult,Female,Routine Medical Consultation,Clinic,Dr. Camille Tan,Check-up
2026-07-18,Adult,Female,Ultrasound,Radiology,Dr. Henry Ong,Imaging
2026-07-18,Senior,Male,Upper Respiratory Infection,Clinic,Dr. Camille Tan,Check-up
2026-07-18,Adult,Male,Vascular Study,Radiology,Dr. Henry Ong,Imaging
2026-07-19,Adult,Female,Blood Chemistry,Laboratory,"Rafael Torres, RMT",Laboratory
2026-07-19,Adult,Male,Complete Blood Count,Laboratory,"Rafael Torres, RMT",Laboratory
2026-07-19,Senior,Female,Complete Blood Count,Laboratory,"Carlo Navarro, RMT",Laboratory
2026-07-19,Senior,Male,Fasting Blood Sugar,Laboratory,"Joanna Lim, RMT",Laboratory
2026-07-19,Child,Female,Home Service Laboratory,Home Service,"Carlo Navarro, RMT",Home Service
2026-07-19,Adult,Female,Hypertension Monitoring,Clinic,Dr. Elena Bautista,Check-up
2026-07-19,Adult,Male,SGPT,Laboratory,"Patricia Mendoza, RMT",Laboratory
2026-07-19,Child,Female,Urinary Tract Infection,Clinic,Dr. Miguel Fernandez,Check-up
2026-07-20,Adult,Male,Annual Physical Examination,Annual Physical Examination,Dr. Paolo Rivera,Annual Physical Examination
2026-07-20,Adult,Male,Complete Blood Count,Laboratory,"Angela Reyes, RMT",Laboratory
2026-07-20,Adult,Male,Fecalysis,Laboratory,"Joanna Lim, RMT",Laboratory
2026-07-20,Adult,Male,Fecalysis,Laboratory,"Rafael Torres, RMT",Laboratory
2026-07-20,Adult,Male,Fever,Clinic,Dr. Miguel Fernandez,Check-up
2026-07-20,Child,Female,Fever,Clinic,Dr. Ana Lopez,Check-up
2026-07-20,Adult,Female,Ultrasound,Radiology,Dr. Henry Ong,Imaging
2026-07-20,Adult,Female,Urinalysis,Laboratory,"Angela Reyes, RMT",Laboratory
2026-07-20,Adult,Female,Vaccination,Clinic,Dr. Camille Tan,Vaccination
2026-07-21,Adult,Female,Abdominal Pain,Clinic,Dr. Elena Bautista,Check-up
2026-07-21,Adult,Female,Asthma Monitoring,Clinic,Dr. Elena Bautista,Check-up
2026-07-21,Adult,Female,Asthma Monitoring,Clinic,Dr. Victor Manuel,Check-up
2026-07-21,Senior,Female,Blood Chemistry,Laboratory,"Rafael Torres, RMT",Laboratory
2026-07-21,Adult,Female,Drug Testing,Drug Testing,"Carlo Navarro, RMT",Drug Testing
2026-07-21,Adult,Female,Drug Testing,Drug Testing,"Patricia Mendoza, RMT",Drug Testing
2026-07-21,Adult,Female,Fasting Blood Sugar,Laboratory,"Rafael Torres, RMT",Laboratory
2026-07-21,Adult,Female,Fasting Blood Sugar,Laboratory,"Patricia Mendoza, RMT",Laboratory
2026-07-21,Senior,Female,Fecalysis,Laboratory,"Joanna Lim, RMT",Laboratory
2026-07-21,Child,Male,Fecalysis,Laboratory,"Rafael Torres, RMT",Laboratory
2026-07-21,Adult,Male,Hypertension Monitoring,Clinic,Dr. Elena Bautista,Check-up
2026-07-21,Adult,Male,Urinalysis,Laboratory,"Angela Reyes, RMT",Laboratory
2026-07-21,Adult,Male,Vaccination,Clinic,Dr. Ana Lopez,Vaccination
2026-07-22,Adult,Male,Blood Chemistry,Laboratory,"Angela Reyes, RMT",Laboratory
2026-07-22,Senior,Female,Diabetes Mellitus Monitoring,Clinic,Dr. Elena Bautista,Check-up
2026-07-22,Adult,Female,Drug Testing,Drug Testing,"Joanna Lim, RMT",Drug Testing
2026-07-22,Adult,Male,Electrocardiography,Cardiology,Dr. Ana Lopez,Cardiology
2026-07-22,Adult,Male,Fasting Blood Sugar,Laboratory,"Rafael Torres, RMT",Laboratory
2026-07-22,Adult,Male,Fever,Clinic,Dr. Camille Tan,Check-up
2026-07-22,Child,Male,Home Service Laboratory,Home Service,"Carlo Navarro, RMT",Home Service
2026-07-22,Adult,Female,Hypertension Monitoring,Clinic,Dr. Victor Manuel,Check-up
2026-07-22,Adult,Female,Hypertension Monitoring,Clinic,Dr. Elena Bautista,Check-up
2026-07-22,Child,Female,Upper Respiratory Infection,Clinic,Dr. Camille Tan,Check-up
2026-07-22,Adult,Female,Vaccination,Clinic,Dr. Paolo Rivera,Vaccination
2026-07-23,Senior,Female,Blood Chemistry,Laboratory,"Joanna Lim, RMT",Laboratory
2026-07-23,Adult,Female,Blood Chemistry,Laboratory,"Mark Villanueva, RMT",Laboratory
2026-07-23,Adult,Female,Dermatitis and Allergy,Clinic,Dr. Paolo Rivera,Check-up
2026-07-23,Child,Male,Gastritis,Clinic,Dr. Victor Manuel,Check-up
2026-07-23,Adult,Female,Home Service Laboratory,Home Service,"Rafael Torres, RMT",Home Service
2026-07-23,Adult,Male,Hypertension Monitoring,Clinic,Dr. Victor Manuel,Check-up
2026-07-23,Adult,Female,Pre-Employment Medical Exam,Clinic,Dr. Miguel Fernandez,Pre-Employment Checkup
2026-07-23,Adult,Female,Pre-Employment Medical Exam,Clinic,Dr. Paolo Rivera,Pre-Employment Checkup
2026-07-23,Adult,Female,Upper Respiratory Infection,Clinic,Dr. Camille Tan,Check-up
2026-07-24,Adult,Female,Asthma Monitoring,Clinic,Dr. Victor Manuel,Check-up
2026-07-24,Adult,Male,Dermatitis and Allergy,Clinic,Dr. Paolo Rivera,Check-up
2026-07-24,Adult,Male,Drug Testing,Drug Testing,"Angela Reyes, RMT",Drug Testing
2026-07-24,Adult,Female,Fecalysis,Laboratory,"Joanna Lim, RMT",Laboratory
2026-07-24,Adult,Female,Fecalysis,Laboratory,"Patricia Mendoza, RMT",Laboratory
2026-07-24,Adult,Male,Hepatitis Screening,Laboratory,"Carlo Navarro, RMT",Laboratory
2026-07-24,Adult,Female,Home Service Laboratory,Home Service,"Joanna Lim, RMT",Home Service
2026-07-24,Adult,Female,Hypertension Monitoring,Clinic,Dr. Elena Bautista,Check-up
2026-07-25,Adult,Male,Blood Chemistry,Laboratory,"Patricia Mendoza, RMT",Laboratory
2026-07-25,Adult,Male,Diabetes Mellitus Monitoring,Clinic,Dr. Elena Bautista,Check-up
2026-07-25,Adult,Female,Electrocardiography,Cardiology,Dr. Miguel Fernandez,Cardiology
2026-07-25,Adult,Female,Fecalysis,Laboratory,"Mark Villanueva, RMT",Laboratory
2026-07-25,Adult,Male,Pre-Employment Medical Exam,Clinic,Dr. Ana Lopez,Pre-Employment Checkup
2026-07-25,Adult,Male,Routine Medical Consultation,Clinic,Dr. Ana Lopez,Check-up
2026-07-25,Adult,Female,Upper Respiratory Infection,Clinic,Dr. Paolo Rivera,Check-up
2026-07-25,Senior,Male,Urinary Tract Infection,Clinic,Dr. Camille Tan,Check-up
2026-07-26,Adult,Female,2D Echo,Cardiology,Dr. Paolo Rivera,Cardiology
2026-07-26,Adult,Male,Fasting Blood Sugar,Laboratory,"Patricia Mendoza, RMT",Laboratory
2026-07-26,Adult,Male,Hepatitis Screening,Laboratory,"Patricia Mendoza, RMT",Laboratory
2026-07-26,Adult,Male,Upper Respiratory Infection,Clinic,Dr. Miguel Fernandez,Check-up
2026-07-26,Adult,Female,Upper Respiratory Infection,Clinic,Dr. Camille Tan,Check-up
2026-07-26,Adult,Female,Vaccination,Clinic,Dr. Miguel Fernandez,Vaccination
2026-07-27,Adult,Male,Asthma Monitoring,Clinic,Dr. Victor Manuel,Check-up
2026-07-27,Child,Female,Blood Chemistry,Laboratory,"Patricia Mendoza, RMT",Laboratory
2026-07-27,Adult,Female,Drug Testing,Drug Testing,"Patricia Mendoza, RMT",Drug Testing
2026-07-27,Adult,Male,Fasting Blood Sugar,Laboratory,"Angela Reyes, RMT",Laboratory
2026-07-27,Adult,Male,Preventive Health Check-up,Clinic,Dr. Camille Tan,Check-up
2026-07-27,Adult,Female,Ultrasound,Radiology,Dr. Henry Ong,Imaging
2026-07-28,Adult,Female,Abdominal Pain,Clinic,Dr. Victor Manuel,Check-up
2026-07-28,Adult,Male,Annual Physical Examination,Annual Physical Examination,Dr. Miguel Fernandez,Annual Physical Examination
2026-07-28,Adult,Male,Diabetes Mellitus Monitoring,Clinic,Dr. Elena Bautista,Check-up
2026-07-28,Adult,Female,Drug Testing,Drug Testing,"Mark Villanueva, RMT",Drug Testing
2026-07-28,Adult,Male,Electrocardiography,Cardiology,Dr. Paolo Rivera,Cardiology
2026-07-28,Adult,Female,Electrocardiography,Cardiology,Dr. Paolo Rivera,Cardiology
2026-07-28,Child,Male,Hepatitis Screening,Laboratory,"Joanna Lim, RMT",Laboratory
2026-07-28,Child,Male,Hepatitis Screening,Laboratory,"Patricia Mendoza, RMT",Laboratory
2026-07-28,Senior,Female,Hypertension Monitoring,Clinic,Dr. Elena Bautista,Check-up
2026-07-28,Adult,Female,Pregnancy Test,Laboratory,"Joanna Lim, RMT",Laboratory
2026-07-28,Adult,Male,SGPT,Laboratory,"Mark Villanueva, RMT",Laboratory
2026-07-28,Senior,Male,Upper Respiratory Infection,Clinic,Dr. Paolo Rivera,Check-up
2026-07-28,Adult,Female,Urinalysis,Laboratory,"Rafael Torres, RMT",Laboratory
2026-07-29,Adult,Female,Asthma Monitoring,Clinic,Dr. Victor Manuel,Check-up
2026-07-29,Child,Female,Asthma Monitoring,Clinic,Dr. Elena Bautista,Check-up
2026-07-29,Child,Female,Dermatitis and Allergy,Clinic,Dr. Camille Tan,Check-up
2026-07-29,Adult,Female,Diabetes Mellitus Monitoring,Clinic,Dr. Victor Manuel,Check-up
2026-07-29,Senior,Female,Fasting Blood Sugar,Laboratory,"Rafael Torres, RMT",Laboratory
2026-07-29,Adult,Female,Fasting Blood Sugar,Laboratory,"Patricia Mendoza, RMT",Laboratory
2026-07-29,Adult,Female,Home Service Laboratory,Home Service,"Patricia Mendoza, RMT",Home Service
2026-07-29,Adult,Female,Hypertension Monitoring,Clinic,Dr. Elena Bautista,Check-up
2026-07-29,Adult,Male,Lipid Profile,Laboratory,"Carlo Navarro, RMT",Laboratory
2026-07-29,Adult,Male,Pre-Employment Medical Exam,Clinic,Dr. Paolo Rivera,Pre-Employment Checkup
2026-07-29,Adult,Male,Routine Medical Consultation,Clinic,Dr. Ana Lopez,Check-up
2026-07-29,Adult,Male,SGPT,Laboratory,"Mark Villanueva, RMT",Laboratory
2026-07-29,Adult,Female,SGPT,Laboratory,"Patricia Mendoza, RMT",Laboratory
2026-07-30,Adult,Male,Asthma Monitoring,Clinic,Dr. Elena Bautista,Check-up
2026-07-30,Child,Female,Fecalysis,Laboratory,"Angela Reyes, RMT",Laboratory
2026-07-30,Adult,Male,Fever,Clinic,Dr. Ana Lopez,Check-up
2026-07-30,Child,Female,Gastritis,Clinic,Dr. Elena Bautista,Check-up
2026-07-30,Child,Female,Preventive Health Check-up,Clinic,Dr. Paolo Rivera,Check-up
2026-07-30,Adult,Female,Upper Respiratory Infection,Clinic,Dr. Paolo Rivera,Check-up
2026-07-30,Adult,Male,Upper Respiratory Infection,Clinic,Dr. Miguel Fernandez,Check-up
2026-07-30,Adult,Female,Urinary Tract Infection,Clinic,Dr. Ana Lopez,Check-up
2026-07-30,Adult,Male,Vaccination,Clinic,Dr. Camille Tan,Vaccination
2026-07-31,Senior,Male,Abdominal Pain,Clinic,Dr. Elena Bautista,Check-up
2026-07-31,Senior,Male,Asthma Monitoring,Clinic,Dr. Victor Manuel,Check-up
2026-07-31,Child,Male,Creatinine,Laboratory,"Rafael Torres, RMT",Laboratory
2026-07-31,Adult,Female,Fever,Clinic,Dr. Paolo Rivera,Check-up
2026-07-31,Child,Female,Fever,Clinic,Dr. Miguel Fernandez,Check-up
2026-07-31,Adult,Female,Hypertension Monitoring,Clinic,Dr. Victor Manuel,Check-up
2026-07-31,Senior,Male,Hypertension Monitoring,Clinic,Dr. Victor Manuel,Check-up
2026-07-31,Adult,Female,Lipid Profile,Laboratory,"Joanna Lim, RMT",Laboratory
2026-07-31,Adult,Male,Pregnancy Test,Laboratory,"Angela Reyes, RMT",Laboratory
2026-07-31,Adult,Female,Preventive Health Check-up,Clinic,Dr. Camille Tan,Check-up
2026-07-31,Adult,Male,Urinary Tract Infection,Clinic,Dr. Ana Lopez,Check-up
2026-07-31,Adult,Male,Urinary Tract Infection,Clinic,Dr. Miguel Fernandez,Check-up
